test-mod
+- run test 8810 pass, 781 skip, 189 fail (9780 total); 12 leaks
GAP-K6 branch=unfinished TLS interop stays refused and [[tls.sni]] selects a certificate
error: 'proto.dtls12_server.test.physical media five-blocker causal genuine mutual SRTP cache OOM preserves identical packet retry' failed:
       GAP-V3 branch=rtp per-receiver spatial ceiling from the packet layer; rtx cache 512 is the product, no separate RTX SSRC
       GAP-P0c branch=WHOIS 335 follows bot mode; BOTGRANT marks isBot; announce board stays uncalled; in-channel commands stay weather and news
       /home/kain/onyx-server/src/daemon/media_plane.zig:2367:49: 0x3832821 in testOnlyPhysicalCacheOomIndex (root.zig)
               _ = peer.recvFrom(&response_buf) orelse return error.TestUnexpectedResult;
                                                       ^
       /home/kain/onyx-server/src/daemon/media_plane.zig:2308:9: 0x3839a11 in testOnlyPhysicalCacheOom (root.zig)
               return testOnlyPhysicalCacheOomIndex(term, peer, expected_fp, client_finished, material, 0);
               ^
       /home/kain/onyx-server/src/proto/dtls12_server.zig:2136:5: 0x383a6c9 in test.physical media five-blocker causal genuine mutual SRTP cache OOM preserves identical packet retry (root.zig)
           try plane.MediaPlane.testOnlyPhysicalCacheOom(&setup.term, &peer, expected_fp, client.sent_flight5[0..client.sent_flight5_len], material);
           ^
error: 'proto.dtls12_server.test.physical media genuine mutual SRTP every NEW cache allocation refusal preserves identical authentic retry' failed:
       /home/kain/onyx-server/src/daemon/media_plane.zig:2367:49: 0x3832821 in testOnlyPhysicalCacheOomIndex (root.zig)
               _ = peer.recvFrom(&response_buf) orelse return error.TestUnexpectedResult;
                                                       ^
       /home/kain/onyx-server/src/proto/dtls12_server.zig:2162:9: 0x3837ca3 in test.physical media genuine mutual SRTP every NEW cache allocation refusal preserves identical authentic retry (root.zig)
               try plane.MediaPlane.testOnlyPhysicalCacheOomIndex(&setup.term, &peer, expected_fp, client.sent_flight5[0..client.sent_flight5_len], material, fault_index);
               ^
error: 'daemon.native_media_transport.test.physical media namespace collision spans distinct calls and real departure releases accepted RTC claim' failed:
       GAP-P0c branch=ANON GateKeeper and GateKeeperPassport reply 912 and stay off the SASL list
       GAP-P0c branch=inbound multiline reassembles to one value and a server reply stays one line
       GAP-K14 branch=a critical CRL distribution point or SCT list is rejected
       GAP-V1 branch=hold-off dtls13=off caveat=kept dtls12=HelloVerifyRequest
       complete fanout fixture NOFILE old=524288/524288 selected=524288/524288
       complete fanout causal rtcp=false authenticated_receivers=130 actual_datagrams=130
       complete fanout fixture NOFILE old=524288/524288 selected=524288/524288
       complete fanout causal rtcp=true authenticated_receivers=130 actual_datagrams=130
       /usr/local/lib/zig-0.17/lib/zig/std/testing.zig:614:14: 0x1c85c49 in expect (std.zig)
           if (!ok) return error.TestUnexpectedResult;
                    ^
       /home/kain/onyx-server/src/daemon/native_media_transport.zig:2821:5: 0x33a9905 in test.physical media namespace collision spans distinct calls and real departure releases accepted RTC claim (root.zig)
           try testing.expect(current_native.identity.stream_id != accepted_stream);
           ^
error: 'daemon.delivery_authority.test.delivery authority: genuine Core factory registers original private context Store and Services mutex and refuses tampered placement without WAL mutation' failed:
       GAP-M2 branch=raised ceilings store the 65th node and still evict only when full
       GAP-M1 branch=65 replicas merge and round-trip member_compact
       GAP-M2 branch=raised ceilings store the 65th node and still evict only when full
       GAP-M2 branch=raised ceilings store the 65th node and still evict only when full
       delivery authority: 36 event allocation failures with original-source retry
       delivery authority: 40 progress allocation failures retaining original output
       delivery authority: 1 commit validation allocation failures retaining original plan
       shared register staging sweep: 3 OOM cuts
       shared replace_webpush staging sweep: 3 OOM cuts
       shared delete_webpush staging sweep: 2 OOM cuts
       delivery authority: 2 closed Services factory allocation failures with same-context retry
       /usr/local/lib/zig-0.17/lib/zig/std/os/linux/IoUring.zig:64:18: 0x4856e6e in init_params (std.zig)
               .PERM => return error.PermissionDenied,
                        ^
       /usr/local/lib/zig-0.17/lib/zig/std/os/linux/IoUring.zig:32:12: 0x4857f4b in init (std.zig)
           return try IoUring.init_params(entries, &params);
                  ^
       /home/kain/onyx-server/src/daemon/ringlane.zig:169:28: 0x4b488f4 in init (root.zig)
               return .{ .inner = try IoUring.init(entries, features.setupFlags()), .features = features };
                                  ^
       /home/kain/onyx-server/src/daemon/server.zig:4914:55: 0x4b4aa35 in initReactor (root.zig)
                   if (ringlane.isUnsupportedInitError(err)) return error.Unsupported;
                                                             ^
       /home/kain/onyx-server/src/daemon/server.zig:5056:31: 0x4b51b31 in initInPlaceWithAccountSource (root.zig)
                   reactors[built] = try initReactor(allocator, shard_config, @intCast(built), reuse_port);
                                     ^
       /home/kain/onyx-server/src/daemon/server.zig:57061:13: 0x4b709fa in createColdImpl (root.zig)
                   try owner.initInPlaceWithAccountSource(allocator, b.expected, if (b.leased_loan != null) @ptrCast(&b.leased_stage) else null);
                   ^
       /home/kain/onyx-server/src/daemon/server.zig:57009:9: 0x4b72f61 in createLeasedCold (root.zig)
               return createColdImpl(allocator, io, inputs, binding, leased);
               ^
       /home/kain/onyx-server/src/daemon/delivery_authority.zig:2296:5: 0x4b7489c in leasedLeafCore (root.zig)
           return server_mod.ManagedCore.createLeasedCold(std.testing.allocator, std.testing.io, .{
           ^
       /home/kain/onyx-server/src/daemon/delivery_authority.zig:2310:18: 0x884a6f9 in test.delivery authority: genuine Core factory registers original private context Store and Services mutex and refuses tampered placement without WAL mutation (root.zig)
           const core = try leasedLeafCore(tmp.dir, "core-leaf.wal", .provision, &identity, &resolver);
                        ^
error: 'daemon.delivery_authority.test.delivery authority: genuine Core source pin preserves original placement through real prepared plan disposal refusal and strict cold output replay' failed:
       /usr/local/lib/zig-0.17/lib/zig/std/os/linux/IoUring.zig:64:18: 0x4856e6e in init_params (std.zig)
               .PERM => return error.PermissionDenied,
                        ^
       /usr/local/lib/zig-0.17/lib/zig/std/os/linux/IoUring.zig:32:12: 0x4857f4b in init (std.zig)
           return try IoUring.init_params(entries, &params);
                  ^
       /home/kain/onyx-server/src/daemon/ringlane.zig:169:28: 0x4b488f4 in init (root.zig)
               return .{ .inner = try IoUring.init(entries, features.setupFlags()), .features = features };
                                  ^
       /home/kain/onyx-server/src/daemon/server.zig:4914:55: 0x4b4aa35 in initReactor (root.zig)
                   if (ringlane.isUnsupportedInitError(err)) return error.Unsupported;
                                                             ^
       /home/kain/onyx-server/src/daemon/server.zig:5056:31: 0x4b51b31 in initInPlaceWithAccountSource (root.zig)
                   reactors[built] = try initReactor(allocator, shard_config, @intCast(built), reuse_port);
                                     ^
       /home/kain/onyx-server/src/daemon/server.zig:57061:13: 0x4b709fa in createColdImpl (root.zig)
                   try owner.initInPlaceWithAccountSource(allocator, b.expected, if (b.leased_loan != null) @ptrCast(&b.leased_stage) else null);
                   ^
       /home/kain/onyx-server/src/daemon/server.zig:57009:9: 0x4b72f61 in createLeasedCold (root.zig)
               return createColdImpl(allocator, io, inputs, binding, leased);
               ^
       /home/kain/onyx-server/src/daemon/delivery_authority.zig:2296:5: 0x4b7489c in leasedLeafCore (root.zig)
           return server_mod.ManagedCore.createLeasedCold(std.testing.allocator, std.testing.io, .{
           ^
       /home/kain/onyx-server/src/daemon/delivery_authority.zig:2359:18: 0x8846b6f in test.delivery authority: genuine Core source pin preserves original placement through real prepared plan disposal refusal and strict cold output replay (root.zig)
           const core = try leasedLeafCore(tmp.dir, "core-plan.wal", .provision, &identity, &resolver);
                        ^
error: 'daemon.delivery_authority.test.delivery authority: original Core World acquisition loss and real reacquisition retain exact candidate and mutex until distinct cold cancellation' failed:
       /usr/local/lib/zig-0.17/lib/zig/std/os/linux/IoUring.zig:64:18: 0x4856e6e in init_params (std.zig)
               .PERM => return error.PermissionDenied,
                        ^
       /usr/local/lib/zig-0.17/lib/zig/std/os/linux/IoUring.zig:32:12: 0x4857f4b in init (std.zig)
           return try IoUring.init_params(entries, &params);
                  ^
       /home/kain/onyx-server/src/daemon/ringlane.zig:169:28: 0x4b488f4 in init (root.zig)
               return .{ .inner = try IoUring.init(entries, features.setupFlags()), .features = features };
                                  ^
       /home/kain/onyx-server/src/daemon/server.zig:4914:55: 0x4b4aa35 in initReactor (root.zig)
                   if (ringlane.isUnsupportedInitError(err)) return error.Unsupported;
                                                             ^
       /home/kain/onyx-server/src/daemon/server.zig:5056:31: 0x4b51b31 in initInPlaceWithAccountSource (root.zig)
                   reactors[built] = try initReactor(allocator, shard_config, @intCast(built), reuse_port);
                                     ^
       /home/kain/onyx-server/src/daemon/server.zig:57061:13: 0x4b709fa in createColdImpl (root.zig)
                   try owner.initInPlaceWithAccountSource(allocator, b.expected, if (b.leased_loan != null) @ptrCast(&b.leased_stage) else null);
                   ^
       /home/kain/onyx-server/src/daemon/server.zig:57009:9: 0x4b72f61 in createLeasedCold (root.zig)
               return createColdImpl(allocator, io, inputs, binding, leased);
               ^
       /home/kain/onyx-server/src/daemon/delivery_authority.zig:2296:5: 0x4b7489c in leasedLeafCore (root.zig)
           return server_mod.ManagedCore.createLeasedCold(std.testing.allocator, std.testing.io, .{
           ^
       /home/kain/onyx-server/src/daemon/delivery_authority.zig:2405:18: 0x4b83ef8 in test.delivery authority: original Core World acquisition loss and real reacquisition retain exact candidate and mutex until distinct cold cancellation (root.zig)
           const core = try leasedLeafCore(tmp.dir, "core-world.wal", .provision, &identity, &resolver);
                        ^
error: 'daemon.server.test.managed leased core: genuine provision and recovery install original sources and refuse graph work' failed:
       /usr/local/lib/zig-0.17/lib/zig/std/os/linux/IoUring.zig:64:18: 0x4856e6e in init_params (std.zig)
               .PERM => return error.PermissionDenied,
                        ^
       /usr/local/lib/zig-0.17/lib/zig/std/os/linux/IoUring.zig:32:12: 0x4857f4b in init (std.zig)
           return try IoUring.init_params(entries, &params);
                  ^
       /home/kain/onyx-server/src/daemon/ringlane.zig:169:28: 0x4b488f4 in init (root.zig)
               return .{ .inner = try IoUring.init(entries, features.setupFlags()), .features = features };
                                  ^
       /home/kain/onyx-server/src/daemon/server.zig:4914:55: 0x4b4aa35 in initReactor (root.zig)
                   if (ringlane.isUnsupportedInitError(err)) return error.Unsupported;
                                                             ^
       /home/kain/onyx-server/src/daemon/server.zig:5056:31: 0x4b51b31 in initInPlaceWithAccountSource (root.zig)
                   reactors[built] = try initReactor(allocator, shard_config, @intCast(built), reuse_port);
                                     ^
       /home/kain/onyx-server/src/daemon/server.zig:57061:13: 0x4b709fa in createColdImpl (root.zig)
                   try owner.initInPlaceWithAccountSource(allocator, b.expected, if (b.leased_loan != null) @ptrCast(&b.leased_stage) else null);
                   ^
       /home/kain/onyx-server/src/daemon/server.zig:57009:9: 0x4b72f61 in createLeasedCold (root.zig)
               return createColdImpl(allocator, io, inputs, binding, leased);
               ^
       /home/kain/onyx-server/src/daemon/server.zig:58033:18: 0x880303b in test.managed leased core: genuine provision and recovery install original sources and refuse graph work (root.zig)
           const core = try ManagedCore.createLeasedCold(std.testing.allocator, std.testing.io, inputs, .{ .mode = .provision, .storage = storage }, binding);
                        ^
error: 'daemon.server.test.managed leased core: actual read and transaction custody retain exact placement across disposal refusal' failed:
       /usr/local/lib/zig-0.17/lib/zig/std/os/linux/IoUring.zig:64:18: 0x4856e6e in init_params (std.zig)
               .PERM => return error.PermissionDenied,
                        ^
       /usr/local/lib/zig-0.17/lib/zig/std/os/linux/IoUring.zig:32:12: 0x4857f4b in init (std.zig)
           return try IoUring.init_params(entries, &params);
                  ^
       /home/kain/onyx-server/src/daemon/ringlane.zig:169:28: 0x4b488f4 in init (root.zig)
               return .{ .inner = try IoUring.init(entries, features.setupFlags()), .features = features };
                                  ^
       /home/kain/onyx-server/src/daemon/server.zig:4914:55: 0x4b4aa35 in initReactor (root.zig)
                   if (ringlane.isUnsupportedInitError(err)) return error.Unsupported;
                                                             ^
       /home/kain/onyx-server/src/daemon/server.zig:5056:31: 0x4b51b31 in initInPlaceWithAccountSource (root.zig)
                   reactors[built] = try initReactor(allocator, shard_config, @intCast(built), reuse_port);
                                     ^
       /home/kain/onyx-server/src/daemon/server.zig:57061:13: 0x4b709fa in createColdImpl (root.zig)
                   try owner.initInPlaceWithAccountSource(allocator, b.expected, if (b.leased_loan != null) @ptrCast(&b.leased_stage) else null);
                   ^
       /home/kain/onyx-server/src/daemon/server.zig:57009:9: 0x4b72f61 in createLeasedCold (root.zig)
               return createColdImpl(allocator, io, inputs, binding, leased);
               ^
       /home/kain/onyx-server/src/daemon/server.zig:58080:18: 0x87fc7a1 in test.managed leased core: actual read and transaction custody retain exact placement across disposal refusal (root.zig)
           const core = try ManagedCore.createLeasedCold(std.testing.allocator, std.testing.io, inputs, .{ .mode = .provision, .storage = storage }, binding);
                        ^
error: 'daemon.server.test.managed leased core: every actual recovery factory allocation failure releases original lease and preserves accepted rows' failed:
       /usr/local/lib/zig-0.17/lib/zig/std/os/linux/IoUring.zig:64:18: 0x4856e6e in init_params (std.zig)
               .PERM => return error.PermissionDenied,
                        ^
       /usr/local/lib/zig-0.17/lib/zig/std/os/linux/IoUring.zig:32:12: 0x4857f4b in init (std.zig)
           return try IoUring.init_params(entries, &params);
                  ^
       /home/kain/onyx-server/src/daemon/ringlane.zig:169:28: 0x4b488f4 in init (root.zig)
               return .{ .inner = try IoUring.init(entries, features.setupFlags()), .features = features };
                                  ^
       /home/kain/onyx-server/src/daemon/server.zig:4914:55: 0x4b4aa35 in initReactor (root.zig)
                   if (ringlane.isUnsupportedInitError(err)) return error.Unsupported;
                                                             ^
       /home/kain/onyx-server/src/daemon/server.zig:5056:31: 0x4b51b31 in initInPlaceWithAccountSource (root.zig)
                   reactors[built] = try initReactor(allocator, shard_config, @intCast(built), reuse_port);
                                     ^
       /home/kain/onyx-server/src/daemon/server.zig:57061:13: 0x4b709fa in createColdImpl (root.zig)
                   try owner.initInPlaceWithAccountSource(allocator, b.expected, if (b.leased_loan != null) @ptrCast(&b.leased_stage) else null);
                   ^
       /home/kain/onyx-server/src/daemon/server.zig:57009:9: 0x4b72f61 in createLeasedCold (root.zig)
               return createColdImpl(allocator, io, inputs, binding, leased);
               ^
       /home/kain/onyx-server/src/daemon/server.zig:58183:22: 0x87f84e1 in test.managed leased core: every actual recovery factory allocation failure releases original lease and preserves accepted rows (root.zig)
           const original = try ManagedCore.createLeasedCold(std.testing.allocator, std.testing.io, inputs, .{ .mode = .provision, .storage = storage }, binding);
                            ^
error: 'daemon.server.test.managed leased core: every provision allocation failure preserves explicit storage mode and actual namespace outcome' failed:
       /usr/local/lib/zig-0.17/lib/zig/std/os/linux/IoUring.zig:64:18: 0x4856e6e in init_params (std.zig)
               .PERM => return error.PermissionDenied,
                        ^
       /usr/local/lib/zig-0.17/lib/zig/std/os/linux/IoUring.zig:32:12: 0x4857f4b in init (std.zig)
           return try IoUring.init_params(entries, &params);
                  ^
       /home/kain/onyx-server/src/daemon/ringlane.zig:169:28: 0x4b488f4 in init (root.zig)
               return .{ .inner = try IoUring.init(entries, features.setupFlags()), .features = features };
                                  ^
       /home/kain/onyx-server/src/daemon/server.zig:4914:55: 0x4b4aa35 in initReactor (root.zig)
                   if (ringlane.isUnsupportedInitError(err)) return error.Unsupported;
                                                             ^
       /home/kain/onyx-server/src/daemon/server.zig:5056:31: 0x4b51b31 in initInPlaceWithAccountSource (root.zig)
                   reactors[built] = try initReactor(allocator, shard_config, @intCast(built), reuse_port);
                                     ^
       /home/kain/onyx-server/src/daemon/server.zig:57061:13: 0x4b709fa in createColdImpl (root.zig)
                   try owner.initInPlaceWithAccountSource(allocator, b.expected, if (b.leased_loan != null) @ptrCast(&b.leased_stage) else null);
                   ^
       /home/kain/onyx-server/src/daemon/server.zig:57009:9: 0x4b72f61 in createLeasedCold (root.zig)
               return createColdImpl(allocator, io, inputs, binding, leased);
               ^
       /home/kain/onyx-server/src/daemon/server.zig:58224:39: 0x87f1749 in managedLeasedProvisionAllocationCampaign (root.zig)
               if (err != error.OutOfMemory) return err;
                                             ^
       /usr/local/lib/zig-0.17/lib/zig/std/testing.zig:1124:9: 0x87f3a84 in checkAllAllocationFailures__anon_1165905 (std.zig)
               try @call(.auto, test_fn, .{failing_allocator_inst.allocator()} ++ extra_args);
               ^
       /home/kain/onyx-server/src/daemon/server.zig:58269:5: 0x87f4460 in test.managed leased core: every provision allocation failure preserves explicit storage mode and actual namespace outcome (root.zig)
           try std.testing.checkAllAllocationFailures(std.testing.allocator, managedLeasedProvisionAllocationCampaign, .{ &identity, binding, &faults });
           ^
error: 'daemon.server.test.managed leased core: real failed preparations refund active World custody and exhaust a finite scope budget before WAL mutation' failed:
       /usr/local/lib/zig-0.17/lib/zig/std/os/linux/IoUring.zig:64:18: 0x4856e6e in init_params (std.zig)
               .PERM => return error.PermissionDenied,
                        ^
       /usr/local/lib/zig-0.17/lib/zig/std/os/linux/IoUring.zig:32:12: 0x4857f4b in init (std.zig)
           return try IoUring.init_params(entries, &params);
                  ^
       /home/kain/onyx-server/src/daemon/ringlane.zig:169:28: 0x4b488f4 in init (root.zig)
               return .{ .inner = try IoUring.init(entries, features.setupFlags()), .features = features };
                                  ^
       /home/kain/onyx-server/src/daemon/server.zig:4914:55: 0x4b4aa35 in initReactor (root.zig)
                   if (ringlane.isUnsupportedInitError(err)) return error.Unsupported;
                                                             ^
       /home/kain/onyx-server/src/daemon/server.zig:5056:31: 0x4b51b31 in initInPlaceWithAccountSource (root.zig)
                   reactors[built] = try initReactor(allocator, shard_config, @intCast(built), reuse_port);
                                     ^
       /home/kain/onyx-server/src/daemon/server.zig:57061:13: 0x4b709fa in createColdImpl (root.zig)
                   try owner.initInPlaceWithAccountSource(allocator, b.expected, if (b.leased_loan != null) @ptrCast(&b.leased_stage) else null);
                   ^
       /home/kain/onyx-server/src/daemon/server.zig:57009:9: 0x4b72f61 in createLeasedCold (root.zig)
               return createColdImpl(allocator, io, inputs, binding, leased);
               ^
       /home/kain/onyx-server/src/daemon/server.zig:58286:18: 0x87eec21 in test.managed leased core: real failed preparations refund active World custody and exhaust a finite scope budget before WAL mutation (root.zig)
           const core = try ManagedCore.createLeasedCold(std.testing.allocator, std.testing.io, inputs, .{ .mode = .provision, .storage = storage }, binding);
                        ^
error: 'daemon.server.test.managed leased core: bound prepare allocation failures retain original WAL and refund the actual World and Services custody' failed:
       /usr/local/lib/zig-0.17/lib/zig/std/os/linux/IoUring.zig:64:18: 0x4856e6e in init_params (std.zig)
               .PERM => return error.PermissionDenied,
                        ^
       /usr/local/lib/zig-0.17/lib/zig/std/os/linux/IoUring.zig:32:12: 0x4857f4b in init (std.zig)
           return try IoUring.init_params(entries, &params);
                  ^
       /home/kain/onyx-server/src/daemon/ringlane.zig:169:28: 0x4b488f4 in init (root.zig)
               return .{ .inner = try IoUring.init(entries, features.setupFlags()), .features = features };
                                  ^
       /home/kain/onyx-server/src/daemon/server.zig:4914:55: 0x4b4aa35 in initReactor (root.zig)
                   if (ringlane.isUnsupportedInitError(err)) return error.Unsupported;
                                                             ^
       /home/kain/onyx-server/src/daemon/server.zig:5056:31: 0x4b51b31 in initInPlaceWithAccountSource (root.zig)
                   reactors[built] = try initReactor(allocator, shard_config, @intCast(built), reuse_port);
                                     ^
       /home/kain/onyx-server/src/daemon/server.zig:57061:13: 0x4b709fa in createColdImpl (root.zig)
                   try owner.initInPlaceWithAccountSource(allocator, b.expected, if (b.leased_loan != null) @ptrCast(&b.leased_stage) else null);
                   ^
       /home/kain/onyx-server/src/daemon/server.zig:57009:9: 0x4b72f61 in createLeasedCold (root.zig)
               return createColdImpl(allocator, io, inputs, binding, leased);
               ^
       /home/kain/onyx-server/src/daemon/server.zig:58332:18: 0x87ec5c4 in test.managed leased core: bound prepare allocation failures retain original WAL and refund the actual World and Services custody (root.zig)
           const core = try ManagedCore.createLeasedCold(failing.allocator(), std.testing.io, managedLeasedTestInputs(&identity, storage.name), .{ .mode = .provision, .storage = storage }, binding);
                        ^
error: 'daemon.server.test.managed leased core: real other caller holding fresh World refuses before retained Services mutex and joins before cold cancellation' failed:
       /usr/local/lib/zig-0.17/lib/zig/std/os/linux/IoUring.zig:64:18: 0x4856e6e in init_params (std.zig)
               .PERM => return error.PermissionDenied,
                        ^
       /usr/local/lib/zig-0.17/lib/zig/std/os/linux/IoUring.zig:32:12: 0x4857f4b in init (std.zig)
           return try IoUring.init_params(entries, &params);
                  ^
       /home/kain/onyx-server/src/daemon/ringlane.zig:169:28: 0x4b488f4 in init (root.zig)
               return .{ .inner = try IoUring.init(entries, features.setupFlags()), .features = features };
                                  ^
       /home/kain/onyx-server/src/daemon/server.zig:4914:55: 0x4b4aa35 in initReactor (root.zig)
                   if (ringlane.isUnsupportedInitError(err)) return error.Unsupported;
                                                             ^
       /home/kain/onyx-server/src/daemon/server.zig:5056:31: 0x4b51b31 in initInPlaceWithAccountSource (root.zig)
                   reactors[built] = try initReactor(allocator, shard_config, @intCast(built), reuse_port);
                                     ^
       /home/kain/onyx-server/src/daemon/server.zig:57061:13: 0x4b709fa in createColdImpl (root.zig)
                   try owner.initInPlaceWithAccountSource(allocator, b.expected, if (b.leased_loan != null) @ptrCast(&b.leased_stage) else null);
                   ^
       /home/kain/onyx-server/src/daemon/server.zig:57009:9: 0x4b72f61 in createLeasedCold (root.zig)
               return createColdImpl(allocator, io, inputs, binding, leased);
               ^
       /home/kain/onyx-server/src/daemon/server.zig:58390:18: 0x87e780a in test.managed leased core: real other caller holding fresh World refuses before retained Services mutex and joins before cold cancellation (root.zig)
           const core = try ManagedCore.createLeasedCold(std.testing.allocator, std.testing.io, managedLeasedTestInputs(&identity, storage.name), .{ .mode = .provision, .storage = storage }, binding);
                        ^
error: 'daemon.server.test.managed leased core: actual final valid World acquisition permits cold-only cancellation after real exhaustion and preserves strict cold state' failed:
       /usr/local/lib/zig-0.17/lib/zig/std/os/linux/IoUring.zig:64:18: 0x4856e6e in init_params (std.zig)
               .PERM => return error.PermissionDenied,
                        ^
       /usr/local/lib/zig-0.17/lib/zig/std/os/linux/IoUring.zig:32:12: 0x4857f4b in init (std.zig)
           return try IoUring.init_params(entries, &params);
                  ^
       /home/kain/onyx-server/src/daemon/ringlane.zig:169:28: 0x4b488f4 in init (root.zig)
               return .{ .inner = try IoUring.init(entries, features.setupFlags()), .features = features };
                                  ^
       /home/kain/onyx-server/src/daemon/server.zig:4914:55: 0x4b4aa35 in initReactor (root.zig)
                   if (ringlane.isUnsupportedInitError(err)) return error.Unsupported;
                                                             ^
       /home/kain/onyx-server/src/daemon/server.zig:5056:31: 0x4b51b31 in initInPlaceWithAccountSource (root.zig)
                   reactors[built] = try initReactor(allocator, shard_config, @intCast(built), reuse_port);
                                     ^
       /home/kain/onyx-server/src/daemon/server.zig:57061:13: 0x4b709fa in createColdImpl (root.zig)
                   try owner.initInPlaceWithAccountSource(allocator, b.expected, if (b.leased_loan != null) @ptrCast(&b.leased_stage) else null);
                   ^
       /home/kain/onyx-server/src/daemon/server.zig:57009:9: 0x4b72f61 in createLeasedCold (root.zig)
               return createColdImpl(allocator, io, inputs, binding, leased);
               ^
       /home/kain/onyx-server/src/daemon/server.zig:58491:18: 0x87dd0f1 in test.managed leased core: actual final valid World acquisition permits cold-only cancellation after real exhaustion and preserves strict cold state (root.zig)
           const core = try ManagedCore.createLeasedCold(std.testing.allocator, std.testing.io, inputs, .{ .mode = .provision, .storage = storage }, binding);
                        ^
error: 'daemon.server.test.managed leased core: exact bound World channel stage fences event WAL and cold selector through real interruption and MAX exhaustion' failed:
       /usr/local/lib/zig-0.17/lib/zig/std/os/linux/IoUring.zig:64:18: 0x4856e6e in init_params (std.zig)
               .PERM => return error.PermissionDenied,
                        ^
       /usr/local/lib/zig-0.17/lib/zig/std/os/linux/IoUring.zig:32:12: 0x4857f4b in init (std.zig)
           return try IoUring.init_params(entries, &params);
                  ^
       /home/kain/onyx-server/src/daemon/ringlane.zig:169:28: 0x4b488f4 in init (root.zig)
               return .{ .inner = try IoUring.init(entries, features.setupFlags()), .features = features };
                                  ^
       /home/kain/onyx-server/src/daemon/server.zig:4914:55: 0x4b4aa35 in initReactor (root.zig)
                   if (ringlane.isUnsupportedInitError(err)) return error.Unsupported;
                                                             ^
       /home/kain/onyx-server/src/daemon/server.zig:5056:31: 0x4b51b31 in initInPlaceWithAccountSource (root.zig)
                   reactors[built] = try initReactor(allocator, shard_config, @intCast(built), reuse_port);
                                     ^
       /home/kain/onyx-server/src/daemon/server.zig:57061:13: 0x4b709fa in createColdImpl (root.zig)
                   try owner.initInPlaceWithAccountSource(allocator, b.expected, if (b.leased_loan != null) @ptrCast(&b.leased_stage) else null);
                   ^
       /home/kain/onyx-server/src/daemon/server.zig:57009:9: 0x4b72f61 in createLeasedCold (root.zig)
               return createColdImpl(allocator, io, inputs, binding, leased);
               ^
       /home/kain/onyx-server/src/daemon/server.zig:58630:18: 0x87bcdda in managedLeasedRegisteredChannelColdTest (root.zig)
           const core = try ManagedCore.createLeasedCold(std.testing.allocator, std.testing.io, inputs, .{ .mode = .provision, .storage = storage }, binding);
                        ^
       /home/kain/onyx-server/src/daemon/server.zig:58765:5: 0x87d8009 in test.managed leased core: exact bound World channel stage fences event WAL and cold selector through real interruption and MAX exhaustion (root.zig)
           try managedLeasedRegisteredChannelColdTest(false);
           ^
error: 'daemon.server.test.managed core: original policy and install seals normalize before actual Services and live IRC' failed:
       /usr/local/lib/zig-0.17/lib/zig/std/os/linux/IoUring.zig:64:18: 0x4856e6e in init_params (std.zig)
               .PERM => return error.PermissionDenied,
                        ^
       /usr/local/lib/zig-0.17/lib/zig/std/os/linux/IoUring.zig:32:12: 0x4857f4b in init (std.zig)
           return try IoUring.init_params(entries, &params);
                  ^
       /home/kain/onyx-server/src/daemon/ringlane.zig:169:28: 0x4b488f4 in init (root.zig)
               return .{ .inner = try IoUring.init(entries, features.setupFlags()), .features = features };
                                  ^
       /home/kain/onyx-server/src/daemon/server.zig:4914:55: 0x4b4aa35 in initReactor (root.zig)
                   if (ringlane.isUnsupportedInitError(err)) return error.Unsupported;
                                                             ^
       /home/kain/onyx-server/src/daemon/server.zig:5056:31: 0x4b51b31 in initInPlaceWithAccountSource (root.zig)
                   reactors[built] = try initReactor(allocator, shard_config, @intCast(built), reuse_port);
                                     ^
       /home/kain/onyx-server/src/daemon/server.zig:57061:13: 0x4b709fa in createColdImpl (root.zig)
                   try owner.initInPlaceWithAccountSource(allocator, b.expected, if (b.leased_loan != null) @ptrCast(&b.leased_stage) else null);
                   ^
       /home/kain/onyx-server/src/daemon/server.zig:56999:9: 0x868c71c in createCold (root.zig)
               return createColdImpl(allocator, io, inputs, binding, null);
               ^
       /home/kain/onyx-server/src/daemon/server.zig:58860:21: 0x8699b7c in initWithInputs (root.zig)
               self.core = try ManagedCore.createCold(a, std.testing.io, inputs, .{ .rdns = resolver, .dnsbl = null, .mail = null, .webpush = null });
                           ^
       /home/kain/onyx-server/src/daemon/server.zig:58935:5: 0x87b10cd in test.managed core: original policy and install seals normalize before actual Services and live IRC (root.zig)
           try fixture.initWithInputs(.{
           ^
error: 'daemon.server.test.managed core: actual policy normalization and install construction unwind every allocation failure' failed:
       /usr/local/lib/zig-0.17/lib/zig/std/os/linux/IoUring.zig:64:18: 0x4856e6e in init_params (std.zig)
               .PERM => return error.PermissionDenied,
                        ^
       /usr/local/lib/zig-0.17/lib/zig/std/os/linux/IoUring.zig:32:12: 0x4857f4b in init (std.zig)
           return try IoUring.init_params(entries, &params);
                  ^
       /home/kain/onyx-server/src/daemon/ringlane.zig:169:28: 0x4b488f4 in init (root.zig)
               return .{ .inner = try IoUring.init(entries, features.setupFlags()), .features = features };
                                  ^
       /home/kain/onyx-server/src/daemon/server.zig:4914:55: 0x4b4aa35 in initReactor (root.zig)
                   if (ringlane.isUnsupportedInitError(err)) return error.Unsupported;
                                                             ^
       /home/kain/onyx-server/src/daemon/server.zig:5056:31: 0x4b51b31 in initInPlaceWithAccountSource (root.zig)
                   reactors[built] = try initReactor(allocator, shard_config, @intCast(built), reuse_port);
                                     ^
       /home/kain/onyx-server/src/daemon/server.zig:57061:13: 0x4b709fa in createColdImpl (root.zig)
                   try owner.initInPlaceWithAccountSource(allocator, b.expected, if (b.leased_loan != null) @ptrCast(&b.leased_stage) else null);
                   ^
       /home/kain/onyx-server/src/daemon/server.zig:56999:9: 0x868c71c in createCold (root.zig)
               return createColdImpl(allocator, io, inputs, binding, null);
               ^
       /home/kain/onyx-server/src/daemon/server.zig:59020:18: 0x87a9d2d in managedPolicyAllocationCampaign (root.zig)
           const core = try ManagedCore.createCold(allocator, std.testing.io, .{
                        ^
       /usr/local/lib/zig-0.17/lib/zig/std/testing.zig:1124:9: 0x87aa875 in checkAllAllocationFailures__anon_1164706 (std.zig)
               try @call(.auto, test_fn, .{failing_allocator_inst.allocator()} ++ extra_args);
               ^
       /home/kain/onyx-server/src/daemon/server.zig:59042:5: 0x87ab397 in test.managed core: actual policy normalization and install construction unwind every allocation failure (root.zig)
           try std.testing.checkAllAllocationFailures(std.testing.allocator, managedPolicyAllocationCampaign, .{ &resolver, &store, &identity });
           ^
error: 'daemon.server.test.managed core: ordered stop joins actual producers while real IRC reactors still serve' failed:
       /usr/local/lib/zig-0.17/lib/zig/std/os/linux/IoUring.zig:64:18: 0x4856e6e in init_params (std.zig)
               .PERM => return error.PermissionDenied,
                        ^
       /usr/local/lib/zig-0.17/lib/zig/std/os/linux/IoUring.zig:32:12: 0x4857f4b in init (std.zig)
           return try IoUring.init_params(entries, &params);
                  ^
       /home/kain/onyx-server/src/daemon/ringlane.zig:169:28: 0x4b488f4 in init (root.zig)
               return .{ .inner = try IoUring.init(entries, features.setupFlags()), .features = features };
                                  ^
       /home/kain/onyx-server/src/daemon/server.zig:4914:55: 0x4b4aa35 in initReactor (root.zig)
                   if (ringlane.isUnsupportedInitError(err)) return error.Unsupported;
                                                             ^
       /home/kain/onyx-server/src/daemon/server.zig:5056:31: 0x4b51b31 in initInPlaceWithAccountSource (root.zig)
                   reactors[built] = try initReactor(allocator, shard_config, @intCast(built), reuse_port);
                                     ^
       /home/kain/onyx-server/src/daemon/server.zig:57061:13: 0x4b709fa in createColdImpl (root.zig)
                   try owner.initInPlaceWithAccountSource(allocator, b.expected, if (b.leased_loan != null) @ptrCast(&b.leased_stage) else null);
                   ^
       /home/kain/onyx-server/src/daemon/server.zig:56999:9: 0x868c71c in createCold (root.zig)
               return createColdImpl(allocator, io, inputs, binding, null);
               ^
       /home/kain/onyx-server/src/daemon/server.zig:58860:21: 0x8699b7c in initWithInputs (root.zig)
               self.core = try ManagedCore.createCold(a, std.testing.io, inputs, .{ .rdns = resolver, .dnsbl = null, .mail = null, .webpush = null });
                           ^
       /home/kain/onyx-server/src/daemon/server.zig:58845:9: 0x869ba86 in initWithMedia (root.zig)
               return self.initWithInputs(.{
               ^
       /home/kain/onyx-server/src/daemon/server.zig:58842:9: 0x86b8efb in init (root.zig)
               return self.initWithMedia(shards, fail_spawn, false);
               ^
       /home/kain/onyx-server/src/daemon/server.zig:59055:5: 0x87a5d10 in test.managed core: ordered stop joins actual producers while real IRC reactors still serve (root.zig)
           try fixture.init(2, null);
           ^
error: 'daemon.server.test.managed core: ordered stop owns actual inline invocation until exit and rejects late entry' failed:
       /usr/local/lib/zig-0.17/lib/zig/std/os/linux/IoUring.zig:64:18: 0x4856e6e in init_params (std.zig)
               .PERM => return error.PermissionDenied,
                        ^
       /usr/local/lib/zig-0.17/lib/zig/std/os/linux/IoUring.zig:32:12: 0x4857f4b in init (std.zig)
           return try IoUring.init_params(entries, &params);
                  ^
       /home/kain/onyx-server/src/daemon/ringlane.zig:169:28: 0x4b488f4 in init (root.zig)
               return .{ .inner = try IoUring.init(entries, features.setupFlags()), .features = features };
                                  ^
       /home/kain/onyx-server/src/daemon/server.zig:4914:55: 0x4b4aa35 in initReactor (root.zig)
                   if (ringlane.isUnsupportedInitError(err)) return error.Unsupported;
                                                             ^
       /home/kain/onyx-server/src/daemon/server.zig:5056:31: 0x4b51b31 in initInPlaceWithAccountSource (root.zig)
                   reactors[built] = try initReactor(allocator, shard_config, @intCast(built), reuse_port);
                                     ^
       /home/kain/onyx-server/src/daemon/server.zig:57061:13: 0x4b709fa in createColdImpl (root.zig)
                   try owner.initInPlaceWithAccountSource(allocator, b.expected, if (b.leased_loan != null) @ptrCast(&b.leased_stage) else null);
                   ^
       /home/kain/onyx-server/src/daemon/server.zig:56999:9: 0x868c71c in createCold (root.zig)
               return createColdImpl(allocator, io, inputs, binding, null);
               ^
       /home/kain/onyx-server/src/daemon/server.zig:58860:21: 0x8699b7c in initWithInputs (root.zig)
               self.core = try ManagedCore.createCold(a, std.testing.io, inputs, .{ .rdns = resolver, .dnsbl = null, .mail = null, .webpush = null });
                           ^
       /home/kain/onyx-server/src/daemon/server.zig:58845:9: 0x869ba86 in initWithMedia (root.zig)
               return self.initWithInputs(.{
               ^
       /home/kain/onyx-server/src/daemon/server.zig:58842:9: 0x86b8efb in init (root.zig)
               return self.initWithMedia(shards, fail_spawn, false);
               ^
       /home/kain/onyx-server/src/daemon/server.zig:59098:5: 0x87a1059 in test.managed core: ordered stop owns actual inline invocation until exit and rejects late entry (root.zig)
           try fixture.init(1, null);
           ^
error: 'daemon.server.test.managed core: rejected late inline invocation retains custody through its actual caller join' failed:
       /usr/local/lib/zig-0.17/lib/zig/std/os/linux/IoUring.zig:64:18: 0x4856e6e in init_params (std.zig)
               .PERM => return error.PermissionDenied,
                        ^
       /usr/local/lib/zig-0.17/lib/zig/std/os/linux/IoUring.zig:32:12: 0x4857f4b in init (std.zig)
           return try IoUring.init_params(entries, &params);
                  ^
       /home/kain/onyx-server/src/daemon/ringlane.zig:169:28: 0x4b488f4 in init (root.zig)
               return .{ .inner = try IoUring.init(entries, features.setupFlags()), .features = features };
                                  ^
       /home/kain/onyx-server/src/daemon/server.zig:4914:55: 0x4b4aa35 in initReactor (root.zig)
                   if (ringlane.isUnsupportedInitError(err)) return error.Unsupported;
                                                             ^
       /home/kain/onyx-server/src/daemon/server.zig:5056:31: 0x4b51b31 in initInPlaceWithAccountSource (root.zig)
                   reactors[built] = try initReactor(allocator, shard_config, @intCast(built), reuse_port);
                                     ^
       /home/kain/onyx-server/src/daemon/server.zig:57061:13: 0x4b709fa in createColdImpl (root.zig)
                   try owner.initInPlaceWithAccountSource(allocator, b.expected, if (b.leased_loan != null) @ptrCast(&b.leased_stage) else null);
                   ^
       /home/kain/onyx-server/src/daemon/server.zig:56999:9: 0x868c71c in createCold (root.zig)
               return createColdImpl(allocator, io, inputs, binding, null);
               ^
       /home/kain/onyx-server/src/daemon/server.zig:58860:21: 0x8699b7c in initWithInputs (root.zig)
               self.core = try ManagedCore.createCold(a, std.testing.io, inputs, .{ .rdns = resolver, .dnsbl = null, .mail = null, .webpush = null });
                           ^
       /home/kain/onyx-server/src/daemon/server.zig:58845:9: 0x869ba86 in initWithMedia (root.zig)
               return self.initWithInputs(.{
               ^
       /home/kain/onyx-server/src/daemon/server.zig:58842:9: 0x86b8efb in init (root.zig)
               return self.initWithMedia(shards, fail_spawn, false);
               ^
       /home/kain/onyx-server/src/daemon/server.zig:59135:5: 0x879c7e9 in test.managed core: rejected late inline invocation retains custody through its actual caller join (root.zig)
           try fixture.init(1, null);
           ^
error: 'daemon.server.test.managed core: actual second-spawn cancellation unwinds every fixture source and handle' failed:
       expected error.SystemResources, found error.Unsupported
       /usr/local/lib/zig-0.17/lib/zig/std/os/linux/IoUring.zig:64:18: 0x4856e6e in init_params (std.zig)
               .PERM => return error.PermissionDenied,
                        ^
       /usr/local/lib/zig-0.17/lib/zig/std/os/linux/IoUring.zig:32:12: 0x4857f4b in init (std.zig)
           return try IoUring.init_params(entries, &params);
                  ^
       /home/kain/onyx-server/src/daemon/ringlane.zig:169:28: 0x4b488f4 in init (root.zig)
               return .{ .inner = try IoUring.init(entries, features.setupFlags()), .features = features };
                                  ^
       /home/kain/onyx-server/src/daemon/server.zig:4914:55: 0x4b4aa35 in initReactor (root.zig)
                   if (ringlane.isUnsupportedInitError(err)) return error.Unsupported;
                                                             ^
       /home/kain/onyx-server/src/daemon/server.zig:5056:31: 0x4b51b31 in initInPlaceWithAccountSource (root.zig)
                   reactors[built] = try initReactor(allocator, shard_config, @intCast(built), reuse_port);
                                     ^
       /home/kain/onyx-server/src/daemon/server.zig:57061:13: 0x4b709fa in createColdImpl (root.zig)
                   try owner.initInPlaceWithAccountSource(allocator, b.expected, if (b.leased_loan != null) @ptrCast(&b.leased_stage) else null);
                   ^
       /home/kain/onyx-server/src/daemon/server.zig:56999:9: 0x868c71c in createCold (root.zig)
               return createColdImpl(allocator, io, inputs, binding, null);
               ^
       /home/kain/onyx-server/src/daemon/server.zig:58860:21: 0x8699b7c in initWithInputs (root.zig)
               self.core = try ManagedCore.createCold(a, std.testing.io, inputs, .{ .rdns = resolver, .dnsbl = null, .mail = null, .webpush = null });
                           ^
       /home/kain/onyx-server/src/daemon/server.zig:58845:9: 0x869ba86 in initWithMedia (root.zig)
               return self.initWithInputs(.{
               ^
       /home/kain/onyx-server/src/daemon/server.zig:58842:9: 0x86b8efb in init (root.zig)
               return self.initWithMedia(shards, fail_spawn, false);
               ^
       /usr/local/lib/zig-0.17/lib/zig/std/testing.zig:64:13: 0x86b9019 in expectError__anon_1158592 (std.zig)
                   return error.TestUnexpectedError;
                   ^
       /home/kain/onyx-server/src/daemon/server.zig:59165:5: 0x86b9178 in test.managed core: actual second-spawn cancellation unwinds every fixture source and handle (root.zig)
           try std.testing.expectError(error.SystemResources, fixture.init(2, 1));
           ^
error: 'daemon.server.test.managed core: prepared media retains original callbacks Domain registrations and funded FIFO' failed:
       /usr/local/lib/zig-0.17/lib/zig/std/os/linux/IoUring.zig:64:18: 0x4856e6e in init_params (std.zig)
               .PERM => return error.PermissionDenied,
                        ^
       /usr/local/lib/zig-0.17/lib/zig/std/os/linux/IoUring.zig:32:12: 0x4857f4b in init (std.zig)
           return try IoUring.init_params(entries, &params);
                  ^
       /home/kain/onyx-server/src/daemon/ringlane.zig:169:28: 0x4b488f4 in init (root.zig)
               return .{ .inner = try IoUring.init(entries, features.setupFlags()), .features = features };
                                  ^
       /home/kain/onyx-server/src/daemon/server.zig:4914:55: 0x4b4aa35 in initReactor (root.zig)
                   if (ringlane.isUnsupportedInitError(err)) return error.Unsupported;
                                                             ^
       /home/kain/onyx-server/src/daemon/server.zig:5056:31: 0x4b51b31 in initInPlaceWithAccountSource (root.zig)
                   reactors[built] = try initReactor(allocator, shard_config, @intCast(built), reuse_port);
                                     ^
       /home/kain/onyx-server/src/daemon/server.zig:57061:13: 0x4b709fa in createColdImpl (root.zig)
                   try owner.initInPlaceWithAccountSource(allocator, b.expected, if (b.leased_loan != null) @ptrCast(&b.leased_stage) else null);
                   ^
       /home/kain/onyx-server/src/daemon/server.zig:56999:9: 0x868c71c in createCold (root.zig)
               return createColdImpl(allocator, io, inputs, binding, null);
               ^
       /home/kain/onyx-server/src/daemon/server.zig:58860:21: 0x8699b7c in initWithInputs (root.zig)
               self.core = try ManagedCore.createCold(a, std.testing.io, inputs, .{ .rdns = resolver, .dnsbl = null, .mail = null, .webpush = null });
                           ^
       /home/kain/onyx-server/src/daemon/server.zig:58845:9: 0x869ba86 in initWithMedia (root.zig)
               return self.initWithInputs(.{
               ^
       /home/kain/onyx-server/src/daemon/server.zig:59172:5: 0x869d49e in test.managed core: prepared media retains original callbacks Domain registrations and funded FIFO (root.zig)
           try fixture.initWithMedia(2, null, true);
           ^
error: 'daemon.server.test.GAP-X3 secret page is DONTDUMP and WIPEONFORK' failed:
       /home/kain/onyx-server/src/daemon/server.zig:60223:57: 0x86656b2 in expectSecretPageAdvised (root.zig)
           const at = std.mem.indexOf(u8, text, marker) orelse return error.TestUnexpectedResult;
                                                               ^
       /home/kain/onyx-server/src/daemon/server.zig:60238:5: 0x8666131 in test.GAP-X3 secret page is DONTDUMP and WIPEONFORK (root.zig)
           try expectSecretPageAdvised(page);
           ^
error: 'daemon.server.test.UPGRADE GAP-D2 offline memo survives the dropped process image' leaked 3 allocations:
       GAP-X3 branch=openat2 RESOLVE_BENEATH and RESOLVE_NO_MAGICLINKS read certificate paths
       GAP-X3 branch=landlock confines a directory and seccomp denies ptrace
       GAP-X2 step2 branch=SendQ append reserve refill and backlog moved out of server.zig and the inline overflow cap and armed-buffer rules still hold
       GAP-X5 branch=plaintext fan-out line queued on the inline SendQ; ConnState bytes=38208
       [SafeAllocator] (err): leaked [addr: 7f6fd1610140, len: 3584 (0xe00) align: 8] allocated at: 
       /home/kain/onyx-server/src/daemon/store.zig:4327:44: 0x4affc05 in init (root.zig)
               const entries = try allocator.alloc(?OwnedMutation, capacity);
                                                  ^
       /home/kain/onyx-server/src/daemon/store.zig:328:43: 0x5b42760 in openImpl (root.zig)
               const changefeed = ChangeFeed.init(allocator, cfg.changefeed_capacity) catch |err| {
                                                 ^
       /home/kain/onyx-server/src/daemon/store.zig:312:24: 0x5b43f6f in openWithConfig (root.zig)
               return openImpl(allocator, io, dir, wal_path, cfg, false);
                              ^
       /home/kain/onyx-server/src/daemon/store.zig:301:30: 0x5b440c6 in open (root.zig)
               return openWithConfig(allocator, io, dir, wal_path, .{});
                                    ^
       /home/kain/onyx-server/src/daemon/server.zig:68906:47: 0x855075c in test.UPGRADE GAP-D2 offline memo survives the dropped process image (root.zig)
           var store = try services_mod.OroStore.open(alloc, std.testing.io, tmp.dir, "gap-d2.wal");
                                                     ^
       /usr/local/lib/zig-0.17/lib/zig/compiler/test_runner.zig:143:68: 0x1c1deb3 in mainServer (test_runner.zig)
                       const status: TestResults.Status = if (test_fn.func()) |v| s: {
                                                                          ^
       /usr/local/lib/zig-0.17/lib/zig/compiler/test_runner.zig:71:26: 0x1c1eced in main (test_runner.zig)
               return mainServer(init) catch |err| panic("internal test runner failure: {t}", .{err});
                                ^
       (additional stack frames may have been skipped...)
       
       [SafeAllocator] (err): leaked [addr: 7f6fd16100a8, len: 15 (0xf) align: 1] allocated at: 
       /usr/local/lib/zig-0.17/lib/zig/std/mem.zig:3604:36: 0x24ea848 in concatMaybeSentinel__anon_451820 (std.zig)
           const buf = try allocator.alloc(T, total_len);
                                          ^
       /usr/local/lib/zig-0.17/lib/zig/std/mem.zig:3578:31: 0x24ea4a9 in concat__anon_451658 (std.zig)
           return concatMaybeSentinel(allocator, T, slices, null);
                                     ^
       /home/kain/onyx-server/src/daemon/store.zig:323:46: 0x5b42667 in openImpl (root.zig)
               const owned_snapshot = std.mem.concat(allocator, u8, &.{ wal_path, ".snap" }) catch |err| {
                                                    ^
       /home/kain/onyx-server/src/daemon/store.zig:312:24: 0x5b43f6f in openWithConfig (root.zig)
               return openImpl(allocator, io, dir, wal_path, cfg, false);
                              ^
       /home/kain/onyx-server/src/daemon/store.zig:301:30: 0x5b440c6 in open (root.zig)
               return openWithConfig(allocator, io, dir, wal_path, .{});
                                    ^
       /home/kain/onyx-server/src/daemon/server.zig:68906:47: 0x855075c in test.UPGRADE GAP-D2 offline memo survives the dropped process image (root.zig)
           var store = try services_mod.OroStore.open(alloc, std.testing.io, tmp.dir, "gap-d2.wal");
                                                     ^
       /usr/local/lib/zig-0.17/lib/zig/compiler/test_runner.zig:143:68: 0x1c1deb3 in mainServer (test_runner.zig)
                       const status: TestResults.Status = if (test_fn.func()) |v| s: {
                                                                          ^
       (additional stack frames may have been skipped...)
       
       [SafeAllocator] (err): leaked [addr: 7f6fd1610010, len: 10 (0xa) align: 1] allocated at: 
       /usr/local/lib/zig-0.17/lib/zig/std/mem/Allocator.zig:460:40: 0x1a8e93e in dupe__anon_9242 (std.zig)
           const new_buf = try allocator.alloc(T, m.len);
                                              ^
       /home/kain/onyx-server/src/daemon/store.zig:322:45: 0x5b42572 in openImpl (root.zig)
               const owned_wal = try allocator.dupe(u8, wal_path);
                                                   ^
       /home/kain/onyx-server/src/daemon/store.zig:312:24: 0x5b43f6f in openWithConfig (root.zig)
               return openImpl(allocator, io, dir, wal_path, cfg, false);
                              ^
       /home/kain/onyx-server/src/daemon/store.zig:301:30: 0x5b440c6 in open (root.zig)
               return openWithConfig(allocator, io, dir, wal_path, .{});
                                    ^
       /home/kain/onyx-server/src/daemon/server.zig:68906:47: 0x855075c in test.UPGRADE GAP-D2 offline memo survives the dropped process image (root.zig)
           var store = try services_mod.OroStore.open(alloc, std.testing.io, tmp.dir, "gap-d2.wal");
                                                     ^
       /usr/local/lib/zig-0.17/lib/zig/compiler/test_runner.zig:143:68: 0x1c1deb3 in mainServer (test_runner.zig)
                       const status: TestResults.Status = if (test_fn.func()) |v| s: {
                                                                          ^
       /usr/local/lib/zig-0.17/lib/zig/compiler/test_runner.zig:71:26: 0x1c1eced in main (test_runner.zig)
               return mainServer(init) catch |err| panic("internal test runner failure: {t}", .{err});
                                ^
       (additional stack frames may have been skipped...)
error: 'daemon.server.test.MARKREAD atomic live dispatch isolates guests and publishes once to physical account attachments' failed:
       /usr/local/lib/zig-0.17/lib/zig/std/os/linux/IoUring.zig:64:18: 0x4856e6e in init_params (std.zig)
               .PERM => return error.PermissionDenied,
                        ^
       /usr/local/lib/zig-0.17/lib/zig/std/os/linux/IoUring.zig:32:12: 0x4857f4b in init (std.zig)
           return try IoUring.init_params(entries, &params);
                  ^
       /home/kain/onyx-server/src/daemon/ringlane.zig:169:28: 0x4b488f4 in init (root.zig)
               return .{ .inner = try IoUring.init(entries, features.setupFlags()), .features = features };
                                  ^
       /home/kain/onyx-server/src/daemon/server.zig:4914:55: 0x4b4aa35 in initReactor (root.zig)
                   if (ringlane.isUnsupportedInitError(err)) return error.Unsupported;
                                                             ^
       /home/kain/onyx-server/src/daemon/server.zig:5056:31: 0x4b51b31 in initInPlaceWithAccountSource (root.zig)
                   reactors[built] = try initReactor(allocator, shard_config, @intCast(built), reuse_port);
                                     ^
       /home/kain/onyx-server/src/daemon/server.zig:4963:9: 0x6bf20d4 in initInPlace (root.zig)
               return self.initInPlaceWithAccountSource(allocator, raw_config, null);
               ^
       /home/kain/onyx-server/src/daemon/server.zig:68782:5: 0x7166984 in createTestServer (root.zig)
           try server.initInPlace(allocator, config);
           ^
       /home/kain/onyx-server/src/daemon/server.zig:69088:5: 0x7b37ef3 in readMarkerServerForTest (root.zig)
           return createTestServer(allocator, .{
           ^
       /home/kain/onyx-server/src/daemon/server.zig:69146:20: 0x8540d84 in test.MARKREAD atomic live dispatch isolates guests and publishes once to physical account attachments (root.zig)
           const server = try readMarkerServerForTest(alloc, &services, &identity);
                          ^
error: 'daemon.server.test.MARKREAD signed timestamp max ignores HLC rollback and rejects unsigned forged future facts' failed:
       /usr/local/lib/zig-0.17/lib/zig/std/os/linux/IoUring.zig:64:18: 0x4856e6e in init_params (std.zig)
               .PERM => return error.PermissionDenied,
                        ^
       /usr/local/lib/zig-0.17/lib/zig/std/os/linux/IoUring.zig:32:12: 0x4857f4b in init (std.zig)
           return try IoUring.init_params(entries, &params);
                  ^
       /home/kain/onyx-server/src/daemon/ringlane.zig:169:28: 0x4b488f4 in init (root.zig)
               return .{ .inner = try IoUring.init(entries, features.setupFlags()), .features = features };
                                  ^
       /home/kain/onyx-server/src/daemon/server.zig:4914:55: 0x4b4aa35 in initReactor (root.zig)
                   if (ringlane.isUnsupportedInitError(err)) return error.Unsupported;
                                                             ^
       /home/kain/onyx-server/src/daemon/server.zig:5056:31: 0x4b51b31 in initInPlaceWithAccountSource (root.zig)
                   reactors[built] = try initReactor(allocator, shard_config, @intCast(built), reuse_port);
                                     ^
       /home/kain/onyx-server/src/daemon/server.zig:4963:9: 0x6bf20d4 in initInPlace (root.zig)
               return self.initInPlaceWithAccountSource(allocator, raw_config, null);
               ^
       /home/kain/onyx-server/src/daemon/server.zig:68782:5: 0x7166984 in createTestServer (root.zig)
           try server.initInPlace(allocator, config);
           ^
       /home/kain/onyx-server/src/daemon/server.zig:69088:5: 0x7b37ef3 in readMarkerServerForTest (root.zig)
           return createTestServer(allocator, .{
           ^
       /home/kain/onyx-server/src/daemon/server.zig:69200:20: 0x853d42d in test.MARKREAD signed timestamp max ignores HLC rollback and rejects unsigned forged future facts (root.zig)
           const server = try readMarkerServerForTest(alloc, &services, &receiver);
                          ^
error: 'daemon.server.test.MARKREAD atomic local and inbound admission allocation sweeps retain exact state and retry' failed:
       /usr/local/lib/zig-0.17/lib/zig/std/os/linux/IoUring.zig:64:18: 0x4856e6e in init_params (std.zig)
               .PERM => return error.PermissionDenied,
                        ^
       /usr/local/lib/zig-0.17/lib/zig/std/os/linux/IoUring.zig:32:12: 0x4857f4b in init (std.zig)
           return try IoUring.init_params(entries, &params);
                  ^
       /home/kain/onyx-server/src/daemon/ringlane.zig:169:28: 0x4b488f4 in init (root.zig)
               return .{ .inner = try IoUring.init(entries, features.setupFlags()), .features = features };
                                  ^
       /home/kain/onyx-server/src/daemon/server.zig:4914:55: 0x4b4aa35 in initReactor (root.zig)
                   if (ringlane.isUnsupportedInitError(err)) return error.Unsupported;
                                                             ^
       /home/kain/onyx-server/src/daemon/server.zig:5056:31: 0x4b51b31 in initInPlaceWithAccountSource (root.zig)
                   reactors[built] = try initReactor(allocator, shard_config, @intCast(built), reuse_port);
                                     ^
       /home/kain/onyx-server/src/daemon/server.zig:4963:9: 0x6bf20d4 in initInPlace (root.zig)
               return self.initInPlaceWithAccountSource(allocator, raw_config, null);
               ^
       /home/kain/onyx-server/src/daemon/server.zig:68782:5: 0x7166984 in createTestServer (root.zig)
           try server.initInPlace(allocator, config);
           ^
       /home/kain/onyx-server/src/daemon/server.zig:69088:5: 0x7b37ef3 in readMarkerServerForTest (root.zig)
           return createTestServer(allocator, .{
           ^
       /home/kain/onyx-server/src/daemon/server.zig:69255:28: 0x8538ca1 in test.MARKREAD atomic local and inbound admission allocation sweeps retain exact state and retry (root.zig)
                   const server = try readMarkerServerForTest(failing.allocator(), &services, &identity);
                                  ^
error: 'daemon.server.test.MARKREAD secured burst keeps signed frontier through SendQ pressure outer OOM and duplicate repair' failed:
       /usr/local/lib/zig-0.17/lib/zig/std/os/linux/IoUring.zig:64:18: 0x4856e6e in init_params (std.zig)
               .PERM => return error.PermissionDenied,
                        ^
       /usr/local/lib/zig-0.17/lib/zig/std/os/linux/IoUring.zig:32:12: 0x4857f4b in init (std.zig)
           return try IoUring.init_params(entries, &params);
                  ^
       /home/kain/onyx-server/src/daemon/ringlane.zig:169:28: 0x4b488f4 in init (root.zig)
               return .{ .inner = try IoUring.init(entries, features.setupFlags()), .features = features };
                                  ^
       /home/kain/onyx-server/src/daemon/server.zig:4914:55: 0x4b4aa35 in initReactor (root.zig)
                   if (ringlane.isUnsupportedInitError(err)) return error.Unsupported;
                                                             ^
       /home/kain/onyx-server/src/daemon/server.zig:5056:31: 0x4b51b31 in initInPlaceWithAccountSource (root.zig)
                   reactors[built] = try initReactor(allocator, shard_config, @intCast(built), reuse_port);
                                     ^
       /home/kain/onyx-server/src/daemon/server.zig:4963:9: 0x6bf20d4 in initInPlace (root.zig)
               return self.initInPlaceWithAccountSource(allocator, raw_config, null);
               ^
       /home/kain/onyx-server/src/daemon/server.zig:68782:5: 0x7166984 in createTestServer (root.zig)
           try server.initInPlace(allocator, config);
           ^
       /home/kain/onyx-server/src/daemon/server.zig:69088:5: 0x7b37ef3 in readMarkerServerForTest (root.zig)
           return createTestServer(allocator, .{
           ^
       /home/kain/onyx-server/src/daemon/server.zig:69319:20: 0x852e654 in test.MARKREAD secured burst keeps signed frontier through SendQ pressure outer OOM and duplicate repair (root.zig)
           const author = try readMarkerServerForTest(alloc, &services1, &pair.ida);
                          ^
error: 'daemon.server.test.MARKREAD restore allocation sweep preserves the complete live frontier until a valid swap' failed:
       /usr/local/lib/zig-0.17/lib/zig/std/os/linux/IoUring.zig:64:18: 0x4856e6e in init_params (std.zig)
               .PERM => return error.PermissionDenied,
                        ^
       /usr/local/lib/zig-0.17/lib/zig/std/os/linux/IoUring.zig:32:12: 0x4857f4b in init (std.zig)
           return try IoUring.init_params(entries, &params);
                  ^
       /home/kain/onyx-server/src/daemon/ringlane.zig:169:28: 0x4b488f4 in init (root.zig)
               return .{ .inner = try IoUring.init(entries, features.setupFlags()), .features = features };
                                  ^
       /home/kain/onyx-server/src/daemon/server.zig:4914:55: 0x4b4aa35 in initReactor (root.zig)
                   if (ringlane.isUnsupportedInitError(err)) return error.Unsupported;
                                                             ^
       /home/kain/onyx-server/src/daemon/server.zig:5056:31: 0x4b51b31 in initInPlaceWithAccountSource (root.zig)
                   reactors[built] = try initReactor(allocator, shard_config, @intCast(built), reuse_port);
                                     ^
       /home/kain/onyx-server/src/daemon/server.zig:4963:9: 0x6bf20d4 in initInPlace (root.zig)
               return self.initInPlaceWithAccountSource(allocator, raw_config, null);
               ^
       /home/kain/onyx-server/src/daemon/server.zig:68782:5: 0x7166984 in createTestServer (root.zig)
           try server.initInPlace(allocator, config);
           ^
       /home/kain/onyx-server/src/daemon/server.zig:69088:5: 0x7b37ef3 in readMarkerServerForTest (root.zig)
           return createTestServer(allocator, .{
           ^
       /home/kain/onyx-server/src/daemon/server.zig:69405:24: 0x852b301 in test.MARKREAD restore allocation sweep preserves the complete live frontier until a valid swap (root.zig)
               const server = try readMarkerServerForTest(failing.allocator(), &services, &identity);
                              ^
error: 'daemon.server.test.MARKREAD live write short write and sync faults publish no runtime position or account notification' failed:
       /usr/local/lib/zig-0.17/lib/zig/std/os/linux/IoUring.zig:64:18: 0x4856e6e in init_params (std.zig)
               .PERM => return error.PermissionDenied,
                        ^
       /usr/local/lib/zig-0.17/lib/zig/std/os/linux/IoUring.zig:32:12: 0x4857f4b in init (std.zig)
           return try IoUring.init_params(entries, &params);
                  ^
       /home/kain/onyx-server/src/daemon/ringlane.zig:169:28: 0x4b488f4 in init (root.zig)
               return .{ .inner = try IoUring.init(entries, features.setupFlags()), .features = features };
                                  ^
       /home/kain/onyx-server/src/daemon/server.zig:4914:55: 0x4b4aa35 in initReactor (root.zig)
                   if (ringlane.isUnsupportedInitError(err)) return error.Unsupported;
                                                             ^
       /home/kain/onyx-server/src/daemon/server.zig:5056:31: 0x4b51b31 in initInPlaceWithAccountSource (root.zig)
                   reactors[built] = try initReactor(allocator, shard_config, @intCast(built), reuse_port);
                                     ^
       /home/kain/onyx-server/src/daemon/server.zig:4963:9: 0x6bf20d4 in initInPlace (root.zig)
               return self.initInPlaceWithAccountSource(allocator, raw_config, null);
               ^
       /home/kain/onyx-server/src/daemon/server.zig:68782:5: 0x7166984 in createTestServer (root.zig)
           try server.initInPlace(allocator, config);
           ^
       /home/kain/onyx-server/src/daemon/server.zig:69088:5: 0x7b37ef3 in readMarkerServerForTest (root.zig)
           return createTestServer(allocator, .{
           ^
       /home/kain/onyx-server/src/daemon/server.zig:69456:28: 0x8527a43 in test.MARKREAD live write short write and sync faults publish no runtime position or account notification (root.zig)
                   const server = try readMarkerServerForTest(alloc, &services, &identity);
                                  ^
error: 'daemon.server.test.MARKREAD signed frontier and independent clock cold restore atomically and corrupt fact fails closed' failed:
       /usr/local/lib/zig-0.17/lib/zig/std/os/linux/IoUring.zig:64:18: 0x4856e6e in init_params (std.zig)
               .PERM => return error.PermissionDenied,
                        ^
       /usr/local/lib/zig-0.17/lib/zig/std/os/linux/IoUring.zig:32:12: 0x4857f4b in init (std.zig)
           return try IoUring.init_params(entries, &params);
                  ^
       /home/kain/onyx-server/src/daemon/ringlane.zig:169:28: 0x4b488f4 in init (root.zig)
               return .{ .inner = try IoUring.init(entries, features.setupFlags()), .features = features };
                                  ^
       /home/kain/onyx-server/src/daemon/server.zig:4914:55: 0x4b4aa35 in initReactor (root.zig)
                   if (ringlane.isUnsupportedInitError(err)) return error.Unsupported;
                                                             ^
       /home/kain/onyx-server/src/daemon/server.zig:5056:31: 0x4b51b31 in initInPlaceWithAccountSource (root.zig)
                   reactors[built] = try initReactor(allocator, shard_config, @intCast(built), reuse_port);
                                     ^
       /home/kain/onyx-server/src/daemon/server.zig:4963:9: 0x6bf20d4 in initInPlace (root.zig)
               return self.initInPlaceWithAccountSource(allocator, raw_config, null);
               ^
       /home/kain/onyx-server/src/daemon/server.zig:68782:5: 0x7166984 in createTestServer (root.zig)
           try server.initInPlace(allocator, config);
           ^
       /home/kain/onyx-server/src/daemon/server.zig:69088:5: 0x7b37ef3 in readMarkerServerForTest (root.zig)
           return createTestServer(allocator, .{
           ^
       /home/kain/onyx-server/src/daemon/server.zig:69512:24: 0x852441a in test.MARKREAD signed frontier and independent clock cold restore atomically and corrupt fact fails closed (root.zig)
               const server = try readMarkerServerForTest(alloc, &services, &identity);
                              ^
error: 'daemon.server.test.UPGRADE GAP-D1 cold restart restores history msgids and skips ciphertext search' leaked 3 allocations:
       [SafeAllocator] (err): leaked [addr: 7f6fce4f6140, len: 3584 (0xe00) align: 8] allocated at: 
       /home/kain/onyx-server/src/daemon/store.zig:4327:44: 0x4affc05 in init (root.zig)
               const entries = try allocator.alloc(?OwnedMutation, capacity);
                                                  ^
       /home/kain/onyx-server/src/daemon/store.zig:328:43: 0x5b42760 in openImpl (root.zig)
               const changefeed = ChangeFeed.init(allocator, cfg.changefeed_capacity) catch |err| {
                                                 ^
       /home/kain/onyx-server/src/daemon/store.zig:312:24: 0x5b43f6f in openWithConfig (root.zig)
               return openImpl(allocator, io, dir, wal_path, cfg, false);
                              ^
       /home/kain/onyx-server/src/daemon/store.zig:301:30: 0x5b440c6 in open (root.zig)
               return openWithConfig(allocator, io, dir, wal_path, .{});
                                    ^
       /home/kain/onyx-server/src/daemon/server.zig:70276:47: 0x84f23ac in test.UPGRADE GAP-D1 cold restart restores history msgids and skips ciphertext search (root.zig)
           var store = try services_mod.OroStore.open(alloc, std.testing.io, tmp.dir, "gap-d1.wal");
                                                     ^
       /usr/local/lib/zig-0.17/lib/zig/compiler/test_runner.zig:143:68: 0x1c1deb3 in mainServer (test_runner.zig)
                       const status: TestResults.Status = if (test_fn.func()) |v| s: {
                                                                          ^
       /usr/local/lib/zig-0.17/lib/zig/compiler/test_runner.zig:71:26: 0x1c1eced in main (test_runner.zig)
               return mainServer(init) catch |err| panic("internal test runner failure: {t}", .{err});
                                ^
       (additional stack frames may have been skipped...)
       
       [SafeAllocator] (err): leaked [addr: 7f6fce4f60a8, len: 15 (0xf) align: 1] allocated at: 
       /usr/local/lib/zig-0.17/lib/zig/std/mem.zig:3604:36: 0x24ea848 in concatMaybeSentinel__anon_451820 (std.zig)
           const buf = try allocator.alloc(T, total_len);
                                          ^
       /usr/local/lib/zig-0.17/lib/zig/std/mem.zig:3578:31: 0x24ea4a9 in concat__anon_451658 (std.zig)
           return concatMaybeSentinel(allocator, T, slices, null);
                                     ^
       /home/kain/onyx-server/src/daemon/store.zig:323:46: 0x5b42667 in openImpl (root.zig)
               const owned_snapshot = std.mem.concat(allocator, u8, &.{ wal_path, ".snap" }) catch |err| {
                                                    ^
       /home/kain/onyx-server/src/daemon/store.zig:312:24: 0x5b43f6f in openWithConfig (root.zig)
               return openImpl(allocator, io, dir, wal_path, cfg, false);
                              ^
       /home/kain/onyx-server/src/daemon/store.zig:301:30: 0x5b440c6 in open (root.zig)
               return openWithConfig(allocator, io, dir, wal_path, .{});
                                    ^
       /home/kain/onyx-server/src/daemon/server.zig:70276:47: 0x84f23ac in test.UPGRADE GAP-D1 cold restart restores history msgids and skips ciphertext search (root.zig)
           var store = try services_mod.OroStore.open(alloc, std.testing.io, tmp.dir, "gap-d1.wal");
                                                     ^
       /usr/local/lib/zig-0.17/lib/zig/compiler/test_runner.zig:143:68: 0x1c1deb3 in mainServer (test_runner.zig)
                       const status: TestResults.Status = if (test_fn.func()) |v| s: {
                                                                          ^
       (additional stack frames may have been skipped...)
       
       [SafeAllocator] (err): leaked [addr: 7f6fce4f6010, len: 10 (0xa) align: 1] allocated at: 
       /usr/local/lib/zig-0.17/lib/zig/std/mem/Allocator.zig:460:40: 0x1a8e93e in dupe__anon_9242 (std.zig)
           const new_buf = try allocator.alloc(T, m.len);
                                              ^
       /home/kain/onyx-server/src/daemon/store.zig:322:45: 0x5b42572 in openImpl (root.zig)
               const owned_wal = try allocator.dupe(u8, wal_path);
                                                   ^
       /home/kain/onyx-server/src/daemon/store.zig:312:24: 0x5b43f6f in openWithConfig (root.zig)
               return openImpl(allocator, io, dir, wal_path, cfg, false);
                              ^
       /home/kain/onyx-server/src/daemon/store.zig:301:30: 0x5b440c6 in open (root.zig)
               return openWithConfig(allocator, io, dir, wal_path, .{});
                                    ^
       /home/kain/onyx-server/src/daemon/server.zig:70276:47: 0x84f23ac in test.UPGRADE GAP-D1 cold restart restores history msgids and skips ciphertext search (root.zig)
           var store = try services_mod.OroStore.open(alloc, std.testing.io, tmp.dir, "gap-d1.wal");
                                                     ^
       /usr/local/lib/zig-0.17/lib/zig/compiler/test_runner.zig:143:68: 0x1c1deb3 in mainServer (test_runner.zig)
                       const status: TestResults.Status = if (test_fn.func()) |v| s: {
                                                                          ^
       /usr/local/lib/zig-0.17/lib/zig/compiler/test_runner.zig:71:26: 0x1c1eced in main (test_runner.zig)
               return mainServer(init) catch |err| panic("internal test runner failure: {t}", .{err});
                                ^
       (additional stack frames may have been skipped...)
error: 'daemon.server.test.GAP-D1 kill-restart restores channel and DM msgids' leaked 3 allocations:
       [SafeAllocator] (err): leaked [addr: 7f6fce240148, len: 3584 (0xe00) align: 8] allocated at: 
       /home/kain/onyx-server/src/daemon/store.zig:4327:44: 0x4affc05 in init (root.zig)
               const entries = try allocator.alloc(?OwnedMutation, capacity);
                                                  ^
       /home/kain/onyx-server/src/daemon/store.zig:328:43: 0x5b42760 in openImpl (root.zig)
               const changefeed = ChangeFeed.init(allocator, cfg.changefeed_capacity) catch |err| {
                                                 ^
       /home/kain/onyx-server/src/daemon/store.zig:312:24: 0x5b43f6f in openWithConfig (root.zig)
               return openImpl(allocator, io, dir, wal_path, cfg, false);
                              ^
       /home/kain/onyx-server/src/daemon/store.zig:301:30: 0x5b440c6 in open (root.zig)
               return openWithConfig(allocator, io, dir, wal_path, .{});
                                    ^
       /home/kain/onyx-server/src/daemon/server.zig:70347:47: 0x84eefbc in test.GAP-D1 kill-restart restores channel and DM msgids (root.zig)
           var store = try services_mod.OroStore.open(alloc, std.testing.io, tmp.dir, "gap-d1-kill.wal");
                                                     ^
       /usr/local/lib/zig-0.17/lib/zig/compiler/test_runner.zig:143:68: 0x1c1deb3 in mainServer (test_runner.zig)
                       const status: TestResults.Status = if (test_fn.func()) |v| s: {
                                                                          ^
       /usr/local/lib/zig-0.17/lib/zig/compiler/test_runner.zig:71:26: 0x1c1eced in main (test_runner.zig)
               return mainServer(init) catch |err| panic("internal test runner failure: {t}", .{err});
                                ^
       (additional stack frames may have been skipped...)
       
       [SafeAllocator] (err): leaked [addr: 7f6fce2400a8, len: 20 (0x14) align: 1] allocated at: 
       /usr/local/lib/zig-0.17/lib/zig/std/mem.zig:3604:36: 0x24ea848 in concatMaybeSentinel__anon_451820 (std.zig)
           const buf = try allocator.alloc(T, total_len);
                                          ^
       /usr/local/lib/zig-0.17/lib/zig/std/mem.zig:3578:31: 0x24ea4a9 in concat__anon_451658 (std.zig)
           return concatMaybeSentinel(allocator, T, slices, null);
                                     ^
       /home/kain/onyx-server/src/daemon/store.zig:323:46: 0x5b42667 in openImpl (root.zig)
               const owned_snapshot = std.mem.concat(allocator, u8, &.{ wal_path, ".snap" }) catch |err| {
                                                    ^
       /home/kain/onyx-server/src/daemon/store.zig:312:24: 0x5b43f6f in openWithConfig (root.zig)
               return openImpl(allocator, io, dir, wal_path, cfg, false);
                              ^
       /home/kain/onyx-server/src/daemon/store.zig:301:30: 0x5b440c6 in open (root.zig)
               return openWithConfig(allocator, io, dir, wal_path, .{});
                                    ^
       /home/kain/onyx-server/src/daemon/server.zig:70347:47: 0x84eefbc in test.GAP-D1 kill-restart restores channel and DM msgids (root.zig)
           var store = try services_mod.OroStore.open(alloc, std.testing.io, tmp.dir, "gap-d1-kill.wal");
                                                     ^
       /usr/local/lib/zig-0.17/lib/zig/compiler/test_runner.zig:143:68: 0x1c1deb3 in mainServer (test_runner.zig)
                       const status: TestResults.Status = if (test_fn.func()) |v| s: {
                                                                          ^
       (additional stack frames may have been skipped...)
       
       [SafeAllocator] (err): leaked [addr: 7f6fce240010, len: 15 (0xf) align: 1] allocated at: 
       /usr/local/lib/zig-0.17/lib/zig/std/mem/Allocator.zig:460:40: 0x1a8e93e in dupe__anon_9242 (std.zig)
           const new_buf = try allocator.alloc(T, m.len);
                                              ^
       /home/kain/onyx-server/src/daemon/store.zig:322:45: 0x5b42572 in openImpl (root.zig)
               const owned_wal = try allocator.dupe(u8, wal_path);
                                                   ^
       /home/kain/onyx-server/src/daemon/store.zig:312:24: 0x5b43f6f in openWithConfig (root.zig)
               return openImpl(allocator, io, dir, wal_path, cfg, false);
                              ^
       /home/kain/onyx-server/src/daemon/store.zig:301:30: 0x5b440c6 in open (root.zig)
               return openWithConfig(allocator, io, dir, wal_path, .{});
                                    ^
       /home/kain/onyx-server/src/daemon/server.zig:70347:47: 0x84eefbc in test.GAP-D1 kill-restart restores channel and DM msgids (root.zig)
           var store = try services_mod.OroStore.open(alloc, std.testing.io, tmp.dir, "gap-d1-kill.wal");
                                                     ^
       /usr/local/lib/zig-0.17/lib/zig/compiler/test_runner.zig:143:68: 0x1c1deb3 in mainServer (test_runner.zig)
                       const status: TestResults.Status = if (test_fn.func()) |v| s: {
                                                                          ^
       /usr/local/lib/zig-0.17/lib/zig/compiler/test_runner.zig:71:26: 0x1c1eced in main (test_runner.zig)
               return mainServer(init) catch |err| panic("internal test runner failure: {t}", .{err});
                                ^
       (additional stack frames may have been skipped...)
error: 'daemon.server.test.MESSAGE_V2 Helix activation is staged exact and monotonic across current handoff' failed:
       /usr/local/lib/zig-0.17/lib/zig/std/os/linux/IoUring.zig:64:18: 0x4856e6e in init_params (std.zig)
               .PERM => return error.PermissionDenied,
                        ^
       /usr/local/lib/zig-0.17/lib/zig/std/os/linux/IoUring.zig:32:12: 0x4857f4b in init (std.zig)
           return try IoUring.init_params(entries, &params);
                  ^
       /home/kain/onyx-server/src/daemon/ringlane.zig:169:28: 0x4b488f4 in init (root.zig)
               return .{ .inner = try IoUring.init(entries, features.setupFlags()), .features = features };
                                  ^
       /home/kain/onyx-server/src/daemon/server.zig:4914:55: 0x4b4aa35 in initReactor (root.zig)
                   if (ringlane.isUnsupportedInitError(err)) return error.Unsupported;
                                                             ^
       /home/kain/onyx-server/src/daemon/server.zig:5056:31: 0x4b51b31 in initInPlaceWithAccountSource (root.zig)
                   reactors[built] = try initReactor(allocator, shard_config, @intCast(built), reuse_port);
                                     ^
       /home/kain/onyx-server/src/daemon/server.zig:4963:9: 0x6bf20d4 in initInPlace (root.zig)
               return self.initInPlaceWithAccountSource(allocator, raw_config, null);
               ^
       /home/kain/onyx-server/src/daemon/server.zig:68782:5: 0x7166984 in createTestServer (root.zig)
           try server.initInPlace(allocator, config);
           ^
       /home/kain/onyx-server/src/daemon/server.zig:72977:32: 0x84050a2 in test.MESSAGE_V2 Helix activation is staged exact and monotonic across current handoff (root.zig)
           const compat_predecessor = try createTestServer(alloc, .{
                                      ^
error: 'daemon.server.test.TOTP atomic live handlers sweep persistence allocations and same-code retry' failed:
       /usr/local/lib/zig-0.17/lib/zig/std/os/linux/IoUring.zig:64:18: 0x4856e6e in init_params (std.zig)
               .PERM => return error.PermissionDenied,
                        ^
       /usr/local/lib/zig-0.17/lib/zig/std/os/linux/IoUring.zig:32:12: 0x4857f4b in init (std.zig)
           return try IoUring.init_params(entries, &params);
                  ^
       /home/kain/onyx-server/src/daemon/ringlane.zig:169:28: 0x4b488f4 in init (root.zig)
               return .{ .inner = try IoUring.init(entries, features.setupFlags()), .features = features };
                                  ^
       /home/kain/onyx-server/src/daemon/server.zig:4914:55: 0x4b4aa35 in initReactor (root.zig)
                   if (ringlane.isUnsupportedInitError(err)) return error.Unsupported;
                                                             ^
       /home/kain/onyx-server/src/daemon/server.zig:5056:31: 0x4b51b31 in initInPlaceWithAccountSource (root.zig)
                   reactors[built] = try initReactor(allocator, shard_config, @intCast(built), reuse_port);
                                     ^
       /home/kain/onyx-server/src/daemon/server.zig:4963:9: 0x6bf20d4 in initInPlace (root.zig)
               return self.initInPlaceWithAccountSource(allocator, raw_config, null);
               ^
       /home/kain/onyx-server/src/daemon/server.zig:76862:5: 0x832b502 in totpAtomicServerForTest (root.zig)
           try server.initInPlace(std.testing.allocator, .{
           ^
       /home/kain/onyx-server/src/daemon/server.zig:76916:28: 0x834b70d in test.TOTP atomic live handlers sweep persistence allocations and same-code retry (root.zig)
                   const server = try totpAtomicServerForTest(&services);
                                  ^
error: 'daemon.server.test.TOTP atomic live handlers reject record and WAL admission with retry' failed:
       /usr/local/lib/zig-0.17/lib/zig/std/os/linux/IoUring.zig:64:18: 0x4856e6e in init_params (std.zig)
               .PERM => return error.PermissionDenied,
                        ^
       /usr/local/lib/zig-0.17/lib/zig/std/os/linux/IoUring.zig:32:12: 0x4857f4b in init (std.zig)
           return try IoUring.init_params(entries, &params);
                  ^
       /home/kain/onyx-server/src/daemon/ringlane.zig:169:28: 0x4b488f4 in init (root.zig)
               return .{ .inner = try IoUring.init(entries, features.setupFlags()), .features = features };
                                  ^
       /home/kain/onyx-server/src/daemon/server.zig:4914:55: 0x4b4aa35 in initReactor (root.zig)
                   if (ringlane.isUnsupportedInitError(err)) return error.Unsupported;
                                                             ^
       /home/kain/onyx-server/src/daemon/server.zig:5056:31: 0x4b51b31 in initInPlaceWithAccountSource (root.zig)
                   reactors[built] = try initReactor(allocator, shard_config, @intCast(built), reuse_port);
                                     ^
       /home/kain/onyx-server/src/daemon/server.zig:4963:9: 0x6bf20d4 in initInPlace (root.zig)
               return self.initInPlaceWithAccountSource(allocator, raw_config, null);
               ^
       /home/kain/onyx-server/src/daemon/server.zig:76862:5: 0x832b502 in totpAtomicServerForTest (root.zig)
           try server.initInPlace(std.testing.allocator, .{
           ^
       /home/kain/onyx-server/src/daemon/server.zig:76987:28: 0x83485f1 in test.TOTP atomic live handlers reject record and WAL admission with retry (root.zig)
                   const server = try totpAtomicServerForTest(&services);
                                  ^
error: 'daemon.server.test.TOTP atomic live handlers ambiguous prepared IO denies authentication and cold replay is coherent' failed:
       /usr/local/lib/zig-0.17/lib/zig/std/os/linux/IoUring.zig:64:18: 0x4856e6e in init_params (std.zig)
               .PERM => return error.PermissionDenied,
                        ^
       /usr/local/lib/zig-0.17/lib/zig/std/os/linux/IoUring.zig:32:12: 0x4857f4b in init (std.zig)
           return try IoUring.init_params(entries, &params);
                  ^
       /home/kain/onyx-server/src/daemon/ringlane.zig:169:28: 0x4b488f4 in init (root.zig)
               return .{ .inner = try IoUring.init(entries, features.setupFlags()), .features = features };
                                  ^
       /home/kain/onyx-server/src/daemon/server.zig:4914:55: 0x4b4aa35 in initReactor (root.zig)
                   if (ringlane.isUnsupportedInitError(err)) return error.Unsupported;
                                                             ^
       /home/kain/onyx-server/src/daemon/server.zig:5056:31: 0x4b51b31 in initInPlaceWithAccountSource (root.zig)
                   reactors[built] = try initReactor(allocator, shard_config, @intCast(built), reuse_port);
                                     ^
       /home/kain/onyx-server/src/daemon/server.zig:4963:9: 0x6bf20d4 in initInPlace (root.zig)
               return self.initInPlaceWithAccountSource(allocator, raw_config, null);
               ^
       /home/kain/onyx-server/src/daemon/server.zig:76862:5: 0x832b502 in totpAtomicServerForTest (root.zig)
           try server.initInPlace(std.testing.allocator, .{
           ^
       /home/kain/onyx-server/src/daemon/server.zig:77044:32: 0x8341980 in test.TOTP atomic live handlers ambiguous prepared IO denies authentication and cold replay is coherent (root.zig)
                       const server = try totpAtomicServerForTest(&services);
                                      ^
error: 'daemon.server.test.TOTP atomic live handlers successful enable and disable survive cold WAL reopen' failed:
       /usr/local/lib/zig-0.17/lib/zig/std/os/linux/IoUring.zig:64:18: 0x4856e6e in init_params (std.zig)
               .PERM => return error.PermissionDenied,
                        ^
       /usr/local/lib/zig-0.17/lib/zig/std/os/linux/IoUring.zig:32:12: 0x4857f4b in init (std.zig)
           return try IoUring.init_params(entries, &params);
                  ^
       /home/kain/onyx-server/src/daemon/ringlane.zig:169:28: 0x4b488f4 in init (root.zig)
               return .{ .inner = try IoUring.init(entries, features.setupFlags()), .features = features };
                                  ^
       /home/kain/onyx-server/src/daemon/server.zig:4914:55: 0x4b4aa35 in initReactor (root.zig)
                   if (ringlane.isUnsupportedInitError(err)) return error.Unsupported;
                                                             ^
       /home/kain/onyx-server/src/daemon/server.zig:5056:31: 0x4b51b31 in initInPlaceWithAccountSource (root.zig)
                   reactors[built] = try initReactor(allocator, shard_config, @intCast(built), reuse_port);
                                     ^
       /home/kain/onyx-server/src/daemon/server.zig:4963:9: 0x6bf20d4 in initInPlace (root.zig)
               return self.initInPlaceWithAccountSource(allocator, raw_config, null);
               ^
       /home/kain/onyx-server/src/daemon/server.zig:76862:5: 0x832b502 in totpAtomicServerForTest (root.zig)
           try server.initInPlace(std.testing.allocator, .{
           ^
       /home/kain/onyx-server/src/daemon/server.zig:77145:24: 0x833f05c in test.TOTP atomic live handlers successful enable and disable survive cold WAL reopen (root.zig)
               const server = try totpAtomicServerForTest(&services);
                              ^
error: 'daemon.server.test.TOTP atomic live SASL token authority survives rejected policy and is revoked on enable and disable' failed:
       /usr/local/lib/zig-0.17/lib/zig/std/os/linux/IoUring.zig:64:18: 0x4856e6e in init_params (std.zig)
               .PERM => return error.PermissionDenied,
                        ^
       /usr/local/lib/zig-0.17/lib/zig/std/os/linux/IoUring.zig:32:12: 0x4857f4b in init (std.zig)
           return try IoUring.init_params(entries, &params);
                  ^
       /home/kain/onyx-server/src/daemon/ringlane.zig:169:28: 0x4b488f4 in init (root.zig)
               return .{ .inner = try IoUring.init(entries, features.setupFlags()), .features = features };
                                  ^
       /home/kain/onyx-server/src/daemon/server.zig:4914:55: 0x4b4aa35 in initReactor (root.zig)
                   if (ringlane.isUnsupportedInitError(err)) return error.Unsupported;
                                                             ^
       /home/kain/onyx-server/src/daemon/server.zig:5056:31: 0x4b51b31 in initInPlaceWithAccountSource (root.zig)
                   reactors[built] = try initReactor(allocator, shard_config, @intCast(built), reuse_port);
                                     ^
       /home/kain/onyx-server/src/daemon/server.zig:4963:9: 0x6bf20d4 in initInPlace (root.zig)
               return self.initInPlaceWithAccountSource(allocator, raw_config, null);
               ^
       /home/kain/onyx-server/src/daemon/server.zig:76862:5: 0x832b502 in totpAtomicServerForTest (root.zig)
           try server.initInPlace(std.testing.allocator, .{
           ^
       /home/kain/onyx-server/src/daemon/server.zig:77223:20: 0x833c12d in test.TOTP atomic live SASL token authority survives rejected policy and is revoked on enable and disable (root.zig)
           const server = try totpAtomicServerForTest(&services);
                          ^
error: 'daemon.server.test.TOTP atomic live poisoned services refuse in-flight cached SCRAM through entry and completion gates' failed:
       /usr/local/lib/zig-0.17/lib/zig/std/os/linux/IoUring.zig:64:18: 0x4856e6e in init_params (std.zig)
               .PERM => return error.PermissionDenied,
                        ^
       /usr/local/lib/zig-0.17/lib/zig/std/os/linux/IoUring.zig:32:12: 0x4857f4b in init (std.zig)
           return try IoUring.init_params(entries, &params);
                  ^
       /home/kain/onyx-server/src/daemon/ringlane.zig:169:28: 0x4b488f4 in init (root.zig)
               return .{ .inner = try IoUring.init(entries, features.setupFlags()), .features = features };
                                  ^
       /home/kain/onyx-server/src/daemon/server.zig:4914:55: 0x4b4aa35 in initReactor (root.zig)
                   if (ringlane.isUnsupportedInitError(err)) return error.Unsupported;
                                                             ^
       /home/kain/onyx-server/src/daemon/server.zig:5056:31: 0x4b51b31 in initInPlaceWithAccountSource (root.zig)
                   reactors[built] = try initReactor(allocator, shard_config, @intCast(built), reuse_port);
                                     ^
       /home/kain/onyx-server/src/daemon/server.zig:4963:9: 0x6bf20d4 in initInPlace (root.zig)
               return self.initInPlaceWithAccountSource(allocator, raw_config, null);
               ^
       /home/kain/onyx-server/src/daemon/server.zig:76862:5: 0x832b502 in totpAtomicServerForTest (root.zig)
           try server.initInPlace(std.testing.allocator, .{
           ^
       /home/kain/onyx-server/src/daemon/server.zig:77291:20: 0x8336048 in test.TOTP atomic live poisoned services refuse in-flight cached SCRAM through entry and completion gates (root.zig)
           const server = try totpAtomicServerForTest(&services);
                          ^
error: 'daemon.server.test.TOTP atomic RESETPASS live handler rejects password admission without success' failed:
       /usr/local/lib/zig-0.17/lib/zig/std/os/linux/IoUring.zig:64:18: 0x4856e6e in init_params (std.zig)
               .PERM => return error.PermissionDenied,
                        ^
       /usr/local/lib/zig-0.17/lib/zig/std/os/linux/IoUring.zig:32:12: 0x4857f4b in init (std.zig)
           return try IoUring.init_params(entries, &params);
                  ^
       /home/kain/onyx-server/src/daemon/ringlane.zig:169:28: 0x4b488f4 in init (root.zig)
               return .{ .inner = try IoUring.init(entries, features.setupFlags()), .features = features };
                                  ^
       /home/kain/onyx-server/src/daemon/server.zig:4914:55: 0x4b4aa35 in initReactor (root.zig)
                   if (ringlane.isUnsupportedInitError(err)) return error.Unsupported;
                                                             ^
       /home/kain/onyx-server/src/daemon/server.zig:5056:31: 0x4b51b31 in initInPlaceWithAccountSource (root.zig)
                   reactors[built] = try initReactor(allocator, shard_config, @intCast(built), reuse_port);
                                     ^
       /home/kain/onyx-server/src/daemon/server.zig:4963:9: 0x6bf20d4 in initInPlace (root.zig)
               return self.initInPlaceWithAccountSource(allocator, raw_config, null);
               ^
       /home/kain/onyx-server/src/daemon/server.zig:76862:5: 0x832b502 in totpAtomicServerForTest (root.zig)
           try server.initInPlace(std.testing.allocator, .{
           ^
       /home/kain/onyx-server/src/daemon/server.zig:77372:24: 0x8331b30 in test.TOTP atomic RESETPASS live handler rejects password admission without success (root.zig)
               const server = try totpAtomicServerForTest(&services);
                              ^
error: 'daemon.server.test.SESSIONTOKEN live dispatch issues Unix expiry and survives durable cold reopen' failed:
       /usr/local/lib/zig-0.17/lib/zig/std/os/linux/IoUring.zig:64:18: 0x4856e6e in init_params (std.zig)
               .PERM => return error.PermissionDenied,
                        ^
       /usr/local/lib/zig-0.17/lib/zig/std/os/linux/IoUring.zig:32:12: 0x4857f4b in init (std.zig)
           return try IoUring.init_params(entries, &params);
                  ^
       /home/kain/onyx-server/src/daemon/ringlane.zig:169:28: 0x4b488f4 in init (root.zig)
               return .{ .inner = try IoUring.init(entries, features.setupFlags()), .features = features };
                                  ^
       /home/kain/onyx-server/src/daemon/server.zig:4914:55: 0x4b4aa35 in initReactor (root.zig)
                   if (ringlane.isUnsupportedInitError(err)) return error.Unsupported;
                                                             ^
       /home/kain/onyx-server/src/daemon/server.zig:5056:31: 0x4b51b31 in initInPlaceWithAccountSource (root.zig)
                   reactors[built] = try initReactor(allocator, shard_config, @intCast(built), reuse_port);
                                     ^
       /home/kain/onyx-server/src/daemon/server.zig:4963:9: 0x6bf20d4 in initInPlace (root.zig)
               return self.initInPlaceWithAccountSource(allocator, raw_config, null);
               ^
       /home/kain/onyx-server/src/daemon/server.zig:68782:5: 0x7166984 in createTestServer (root.zig)
           try server.initInPlace(allocator, config);
           ^
       /home/kain/onyx-server/src/daemon/server.zig:90249:24: 0x806c92f in test.SESSIONTOKEN live dispatch issues Unix expiry and survives durable cold reopen (root.zig)
               const server = try createTestServer(allocator, .{
                              ^
error: 'daemon.server.test.TLS3: Server software requested KU retains WSS tail through cap OOM and two capture phases' failed:
       /usr/local/lib/zig-0.17/lib/zig/std/os/linux/IoUring.zig:64:18: 0x4856e6e in init_params (std.zig)
               .PERM => return error.PermissionDenied,
                        ^
       /usr/local/lib/zig-0.17/lib/zig/std/os/linux/IoUring.zig:32:12: 0x4857f4b in init (std.zig)
           return try IoUring.init_params(entries, &params);
                  ^
       /home/kain/onyx-server/src/daemon/ringlane.zig:169:28: 0x4b488f4 in init (root.zig)
               return .{ .inner = try IoUring.init(entries, features.setupFlags()), .features = features };
                                  ^
       /home/kain/onyx-server/src/daemon/server.zig:4914:55: 0x4b4aa35 in initReactor (root.zig)
                   if (ringlane.isUnsupportedInitError(err)) return error.Unsupported;
                                                             ^
       /home/kain/onyx-server/src/daemon/server.zig:5056:31: 0x4b51b31 in initInPlaceWithAccountSource (root.zig)
                   reactors[built] = try initReactor(allocator, shard_config, @intCast(built), reuse_port);
                                     ^
       /home/kain/onyx-server/src/daemon/server.zig:4963:9: 0x6bf20d4 in initInPlace (root.zig)
               return self.initInPlaceWithAccountSource(allocator, raw_config, null);
               ^
       /home/kain/onyx-server/src/daemon/server.zig:68782:5: 0x7166984 in createTestServer (root.zig)
           try server.initInPlace(allocator, config);
           ^
       /home/kain/onyx-server/src/daemon/server.zig:99007:24: 0x73ae86a in createTransport (root.zig)
               const server = try createTestServer(a, .{ .host = "127.0.0.1", .port = 0, .tls_cert_chain = &pair.chain13, .tls_signing_key = pair.tls.cfg13.signing_key });
                              ^
       /home/kain/onyx-server/src/daemon/server.zig:98998:9: 0x73b04ac in create (root.zig)
               return createTransport(suite, false);
               ^
       /home/kain/onyx-server/src/daemon/server.zig:99116:19: 0x7efd4b3 in tls3ServerSoftwareBarrier (root.zig)
           var fixture = try Tls3ServerFixture.create(suite);
                         ^
       /home/kain/onyx-server/src/daemon/server.zig:99209:52: 0x7f06221 in test.TLS3: Server software requested KU retains WSS tail through cap OOM and two capture phases (root.zig)
           for ([_]u16{ 0x1301, 0x1302, 0x1303 }) |suite| try tls3ServerSoftwareBarrier(suite);
                                                          ^
error: 'daemon.server.test.TLS3: Server authentic held request and framed tail survive two inert physical adoptions' failed:
       /usr/local/lib/zig-0.17/lib/zig/std/os/linux/IoUring.zig:64:18: 0x4856e6e in init_params (std.zig)
               .PERM => return error.PermissionDenied,
                        ^
       /usr/local/lib/zig-0.17/lib/zig/std/os/linux/IoUring.zig:32:12: 0x4857f4b in init (std.zig)
           return try IoUring.init_params(entries, &params);
                  ^
       /home/kain/onyx-server/src/daemon/ringlane.zig:169:28: 0x4b488f4 in init (root.zig)
               return .{ .inner = try IoUring.init(entries, features.setupFlags()), .features = features };
                                  ^
       /home/kain/onyx-server/src/daemon/server.zig:4914:55: 0x4b4aa35 in initReactor (root.zig)
                   if (ringlane.isUnsupportedInitError(err)) return error.Unsupported;
                                                             ^
       /home/kain/onyx-server/src/daemon/server.zig:5056:31: 0x4b51b31 in initInPlaceWithAccountSource (root.zig)
                   reactors[built] = try initReactor(allocator, shard_config, @intCast(built), reuse_port);
                                     ^
       /home/kain/onyx-server/src/daemon/server.zig:4963:9: 0x6bf20d4 in initInPlace (root.zig)
               return self.initInPlaceWithAccountSource(allocator, raw_config, null);
               ^
       /home/kain/onyx-server/src/daemon/server.zig:68782:5: 0x7166984 in createTestServer (root.zig)
           try server.initInPlace(allocator, config);
           ^
       /home/kain/onyx-server/src/daemon/server.zig:99007:24: 0x73ae86a in createTransport (root.zig)
               const server = try createTestServer(a, .{ .host = "127.0.0.1", .port = 0, .tls_cert_chain = &pair.chain13, .tls_signing_key = pair.tls.cfg13.signing_key });
                              ^
       /home/kain/onyx-server/src/daemon/server.zig:98998:9: 0x73b04ac in create (root.zig)
               return createTransport(suite, false);
               ^
       /home/kain/onyx-server/src/daemon/server.zig:99215:19: 0x7ef3111 in tls3ServerAdoptBarrier (root.zig)
           var fixture = try Tls3ServerFixture.create(suite);
                         ^
       /home/kain/onyx-server/src/daemon/server.zig:99319:52: 0x7efd371 in test.TLS3: Server authentic held request and framed tail survive two inert physical adoptions (root.zig)
           for ([_]u16{ 0x1301, 0x1302, 0x1303 }) |suite| try tls3ServerAdoptBarrier(suite);
                                                          ^
error: 'daemon.server.test.TLS3: Server armed SEND and real partial CQEs drain old ciphertext before requested KU tail' failed:
       /usr/local/lib/zig-0.17/lib/zig/std/os/linux/IoUring.zig:64:18: 0x4856e6e in init_params (std.zig)
               .PERM => return error.PermissionDenied,
                        ^
       /usr/local/lib/zig-0.17/lib/zig/std/os/linux/IoUring.zig:32:12: 0x4857f4b in init (std.zig)
           return try IoUring.init_params(entries, &params);
                  ^
       /home/kain/onyx-server/src/daemon/ringlane.zig:169:28: 0x4b488f4 in init (root.zig)
               return .{ .inner = try IoUring.init(entries, features.setupFlags()), .features = features };
                                  ^
       /home/kain/onyx-server/src/daemon/server.zig:4914:55: 0x4b4aa35 in initReactor (root.zig)
                   if (ringlane.isUnsupportedInitError(err)) return error.Unsupported;
                                                             ^
       /home/kain/onyx-server/src/daemon/server.zig:5056:31: 0x4b51b31 in initInPlaceWithAccountSource (root.zig)
                   reactors[built] = try initReactor(allocator, shard_config, @intCast(built), reuse_port);
                                     ^
       /home/kain/onyx-server/src/daemon/server.zig:4963:9: 0x6bf20d4 in initInPlace (root.zig)
               return self.initInPlaceWithAccountSource(allocator, raw_config, null);
               ^
       /home/kain/onyx-server/src/daemon/server.zig:68782:5: 0x7166984 in createTestServer (root.zig)
           try server.initInPlace(allocator, config);
           ^
       /home/kain/onyx-server/src/daemon/server.zig:99007:24: 0x73ae86a in createTransport (root.zig)
               const server = try createTestServer(a, .{ .host = "127.0.0.1", .port = 0, .tls_cert_chain = &pair.chain13, .tls_signing_key = pair.tls.cfg13.signing_key });
                              ^
       /home/kain/onyx-server/src/daemon/server.zig:98998:9: 0x73b04ac in create (root.zig)
               return createTransport(suite, false);
               ^
       /home/kain/onyx-server/src/daemon/server.zig:99325:19: 0x7eef395 in tls3ServerArmedBarrier (root.zig)
           var fixture = try Tls3ServerFixture.create(suite);
                         ^
       /home/kain/onyx-server/src/daemon/server.zig:99407:52: 0x7ef2ce1 in test.TLS3: Server armed SEND and real partial CQEs drain old ciphertext before requested KU tail (root.zig)
           for ([_]u16{ 0x1301, 0x1302, 0x1303 }) |suite| try tls3ServerArmedBarrier(suite);
                                                          ^
error: 'daemon.server.test.TLS3: funded kernel TX old inline and overflow FIFO precede KU under actual CQEs' failed:
       /usr/local/lib/zig-0.17/lib/zig/std/os/linux/IoUring.zig:64:18: 0x4856e6e in init_params (std.zig)
               .PERM => return error.PermissionDenied,
                        ^
       /usr/local/lib/zig-0.17/lib/zig/std/os/linux/IoUring.zig:32:12: 0x4857f4b in init (std.zig)
           return try IoUring.init_params(entries, &params);
                  ^
       /home/kain/onyx-server/src/daemon/ringlane.zig:169:28: 0x4b488f4 in init (root.zig)
               return .{ .inner = try IoUring.init(entries, features.setupFlags()), .features = features };
                                  ^
       /home/kain/onyx-server/src/daemon/server.zig:4914:55: 0x4b4aa35 in initReactor (root.zig)
                   if (ringlane.isUnsupportedInitError(err)) return error.Unsupported;
                                                             ^
       /home/kain/onyx-server/src/daemon/server.zig:5056:31: 0x4b51b31 in initInPlaceWithAccountSource (root.zig)
                   reactors[built] = try initReactor(allocator, shard_config, @intCast(built), reuse_port);
                                     ^
       /home/kain/onyx-server/src/daemon/server.zig:4963:9: 0x6bf20d4 in initInPlace (root.zig)
               return self.initInPlaceWithAccountSource(allocator, raw_config, null);
               ^
       /home/kain/onyx-server/src/daemon/server.zig:68782:5: 0x7166984 in createTestServer (root.zig)
           try server.initInPlace(allocator, config);
           ^
       /home/kain/onyx-server/src/daemon/server.zig:99007:24: 0x73ae86a in createTransport (root.zig)
               const server = try createTestServer(a, .{ .host = "127.0.0.1", .port = 0, .tls_cert_chain = &pair.chain13, .tls_signing_key = pair.tls.cfg13.signing_key });
                              ^
       /home/kain/onyx-server/src/daemon/server.zig:99416:19: 0x7edfe68 in tls3ServerKernelPrefix (root.zig)
           var fixture = try Tls3ServerFixture.createTransport(suite, true);
                         ^
       /home/kain/onyx-server/src/daemon/server.zig:99635:57: 0x7eeee01 in test.TLS3: funded kernel TX old inline and overflow FIFO precede KU under actual CQEs (root.zig)
                       for ([_]bool{ false, true }) |overflow| try tls3ServerKernelPrefix(suite, rx, armed, overflow, false, false, false);
                                                               ^
error: 'daemon.server.test.TLS3: actual SQ-full kernel old-prefix retry bypasses forbidden receive and overflow fast-return' failed:
       /usr/local/lib/zig-0.17/lib/zig/std/os/linux/IoUring.zig:64:18: 0x4856e6e in init_params (std.zig)
               .PERM => return error.PermissionDenied,
                        ^
       /usr/local/lib/zig-0.17/lib/zig/std/os/linux/IoUring.zig:32:12: 0x4857f4b in init (std.zig)
           return try IoUring.init_params(entries, &params);
                  ^
       /home/kain/onyx-server/src/daemon/ringlane.zig:169:28: 0x4b488f4 in init (root.zig)
               return .{ .inner = try IoUring.init(entries, features.setupFlags()), .features = features };
                                  ^
       /home/kain/onyx-server/src/daemon/server.zig:4914:55: 0x4b4aa35 in initReactor (root.zig)
                   if (ringlane.isUnsupportedInitError(err)) return error.Unsupported;
                                                             ^
       /home/kain/onyx-server/src/daemon/server.zig:5056:31: 0x4b51b31 in initInPlaceWithAccountSource (root.zig)
                   reactors[built] = try initReactor(allocator, shard_config, @intCast(built), reuse_port);
                                     ^
       /home/kain/onyx-server/src/daemon/server.zig:4963:9: 0x6bf20d4 in initInPlace (root.zig)
               return self.initInPlaceWithAccountSource(allocator, raw_config, null);
               ^
       /home/kain/onyx-server/src/daemon/server.zig:68782:5: 0x7166984 in createTestServer (root.zig)
           try server.initInPlace(allocator, config);
           ^
       /home/kain/onyx-server/src/daemon/server.zig:99007:24: 0x73ae86a in createTransport (root.zig)
               const server = try createTestServer(a, .{ .host = "127.0.0.1", .port = 0, .tls_cert_chain = &pair.chain13, .tls_signing_key = pair.tls.cfg13.signing_key });
                              ^
       /home/kain/onyx-server/src/daemon/server.zig:99416:19: 0x7edfe68 in tls3ServerKernelPrefix (root.zig)
           var fixture = try Tls3ServerFixture.createTransport(suite, true);
                         ^
       /home/kain/onyx-server/src/daemon/server.zig:99643:52: 0x7eeec4f in test.TLS3: actual SQ-full kernel old-prefix retry bypasses forbidden receive and overflow fast-return (root.zig)
           for ([_]u16{ 0x1301, 0x1302, 0x1303 }) |suite| try tls3ServerKernelPrefix(suite, false, false, true, true, false, false);
                                                          ^
error: 'daemon.server.test.TLS3: actual clean close progresses held KU before accepted kernel suffix and EOF' failed:
       /usr/local/lib/zig-0.17/lib/zig/std/os/linux/IoUring.zig:64:18: 0x4856e6e in init_params (std.zig)
               .PERM => return error.PermissionDenied,
                        ^
       /usr/local/lib/zig-0.17/lib/zig/std/os/linux/IoUring.zig:32:12: 0x4857f4b in init (std.zig)
           return try IoUring.init_params(entries, &params);
                  ^
       /home/kain/onyx-server/src/daemon/ringlane.zig:169:28: 0x4b488f4 in init (root.zig)
               return .{ .inner = try IoUring.init(entries, features.setupFlags()), .features = features };
                                  ^
       /home/kain/onyx-server/src/daemon/server.zig:4914:55: 0x4b4aa35 in initReactor (root.zig)
                   if (ringlane.isUnsupportedInitError(err)) return error.Unsupported;
                                                             ^
       /home/kain/onyx-server/src/daemon/server.zig:5056:31: 0x4b51b31 in initInPlaceWithAccountSource (root.zig)
                   reactors[built] = try initReactor(allocator, shard_config, @intCast(built), reuse_port);
                                     ^
       /home/kain/onyx-server/src/daemon/server.zig:4963:9: 0x6bf20d4 in initInPlace (root.zig)
               return self.initInPlaceWithAccountSource(allocator, raw_config, null);
               ^
       /home/kain/onyx-server/src/daemon/server.zig:68782:5: 0x7166984 in createTestServer (root.zig)
           try server.initInPlace(allocator, config);
           ^
       /home/kain/onyx-server/src/daemon/server.zig:99007:24: 0x73ae86a in createTransport (root.zig)
               const server = try createTestServer(a, .{ .host = "127.0.0.1", .port = 0, .tls_cert_chain = &pair.chain13, .tls_signing_key = pair.tls.cfg13.signing_key });
                              ^
       /home/kain/onyx-server/src/daemon/server.zig:99416:19: 0x7edfe68 in tls3ServerKernelPrefix (root.zig)
           var fixture = try Tls3ServerFixture.createTransport(suite, true);
                         ^
       /home/kain/onyx-server/src/daemon/server.zig:99648:86: 0x7eeeb06 in test.TLS3: actual clean close progresses held KU before accepted kernel suffix and EOF (root.zig)
           for ([_]u16{ 0x1301, 0x1302, 0x1303 }) |suite| for ([_]bool{ false, true }) |rx| try tls3ServerKernelPrefix(suite, rx, true, true, false, true, false);
                                                                                            ^
error: 'daemon.server.test.TLS3: actual positive SEND cancel race carries kernel prefix and resumes exact FIFO' failed:
       /usr/local/lib/zig-0.17/lib/zig/std/os/linux/IoUring.zig:64:18: 0x4856e6e in init_params (std.zig)
               .PERM => return error.PermissionDenied,
                        ^
       /usr/local/lib/zig-0.17/lib/zig/std/os/linux/IoUring.zig:32:12: 0x4857f4b in init (std.zig)
           return try IoUring.init_params(entries, &params);
                  ^
       /home/kain/onyx-server/src/daemon/ringlane.zig:169:28: 0x4b488f4 in init (root.zig)
               return .{ .inner = try IoUring.init(entries, features.setupFlags()), .features = features };
                                  ^
       /home/kain/onyx-server/src/daemon/server.zig:4914:55: 0x4b4aa35 in initReactor (root.zig)
                   if (ringlane.isUnsupportedInitError(err)) return error.Unsupported;
                                                             ^
       /home/kain/onyx-server/src/daemon/server.zig:5056:31: 0x4b51b31 in initInPlaceWithAccountSource (root.zig)
                   reactors[built] = try initReactor(allocator, shard_config, @intCast(built), reuse_port);
                                     ^
       /home/kain/onyx-server/src/daemon/server.zig:4963:9: 0x6bf20d4 in initInPlace (root.zig)
               return self.initInPlaceWithAccountSource(allocator, raw_config, null);
               ^
       /home/kain/onyx-server/src/daemon/server.zig:68782:5: 0x7166984 in createTestServer (root.zig)
           try server.initInPlace(allocator, config);
           ^
       /home/kain/onyx-server/src/daemon/server.zig:99007:24: 0x73ae86a in createTransport (root.zig)
               const server = try createTestServer(a, .{ .host = "127.0.0.1", .port = 0, .tls_cert_chain = &pair.chain13, .tls_signing_key = pair.tls.cfg13.signing_key });
                              ^
       /home/kain/onyx-server/src/daemon/server.zig:99416:19: 0x7edfe68 in tls3ServerKernelPrefix (root.zig)
           var fixture = try Tls3ServerFixture.createTransport(suite, true);
                         ^
       /home/kain/onyx-server/src/daemon/server.zig:99653:86: 0x7eed045 in test.TLS3: actual positive SEND cancel race carries kernel prefix and resumes exact FIFO (root.zig)
           for ([_]u16{ 0x1301, 0x1302, 0x1303 }) |suite| for ([_]bool{ false, true }) |rx| try tls3ServerKernelPrefix(suite, rx, true, true, false, false, true);
                                                                                            ^
error: 'daemon.server.test.TLS3: authenticated peer fatal after armed prefix retires exact physical generation without reply or suffix' failed:
       /usr/local/lib/zig-0.17/lib/zig/std/os/linux/IoUring.zig:64:18: 0x4856e6e in init_params (std.zig)
               .PERM => return error.PermissionDenied,
                        ^
       /usr/local/lib/zig-0.17/lib/zig/std/os/linux/IoUring.zig:32:12: 0x4857f4b in init (std.zig)
           return try IoUring.init_params(entries, &params);
                  ^
       /home/kain/onyx-server/src/daemon/ringlane.zig:169:28: 0x4b488f4 in init (root.zig)
               return .{ .inner = try IoUring.init(entries, features.setupFlags()), .features = features };
                                  ^
       /home/kain/onyx-server/src/daemon/server.zig:4914:55: 0x4b4aa35 in initReactor (root.zig)
                   if (ringlane.isUnsupportedInitError(err)) return error.Unsupported;
                                                             ^
       /home/kain/onyx-server/src/daemon/server.zig:5056:31: 0x4b51b31 in initInPlaceWithAccountSource (root.zig)
                   reactors[built] = try initReactor(allocator, shard_config, @intCast(built), reuse_port);
                                     ^
       /home/kain/onyx-server/src/daemon/server.zig:4963:9: 0x6bf20d4 in initInPlace (root.zig)
               return self.initInPlaceWithAccountSource(allocator, raw_config, null);
               ^
       /home/kain/onyx-server/src/daemon/server.zig:68782:5: 0x7166984 in createTestServer (root.zig)
           try server.initInPlace(allocator, config);
           ^
       /home/kain/onyx-server/src/daemon/server.zig:99007:24: 0x73ae86a in createTransport (root.zig)
               const server = try createTestServer(a, .{ .host = "127.0.0.1", .port = 0, .tls_cert_chain = &pair.chain13, .tls_signing_key = pair.tls.cfg13.signing_key });
                              ^
       /home/kain/onyx-server/src/daemon/server.zig:99675:19: 0x7edc5a5 in tls3ServerPeerFatal (root.zig)
           var fixture = try Tls3ServerFixture.createTransport(suite, true);
                         ^
       /home/kain/onyx-server/src/daemon/server.zig:99747:86: 0x7edfc8a in test.TLS3: authenticated peer fatal after armed prefix retires exact physical generation without reply or suffix (root.zig)
           for ([_]u16{ 0x1301, 0x1302, 0x1303 }) |suite| for ([_]bool{ false, true }) |tx| try tls3ServerPeerFatal(suite, tx);
                                                                                            ^
error: 'daemon.server.test.TLS3: paired capture and physical adoption every allocation fault retains queue cursor keys FD and WS suffix' failed:
       /usr/local/lib/zig-0.17/lib/zig/std/os/linux/IoUring.zig:64:18: 0x4856e6e in init_params (std.zig)
               .PERM => return error.PermissionDenied,
                        ^
       /usr/local/lib/zig-0.17/lib/zig/std/os/linux/IoUring.zig:32:12: 0x4857f4b in init (std.zig)
           return try IoUring.init_params(entries, &params);
                  ^
       /home/kain/onyx-server/src/daemon/ringlane.zig:169:28: 0x4b488f4 in init (root.zig)
               return .{ .inner = try IoUring.init(entries, features.setupFlags()), .features = features };
                                  ^
       /home/kain/onyx-server/src/daemon/server.zig:4914:55: 0x4b4aa35 in initReactor (root.zig)
                   if (ringlane.isUnsupportedInitError(err)) return error.Unsupported;
                                                             ^
       /home/kain/onyx-server/src/daemon/server.zig:5056:31: 0x4b51b31 in initInPlaceWithAccountSource (root.zig)
                   reactors[built] = try initReactor(allocator, shard_config, @intCast(built), reuse_port);
                                     ^
       /home/kain/onyx-server/src/daemon/server.zig:4963:9: 0x6bf20d4 in initInPlace (root.zig)
               return self.initInPlaceWithAccountSource(allocator, raw_config, null);
               ^
       /home/kain/onyx-server/src/daemon/server.zig:68782:5: 0x7166984 in createTestServer (root.zig)
           try server.initInPlace(allocator, config);
           ^
       /home/kain/onyx-server/src/daemon/server.zig:99007:24: 0x73ae86a in createTransport (root.zig)
               const server = try createTestServer(a, .{ .host = "127.0.0.1", .port = 0, .tls_cert_chain = &pair.chain13, .tls_signing_key = pair.tls.cfg13.signing_key });
                              ^
       /home/kain/onyx-server/src/daemon/server.zig:99753:19: 0x7ed38a1 in tls3ServerCaptureAdoptFaults (root.zig)
           var fixture = try Tls3ServerFixture.createTransport(suite, kernel);
                         ^
       /home/kain/onyx-server/src/daemon/server.zig:99859:9: 0x7ed9b93 in test.TLS3: paired capture and physical adoption every allocation fault retains queue cursor keys FD and WS suffix (root.zig)
               try tls3ServerCaptureAdoptFaults(suite, false);
               ^
error: 'daemon.server.test.TLS3: SEND completion buffered parser failure retires one generation and keeps sibling live' failed:
       /usr/local/lib/zig-0.17/lib/zig/std/os/linux/IoUring.zig:64:18: 0x4856e6e in init_params (std.zig)
               .PERM => return error.PermissionDenied,
                        ^
       /usr/local/lib/zig-0.17/lib/zig/std/os/linux/IoUring.zig:32:12: 0x4857f4b in init (std.zig)
           return try IoUring.init_params(entries, &params);
                  ^
       /home/kain/onyx-server/src/daemon/ringlane.zig:169:28: 0x4b488f4 in init (root.zig)
               return .{ .inner = try IoUring.init(entries, features.setupFlags()), .features = features };
                                  ^
       /home/kain/onyx-server/src/daemon/server.zig:4914:55: 0x4b4aa35 in initReactor (root.zig)
                   if (ringlane.isUnsupportedInitError(err)) return error.Unsupported;
                                                             ^
       /home/kain/onyx-server/src/daemon/server.zig:5056:31: 0x4b51b31 in initInPlaceWithAccountSource (root.zig)
                   reactors[built] = try initReactor(allocator, shard_config, @intCast(built), reuse_port);
                                     ^
       /home/kain/onyx-server/src/daemon/server.zig:4963:9: 0x6bf20d4 in initInPlace (root.zig)
               return self.initInPlaceWithAccountSource(allocator, raw_config, null);
               ^
       /home/kain/onyx-server/src/daemon/server.zig:68782:5: 0x7166984 in createTestServer (root.zig)
           try server.initInPlace(allocator, config);
           ^
       /home/kain/onyx-server/src/daemon/server.zig:99007:24: 0x73ae86a in createTransport (root.zig)
               const server = try createTestServer(a, .{ .host = "127.0.0.1", .port = 0, .tls_cert_chain = &pair.chain13, .tls_signing_key = pair.tls.cfg13.signing_key });
                              ^
       /home/kain/onyx-server/src/daemon/server.zig:98998:9: 0x73b04ac in create (root.zig)
               return createTransport(suite, false);
               ^
       /home/kain/onyx-server/src/daemon/server.zig:99867:19: 0x7ecf71f in tls3ServerBufferedParser (root.zig)
           var fixture = try Tls3ServerFixture.create(suite);
                         ^
       /home/kain/onyx-server/src/daemon/server.zig:99937:9: 0x7ed3663 in test.TLS3: SEND completion buffered parser failure retires one generation and keeps sibling live (root.zig)
               try tls3ServerBufferedParser(suite, false);
               ^
error: 'daemon.server.test.TLS3: buffered overlong input terminally disposes a second held KU and its accepted plaintext' failed:
       /usr/local/lib/zig-0.17/lib/zig/std/os/linux/IoUring.zig:64:18: 0x4856e6e in init_params (std.zig)
               .PERM => return error.PermissionDenied,
                        ^
       /usr/local/lib/zig-0.17/lib/zig/std/os/linux/IoUring.zig:32:12: 0x4857f4b in init (std.zig)
           return try IoUring.init_params(entries, &params);
                  ^
       /home/kain/onyx-server/src/daemon/ringlane.zig:169:28: 0x4b488f4 in init (root.zig)
               return .{ .inner = try IoUring.init(entries, features.setupFlags()), .features = features };
                                  ^
       /home/kain/onyx-server/src/daemon/server.zig:4914:55: 0x4b4aa35 in initReactor (root.zig)
                   if (ringlane.isUnsupportedInitError(err)) return error.Unsupported;
                                                             ^
       /home/kain/onyx-server/src/daemon/server.zig:5056:31: 0x4b51b31 in initInPlaceWithAccountSource (root.zig)
                   reactors[built] = try initReactor(allocator, shard_config, @intCast(built), reuse_port);
                                     ^
       /home/kain/onyx-server/src/daemon/server.zig:4963:9: 0x6bf20d4 in initInPlace (root.zig)
               return self.initInPlaceWithAccountSource(allocator, raw_config, null);
               ^
       /home/kain/onyx-server/src/daemon/server.zig:68782:5: 0x7166984 in createTestServer (root.zig)
           try server.initInPlace(allocator, config);
           ^
       /home/kain/onyx-server/src/daemon/server.zig:99007:24: 0x73ae86a in createTransport (root.zig)
               const server = try createTestServer(a, .{ .host = "127.0.0.1", .port = 0, .tls_cert_chain = &pair.chain13, .tls_signing_key = pair.tls.cfg13.signing_key });
                              ^
       /home/kain/onyx-server/src/daemon/server.zig:98998:9: 0x73b04ac in create (root.zig)
               return createTransport(suite, false);
               ^
       /home/kain/onyx-server/src/daemon/server.zig:99945:19: 0x7ec9eb3 in tls3ServerBufferedRetirement (root.zig)
           var fixture = try Tls3ServerFixture.create(suite);
                         ^
       /home/kain/onyx-server/src/daemon/server.zig:100035:52: 0x7ecf5d3 in test.TLS3: buffered overlong input terminally disposes a second held KU and its accepted plaintext (root.zig)
           for ([_]u16{ 0x1301, 0x1302, 0x1303 }) |suite| try tls3ServerBufferedRetirement(suite, false);
                                                          ^
error: 'daemon.server.test.TLS3: drain-close completes requested KU without dispatching buffered application commands' failed:
       /usr/local/lib/zig-0.17/lib/zig/std/os/linux/IoUring.zig:64:18: 0x4856e6e in init_params (std.zig)
               .PERM => return error.PermissionDenied,
                        ^
       /usr/local/lib/zig-0.17/lib/zig/std/os/linux/IoUring.zig:32:12: 0x4857f4b in init (std.zig)
           return try IoUring.init_params(entries, &params);
                  ^
       /home/kain/onyx-server/src/daemon/ringlane.zig:169:28: 0x4b488f4 in init (root.zig)
               return .{ .inner = try IoUring.init(entries, features.setupFlags()), .features = features };
                                  ^
       /home/kain/onyx-server/src/daemon/server.zig:4914:55: 0x4b4aa35 in initReactor (root.zig)
                   if (ringlane.isUnsupportedInitError(err)) return error.Unsupported;
                                                             ^
       /home/kain/onyx-server/src/daemon/server.zig:5056:31: 0x4b51b31 in initInPlaceWithAccountSource (root.zig)
                   reactors[built] = try initReactor(allocator, shard_config, @intCast(built), reuse_port);
                                     ^
       /home/kain/onyx-server/src/daemon/server.zig:4963:9: 0x6bf20d4 in initInPlace (root.zig)
               return self.initInPlaceWithAccountSource(allocator, raw_config, null);
               ^
       /home/kain/onyx-server/src/daemon/server.zig:68782:5: 0x7166984 in createTestServer (root.zig)
           try server.initInPlace(allocator, config);
           ^
       /home/kain/onyx-server/src/daemon/server.zig:99007:24: 0x73ae86a in createTransport (root.zig)
               const server = try createTestServer(a, .{ .host = "127.0.0.1", .port = 0, .tls_cert_chain = &pair.chain13, .tls_signing_key = pair.tls.cfg13.signing_key });
                              ^
       /home/kain/onyx-server/src/daemon/server.zig:98998:9: 0x73b04ac in create (root.zig)
               return createTransport(suite, false);
               ^
       /home/kain/onyx-server/src/daemon/server.zig:99945:19: 0x7ec9eb3 in tls3ServerBufferedRetirement (root.zig)
           var fixture = try Tls3ServerFixture.create(suite);
                         ^
       /home/kain/onyx-server/src/daemon/server.zig:100040:52: 0x7ecf033 in test.TLS3: drain-close completes requested KU without dispatching buffered application commands (root.zig)
           for ([_]u16{ 0x1301, 0x1302, 0x1303 }) |suite| try tls3ServerBufferedRetirement(suite, true);
                                                          ^
error: 'daemon.server.test.TLS3: clean software drain-close retains accepted phase3 plaintext through metadata TLS and SendQ OOM' failed:
       /usr/local/lib/zig-0.17/lib/zig/std/os/linux/IoUring.zig:64:18: 0x4856e6e in init_params (std.zig)
               .PERM => return error.PermissionDenied,
                        ^
       /usr/local/lib/zig-0.17/lib/zig/std/os/linux/IoUring.zig:32:12: 0x4857f4b in init (std.zig)
           return try IoUring.init_params(entries, &params);
                  ^
       /home/kain/onyx-server/src/daemon/ringlane.zig:169:28: 0x4b488f4 in init (root.zig)
               return .{ .inner = try IoUring.init(entries, features.setupFlags()), .features = features };
                                  ^
       /home/kain/onyx-server/src/daemon/server.zig:4914:55: 0x4b4aa35 in initReactor (root.zig)
                   if (ringlane.isUnsupportedInitError(err)) return error.Unsupported;
                                                             ^
       /home/kain/onyx-server/src/daemon/server.zig:5056:31: 0x4b51b31 in initInPlaceWithAccountSource (root.zig)
                   reactors[built] = try initReactor(allocator, shard_config, @intCast(built), reuse_port);
                                     ^
       /home/kain/onyx-server/src/daemon/server.zig:4963:9: 0x6bf20d4 in initInPlace (root.zig)
               return self.initInPlaceWithAccountSource(allocator, raw_config, null);
               ^
       /home/kain/onyx-server/src/daemon/server.zig:68782:5: 0x7166984 in createTestServer (root.zig)
           try server.initInPlace(allocator, config);
           ^
       /home/kain/onyx-server/src/daemon/server.zig:99007:24: 0x73ae86a in createTransport (root.zig)
               const server = try createTestServer(a, .{ .host = "127.0.0.1", .port = 0, .tls_cert_chain = &pair.chain13, .tls_signing_key = pair.tls.cfg13.signing_key });
                              ^
       /home/kain/onyx-server/src/daemon/server.zig:100048:19: 0x7ebf208 in tls3ServerSoftwareCloseRetry (root.zig)
           var fixture = try Tls3ServerFixture.createTransport(suite, kernel_rx);
                         ^
       /home/kain/onyx-server/src/daemon/server.zig:100167:9: 0x7ec9d2c in test.TLS3: clean software drain-close retains accepted phase3 plaintext through metadata TLS and SendQ OOM (root.zig)
               try tls3ServerSoftwareCloseRetry(suite, point, false);
               ^
error: 'daemon.server.test.TLS3: kernel RX with software TX retains clean-close plaintext through every phase3 preparation OOM' failed:
       /usr/local/lib/zig-0.17/lib/zig/std/os/linux/IoUring.zig:64:18: 0x4856e6e in init_params (std.zig)
               .PERM => return error.PermissionDenied,
                        ^
       /usr/local/lib/zig-0.17/lib/zig/std/os/linux/IoUring.zig:32:12: 0x4857f4b in init (std.zig)
           return try IoUring.init_params(entries, &params);
                  ^
       /home/kain/onyx-server/src/daemon/ringlane.zig:169:28: 0x4b488f4 in init (root.zig)
               return .{ .inner = try IoUring.init(entries, features.setupFlags()), .features = features };
                                  ^
       /home/kain/onyx-server/src/daemon/server.zig:4914:55: 0x4b4aa35 in initReactor (root.zig)
                   if (ringlane.isUnsupportedInitError(err)) return error.Unsupported;
                                                             ^
       /home/kain/onyx-server/src/daemon/server.zig:5056:31: 0x4b51b31 in initInPlaceWithAccountSource (root.zig)
                   reactors[built] = try initReactor(allocator, shard_config, @intCast(built), reuse_port);
                                     ^
       /home/kain/onyx-server/src/daemon/server.zig:4963:9: 0x6bf20d4 in initInPlace (root.zig)
               return self.initInPlaceWithAccountSource(allocator, raw_config, null);
               ^
       /home/kain/onyx-server/src/daemon/server.zig:68782:5: 0x7166984 in createTestServer (root.zig)
           try server.initInPlace(allocator, config);
           ^
       /home/kain/onyx-server/src/daemon/server.zig:99007:24: 0x73ae86a in createTransport (root.zig)
               const server = try createTestServer(a, .{ .host = "127.0.0.1", .port = 0, .tls_cert_chain = &pair.chain13, .tls_signing_key = pair.tls.cfg13.signing_key });
                              ^
       /home/kain/onyx-server/src/daemon/server.zig:100048:19: 0x7ebf208 in tls3ServerSoftwareCloseRetry (root.zig)
           var fixture = try Tls3ServerFixture.createTransport(suite, kernel_rx);
                         ^
       /home/kain/onyx-server/src/daemon/server.zig:100173:9: 0x7ec9bac in test.TLS3: kernel RX with software TX retains clean-close plaintext through every phase3 preparation OOM (root.zig)
               try tls3ServerSoftwareCloseRetry(suite, point, true);
               ^
error: 'daemon.server.test.TLS3: an exhausted software tail epoch terminates rather than retrying accepted close output forever' failed:
       /usr/local/lib/zig-0.17/lib/zig/std/os/linux/IoUring.zig:64:18: 0x4856e6e in init_params (std.zig)
               .PERM => return error.PermissionDenied,
                        ^
       /usr/local/lib/zig-0.17/lib/zig/std/os/linux/IoUring.zig:32:12: 0x4857f4b in init (std.zig)
           return try IoUring.init_params(entries, &params);
                  ^
       /home/kain/onyx-server/src/daemon/ringlane.zig:169:28: 0x4b488f4 in init (root.zig)
               return .{ .inner = try IoUring.init(entries, features.setupFlags()), .features = features };
                                  ^
       /home/kain/onyx-server/src/daemon/server.zig:4914:55: 0x4b4aa35 in initReactor (root.zig)
                   if (ringlane.isUnsupportedInitError(err)) return error.Unsupported;
                                                             ^
       /home/kain/onyx-server/src/daemon/server.zig:5056:31: 0x4b51b31 in initInPlaceWithAccountSource (root.zig)
                   reactors[built] = try initReactor(allocator, shard_config, @intCast(built), reuse_port);
                                     ^
       /home/kain/onyx-server/src/daemon/server.zig:4963:9: 0x6bf20d4 in initInPlace (root.zig)
               return self.initInPlaceWithAccountSource(allocator, raw_config, null);
               ^
       /home/kain/onyx-server/src/daemon/server.zig:68782:5: 0x7166984 in createTestServer (root.zig)
           try server.initInPlace(allocator, config);
           ^
       /home/kain/onyx-server/src/daemon/server.zig:99007:24: 0x73ae86a in createTransport (root.zig)
               const server = try createTestServer(a, .{ .host = "127.0.0.1", .port = 0, .tls_cert_chain = &pair.chain13, .tls_signing_key = pair.tls.cfg13.signing_key });
                              ^
       /home/kain/onyx-server/src/daemon/server.zig:98998:9: 0x73b04ac in create (root.zig)
               return createTransport(suite, false);
               ^
       /home/kain/onyx-server/src/daemon/server.zig:100182:23: 0x7ebc5e0 in test.TLS3: an exhausted software tail epoch terminates rather than retrying accepted close output forever (root.zig)
               var fixture = try Tls3ServerFixture.create(suite);
                             ^
error: 'daemon.server.test.TLS3: activation and failed-upgrade resume exclude authenticated buffered JOIN under World lock' failed:
       /usr/local/lib/zig-0.17/lib/zig/std/os/linux/IoUring.zig:64:18: 0x4856e6e in init_params (std.zig)
               .PERM => return error.PermissionDenied,
                        ^
       /usr/local/lib/zig-0.17/lib/zig/std/os/linux/IoUring.zig:32:12: 0x4857f4b in init (std.zig)
           return try IoUring.init_params(entries, &params);
                  ^
       /home/kain/onyx-server/src/daemon/ringlane.zig:169:28: 0x4b488f4 in init (root.zig)
               return .{ .inner = try IoUring.init(entries, features.setupFlags()), .features = features };
                                  ^
       /home/kain/onyx-server/src/daemon/server.zig:4914:55: 0x4b4aa35 in initReactor (root.zig)
                   if (ringlane.isUnsupportedInitError(err)) return error.Unsupported;
                                                             ^
       /home/kain/onyx-server/src/daemon/server.zig:5056:31: 0x4b51b31 in initInPlaceWithAccountSource (root.zig)
                   reactors[built] = try initReactor(allocator, shard_config, @intCast(built), reuse_port);
                                     ^
       /home/kain/onyx-server/src/daemon/server.zig:4963:9: 0x6bf20d4 in initInPlace (root.zig)
               return self.initInPlaceWithAccountSource(allocator, raw_config, null);
               ^
       /home/kain/onyx-server/src/daemon/server.zig:68782:5: 0x7166984 in createTestServer (root.zig)
           try server.initInPlace(allocator, config);
           ^
       /home/kain/onyx-server/src/daemon/server.zig:99007:24: 0x73ae86a in createTransport (root.zig)
               const server = try createTestServer(a, .{ .host = "127.0.0.1", .port = 0, .tls_cert_chain = &pair.chain13, .tls_signing_key = pair.tls.cfg13.signing_key });
                              ^
       /home/kain/onyx-server/src/daemon/server.zig:98998:9: 0x73b04ac in create (root.zig)
               return createTransport(suite, false);
               ^
       /home/kain/onyx-server/src/daemon/server.zig:100231:19: 0x7eb4c9a in tls3ServerActivationWorldExclusion (root.zig)
           var fixture = try Tls3ServerFixture.create(suite);
                         ^
       /home/kain/onyx-server/src/daemon/server.zig:100360:9: 0x7ebaefa in test.TLS3: activation and failed-upgrade resume exclude authenticated buffered JOIN under World lock (root.zig)
               try tls3ServerActivationWorldExclusion(suite, entry);
               ^
error: 'daemon.server.test.TLS3: real typed TX reply offsets zero through four and plaintext suffix survive two physical adoptions' failed:
       /usr/local/lib/zig-0.17/lib/zig/std/os/linux/IoUring.zig:64:18: 0x4856e6e in init_params (std.zig)
               .PERM => return error.PermissionDenied,
                        ^
       /usr/local/lib/zig-0.17/lib/zig/std/os/linux/IoUring.zig:32:12: 0x4857f4b in init (std.zig)
           return try IoUring.init_params(entries, &params);
                  ^
       /home/kain/onyx-server/src/daemon/ringlane.zig:169:28: 0x4b488f4 in init (root.zig)
               return .{ .inner = try IoUring.init(entries, features.setupFlags()), .features = features };
                                  ^
       /home/kain/onyx-server/src/daemon/server.zig:4914:55: 0x4b4aa35 in initReactor (root.zig)
                   if (ringlane.isUnsupportedInitError(err)) return error.Unsupported;
                                                             ^
       /home/kain/onyx-server/src/daemon/server.zig:5056:31: 0x4b51b31 in initInPlaceWithAccountSource (root.zig)
                   reactors[built] = try initReactor(allocator, shard_config, @intCast(built), reuse_port);
                                     ^
       /home/kain/onyx-server/src/daemon/server.zig:4963:9: 0x6bf20d4 in initInPlace (root.zig)
               return self.initInPlaceWithAccountSource(allocator, raw_config, null);
               ^
       /home/kain/onyx-server/src/daemon/server.zig:68782:5: 0x7166984 in createTestServer (root.zig)
           try server.initInPlace(allocator, config);
           ^
       /home/kain/onyx-server/src/daemon/server.zig:99007:24: 0x73ae86a in createTransport (root.zig)
               const server = try createTestServer(a, .{ .host = "127.0.0.1", .port = 0, .tls_cert_chain = &pair.chain13, .tls_signing_key = pair.tls.cfg13.signing_key });
                              ^
       /home/kain/onyx-server/src/daemon/server.zig:100366:19: 0x7eac9e1 in tls3ServerPartialReplyAdopt (root.zig)
           var fixture = try Tls3ServerFixture.createTransport(suite, true);
                         ^
       /home/kain/onyx-server/src/daemon/server.zig:100475:105: 0x7eb4ac4 in test.TLS3: real typed TX reply offsets zero through four and plaintext suffix survive two physical adoptions (root.zig)
           for ([_]u16{ 0x1301, 0x1302, 0x1303 }) |suite| for ([_]bool{ false, true }) |rx| for (0..5) |first| try tls3ServerPartialReplyAdopt(suite, rx, first);
                                                                                                               ^
error: 'daemon.server.test.TLS3: actual typed reply WouldBlock retains epoch credit and accepted suffix until peer drains' failed:
       /usr/local/lib/zig-0.17/lib/zig/std/os/linux/IoUring.zig:64:18: 0x4856e6e in init_params (std.zig)
               .PERM => return error.PermissionDenied,
                        ^
       /usr/local/lib/zig-0.17/lib/zig/std/os/linux/IoUring.zig:32:12: 0x4857f4b in init (std.zig)
           return try IoUring.init_params(entries, &params);
                  ^
       /home/kain/onyx-server/src/daemon/ringlane.zig:169:28: 0x4b488f4 in init (root.zig)
               return .{ .inner = try IoUring.init(entries, features.setupFlags()), .features = features };
                                  ^
       /home/kain/onyx-server/src/daemon/server.zig:4914:55: 0x4b4aa35 in initReactor (root.zig)
                   if (ringlane.isUnsupportedInitError(err)) return error.Unsupported;
                                                             ^
       /home/kain/onyx-server/src/daemon/server.zig:5056:31: 0x4b51b31 in initInPlaceWithAccountSource (root.zig)
                   reactors[built] = try initReactor(allocator, shard_config, @intCast(built), reuse_port);
                                     ^
       /home/kain/onyx-server/src/daemon/server.zig:4963:9: 0x6bf20d4 in initInPlace (root.zig)
               return self.initInPlaceWithAccountSource(allocator, raw_config, null);
               ^
       /home/kain/onyx-server/src/daemon/server.zig:68782:5: 0x7166984 in createTestServer (root.zig)
           try server.initInPlace(allocator, config);
           ^
       /home/kain/onyx-server/src/daemon/server.zig:99007:24: 0x73ae86a in createTransport (root.zig)
               const server = try createTestServer(a, .{ .host = "127.0.0.1", .port = 0, .tls_cert_chain = &pair.chain13, .tls_signing_key = pair.tls.cfg13.signing_key });
                              ^
       /home/kain/onyx-server/src/daemon/server.zig:100481:19: 0x7ea6b45 in tls3ServerKernelReplyPressure (root.zig)
           var fixture = try Tls3ServerFixture.createTransport(suite, true);
                         ^
       /home/kain/onyx-server/src/daemon/server.zig:100616:86: 0x7eac4fa in test.TLS3: actual typed reply WouldBlock retains epoch credit and accepted suffix until peer drains (root.zig)
           for ([_]u16{ 0x1301, 0x1302, 0x1303 }) |suite| for ([_]bool{ false, true }) |rx| try tls3ServerKernelReplyPressure(suite, rx);
                                                                                            ^
error: 'daemon.server.test.TLS3: staged physical adoption rejects wrong actual kernel secret and sequence before FD publication' failed:
       /usr/local/lib/zig-0.17/lib/zig/std/os/linux/IoUring.zig:64:18: 0x4856e6e in init_params (std.zig)
               .PERM => return error.PermissionDenied,
                        ^
       /usr/local/lib/zig-0.17/lib/zig/std/os/linux/IoUring.zig:32:12: 0x4857f4b in init (std.zig)
           return try IoUring.init_params(entries, &params);
                  ^
       /home/kain/onyx-server/src/daemon/ringlane.zig:169:28: 0x4b488f4 in init (root.zig)
               return .{ .inner = try IoUring.init(entries, features.setupFlags()), .features = features };
                                  ^
       /home/kain/onyx-server/src/daemon/server.zig:4914:55: 0x4b4aa35 in initReactor (root.zig)
                   if (ringlane.isUnsupportedInitError(err)) return error.Unsupported;
                                                             ^
       /home/kain/onyx-server/src/daemon/server.zig:5056:31: 0x4b51b31 in initInPlaceWithAccountSource (root.zig)
                   reactors[built] = try initReactor(allocator, shard_config, @intCast(built), reuse_port);
                                     ^
       /home/kain/onyx-server/src/daemon/server.zig:4963:9: 0x6bf20d4 in initInPlace (root.zig)
               return self.initInPlaceWithAccountSource(allocator, raw_config, null);
               ^
       /home/kain/onyx-server/src/daemon/server.zig:68782:5: 0x7166984 in createTestServer (root.zig)
           try server.initInPlace(allocator, config);
           ^
       /home/kain/onyx-server/src/daemon/server.zig:99007:24: 0x73ae86a in createTransport (root.zig)
               const server = try createTestServer(a, .{ .host = "127.0.0.1", .port = 0, .tls_cert_chain = &pair.chain13, .tls_signing_key = pair.tls.cfg13.signing_key });
                              ^
       /home/kain/onyx-server/src/daemon/server.zig:100625:23: 0x7ea4785 in test.TLS3: staged physical adoption rejects wrong actual kernel secret and sequence before FD publication (root.zig)
               var fixture = try Tls3ServerFixture.createTransport(suite, true);
                             ^
error: 'daemon.server.test.TLS3: actual kernel getter failure before and after accepted reply prefix disposes terminal suffix' failed:
       /usr/local/lib/zig-0.17/lib/zig/std/os/linux/IoUring.zig:64:18: 0x4856e6e in init_params (std.zig)
               .PERM => return error.PermissionDenied,
                        ^
       /usr/local/lib/zig-0.17/lib/zig/std/os/linux/IoUring.zig:32:12: 0x4857f4b in init (std.zig)
           return try IoUring.init_params(entries, &params);
                  ^
       /home/kain/onyx-server/src/daemon/ringlane.zig:169:28: 0x4b488f4 in init (root.zig)
               return .{ .inner = try IoUring.init(entries, features.setupFlags()), .features = features };
                                  ^
       /home/kain/onyx-server/src/daemon/server.zig:4914:55: 0x4b4aa35 in initReactor (root.zig)
                   if (ringlane.isUnsupportedInitError(err)) return error.Unsupported;
                                                             ^
       /home/kain/onyx-server/src/daemon/server.zig:5056:31: 0x4b51b31 in initInPlaceWithAccountSource (root.zig)
                   reactors[built] = try initReactor(allocator, shard_config, @intCast(built), reuse_port);
                                     ^
       /home/kain/onyx-server/src/daemon/server.zig:4963:9: 0x6bf20d4 in initInPlace (root.zig)
               return self.initInPlaceWithAccountSource(allocator, raw_config, null);
               ^
       /home/kain/onyx-server/src/daemon/server.zig:68782:5: 0x7166984 in createTestServer (root.zig)
           try server.initInPlace(allocator, config);
           ^
       /home/kain/onyx-server/src/daemon/server.zig:99007:24: 0x73ae86a in createTransport (root.zig)
               const server = try createTestServer(a, .{ .host = "127.0.0.1", .port = 0, .tls_cert_chain = &pair.chain13, .tls_signing_key = pair.tls.cfg13.signing_key });
                              ^
       /home/kain/onyx-server/src/daemon/server.zig:100674:23: 0x7ea1c2a in test.TLS3: actual kernel getter failure before and after accepted reply prefix disposes terminal suffix (root.zig)
               var fixture = try Tls3ServerFixture.createTransport(suite, true);
                             ^
error: 'daemon.server.test.TLS3: real TX install failure after full accepted KU refuses replay and disposes plaintext suffix' failed:
       /usr/local/lib/zig-0.17/lib/zig/std/os/linux/IoUring.zig:64:18: 0x4856e6e in init_params (std.zig)
               .PERM => return error.PermissionDenied,
                        ^
       /usr/local/lib/zig-0.17/lib/zig/std/os/linux/IoUring.zig:32:12: 0x4857f4b in init (std.zig)
           return try IoUring.init_params(entries, &params);
                  ^
       /home/kain/onyx-server/src/daemon/ringlane.zig:169:28: 0x4b488f4 in init (root.zig)
               return .{ .inner = try IoUring.init(entries, features.setupFlags()), .features = features };
                                  ^
       /home/kain/onyx-server/src/daemon/server.zig:4914:55: 0x4b4aa35 in initReactor (root.zig)
                   if (ringlane.isUnsupportedInitError(err)) return error.Unsupported;
                                                             ^
       /home/kain/onyx-server/src/daemon/server.zig:5056:31: 0x4b51b31 in initInPlaceWithAccountSource (root.zig)
                   reactors[built] = try initReactor(allocator, shard_config, @intCast(built), reuse_port);
                                     ^
       /home/kain/onyx-server/src/daemon/server.zig:4963:9: 0x6bf20d4 in initInPlace (root.zig)
               return self.initInPlaceWithAccountSource(allocator, raw_config, null);
               ^
       /home/kain/onyx-server/src/daemon/server.zig:68782:5: 0x7166984 in createTestServer (root.zig)
           try server.initInPlace(allocator, config);
           ^
       /home/kain/onyx-server/src/daemon/server.zig:99007:24: 0x73ae86a in createTransport (root.zig)
               const server = try createTestServer(a, .{ .host = "127.0.0.1", .port = 0, .tls_cert_chain = &pair.chain13, .tls_signing_key = pair.tls.cfg13.signing_key });
                              ^
       /home/kain/onyx-server/src/daemon/server.zig:100742:23: 0x7e7de5a in test.TLS3: real TX install failure after full accepted KU refuses replay and disposes plaintext suffix (root.zig)
               var fixture = try Tls3ServerFixture.createTransport(suite, true);
                             ^
error: 'daemon.server.test.TLS3: real kernel phase2 and partial KU preserve physical FD through two strict adoptions' failed:
       /usr/local/lib/zig-0.17/lib/zig/std/os/linux/IoUring.zig:64:18: 0x4856e6e in init_params (std.zig)
               .PERM => return error.PermissionDenied,
                        ^
       /usr/local/lib/zig-0.17/lib/zig/std/os/linux/IoUring.zig:32:12: 0x4857f4b in init (std.zig)
           return try IoUring.init_params(entries, &params);
                  ^
       /home/kain/onyx-server/src/daemon/ringlane.zig:169:28: 0x4b488f4 in init (root.zig)
               return .{ .inner = try IoUring.init(entries, features.setupFlags()), .features = features };
                                  ^
       /home/kain/onyx-server/src/daemon/server.zig:4914:55: 0x4b4aa35 in initReactor (root.zig)
                   if (ringlane.isUnsupportedInitError(err)) return error.Unsupported;
                                                             ^
       /home/kain/onyx-server/src/daemon/server.zig:5056:31: 0x4b51b31 in initInPlaceWithAccountSource (root.zig)
                   reactors[built] = try initReactor(allocator, shard_config, @intCast(built), reuse_port);
                                     ^
       /home/kain/onyx-server/src/daemon/server.zig:4963:9: 0x6bf20d4 in initInPlace (root.zig)
               return self.initInPlaceWithAccountSource(allocator, raw_config, null);
               ^
       /home/kain/onyx-server/src/daemon/server.zig:68782:5: 0x7166984 in createTestServer (root.zig)
           try server.initInPlace(allocator, config);
           ^
       /home/kain/onyx-server/src/daemon/server.zig:99007:24: 0x73ae86a in createTransport (root.zig)
               const server = try createTestServer(a, .{ .host = "127.0.0.1", .port = 0, .tls_cert_chain = &pair.chain13, .tls_signing_key = pair.tls.cfg13.signing_key });
                              ^
       /home/kain/onyx-server/src/daemon/server.zig:100879:19: 0x7e703f1 in tls3ServerKernelAdopt (root.zig)
           var fixture = try Tls3ServerFixture.createTransport(suite, true);
                         ^
       /home/kain/onyx-server/src/daemon/server.zig:101029:43: 0x7e7cf5a in test.TLS3: real kernel phase2 and partial KU preserve physical FD through two strict adoptions (root.zig)
               for ([_]bool{ false, true }) |tx| try tls3ServerKernelAdopt(suite, tx);
                                                 ^
error: 'daemon.server.test.buildIsupportTokens successful retry publishes complete live 005 advertisement' failed:
       ISUPPORT OOM options=0: 34 failures, 34 successful retries, final success index=34
       ISUPPORT OOM options=1: 37 failures, 37 successful retries, final success index=37
       ISUPPORT OOM options=2: 37 failures, 37 successful retries, final success index=37
       ISUPPORT OOM options=3: 40 failures, 40 successful retries, final success index=40
       ISUPPORT OOM options=4: 37 failures, 37 successful retries, final success index=37
       ISUPPORT OOM options=5: 40 failures, 40 successful retries, final success index=40
       ISUPPORT OOM options=6: 40 failures, 40 successful retries, final success index=40
       ISUPPORT OOM options=7: 43 failures, 43 successful retries, final success index=43
       ISUPPORT OOM sweep: 8 optional-token combinations, 308 failures and retries, 8 final successes
       /usr/local/lib/zig-0.17/lib/zig/std/os/linux/IoUring.zig:64:18: 0x4856e6e in init_params (std.zig)
               .PERM => return error.PermissionDenied,
                        ^
       /usr/local/lib/zig-0.17/lib/zig/std/os/linux/IoUring.zig:32:12: 0x4857f4b in init (std.zig)
           return try IoUring.init_params(entries, &params);
                  ^
       /home/kain/onyx-server/src/daemon/ringlane.zig:169:28: 0x4b488f4 in init (root.zig)
               return .{ .inner = try IoUring.init(entries, features.setupFlags()), .features = features };
                                  ^
       /home/kain/onyx-server/src/daemon/server.zig:4914:55: 0x4b4aa35 in initReactor (root.zig)
                   if (ringlane.isUnsupportedInitError(err)) return error.Unsupported;
                                                             ^
       /home/kain/onyx-server/src/daemon/server.zig:5056:31: 0x4b51b31 in initInPlaceWithAccountSource (root.zig)
                   reactors[built] = try initReactor(allocator, shard_config, @intCast(built), reuse_port);
                                     ^
       /home/kain/onyx-server/src/daemon/server.zig:4963:9: 0x6bf20d4 in initInPlace (root.zig)
               return self.initInPlaceWithAccountSource(allocator, raw_config, null);
               ^
       /home/kain/onyx-server/src/daemon/server.zig:103757:5: 0x7dfc47e in test.buildIsupportTokens successful retry publishes complete live 005 advertisement (root.zig)
           try server.initInPlace(std.testing.allocator, cfg);
           ^
error: 'daemon.server.test.same-IP mesh dial plaintext responder loser delivers its final handshake before close' failed:
       GAP-P0c branch=the live tag prefix leaves the oper message-tag off
       /usr/local/lib/zig-0.17/lib/zig/std/os/linux/IoUring.zig:64:18: 0x4856e6e in init_params (std.zig)
               .PERM => return error.PermissionDenied,
                        ^
       /usr/local/lib/zig-0.17/lib/zig/std/os/linux/IoUring.zig:32:12: 0x4857f4b in init (std.zig)
           return try IoUring.init_params(entries, &params);
                  ^
       /home/kain/onyx-server/src/daemon/ringlane.zig:169:28: 0x4b488f4 in init (root.zig)
               return .{ .inner = try IoUring.init(entries, features.setupFlags()), .features = features };
                                  ^
       /home/kain/onyx-server/src/daemon/server.zig:4914:55: 0x4b4aa35 in initReactor (root.zig)
                   if (ringlane.isUnsupportedInitError(err)) return error.Unsupported;
                                                             ^
       /home/kain/onyx-server/src/daemon/server.zig:5056:31: 0x4b51b31 in initInPlaceWithAccountSource (root.zig)
                   reactors[built] = try initReactor(allocator, shard_config, @intCast(built), reuse_port);
                                     ^
       /home/kain/onyx-server/src/daemon/server.zig:4963:9: 0x6bf20d4 in initInPlace (root.zig)
               return self.initInPlaceWithAccountSource(allocator, raw_config, null);
               ^
       /home/kain/onyx-server/src/daemon/server.zig:68782:5: 0x7166984 in createTestServer (root.zig)
           try server.initInPlace(allocator, config);
           ^
       /home/kain/onyx-server/src/daemon/server.zig:114114:20: 0x7bfb85f in test.same-IP mesh dial plaintext responder loser delivers its final handshake before close (root.zig)
           const server = try createTestServer(alloc, .{ .host = "127.0.0.1", .port = 0, .server_name = "aaa-local.test" });
                          ^
error: 'daemon.server.test.same-IP mesh dial secured responder loser retains armed ciphertext until send completion' failed:
       /usr/local/lib/zig-0.17/lib/zig/std/os/linux/IoUring.zig:64:18: 0x4856e6e in init_params (std.zig)
               .PERM => return error.PermissionDenied,
                        ^
       /usr/local/lib/zig-0.17/lib/zig/std/os/linux/IoUring.zig:32:12: 0x4857f4b in init (std.zig)
           return try IoUring.init_params(entries, &params);
                  ^
       /home/kain/onyx-server/src/daemon/ringlane.zig:169:28: 0x4b488f4 in init (root.zig)
               return .{ .inner = try IoUring.init(entries, features.setupFlags()), .features = features };
                                  ^
       /home/kain/onyx-server/src/daemon/server.zig:4914:55: 0x4b4aa35 in initReactor (root.zig)
                   if (ringlane.isUnsupportedInitError(err)) return error.Unsupported;
                                                             ^
       /home/kain/onyx-server/src/daemon/server.zig:5056:31: 0x4b51b31 in initInPlaceWithAccountSource (root.zig)
                   reactors[built] = try initReactor(allocator, shard_config, @intCast(built), reuse_port);
                                     ^
       /home/kain/onyx-server/src/daemon/server.zig:4963:9: 0x6bf20d4 in initInPlace (root.zig)
               return self.initInPlaceWithAccountSource(allocator, raw_config, null);
               ^
       /home/kain/onyx-server/src/daemon/server.zig:68782:5: 0x7166984 in createTestServer (root.zig)
           try server.initInPlace(allocator, config);
           ^
       /home/kain/onyx-server/src/daemon/server.zig:114173:20: 0x7bea478 in test.same-IP mesh dial secured responder loser retains armed ciphertext until send completion (root.zig)
           const server = try createTestServer(alloc, .{ .host = "127.0.0.1", .port = 0, .server_name = "aaa-local.test" });
                          ^
error: 'daemon.server.test.same-IP mesh dial blocked duplicate drain expires and Helix refuses its partial cut' failed:
       /usr/local/lib/zig-0.17/lib/zig/std/os/linux/IoUring.zig:64:18: 0x4856e6e in init_params (std.zig)
               .PERM => return error.PermissionDenied,
                        ^
       /usr/local/lib/zig-0.17/lib/zig/std/os/linux/IoUring.zig:32:12: 0x4857f4b in init (std.zig)
           return try IoUring.init_params(entries, &params);
                  ^
       /home/kain/onyx-server/src/daemon/ringlane.zig:169:28: 0x4b488f4 in init (root.zig)
               return .{ .inner = try IoUring.init(entries, features.setupFlags()), .features = features };
                                  ^
       /home/kain/onyx-server/src/daemon/server.zig:4914:55: 0x4b4aa35 in initReactor (root.zig)
                   if (ringlane.isUnsupportedInitError(err)) return error.Unsupported;
                                                             ^
       /home/kain/onyx-server/src/daemon/server.zig:5056:31: 0x4b51b31 in initInPlaceWithAccountSource (root.zig)
                   reactors[built] = try initReactor(allocator, shard_config, @intCast(built), reuse_port);
                                     ^
       /home/kain/onyx-server/src/daemon/server.zig:4963:9: 0x6bf20d4 in initInPlace (root.zig)
               return self.initInPlaceWithAccountSource(allocator, raw_config, null);
               ^
       /home/kain/onyx-server/src/daemon/server.zig:68782:5: 0x7166984 in createTestServer (root.zig)
           try server.initInPlace(allocator, config);
           ^
       /home/kain/onyx-server/src/daemon/server.zig:114246:20: 0x7be61ec in test.same-IP mesh dial blocked duplicate drain expires and Helix refuses its partial cut (root.zig)
           const server = try createTestServer(alloc, .{ .host = "127.0.0.1", .port = 0 });
                          ^
error: 'daemon.server.test.same-IP mesh dial receive caller observes zero-output loser retirement by exact generation' failed:
       /usr/local/lib/zig-0.17/lib/zig/std/os/linux/IoUring.zig:64:18: 0x4856e6e in init_params (std.zig)
               .PERM => return error.PermissionDenied,
                        ^
       /usr/local/lib/zig-0.17/lib/zig/std/os/linux/IoUring.zig:32:12: 0x4857f4b in init (std.zig)
           return try IoUring.init_params(entries, &params);
                  ^
       /home/kain/onyx-server/src/daemon/ringlane.zig:169:28: 0x4b488f4 in init (root.zig)
               return .{ .inner = try IoUring.init(entries, features.setupFlags()), .features = features };
                                  ^
       /home/kain/onyx-server/src/daemon/server.zig:4914:55: 0x4b4aa35 in initReactor (root.zig)
                   if (ringlane.isUnsupportedInitError(err)) return error.Unsupported;
                                                             ^
       /home/kain/onyx-server/src/daemon/server.zig:5056:31: 0x4b51b31 in initInPlaceWithAccountSource (root.zig)
                   reactors[built] = try initReactor(allocator, shard_config, @intCast(built), reuse_port);
                                     ^
       /home/kain/onyx-server/src/daemon/server.zig:4963:9: 0x6bf20d4 in initInPlace (root.zig)
               return self.initInPlaceWithAccountSource(allocator, raw_config, null);
               ^
       /home/kain/onyx-server/src/daemon/server.zig:68782:5: 0x7166984 in createTestServer (root.zig)
           try server.initInPlace(allocator, config);
           ^
       /home/kain/onyx-server/src/daemon/server.zig:114322:24: 0x7bdd425 in test.same-IP mesh dial receive caller observes zero-output loser retirement by exact generation (root.zig)
               const server = try createTestServer(alloc, .{ .host = "127.0.0.1", .port = 0, .server_name = "zzz-local.test" });
                              ^
error: 'daemon.server.test.same-IP mesh dial routing excludes draining loser for MESSAGE_V2 replay' failed:
       /usr/local/lib/zig-0.17/lib/zig/std/os/linux/IoUring.zig:64:18: 0x4856e6e in init_params (std.zig)
               .PERM => return error.PermissionDenied,
                        ^
       /usr/local/lib/zig-0.17/lib/zig/std/os/linux/IoUring.zig:32:12: 0x4857f4b in init (std.zig)
           return try IoUring.init_params(entries, &params);
                  ^
       /home/kain/onyx-server/src/daemon/ringlane.zig:169:28: 0x4b488f4 in init (root.zig)
               return .{ .inner = try IoUring.init(entries, features.setupFlags()), .features = features };
                                  ^
       /home/kain/onyx-server/src/daemon/server.zig:4914:55: 0x4b4aa35 in initReactor (root.zig)
                   if (ringlane.isUnsupportedInitError(err)) return error.Unsupported;
                                                             ^
       /home/kain/onyx-server/src/daemon/server.zig:5056:31: 0x4b51b31 in initInPlaceWithAccountSource (root.zig)
                   reactors[built] = try initReactor(allocator, shard_config, @intCast(built), reuse_port);
                                     ^
       /home/kain/onyx-server/src/daemon/server.zig:4963:9: 0x6bf20d4 in initInPlace (root.zig)
               return self.initInPlaceWithAccountSource(allocator, raw_config, null);
               ^
       /home/kain/onyx-server/src/daemon/server.zig:68782:5: 0x7166984 in createTestServer (root.zig)
           try server.initInPlace(allocator, config);
           ^
       /home/kain/onyx-server/src/daemon/server.zig:114394:20: 0x7bc97f5 in expectDrainingRouteUsesSurvivor (root.zig)
           const server = try createTestServer(alloc, .{
                          ^
       /home/kain/onyx-server/src/daemon/server.zig:114519:5: 0x7bdb5f9 in test.same-IP mesh dial routing excludes draining loser for MESSAGE_V2 replay (root.zig)
           try expectDrainingRouteUsesSurvivor(.message_v2);
           ^
error: 'daemon.server.test.same-IP mesh dial routing excludes draining loser for MESSAGE_V2 ACK' failed:
       /usr/local/lib/zig-0.17/lib/zig/std/os/linux/IoUring.zig:64:18: 0x4856e6e in init_params (std.zig)
               .PERM => return error.PermissionDenied,
                        ^
       /usr/local/lib/zig-0.17/lib/zig/std/os/linux/IoUring.zig:32:12: 0x4857f4b in init (std.zig)
           return try IoUring.init_params(entries, &params);
                  ^
       /home/kain/onyx-server/src/daemon/ringlane.zig:169:28: 0x4b488f4 in init (root.zig)
               return .{ .inner = try IoUring.init(entries, features.setupFlags()), .features = features };
                                  ^
       /home/kain/onyx-server/src/daemon/server.zig:4914:55: 0x4b4aa35 in initReactor (root.zig)
                   if (ringlane.isUnsupportedInitError(err)) return error.Unsupported;
                                                             ^
       /home/kain/onyx-server/src/daemon/server.zig:5056:31: 0x4b51b31 in initInPlaceWithAccountSource (root.zig)
                   reactors[built] = try initReactor(allocator, shard_config, @intCast(built), reuse_port);
                                     ^
       /home/kain/onyx-server/src/daemon/server.zig:4963:9: 0x6bf20d4 in initInPlace (root.zig)
               return self.initInPlaceWithAccountSource(allocator, raw_config, null);
               ^
       /home/kain/onyx-server/src/daemon/server.zig:68782:5: 0x7166984 in createTestServer (root.zig)
           try server.initInPlace(allocator, config);
           ^
       /home/kain/onyx-server/src/daemon/server.zig:114394:20: 0x7bc97f5 in expectDrainingRouteUsesSurvivor (root.zig)
           const server = try createTestServer(alloc, .{
                          ^
       /home/kain/onyx-server/src/daemon/server.zig:114522:5: 0x7bdb579 in test.same-IP mesh dial routing excludes draining loser for MESSAGE_V2 ACK (root.zig)
           try expectDrainingRouteUsesSurvivor(.ack);
           ^
error: 'daemon.server.test.same-IP mesh dial routing excludes draining loser for MESSAGE_V2 ACK_CONFIRM' failed:
       /usr/local/lib/zig-0.17/lib/zig/std/os/linux/IoUring.zig:64:18: 0x4856e6e in init_params (std.zig)
               .PERM => return error.PermissionDenied,
                        ^
       /usr/local/lib/zig-0.17/lib/zig/std/os/linux/IoUring.zig:32:12: 0x4857f4b in init (std.zig)
           return try IoUring.init_params(entries, &params);
                  ^
       /home/kain/onyx-server/src/daemon/ringlane.zig:169:28: 0x4b488f4 in init (root.zig)
               return .{ .inner = try IoUring.init(entries, features.setupFlags()), .features = features };
                                  ^
       /home/kain/onyx-server/src/daemon/server.zig:4914:55: 0x4b4aa35 in initReactor (root.zig)
                   if (ringlane.isUnsupportedInitError(err)) return error.Unsupported;
                                                             ^
       /home/kain/onyx-server/src/daemon/server.zig:5056:31: 0x4b51b31 in initInPlaceWithAccountSource (root.zig)
                   reactors[built] = try initReactor(allocator, shard_config, @intCast(built), reuse_port);
                                     ^
       /home/kain/onyx-server/src/daemon/server.zig:4963:9: 0x6bf20d4 in initInPlace (root.zig)
               return self.initInPlaceWithAccountSource(allocator, raw_config, null);
               ^
       /home/kain/onyx-server/src/daemon/server.zig:68782:5: 0x7166984 in createTestServer (root.zig)
           try server.initInPlace(allocator, config);
           ^
       /home/kain/onyx-server/src/daemon/server.zig:114394:20: 0x7bc97f5 in expectDrainingRouteUsesSurvivor (root.zig)
           const server = try createTestServer(alloc, .{
                          ^
       /home/kain/onyx-server/src/daemon/server.zig:114525:5: 0x7bdb4f9 in test.same-IP mesh dial routing excludes draining loser for MESSAGE_V2 ACK_CONFIRM (root.zig)
           try expectDrainingRouteUsesSurvivor(.ack_confirm);
           ^
error: 'daemon.server.test.same-IP mesh dial routing excludes draining loser for E2EEGROUP ACK' failed:
       /usr/local/lib/zig-0.17/lib/zig/std/os/linux/IoUring.zig:64:18: 0x4856e6e in init_params (std.zig)
               .PERM => return error.PermissionDenied,
                        ^
       /usr/local/lib/zig-0.17/lib/zig/std/os/linux/IoUring.zig:32:12: 0x4857f4b in init (std.zig)
           return try IoUring.init_params(entries, &params);
                  ^
       /home/kain/onyx-server/src/daemon/ringlane.zig:169:28: 0x4b488f4 in init (root.zig)
               return .{ .inner = try IoUring.init(entries, features.setupFlags()), .features = features };
                                  ^
       /home/kain/onyx-server/src/daemon/server.zig:4914:55: 0x4b4aa35 in initReactor (root.zig)
                   if (ringlane.isUnsupportedInitError(err)) return error.Unsupported;
                                                             ^
       /home/kain/onyx-server/src/daemon/server.zig:5056:31: 0x4b51b31 in initInPlaceWithAccountSource (root.zig)
                   reactors[built] = try initReactor(allocator, shard_config, @intCast(built), reuse_port);
                                     ^
       /home/kain/onyx-server/src/daemon/server.zig:4963:9: 0x6bf20d4 in initInPlace (root.zig)
               return self.initInPlaceWithAccountSource(allocator, raw_config, null);
               ^
       /home/kain/onyx-server/src/daemon/server.zig:68782:5: 0x7166984 in createTestServer (root.zig)
           try server.initInPlace(allocator, config);
           ^
       /home/kain/onyx-server/src/daemon/server.zig:114394:20: 0x7bc97f5 in expectDrainingRouteUsesSurvivor (root.zig)
           const server = try createTestServer(alloc, .{
                          ^
       /home/kain/onyx-server/src/daemon/server.zig:114528:5: 0x7bdb479 in test.same-IP mesh dial routing excludes draining loser for E2EEGROUP ACK (root.zig)
           try expectDrainingRouteUsesSurvivor(.e2ee_ack);
           ^
error: 'daemon.server.test.same-IP mesh dial routing excludes draining loser for E2EEGROUP ACK_CONFIRM' failed:
       /usr/local/lib/zig-0.17/lib/zig/std/os/linux/IoUring.zig:64:18: 0x4856e6e in init_params (std.zig)
               .PERM => return error.PermissionDenied,
                        ^
       /usr/local/lib/zig-0.17/lib/zig/std/os/linux/IoUring.zig:32:12: 0x4857f4b in init (std.zig)
           return try IoUring.init_params(entries, &params);
                  ^
       /home/kain/onyx-server/src/daemon/ringlane.zig:169:28: 0x4b488f4 in init (root.zig)
               return .{ .inner = try IoUring.init(entries, features.setupFlags()), .features = features };
                                  ^
       /home/kain/onyx-server/src/daemon/server.zig:4914:55: 0x4b4aa35 in initReactor (root.zig)
                   if (ringlane.isUnsupportedInitError(err)) return error.Unsupported;
                                                             ^
       /home/kain/onyx-server/src/daemon/server.zig:5056:31: 0x4b51b31 in initInPlaceWithAccountSource (root.zig)
                   reactors[built] = try initReactor(allocator, shard_config, @intCast(built), reuse_port);
                                     ^
       /home/kain/onyx-server/src/daemon/server.zig:4963:9: 0x6bf20d4 in initInPlace (root.zig)
               return self.initInPlaceWithAccountSource(allocator, raw_config, null);
               ^
       /home/kain/onyx-server/src/daemon/server.zig:68782:5: 0x7166984 in createTestServer (root.zig)
           try server.initInPlace(allocator, config);
           ^
       /home/kain/onyx-server/src/daemon/server.zig:114394:20: 0x7bc97f5 in expectDrainingRouteUsesSurvivor (root.zig)
           const server = try createTestServer(alloc, .{
                          ^
       /home/kain/onyx-server/src/daemon/server.zig:114531:5: 0x7bdb3f9 in test.same-IP mesh dial routing excludes draining loser for E2EEGROUP ACK_CONFIRM (root.zig)
           try expectDrainingRouteUsesSurvivor(.e2ee_confirm);
           ^
error: 'daemon.server.test.same-IP mesh dial routing excludes draining loser from Event Spine fanout' failed:
       /usr/local/lib/zig-0.17/lib/zig/std/os/linux/IoUring.zig:64:18: 0x4856e6e in init_params (std.zig)
               .PERM => return error.PermissionDenied,
                        ^
       /usr/local/lib/zig-0.17/lib/zig/std/os/linux/IoUring.zig:32:12: 0x4857f4b in init (std.zig)
           return try IoUring.init_params(entries, &params);
                  ^
       /home/kain/onyx-server/src/daemon/ringlane.zig:169:28: 0x4b488f4 in init (root.zig)
               return .{ .inner = try IoUring.init(entries, features.setupFlags()), .features = features };
                                  ^
       /home/kain/onyx-server/src/daemon/server.zig:4914:55: 0x4b4aa35 in initReactor (root.zig)
                   if (ringlane.isUnsupportedInitError(err)) return error.Unsupported;
                                                             ^
       /home/kain/onyx-server/src/daemon/server.zig:5056:31: 0x4b51b31 in initInPlaceWithAccountSource (root.zig)
                   reactors[built] = try initReactor(allocator, shard_config, @intCast(built), reuse_port);
                                     ^
       /home/kain/onyx-server/src/daemon/server.zig:4963:9: 0x6bf20d4 in initInPlace (root.zig)
               return self.initInPlaceWithAccountSource(allocator, raw_config, null);
               ^
       /home/kain/onyx-server/src/daemon/server.zig:68782:5: 0x7166984 in createTestServer (root.zig)
           try server.initInPlace(allocator, config);
           ^
       /home/kain/onyx-server/src/daemon/server.zig:114394:20: 0x7bc97f5 in expectDrainingRouteUsesSurvivor (root.zig)
           const server = try createTestServer(alloc, .{
                          ^
       /home/kain/onyx-server/src/daemon/server.zig:114534:5: 0x7bdb379 in test.same-IP mesh dial routing excludes draining loser from Event Spine fanout (root.zig)
           try expectDrainingRouteUsesSurvivor(.oper_event);
           ^
error: 'daemon.server.test.same-IP mesh dial routing excludes draining loser from legacy message fanout' failed:
       /usr/local/lib/zig-0.17/lib/zig/std/os/linux/IoUring.zig:64:18: 0x4856e6e in init_params (std.zig)
               .PERM => return error.PermissionDenied,
                        ^
       /usr/local/lib/zig-0.17/lib/zig/std/os/linux/IoUring.zig:32:12: 0x4857f4b in init (std.zig)
           return try IoUring.init_params(entries, &params);
                  ^
       /home/kain/onyx-server/src/daemon/ringlane.zig:169:28: 0x4b488f4 in init (root.zig)
               return .{ .inner = try IoUring.init(entries, features.setupFlags()), .features = features };
                                  ^
       /home/kain/onyx-server/src/daemon/server.zig:4914:55: 0x4b4aa35 in initReactor (root.zig)
                   if (ringlane.isUnsupportedInitError(err)) return error.Unsupported;
                                                             ^
       /home/kain/onyx-server/src/daemon/server.zig:5056:31: 0x4b51b31 in initInPlaceWithAccountSource (root.zig)
                   reactors[built] = try initReactor(allocator, shard_config, @intCast(built), reuse_port);
                                     ^
       /home/kain/onyx-server/src/daemon/server.zig:4963:9: 0x6bf20d4 in initInPlace (root.zig)
               return self.initInPlaceWithAccountSource(allocator, raw_config, null);
               ^
       /home/kain/onyx-server/src/daemon/server.zig:68782:5: 0x7166984 in createTestServer (root.zig)
           try server.initInPlace(allocator, config);
           ^
       /home/kain/onyx-server/src/daemon/server.zig:114394:20: 0x7bc97f5 in expectDrainingRouteUsesSurvivor (root.zig)
           const server = try createTestServer(alloc, .{
                          ^
       /home/kain/onyx-server/src/daemon/server.zig:114537:5: 0x7bdb2f9 in test.same-IP mesh dial routing excludes draining loser from legacy message fanout (root.zig)
           try expectDrainingRouteUsesSurvivor(.legacy_message);
           ^
error: 'daemon.server.test.same-IP mesh dial retiring peer cannot credit endpoint breaker' failed:
       /usr/local/lib/zig-0.17/lib/zig/std/os/linux/IoUring.zig:64:18: 0x4856e6e in init_params (std.zig)
               .PERM => return error.PermissionDenied,
                        ^
       /usr/local/lib/zig-0.17/lib/zig/std/os/linux/IoUring.zig:32:12: 0x4857f4b in init (std.zig)
           return try IoUring.init_params(entries, &params);
                  ^
       /home/kain/onyx-server/src/daemon/ringlane.zig:169:28: 0x4b488f4 in init (root.zig)
               return .{ .inner = try IoUring.init(entries, features.setupFlags()), .features = features };
                                  ^
       /home/kain/onyx-server/src/daemon/server.zig:4914:55: 0x4b4aa35 in initReactor (root.zig)
                   if (ringlane.isUnsupportedInitError(err)) return error.Unsupported;
                                                             ^
       /home/kain/onyx-server/src/daemon/server.zig:5056:31: 0x4b51b31 in initInPlaceWithAccountSource (root.zig)
                   reactors[built] = try initReactor(allocator, shard_config, @intCast(built), reuse_port);
                                     ^
       /home/kain/onyx-server/src/daemon/server.zig:4963:9: 0x6bf20d4 in initInPlace (root.zig)
               return self.initInPlaceWithAccountSource(allocator, raw_config, null);
               ^
       /home/kain/onyx-server/src/daemon/server.zig:68782:5: 0x7166984 in createTestServer (root.zig)
           try server.initInPlace(allocator, config);
           ^
       /home/kain/onyx-server/src/daemon/server.zig:114554:20: 0x7bc0c78 in expectRetiringSelectorUsesActivePeer (root.zig)
           const server = try createTestServer(alloc, .{ .host = "127.0.0.1", .port = 0, .server_name = "replay-a.test" });
                          ^
       /home/kain/onyx-server/src/daemon/server.zig:114605:5: 0x7bc81c9 in test.same-IP mesh dial retiring peer cannot credit endpoint breaker (root.zig)
           try expectRetiringSelectorUsesActivePeer(.dial_credit);
           ^
error: 'daemon.server.test.same-IP mesh dial SQUIT selects active survivor before retained loser' failed:
       /usr/local/lib/zig-0.17/lib/zig/std/os/linux/IoUring.zig:64:18: 0x4856e6e in init_params (std.zig)
               .PERM => return error.PermissionDenied,
                        ^
       /usr/local/lib/zig-0.17/lib/zig/std/os/linux/IoUring.zig:32:12: 0x4857f4b in init (std.zig)
           return try IoUring.init_params(entries, &params);
                  ^
       /home/kain/onyx-server/src/daemon/ringlane.zig:169:28: 0x4b488f4 in init (root.zig)
               return .{ .inner = try IoUring.init(entries, features.setupFlags()), .features = features };
                                  ^
       /home/kain/onyx-server/src/daemon/server.zig:4914:55: 0x4b4aa35 in initReactor (root.zig)
                   if (ringlane.isUnsupportedInitError(err)) return error.Unsupported;
                                                             ^
       /home/kain/onyx-server/src/daemon/server.zig:5056:31: 0x4b51b31 in initInPlaceWithAccountSource (root.zig)
                   reactors[built] = try initReactor(allocator, shard_config, @intCast(built), reuse_port);
                                     ^
       /home/kain/onyx-server/src/daemon/server.zig:4963:9: 0x6bf20d4 in initInPlace (root.zig)
               return self.initInPlaceWithAccountSource(allocator, raw_config, null);
               ^
       /home/kain/onyx-server/src/daemon/server.zig:68782:5: 0x7166984 in createTestServer (root.zig)
           try server.initInPlace(allocator, config);
           ^
       /home/kain/onyx-server/src/daemon/server.zig:114554:20: 0x7bc0c78 in expectRetiringSelectorUsesActivePeer (root.zig)
           const server = try createTestServer(alloc, .{ .host = "127.0.0.1", .port = 0, .server_name = "replay-a.test" });
                          ^
       /home/kain/onyx-server/src/daemon/server.zig:114609:5: 0x7bc8149 in test.same-IP mesh dial SQUIT selects active survivor before retained loser (root.zig)
           try expectRetiringSelectorUsesActivePeer(.squit);
           ^
error: 'daemon.server.test.same-IP mesh dial mid-turn retirement stops MODE publication' failed:
       /usr/local/lib/zig-0.17/lib/zig/std/os/linux/IoUring.zig:64:18: 0x4856e6e in init_params (std.zig)
               .PERM => return error.PermissionDenied,
                        ^
       /usr/local/lib/zig-0.17/lib/zig/std/os/linux/IoUring.zig:32:12: 0x4857f4b in init (std.zig)
           return try IoUring.init_params(entries, &params);
                  ^
       /home/kain/onyx-server/src/daemon/ringlane.zig:169:28: 0x4b488f4 in init (root.zig)
               return .{ .inner = try IoUring.init(entries, features.setupFlags()), .features = features };
                                  ^
       /home/kain/onyx-server/src/daemon/server.zig:4914:55: 0x4b4aa35 in initReactor (root.zig)
                   if (ringlane.isUnsupportedInitError(err)) return error.Unsupported;
                                                             ^
       /home/kain/onyx-server/src/daemon/server.zig:5056:31: 0x4b51b31 in initInPlaceWithAccountSource (root.zig)
                   reactors[built] = try initReactor(allocator, shard_config, @intCast(built), reuse_port);
                                     ^
       /home/kain/onyx-server/src/daemon/server.zig:4963:9: 0x6bf20d4 in initInPlace (root.zig)
               return self.initInPlaceWithAccountSource(allocator, raw_config, null);
               ^
       /home/kain/onyx-server/src/daemon/server.zig:68782:5: 0x7166984 in createTestServer (root.zig)
           try server.initInPlace(allocator, config);
           ^
       /home/kain/onyx-server/src/daemon/server.zig:114624:20: 0x7bba151 in expectRetirementStopsLaterFrameFamilies (root.zig)
           const server = try createTestServer(alloc, .{
                          ^
       /home/kain/onyx-server/src/daemon/server.zig:114724:5: 0x7bc0609 in test.same-IP mesh dial mid-turn retirement stops MODE publication (root.zig)
           try expectRetirementStopsLaterFrameFamilies(.mode);
           ^
error: 'daemon.server.test.same-IP mesh dial mid-turn retirement stops SEARCH encoding' failed:
       /usr/local/lib/zig-0.17/lib/zig/std/os/linux/IoUring.zig:64:18: 0x4856e6e in init_params (std.zig)
               .PERM => return error.PermissionDenied,
                        ^
       /usr/local/lib/zig-0.17/lib/zig/std/os/linux/IoUring.zig:32:12: 0x4857f4b in init (std.zig)
           return try IoUring.init_params(entries, &params);
                  ^
       /home/kain/onyx-server/src/daemon/ringlane.zig:169:28: 0x4b488f4 in init (root.zig)
               return .{ .inner = try IoUring.init(entries, features.setupFlags()), .features = features };
                                  ^
       /home/kain/onyx-server/src/daemon/server.zig:4914:55: 0x4b4aa35 in initReactor (root.zig)
                   if (ringlane.isUnsupportedInitError(err)) return error.Unsupported;
                                                             ^
       /home/kain/onyx-server/src/daemon/server.zig:5056:31: 0x4b51b31 in initInPlaceWithAccountSource (root.zig)
                   reactors[built] = try initReactor(allocator, shard_config, @intCast(built), reuse_port);
                                     ^
       /home/kain/onyx-server/src/daemon/server.zig:4963:9: 0x6bf20d4 in initInPlace (root.zig)
               return self.initInPlaceWithAccountSource(allocator, raw_config, null);
               ^
       /home/kain/onyx-server/src/daemon/server.zig:68782:5: 0x7166984 in createTestServer (root.zig)
           try server.initInPlace(allocator, config);
           ^
       /home/kain/onyx-server/src/daemon/server.zig:114624:20: 0x7bba151 in expectRetirementStopsLaterFrameFamilies (root.zig)
           const server = try createTestServer(alloc, .{
                          ^
       /home/kain/onyx-server/src/daemon/server.zig:114728:5: 0x7bc0589 in test.same-IP mesh dial mid-turn retirement stops SEARCH encoding (root.zig)
           try expectRetirementStopsLaterFrameFamilies(.search);
           ^
error: 'daemon.server.test.same-IP mesh dial active frame-family control publishes MODE and SEARCH' failed:
       /usr/local/lib/zig-0.17/lib/zig/std/os/linux/IoUring.zig:64:18: 0x4856e6e in init_params (std.zig)
               .PERM => return error.PermissionDenied,
                        ^
       /usr/local/lib/zig-0.17/lib/zig/std/os/linux/IoUring.zig:32:12: 0x4857f4b in init (std.zig)
           return try IoUring.init_params(entries, &params);
                  ^
       /home/kain/onyx-server/src/daemon/ringlane.zig:169:28: 0x4b488f4 in init (root.zig)
               return .{ .inner = try IoUring.init(entries, features.setupFlags()), .features = features };
                                  ^
       /home/kain/onyx-server/src/daemon/server.zig:4914:55: 0x4b4aa35 in initReactor (root.zig)
                   if (ringlane.isUnsupportedInitError(err)) return error.Unsupported;
                                                             ^
       /home/kain/onyx-server/src/daemon/server.zig:5056:31: 0x4b51b31 in initInPlaceWithAccountSource (root.zig)
                   reactors[built] = try initReactor(allocator, shard_config, @intCast(built), reuse_port);
                                     ^
       /home/kain/onyx-server/src/daemon/server.zig:4963:9: 0x6bf20d4 in initInPlace (root.zig)
               return self.initInPlaceWithAccountSource(allocator, raw_config, null);
               ^
       /home/kain/onyx-server/src/daemon/server.zig:68782:5: 0x7166984 in createTestServer (root.zig)
           try server.initInPlace(allocator, config);
           ^
       /home/kain/onyx-server/src/daemon/server.zig:114624:20: 0x7bba151 in expectRetirementStopsLaterFrameFamilies (root.zig)
           const server = try createTestServer(alloc, .{
                          ^
       /home/kain/onyx-server/src/daemon/server.zig:114732:5: 0x7bc0509 in test.same-IP mesh dial active frame-family control publishes MODE and SEARCH (root.zig)
           try expectRetirementStopsLaterFrameFamilies(.active_control);
           ^
error: 'daemon.server.test.same-IP mesh dial retiring roster cannot override the survivor nick home' failed:
       /usr/local/lib/zig-0.17/lib/zig/std/os/linux/IoUring.zig:64:18: 0x4856e6e in init_params (std.zig)
               .PERM => return error.PermissionDenied,
                        ^
       /usr/local/lib/zig-0.17/lib/zig/std/os/linux/IoUring.zig:32:12: 0x4857f4b in init (std.zig)
           return try IoUring.init_params(entries, &params);
                  ^
       /home/kain/onyx-server/src/daemon/ringlane.zig:169:28: 0x4b488f4 in init (root.zig)
               return .{ .inner = try IoUring.init(entries, features.setupFlags()), .features = features };
                                  ^
       /home/kain/onyx-server/src/daemon/server.zig:4914:55: 0x4b4aa35 in initReactor (root.zig)
                   if (ringlane.isUnsupportedInitError(err)) return error.Unsupported;
                                                             ^
       /home/kain/onyx-server/src/daemon/server.zig:5056:31: 0x4b51b31 in initInPlaceWithAccountSource (root.zig)
                   reactors[built] = try initReactor(allocator, shard_config, @intCast(built), reuse_port);
                                     ^
       /home/kain/onyx-server/src/daemon/server.zig:4963:9: 0x6bf20d4 in initInPlace (root.zig)
               return self.initInPlaceWithAccountSource(allocator, raw_config, null);
               ^
       /home/kain/onyx-server/src/daemon/server.zig:68782:5: 0x7166984 in createTestServer (root.zig)
           try server.initInPlace(allocator, config);
           ^
       /home/kain/onyx-server/src/daemon/server.zig:114756:20: 0x7b8e823 in expectRetiringRosterUsesSurvivorInOrder (root.zig)
           const server = try createTestServer(alloc, .{
                          ^
       /home/kain/onyx-server/src/daemon/server.zig:114738:5: 0x7bb5385 in expectRetiringRosterUsesSurvivor (root.zig)
           try expectRetiringRosterUsesSurvivorInOrder(operation, false);
           ^
       /home/kain/onyx-server/src/daemon/server.zig:115000:5: 0x7bb8ec9 in test.same-IP mesh dial retiring roster cannot override the survivor nick home (root.zig)
           try expectRetiringRosterUsesSurvivor(.home);
           ^
error: 'daemon.server.test.same-IP mesh dial retiring roster cannot supply stale trusted account authority' failed:
       /usr/local/lib/zig-0.17/lib/zig/std/os/linux/IoUring.zig:64:18: 0x4856e6e in init_params (std.zig)
               .PERM => return error.PermissionDenied,
                        ^
       /usr/local/lib/zig-0.17/lib/zig/std/os/linux/IoUring.zig:32:12: 0x4857f4b in init (std.zig)
           return try IoUring.init_params(entries, &params);
                  ^
       /home/kain/onyx-server/src/daemon/ringlane.zig:169:28: 0x4b488f4 in init (root.zig)
               return .{ .inner = try IoUring.init(entries, features.setupFlags()), .features = features };
                                  ^
       /home/kain/onyx-server/src/daemon/server.zig:4914:55: 0x4b4aa35 in initReactor (root.zig)
                   if (ringlane.isUnsupportedInitError(err)) return error.Unsupported;
                                                             ^
       /home/kain/onyx-server/src/daemon/server.zig:5056:31: 0x4b51b31 in initInPlaceWithAccountSource (root.zig)
                   reactors[built] = try initReactor(allocator, shard_config, @intCast(built), reuse_port);
                                     ^
       /home/kain/onyx-server/src/daemon/server.zig:4963:9: 0x6bf20d4 in initInPlace (root.zig)
               return self.initInPlaceWithAccountSource(allocator, raw_config, null);
               ^
       /home/kain/onyx-server/src/daemon/server.zig:68782:5: 0x7166984 in createTestServer (root.zig)
           try server.initInPlace(allocator, config);
           ^
       /home/kain/onyx-server/src/daemon/server.zig:114756:20: 0x7b8e823 in expectRetiringRosterUsesSurvivorInOrder (root.zig)
           const server = try createTestServer(alloc, .{
                          ^
       /home/kain/onyx-server/src/daemon/server.zig:114738:5: 0x7bb5385 in expectRetiringRosterUsesSurvivor (root.zig)
           try expectRetiringRosterUsesSurvivorInOrder(operation, false);
           ^
       /home/kain/onyx-server/src/daemon/server.zig:115003:5: 0x7bb8e49 in test.same-IP mesh dial retiring roster cannot supply stale trusted account authority (root.zig)
           try expectRetiringRosterUsesSurvivor(.account);
           ^
error: 'daemon.server.test.same-IP mesh dial retiring roster cannot supply stale channel membership' failed:
       /usr/local/lib/zig-0.17/lib/zig/std/os/linux/IoUring.zig:64:18: 0x4856e6e in init_params (std.zig)
               .PERM => return error.PermissionDenied,
                        ^
       /usr/local/lib/zig-0.17/lib/zig/std/os/linux/IoUring.zig:32:12: 0x4857f4b in init (std.zig)
           return try IoUring.init_params(entries, &params);
                  ^
       /home/kain/onyx-server/src/daemon/ringlane.zig:169:28: 0x4b488f4 in init (root.zig)
               return .{ .inner = try IoUring.init(entries, features.setupFlags()), .features = features };
                                  ^
       /home/kain/onyx-server/src/daemon/server.zig:4914:55: 0x4b4aa35 in initReactor (root.zig)
                   if (ringlane.isUnsupportedInitError(err)) return error.Unsupported;
                                                             ^
       /home/kain/onyx-server/src/daemon/server.zig:5056:31: 0x4b51b31 in initInPlaceWithAccountSource (root.zig)
                   reactors[built] = try initReactor(allocator, shard_config, @intCast(built), reuse_port);
                                     ^
       /home/kain/onyx-server/src/daemon/server.zig:4963:9: 0x6bf20d4 in initInPlace (root.zig)
               return self.initInPlaceWithAccountSource(allocator, raw_config, null);
               ^
       /home/kain/onyx-server/src/daemon/server.zig:68782:5: 0x7166984 in createTestServer (root.zig)
           try server.initInPlace(allocator, config);
           ^
       /home/kain/onyx-server/src/daemon/server.zig:114756:20: 0x7b8e823 in expectRetiringRosterUsesSurvivorInOrder (root.zig)
           const server = try createTestServer(alloc, .{
                          ^
       /home/kain/onyx-server/src/daemon/server.zig:114738:5: 0x7bb5385 in expectRetiringRosterUsesSurvivor (root.zig)
           try expectRetiringRosterUsesSurvivorInOrder(operation, false);
           ^
       /home/kain/onyx-server/src/daemon/server.zig:115006:5: 0x7bb8dc9 in test.same-IP mesh dial retiring roster cannot supply stale channel membership (root.zig)
           try expectRetiringRosterUsesSurvivor(.membership);
           ^
error: 'daemon.server.test.same-IP mesh dial retiring roster cannot grant stale channel status' failed:
       /usr/local/lib/zig-0.17/lib/zig/std/os/linux/IoUring.zig:64:18: 0x4856e6e in init_params (std.zig)
               .PERM => return error.PermissionDenied,
                        ^
       /usr/local/lib/zig-0.17/lib/zig/std/os/linux/IoUring.zig:32:12: 0x4857f4b in init (std.zig)
           return try IoUring.init_params(entries, &params);
                  ^
       /home/kain/onyx-server/src/daemon/ringlane.zig:169:28: 0x4b488f4 in init (root.zig)
               return .{ .inner = try IoUring.init(entries, features.setupFlags()), .features = features };
                                  ^
       /home/kain/onyx-server/src/daemon/server.zig:4914:55: 0x4b4aa35 in initReactor (root.zig)
                   if (ringlane.isUnsupportedInitError(err)) return error.Unsupported;
                                                             ^
       /home/kain/onyx-server/src/daemon/server.zig:5056:31: 0x4b51b31 in initInPlaceWithAccountSource (root.zig)
                   reactors[built] = try initReactor(allocator, shard_config, @intCast(built), reuse_port);
                                     ^
       /home/kain/onyx-server/src/daemon/server.zig:4963:9: 0x6bf20d4 in initInPlace (root.zig)
               return self.initInPlaceWithAccountSource(allocator, raw_config, null);
               ^
       /home/kain/onyx-server/src/daemon/server.zig:68782:5: 0x7166984 in createTestServer (root.zig)
           try server.initInPlace(allocator, config);
           ^
       /home/kain/onyx-server/src/daemon/server.zig:114756:20: 0x7b8e823 in expectRetiringRosterUsesSurvivorInOrder (root.zig)
           const server = try createTestServer(alloc, .{
                          ^
       /home/kain/onyx-server/src/daemon/server.zig:114738:5: 0x7bb5385 in expectRetiringRosterUsesSurvivor (root.zig)
           try expectRetiringRosterUsesSurvivorInOrder(operation, false);
           ^
       /home/kain/onyx-server/src/daemon/server.zig:115009:5: 0x7bb8d49 in test.same-IP mesh dial retiring roster cannot grant stale channel status (root.zig)
           try expectRetiringRosterUsesSurvivor(.status);
           ^
error: 'daemon.server.test.same-IP mesh dial retiring roster is absent from WHOIS identity and channels' failed:
       /usr/local/lib/zig-0.17/lib/zig/std/os/linux/IoUring.zig:64:18: 0x4856e6e in init_params (std.zig)
               .PERM => return error.PermissionDenied,
                        ^
       /usr/local/lib/zig-0.17/lib/zig/std/os/linux/IoUring.zig:32:12: 0x4857f4b in init (std.zig)
           return try IoUring.init_params(entries, &params);
                  ^
       /home/kain/onyx-server/src/daemon/ringlane.zig:169:28: 0x4b488f4 in init (root.zig)
               return .{ .inner = try IoUring.init(entries, features.setupFlags()), .features = features };
                                  ^
       /home/kain/onyx-server/src/daemon/server.zig:4914:55: 0x4b4aa35 in initReactor (root.zig)
                   if (ringlane.isUnsupportedInitError(err)) return error.Unsupported;
                                                             ^
       /home/kain/onyx-server/src/daemon/server.zig:5056:31: 0x4b51b31 in initInPlaceWithAccountSource (root.zig)
                   reactors[built] = try initReactor(allocator, shard_config, @intCast(built), reuse_port);
                                     ^
       /home/kain/onyx-server/src/daemon/server.zig:4963:9: 0x6bf20d4 in initInPlace (root.zig)
               return self.initInPlaceWithAccountSource(allocator, raw_config, null);
               ^
       /home/kain/onyx-server/src/daemon/server.zig:68782:5: 0x7166984 in createTestServer (root.zig)
           try server.initInPlace(allocator, config);
           ^
       /home/kain/onyx-server/src/daemon/server.zig:114756:20: 0x7b8e823 in expectRetiringRosterUsesSurvivorInOrder (root.zig)
           const server = try createTestServer(alloc, .{
                          ^
       /home/kain/onyx-server/src/daemon/server.zig:114738:5: 0x7bb5385 in expectRetiringRosterUsesSurvivor (root.zig)
           try expectRetiringRosterUsesSurvivorInOrder(operation, false);
           ^
       /home/kain/onyx-server/src/daemon/server.zig:115012:5: 0x7bb8cc9 in test.same-IP mesh dial retiring roster is absent from WHOIS identity and channels (root.zig)
           try expectRetiringRosterUsesSurvivor(.whois);
           ^
error: 'daemon.server.test.same-IP mesh dial retiring roster is absent from LIST and NAMES projection' failed:
       /usr/local/lib/zig-0.17/lib/zig/std/os/linux/IoUring.zig:64:18: 0x4856e6e in init_params (std.zig)
               .PERM => return error.PermissionDenied,
                        ^
       /usr/local/lib/zig-0.17/lib/zig/std/os/linux/IoUring.zig:32:12: 0x4857f4b in init (std.zig)
           return try IoUring.init_params(entries, &params);
                  ^
       /home/kain/onyx-server/src/daemon/ringlane.zig:169:28: 0x4b488f4 in init (root.zig)
               return .{ .inner = try IoUring.init(entries, features.setupFlags()), .features = features };
                                  ^
       /home/kain/onyx-server/src/daemon/server.zig:4914:55: 0x4b4aa35 in initReactor (root.zig)
                   if (ringlane.isUnsupportedInitError(err)) return error.Unsupported;
                                                             ^
       /home/kain/onyx-server/src/daemon/server.zig:5056:31: 0x4b51b31 in initInPlaceWithAccountSource (root.zig)
                   reactors[built] = try initReactor(allocator, shard_config, @intCast(built), reuse_port);
                                     ^
       /home/kain/onyx-server/src/daemon/server.zig:4963:9: 0x6bf20d4 in initInPlace (root.zig)
               return self.initInPlaceWithAccountSource(allocator, raw_config, null);
               ^
       /home/kain/onyx-server/src/daemon/server.zig:68782:5: 0x7166984 in createTestServer (root.zig)
           try server.initInPlace(allocator, config);
           ^
       /home/kain/onyx-server/src/daemon/server.zig:114756:20: 0x7b8e823 in expectRetiringRosterUsesSurvivorInOrder (root.zig)
           const server = try createTestServer(alloc, .{
                          ^
       /home/kain/onyx-server/src/daemon/server.zig:114738:5: 0x7bb5385 in expectRetiringRosterUsesSurvivor (root.zig)
           try expectRetiringRosterUsesSurvivorInOrder(operation, false);
           ^
       /home/kain/onyx-server/src/daemon/server.zig:115015:5: 0x7bb8c49 in test.same-IP mesh dial retiring roster is absent from LIST and NAMES projection (root.zig)
           try expectRetiringRosterUsesSurvivor(.projection);
           ^
error: 'daemon.server.test.same-IP mesh dial retiring roster cannot override current channel metadata' failed:
       /usr/local/lib/zig-0.17/lib/zig/std/os/linux/IoUring.zig:64:18: 0x4856e6e in init_params (std.zig)
               .PERM => return error.PermissionDenied,
                        ^
       /usr/local/lib/zig-0.17/lib/zig/std/os/linux/IoUring.zig:32:12: 0x4857f4b in init (std.zig)
           return try IoUring.init_params(entries, &params);
                  ^
       /home/kain/onyx-server/src/daemon/ringlane.zig:169:28: 0x4b488f4 in init (root.zig)
               return .{ .inner = try IoUring.init(entries, features.setupFlags()), .features = features };
                                  ^
       /home/kain/onyx-server/src/daemon/server.zig:4914:55: 0x4b4aa35 in initReactor (root.zig)
                   if (ringlane.isUnsupportedInitError(err)) return error.Unsupported;
                                                             ^
       /home/kain/onyx-server/src/daemon/server.zig:5056:31: 0x4b51b31 in initInPlaceWithAccountSource (root.zig)
                   reactors[built] = try initReactor(allocator, shard_config, @intCast(built), reuse_port);
                                     ^
       /home/kain/onyx-server/src/daemon/server.zig:4963:9: 0x6bf20d4 in initInPlace (root.zig)
               return self.initInPlaceWithAccountSource(allocator, raw_config, null);
               ^
       /home/kain/onyx-server/src/daemon/server.zig:68782:5: 0x7166984 in createTestServer (root.zig)
           try server.initInPlace(allocator, config);
           ^
       /home/kain/onyx-server/src/daemon/server.zig:114756:20: 0x7b8e823 in expectRetiringRosterUsesSurvivorInOrder (root.zig)
           const server = try createTestServer(alloc, .{
                          ^
       /home/kain/onyx-server/src/daemon/server.zig:114738:5: 0x7bb5385 in expectRetiringRosterUsesSurvivor (root.zig)
           try expectRetiringRosterUsesSurvivorInOrder(operation, false);
           ^
       /home/kain/onyx-server/src/daemon/server.zig:115018:5: 0x7bb8bc9 in test.same-IP mesh dial retiring roster cannot override current channel metadata (root.zig)
           try expectRetiringRosterUsesSurvivor(.channel_metadata);
           ^
error: 'daemon.server.test.same-IP mesh dial retiring roster is absent from the active mesh user count' failed:
       /usr/local/lib/zig-0.17/lib/zig/std/os/linux/IoUring.zig:64:18: 0x4856e6e in init_params (std.zig)
               .PERM => return error.PermissionDenied,
                        ^
       /usr/local/lib/zig-0.17/lib/zig/std/os/linux/IoUring.zig:32:12: 0x4857f4b in init (std.zig)
           return try IoUring.init_params(entries, &params);
                  ^
       /home/kain/onyx-server/src/daemon/ringlane.zig:169:28: 0x4b488f4 in init (root.zig)
               return .{ .inner = try IoUring.init(entries, features.setupFlags()), .features = features };
                                  ^
       /home/kain/onyx-server/src/daemon/server.zig:4914:55: 0x4b4aa35 in initReactor (root.zig)
                   if (ringlane.isUnsupportedInitError(err)) return error.Unsupported;
                                                             ^
       /home/kain/onyx-server/src/daemon/server.zig:5056:31: 0x4b51b31 in initInPlaceWithAccountSource (root.zig)
                   reactors[built] = try initReactor(allocator, shard_config, @intCast(built), reuse_port);
                                     ^
       /home/kain/onyx-server/src/daemon/server.zig:4963:9: 0x6bf20d4 in initInPlace (root.zig)
               return self.initInPlaceWithAccountSource(allocator, raw_config, null);
               ^
       /home/kain/onyx-server/src/daemon/server.zig:68782:5: 0x7166984 in createTestServer (root.zig)
           try server.initInPlace(allocator, config);
           ^
       /home/kain/onyx-server/src/daemon/server.zig:114756:20: 0x7b8e823 in expectRetiringRosterUsesSurvivorInOrder (root.zig)
           const server = try createTestServer(alloc, .{
                          ^
       /home/kain/onyx-server/src/daemon/server.zig:114738:5: 0x7bb5385 in expectRetiringRosterUsesSurvivor (root.zig)
           try expectRetiringRosterUsesSurvivorInOrder(operation, false);
           ^
       /home/kain/onyx-server/src/daemon/server.zig:115021:5: 0x7bb8b49 in test.same-IP mesh dial retiring roster is absent from the active mesh user count (root.zig)
           try expectRetiringRosterUsesSurvivor(.user_count);
           ^
error: 'daemon.server.test.same-IP mesh dial retiring roster is absent from active INFO peers' failed:
       /usr/local/lib/zig-0.17/lib/zig/std/os/linux/IoUring.zig:64:18: 0x4856e6e in init_params (std.zig)
               .PERM => return error.PermissionDenied,
                        ^
       /usr/local/lib/zig-0.17/lib/zig/std/os/linux/IoUring.zig:32:12: 0x4857f4b in init (std.zig)
           return try IoUring.init_params(entries, &params);
                  ^
       /home/kain/onyx-server/src/daemon/ringlane.zig:169:28: 0x4b488f4 in init (root.zig)
               return .{ .inner = try IoUring.init(entries, features.setupFlags()), .features = features };
                                  ^
       /home/kain/onyx-server/src/daemon/server.zig:4914:55: 0x4b4aa35 in initReactor (root.zig)
                   if (ringlane.isUnsupportedInitError(err)) return error.Unsupported;
                                                             ^
       /home/kain/onyx-server/src/daemon/server.zig:5056:31: 0x4b51b31 in initInPlaceWithAccountSource (root.zig)
                   reactors[built] = try initReactor(allocator, shard_config, @intCast(built), reuse_port);
                                     ^
       /home/kain/onyx-server/src/daemon/server.zig:4963:9: 0x6bf20d4 in initInPlace (root.zig)
               return self.initInPlaceWithAccountSource(allocator, raw_config, null);
               ^
       /home/kain/onyx-server/src/daemon/server.zig:68782:5: 0x7166984 in createTestServer (root.zig)
           try server.initInPlace(allocator, config);
           ^
       /home/kain/onyx-server/src/daemon/server.zig:114756:20: 0x7b8e823 in expectRetiringRosterUsesSurvivorInOrder (root.zig)
           const server = try createTestServer(alloc, .{
                          ^
       /home/kain/onyx-server/src/daemon/server.zig:114738:5: 0x7bb5385 in expectRetiringRosterUsesSurvivor (root.zig)
           try expectRetiringRosterUsesSurvivorInOrder(operation, false);
           ^
       /home/kain/onyx-server/src/daemon/server.zig:115024:5: 0x7bb8ac9 in test.same-IP mesh dial retiring roster is absent from active INFO peers (root.zig)
           try expectRetiringRosterUsesSurvivor(.info);
           ^
error: 'daemon.server.test.same-IP mesh dial retiring roster cannot reject current signed MESSAGE_V2' failed:
       /usr/local/lib/zig-0.17/lib/zig/std/os/linux/IoUring.zig:64:18: 0x4856e6e in init_params (std.zig)
               .PERM => return error.PermissionDenied,
                        ^
       /usr/local/lib/zig-0.17/lib/zig/std/os/linux/IoUring.zig:32:12: 0x4857f4b in init (std.zig)
           return try IoUring.init_params(entries, &params);
                  ^
       /home/kain/onyx-server/src/daemon/ringlane.zig:169:28: 0x4b488f4 in init (root.zig)
               return .{ .inner = try IoUring.init(entries, features.setupFlags()), .features = features };
                                  ^
       /home/kain/onyx-server/src/daemon/server.zig:4914:55: 0x4b4aa35 in initReactor (root.zig)
                   if (ringlane.isUnsupportedInitError(err)) return error.Unsupported;
                                                             ^
       /home/kain/onyx-server/src/daemon/server.zig:5056:31: 0x4b51b31 in initInPlaceWithAccountSource (root.zig)
                   reactors[built] = try initReactor(allocator, shard_config, @intCast(built), reuse_port);
                                     ^
       /home/kain/onyx-server/src/daemon/server.zig:4963:9: 0x6bf20d4 in initInPlace (root.zig)
               return self.initInPlaceWithAccountSource(allocator, raw_config, null);
               ^
       /home/kain/onyx-server/src/daemon/server.zig:68782:5: 0x7166984 in createTestServer (root.zig)
           try server.initInPlace(allocator, config);
           ^
       /home/kain/onyx-server/src/daemon/server.zig:114756:20: 0x7b8e823 in expectRetiringRosterUsesSurvivorInOrder (root.zig)
           const server = try createTestServer(alloc, .{
                          ^
       /home/kain/onyx-server/src/daemon/server.zig:114738:5: 0x7bb5385 in expectRetiringRosterUsesSurvivor (root.zig)
           try expectRetiringRosterUsesSurvivorInOrder(operation, false);
           ^
       /home/kain/onyx-server/src/daemon/server.zig:115027:5: 0x7bb8a49 in test.same-IP mesh dial retiring roster cannot reject current signed MESSAGE_V2 (root.zig)
           try expectRetiringRosterUsesSurvivor(.message_v2);
           ^
error: 'daemon.server.test.same-IP mesh dial retiring roster cannot reject current signed E2EEGROUP' failed:
       /usr/local/lib/zig-0.17/lib/zig/std/os/linux/IoUring.zig:64:18: 0x4856e6e in init_params (std.zig)
               .PERM => return error.PermissionDenied,
                        ^
       /usr/local/lib/zig-0.17/lib/zig/std/os/linux/IoUring.zig:32:12: 0x4857f4b in init (std.zig)
           return try IoUring.init_params(entries, &params);
                  ^
       /home/kain/onyx-server/src/daemon/ringlane.zig:169:28: 0x4b488f4 in init (root.zig)
               return .{ .inner = try IoUring.init(entries, features.setupFlags()), .features = features };
                                  ^
       /home/kain/onyx-server/src/daemon/server.zig:4914:55: 0x4b4aa35 in initReactor (root.zig)
                   if (ringlane.isUnsupportedInitError(err)) return error.Unsupported;
                                                             ^
       /home/kain/onyx-server/src/daemon/server.zig:5056:31: 0x4b51b31 in initInPlaceWithAccountSource (root.zig)
                   reactors[built] = try initReactor(allocator, shard_config, @intCast(built), reuse_port);
                                     ^
       /home/kain/onyx-server/src/daemon/server.zig:4963:9: 0x6bf20d4 in initInPlace (root.zig)
               return self.initInPlaceWithAccountSource(allocator, raw_config, null);
               ^
       /home/kain/onyx-server/src/daemon/server.zig:68782:5: 0x7166984 in createTestServer (root.zig)
           try server.initInPlace(allocator, config);
           ^
       /home/kain/onyx-server/src/daemon/server.zig:114756:20: 0x7b8e823 in expectRetiringRosterUsesSurvivorInOrder (root.zig)
           const server = try createTestServer(alloc, .{
                          ^
       /home/kain/onyx-server/src/daemon/server.zig:114738:5: 0x7bb5385 in expectRetiringRosterUsesSurvivor (root.zig)
           try expectRetiringRosterUsesSurvivorInOrder(operation, false);
           ^
       /home/kain/onyx-server/src/daemon/server.zig:115030:5: 0x7bb5489 in test.same-IP mesh dial retiring roster cannot reject current signed E2EEGROUP (root.zig)
           try expectRetiringRosterUsesSurvivor(.e2ee_group);
           ^
error: 'daemon.server.test.same-IP mesh dial retiring plaintext roster expiration cannot publish or fold legacy PART' failed:
       /usr/local/lib/zig-0.17/lib/zig/std/os/linux/IoUring.zig:64:18: 0x4856e6e in init_params (std.zig)
               .PERM => return error.PermissionDenied,
                        ^
       /usr/local/lib/zig-0.17/lib/zig/std/os/linux/IoUring.zig:32:12: 0x4857f4b in init (std.zig)
           return try IoUring.init_params(entries, &params);
                  ^
       /home/kain/onyx-server/src/daemon/ringlane.zig:169:28: 0x4b488f4 in init (root.zig)
               return .{ .inner = try IoUring.init(entries, features.setupFlags()), .features = features };
                                  ^
       /home/kain/onyx-server/src/daemon/server.zig:4914:55: 0x4b4aa35 in initReactor (root.zig)
                   if (ringlane.isUnsupportedInitError(err)) return error.Unsupported;
                                                             ^
       /home/kain/onyx-server/src/daemon/server.zig:5056:31: 0x4b51b31 in initInPlaceWithAccountSource (root.zig)
                   reactors[built] = try initReactor(allocator, shard_config, @intCast(built), reuse_port);
                                     ^
       /home/kain/onyx-server/src/daemon/server.zig:4963:9: 0x6bf20d4 in initInPlace (root.zig)
               return self.initInPlaceWithAccountSource(allocator, raw_config, null);
               ^
       /home/kain/onyx-server/src/daemon/server.zig:68782:5: 0x7166984 in createTestServer (root.zig)
           try server.initInPlace(allocator, config);
           ^
       /home/kain/onyx-server/src/daemon/server.zig:115037:20: 0x7b79d8c in expectRetiringPlainMaintenance (root.zig)
           const server = try createTestServer(alloc, .{ .host = "127.0.0.1", .port = 0, .node_id = 2 });
                          ^
       /home/kain/onyx-server/src/daemon/server.zig:115155:5: 0x7b8c669 in test.same-IP mesh dial retiring plaintext roster expiration cannot publish or fold legacy PART (root.zig)
           try expectRetiringPlainMaintenance(false);
           ^
error: 'daemon.server.test.same-IP mesh dial retiring plaintext pending identity cannot publish NICK PART or fold legacy state' failed:
       /usr/local/lib/zig-0.17/lib/zig/std/os/linux/IoUring.zig:64:18: 0x4856e6e in init_params (std.zig)
               .PERM => return error.PermissionDenied,
                        ^
       /usr/local/lib/zig-0.17/lib/zig/std/os/linux/IoUring.zig:32:12: 0x4857f4b in init (std.zig)
           return try IoUring.init_params(entries, &params);
                  ^
       /home/kain/onyx-server/src/daemon/ringlane.zig:169:28: 0x4b488f4 in init (root.zig)
               return .{ .inner = try IoUring.init(entries, features.setupFlags()), .features = features };
                                  ^
       /home/kain/onyx-server/src/daemon/server.zig:4914:55: 0x4b4aa35 in initReactor (root.zig)
                   if (ringlane.isUnsupportedInitError(err)) return error.Unsupported;
                                                             ^
       /home/kain/onyx-server/src/daemon/server.zig:5056:31: 0x4b51b31 in initInPlaceWithAccountSource (root.zig)
                   reactors[built] = try initReactor(allocator, shard_config, @intCast(built), reuse_port);
                                     ^
       /home/kain/onyx-server/src/daemon/server.zig:4963:9: 0x6bf20d4 in initInPlace (root.zig)
               return self.initInPlaceWithAccountSource(allocator, raw_config, null);
               ^
       /home/kain/onyx-server/src/daemon/server.zig:68782:5: 0x7166984 in createTestServer (root.zig)
           try server.initInPlace(allocator, config);
           ^
       /home/kain/onyx-server/src/daemon/server.zig:115037:20: 0x7b79d8c in expectRetiringPlainMaintenance (root.zig)
           const server = try createTestServer(alloc, .{ .host = "127.0.0.1", .port = 0, .node_id = 2 });
                          ^
       /home/kain/onyx-server/src/daemon/server.zig:115158:5: 0x7b8bfa9 in test.same-IP mesh dial retiring plaintext pending identity cannot publish NICK PART or fold legacy state (root.zig)
           try expectRetiringPlainMaintenance(true);
           ^
error: 'daemon.server.test.same-IP mesh dial unknown inbound peer cannot claim another configured endpoint' failed:
       /usr/local/lib/zig-0.17/lib/zig/std/os/linux/IoUring.zig:64:18: 0x4856e6e in init_params (std.zig)
               .PERM => return error.PermissionDenied,
                        ^
       /usr/local/lib/zig-0.17/lib/zig/std/os/linux/IoUring.zig:32:12: 0x4857f4b in init (std.zig)
           return try IoUring.init_params(entries, &params);
                  ^
       /home/kain/onyx-server/src/daemon/ringlane.zig:169:28: 0x4b488f4 in init (root.zig)
               return .{ .inner = try IoUring.init(entries, features.setupFlags()), .features = features };
                                  ^
       /home/kain/onyx-server/src/daemon/server.zig:4914:55: 0x4b4aa35 in initReactor (root.zig)
                   if (ringlane.isUnsupportedInitError(err)) return error.Unsupported;
                                                             ^
       /home/kain/onyx-server/src/daemon/server.zig:5056:31: 0x4b51b31 in initInPlaceWithAccountSource (root.zig)
                   reactors[built] = try initReactor(allocator, shard_config, @intCast(built), reuse_port);
                                     ^
       /home/kain/onyx-server/src/daemon/server.zig:4963:9: 0x6bf20d4 in initInPlace (root.zig)
               return self.initInPlaceWithAccountSource(allocator, raw_config, null);
               ^
       /home/kain/onyx-server/src/daemon/server.zig:68782:5: 0x7166984 in createTestServer (root.zig)
           try server.initInPlace(allocator, config);
           ^
       /home/kain/onyx-server/src/daemon/server.zig:115170:20: 0x7b78b8c in test.same-IP mesh dial unknown inbound peer cannot claim another configured endpoint (root.zig)
           const server = try createTestServer(alloc, .{
                          ^
error: 'daemon.server.test.same-IP mesh dial binding requires the full secured key despite equal peer names' failed:
       /usr/local/lib/zig-0.17/lib/zig/std/os/linux/IoUring.zig:64:18: 0x4856e6e in init_params (std.zig)
               .PERM => return error.PermissionDenied,
                        ^
       /usr/local/lib/zig-0.17/lib/zig/std/os/linux/IoUring.zig:32:12: 0x4857f4b in init (std.zig)
           return try IoUring.init_params(entries, &params);
                  ^
       /home/kain/onyx-server/src/daemon/ringlane.zig:169:28: 0x4b488f4 in init (root.zig)
               return .{ .inner = try IoUring.init(entries, features.setupFlags()), .features = features };
                                  ^
       /home/kain/onyx-server/src/daemon/server.zig:4914:55: 0x4b4aa35 in initReactor (root.zig)
                   if (ringlane.isUnsupportedInitError(err)) return error.Unsupported;
                                                             ^
       /home/kain/onyx-server/src/daemon/server.zig:5056:31: 0x4b51b31 in initInPlaceWithAccountSource (root.zig)
                   reactors[built] = try initReactor(allocator, shard_config, @intCast(built), reuse_port);
                                     ^
       /home/kain/onyx-server/src/daemon/server.zig:4963:9: 0x6bf20d4 in initInPlace (root.zig)
               return self.initInPlaceWithAccountSource(allocator, raw_config, null);
               ^
       /home/kain/onyx-server/src/daemon/server.zig:68782:5: 0x7166984 in createTestServer (root.zig)
           try server.initInPlace(allocator, config);
           ^
       /home/kain/onyx-server/src/daemon/server.zig:115204:20: 0x7b70158 in test.same-IP mesh dial binding requires the full secured key despite equal peer names (root.zig)
           const server = try createTestServer(alloc, .{
                          ^
error: 'daemon.server.test.same-IP mesh dial malformed carried endpoint is refused before slot or dial mutation' failed:
       /usr/local/lib/zig-0.17/lib/zig/std/os/linux/IoUring.zig:64:18: 0x4856e6e in init_params (std.zig)
               .PERM => return error.PermissionDenied,
                        ^
       /usr/local/lib/zig-0.17/lib/zig/std/os/linux/IoUring.zig:32:12: 0x4857f4b in init (std.zig)
           return try IoUring.init_params(entries, &params);
                  ^
       /home/kain/onyx-server/src/daemon/ringlane.zig:169:28: 0x4b488f4 in init (root.zig)
               return .{ .inner = try IoUring.init(entries, features.setupFlags()), .features = features };
                                  ^
       /home/kain/onyx-server/src/daemon/server.zig:4914:55: 0x4b4aa35 in initReactor (root.zig)
                   if (ringlane.isUnsupportedInitError(err)) return error.Unsupported;
                                                             ^
       /home/kain/onyx-server/src/daemon/server.zig:5056:31: 0x4b51b31 in initInPlaceWithAccountSource (root.zig)
                   reactors[built] = try initReactor(allocator, shard_config, @intCast(built), reuse_port);
                                     ^
       /home/kain/onyx-server/src/daemon/server.zig:4963:9: 0x6bf20d4 in initInPlace (root.zig)
               return self.initInPlaceWithAccountSource(allocator, raw_config, null);
               ^
       /home/kain/onyx-server/src/daemon/server.zig:68782:5: 0x7166984 in createTestServer (root.zig)
           try server.initInPlace(allocator, config);
           ^
       /home/kain/onyx-server/src/daemon/server.zig:115268:20: 0x7b6bf67 in test.same-IP mesh dial malformed carried endpoint is refused before slot or dial mutation (root.zig)
           const server = try createTestServer(alloc, .{
                          ^
error: 'daemon.server.test.MARKREAD UPGRADE refuses a v4-only executable preserving private carried ciphertext' failed:
       /usr/local/lib/zig-0.17/lib/zig/std/os/linux/IoUring.zig:64:18: 0x4856e6e in init_params (std.zig)
               .PERM => return error.PermissionDenied,
                        ^
       /usr/local/lib/zig-0.17/lib/zig/std/os/linux/IoUring.zig:32:12: 0x4857f4b in init (std.zig)
           return try IoUring.init_params(entries, &params);
                  ^
       /home/kain/onyx-server/src/daemon/ringlane.zig:169:28: 0x4b488f4 in init (root.zig)
               return .{ .inner = try IoUring.init(entries, features.setupFlags()), .features = features };
                                  ^
       /home/kain/onyx-server/src/daemon/server.zig:4914:55: 0x4b4aa35 in initReactor (root.zig)
                   if (ringlane.isUnsupportedInitError(err)) return error.Unsupported;
                                                             ^
       /home/kain/onyx-server/src/daemon/server.zig:5056:31: 0x4b51b31 in initInPlaceWithAccountSource (root.zig)
                   reactors[built] = try initReactor(allocator, shard_config, @intCast(built), reuse_port);
                                     ^
       /home/kain/onyx-server/src/daemon/server.zig:4963:9: 0x6bf20d4 in initInPlace (root.zig)
               return self.initInPlaceWithAccountSource(allocator, raw_config, null);
               ^
       /home/kain/onyx-server/src/daemon/server.zig:68782:5: 0x7166984 in createTestServer (root.zig)
           try server.initInPlace(allocator, config);
           ^
       /home/kain/onyx-server/src/daemon/server.zig:69088:5: 0x7b37ef3 in readMarkerServerForTest (root.zig)
           return createTestServer(allocator, .{
           ^
       /home/kain/onyx-server/src/daemon/server.zig:115757:20: 0x7b39e99 in test.MARKREAD UPGRADE refuses a v4-only executable preserving private carried ciphertext (root.zig)
           const server = try readMarkerServerForTest(alloc, &services, &pair.ida);
                          ^
error: 'daemon.server.test.threaded server: far ordinary nickname WHOIS crosses secured A-B-C without portable tokens' failed:
       /usr/local/lib/zig-0.17/lib/zig/std/os/linux/IoUring.zig:64:18: 0x4856e6e in init_params (std.zig)
               .PERM => return error.PermissionDenied,
                        ^
       /usr/local/lib/zig-0.17/lib/zig/std/os/linux/IoUring.zig:32:12: 0x4857f4b in init (std.zig)
           return try IoUring.init_params(entries, &params);
                  ^
       /home/kain/onyx-server/src/daemon/ringlane.zig:169:28: 0x4b488f4 in init (root.zig)
               return .{ .inner = try IoUring.init(entries, features.setupFlags()), .features = features };
                                  ^
       /home/kain/onyx-server/src/daemon/server.zig:4914:55: 0x4b4aa35 in initReactor (root.zig)
                   if (ringlane.isUnsupportedInitError(err)) return error.Unsupported;
                                                             ^
       /home/kain/onyx-server/src/daemon/server.zig:5056:31: 0x4b51b31 in initInPlaceWithAccountSource (root.zig)
                   reactors[built] = try initReactor(allocator, shard_config, @intCast(built), reuse_port);
                                     ^
       /home/kain/onyx-server/src/daemon/server.zig:4963:9: 0x6bf20d4 in initInPlace (root.zig)
               return self.initInPlaceWithAccountSource(allocator, raw_config, null);
               ^
       /home/kain/onyx-server/src/daemon/server.zig:117343:9: 0x7a8b82e in init (root.zig)
               try server.initInPlace(allocator, config);
               ^
       /home/kain/onyx-server/src/daemon/server.zig:117976:13: 0x7ac980a in runFarOrdinaryNickRegression (root.zig)
           var b = try LiveUpgradeTestNode.init(allocator, config_b);
                   ^
       /home/kain/onyx-server/src/daemon/server.zig:118100:5: 0x7adbbb9 in test.threaded server: far ordinary nickname WHOIS crosses secured A-B-C without portable tokens (root.zig)
           try runFarOrdinaryNickRegression(.whois);
           ^
error: 'daemon.server.test.threaded server: far ordinary nickname direct DM crosses secured A-B-C without portable tokens' failed:
       /usr/local/lib/zig-0.17/lib/zig/std/os/linux/IoUring.zig:64:18: 0x4856e6e in init_params (std.zig)
               .PERM => return error.PermissionDenied,
                        ^
       /usr/local/lib/zig-0.17/lib/zig/std/os/linux/IoUring.zig:32:12: 0x4857f4b in init (std.zig)
           return try IoUring.init_params(entries, &params);
                  ^
       /home/kain/onyx-server/src/daemon/ringlane.zig:169:28: 0x4b488f4 in init (root.zig)
               return .{ .inner = try IoUring.init(entries, features.setupFlags()), .features = features };
                                  ^
       /home/kain/onyx-server/src/daemon/server.zig:4914:55: 0x4b4aa35 in initReactor (root.zig)
                   if (ringlane.isUnsupportedInitError(err)) return error.Unsupported;
                                                             ^
       /home/kain/onyx-server/src/daemon/server.zig:5056:31: 0x4b51b31 in initInPlaceWithAccountSource (root.zig)
                   reactors[built] = try initReactor(allocator, shard_config, @intCast(built), reuse_port);
                                     ^
       /home/kain/onyx-server/src/daemon/server.zig:4963:9: 0x6bf20d4 in initInPlace (root.zig)
               return self.initInPlaceWithAccountSource(allocator, raw_config, null);
               ^
       /home/kain/onyx-server/src/daemon/server.zig:117343:9: 0x7a8b82e in init (root.zig)
               try server.initInPlace(allocator, config);
               ^
       /home/kain/onyx-server/src/daemon/server.zig:117976:13: 0x7ac980a in runFarOrdinaryNickRegression (root.zig)
           var b = try LiveUpgradeTestNode.init(allocator, config_b);
                   ^
       /home/kain/onyx-server/src/daemon/server.zig:118104:5: 0x7ad9e69 in test.threaded server: far ordinary nickname direct DM crosses secured A-B-C without portable tokens (root.zig)
           try runFarOrdinaryNickRegression(.direct_message);
           ^
error: 'daemon.server.test.threaded server: same-IP mesh dial partition heals after inbound binding and sequential Helix' failed:
       /usr/local/lib/zig-0.17/lib/zig/std/os/linux/IoUring.zig:64:18: 0x4856e6e in init_params (std.zig)
               .PERM => return error.PermissionDenied,
                        ^
       /usr/local/lib/zig-0.17/lib/zig/std/os/linux/IoUring.zig:32:12: 0x4857f4b in init (std.zig)
           return try IoUring.init_params(entries, &params);
                  ^
       /home/kain/onyx-server/src/daemon/ringlane.zig:169:28: 0x4b488f4 in init (root.zig)
               return .{ .inner = try IoUring.init(entries, features.setupFlags()), .features = features };
                                  ^
       /home/kain/onyx-server/src/daemon/server.zig:4914:55: 0x4b4aa35 in initReactor (root.zig)
                   if (ringlane.isUnsupportedInitError(err)) return error.Unsupported;
                                                             ^
       /home/kain/onyx-server/src/daemon/server.zig:5056:31: 0x4b51b31 in initInPlaceWithAccountSource (root.zig)
                   reactors[built] = try initReactor(allocator, shard_config, @intCast(built), reuse_port);
                                     ^
       /home/kain/onyx-server/src/daemon/server.zig:4963:9: 0x6bf20d4 in initInPlace (root.zig)
               return self.initInPlaceWithAccountSource(allocator, raw_config, null);
               ^
       /home/kain/onyx-server/src/daemon/server.zig:117343:9: 0x7a8b82e in init (root.zig)
               try server.initInPlace(allocator, config);
               ^
       /home/kain/onyx-server/src/daemon/server.zig:118182:13: 0x7aac67b in test.threaded server: same-IP mesh dial partition heals after inbound binding and sequential Helix (root.zig)
           var a = try LiveUpgradeTestNode.init(alloc, config_a);
                   ^
error: 'daemon.server.test.threaded server: four-client reusable session and MARKREAD survive sequential Helix upgrades across secured mesh' failed:
       /usr/local/lib/zig-0.17/lib/zig/std/os/linux/IoUring.zig:64:18: 0x4856e6e in init_params (std.zig)
               .PERM => return error.PermissionDenied,
                        ^
       /usr/local/lib/zig-0.17/lib/zig/std/os/linux/IoUring.zig:32:12: 0x4857f4b in init (std.zig)
           return try IoUring.init_params(entries, &params);
                  ^
       /home/kain/onyx-server/src/daemon/ringlane.zig:169:28: 0x4b488f4 in init (root.zig)
               return .{ .inner = try IoUring.init(entries, features.setupFlags()), .features = features };
                                  ^
       /home/kain/onyx-server/src/daemon/server.zig:4914:55: 0x4b4aa35 in initReactor (root.zig)
                   if (ringlane.isUnsupportedInitError(err)) return error.Unsupported;
                                                             ^
       /home/kain/onyx-server/src/daemon/server.zig:5056:31: 0x4b51b31 in initInPlaceWithAccountSource (root.zig)
                   reactors[built] = try initReactor(allocator, shard_config, @intCast(built), reuse_port);
                                     ^
       /home/kain/onyx-server/src/daemon/server.zig:4963:9: 0x6bf20d4 in initInPlace (root.zig)
               return self.initInPlaceWithAccountSource(allocator, raw_config, null);
               ^
       /home/kain/onyx-server/src/daemon/server.zig:117343:9: 0x7a8b82e in init (root.zig)
               try server.initInPlace(allocator, config);
               ^
       /home/kain/onyx-server/src/daemon/server.zig:118362:17: 0x7a91d4c in test.threaded server: four-client reusable session and MARKREAD survive sequential Helix upgrades across secured mesh (root.zig)
           var node2 = try LiveUpgradeTestNode.init(alloc, node2_config);
                       ^
error: 'daemon.server.test.GAP-P1 cold start rebuilds the thread from durable history' leaked 3 allocations:
       [SafeAllocator] (err): leaked [addr: 7f6fc2e1e140, len: 3584 (0xe00) align: 8] allocated at: 
       /home/kain/onyx-server/src/daemon/store.zig:4327:44: 0x4affc05 in init (root.zig)
               const entries = try allocator.alloc(?OwnedMutation, capacity);
                                                  ^
       /home/kain/onyx-server/src/daemon/store.zig:328:43: 0x5b42760 in openImpl (root.zig)
               const changefeed = ChangeFeed.init(allocator, cfg.changefeed_capacity) catch |err| {
                                                 ^
       /home/kain/onyx-server/src/daemon/store.zig:312:24: 0x5b43f6f in openWithConfig (root.zig)
               return openImpl(allocator, io, dir, wal_path, cfg, false);
                              ^
       /home/kain/onyx-server/src/daemon/store.zig:301:30: 0x5b440c6 in open (root.zig)
               return openWithConfig(allocator, io, dir, wal_path, .{});
                                    ^
       /home/kain/onyx-server/src/daemon/server.zig:125222:47: 0x78cb3be in test.GAP-P1 cold start rebuilds the thread from durable history (root.zig)
           var store = try services_mod.OroStore.open(alloc, std.testing.io, tmp.dir, "gap-p1.wal");
                                                     ^
       /usr/local/lib/zig-0.17/lib/zig/compiler/test_runner.zig:143:68: 0x1c1deb3 in mainServer (test_runner.zig)
                       const status: TestResults.Status = if (test_fn.func()) |v| s: {
                                                                          ^
       /usr/local/lib/zig-0.17/lib/zig/compiler/test_runner.zig:71:26: 0x1c1eced in main (test_runner.zig)
               return mainServer(init) catch |err| panic("internal test runner failure: {t}", .{err});
                                ^
       (additional stack frames may have been skipped...)
       
       [SafeAllocator] (err): leaked [addr: 7f6fc2e1e0a8, len: 15 (0xf) align: 1] allocated at: 
       /usr/local/lib/zig-0.17/lib/zig/std/mem.zig:3604:36: 0x24ea848 in concatMaybeSentinel__anon_451820 (std.zig)
           const buf = try allocator.alloc(T, total_len);
                                          ^
       /usr/local/lib/zig-0.17/lib/zig/std/mem.zig:3578:31: 0x24ea4a9 in concat__anon_451658 (std.zig)
           return concatMaybeSentinel(allocator, T, slices, null);
                                     ^
       /home/kain/onyx-server/src/daemon/store.zig:323:46: 0x5b42667 in openImpl (root.zig)
               const owned_snapshot = std.mem.concat(allocator, u8, &.{ wal_path, ".snap" }) catch |err| {
                                                    ^
       /home/kain/onyx-server/src/daemon/store.zig:312:24: 0x5b43f6f in openWithConfig (root.zig)
               return openImpl(allocator, io, dir, wal_path, cfg, false);
                              ^
       /home/kain/onyx-server/src/daemon/store.zig:301:30: 0x5b440c6 in open (root.zig)
               return openWithConfig(allocator, io, dir, wal_path, .{});
                                    ^
       /home/kain/onyx-server/src/daemon/server.zig:125222:47: 0x78cb3be in test.GAP-P1 cold start rebuilds the thread from durable history (root.zig)
           var store = try services_mod.OroStore.open(alloc, std.testing.io, tmp.dir, "gap-p1.wal");
                                                     ^
       /usr/local/lib/zig-0.17/lib/zig/compiler/test_runner.zig:143:68: 0x1c1deb3 in mainServer (test_runner.zig)
                       const status: TestResults.Status = if (test_fn.func()) |v| s: {
                                                                          ^
       (additional stack frames may have been skipped...)
       
       [SafeAllocator] (err): leaked [addr: 7f6fc2e1e010, len: 10 (0xa) align: 1] allocated at: 
       /usr/local/lib/zig-0.17/lib/zig/std/mem/Allocator.zig:460:40: 0x1a8e93e in dupe__anon_9242 (std.zig)
           const new_buf = try allocator.alloc(T, m.len);
                                              ^
       /home/kain/onyx-server/src/daemon/store.zig:322:45: 0x5b42572 in openImpl (root.zig)
               const owned_wal = try allocator.dupe(u8, wal_path);
                                                   ^
       /home/kain/onyx-server/src/daemon/store.zig:312:24: 0x5b43f6f in openWithConfig (root.zig)
               return openImpl(allocator, io, dir, wal_path, cfg, false);
                              ^
       /home/kain/onyx-server/src/daemon/store.zig:301:30: 0x5b440c6 in open (root.zig)
               return openWithConfig(allocator, io, dir, wal_path, .{});
                                    ^
       /home/kain/onyx-server/src/daemon/server.zig:125222:47: 0x78cb3be in test.GAP-P1 cold start rebuilds the thread from durable history (root.zig)
           var store = try services_mod.OroStore.open(alloc, std.testing.io, tmp.dir, "gap-p1.wal");
                                                     ^
       /usr/local/lib/zig-0.17/lib/zig/compiler/test_runner.zig:143:68: 0x1c1deb3 in mainServer (test_runner.zig)
                       const status: TestResults.Status = if (test_fn.func()) |v| s: {
                                                                          ^
       /usr/local/lib/zig-0.17/lib/zig/compiler/test_runner.zig:71:26: 0x1c1eced in main (test_runner.zig)
               return mainServer(init) catch |err| panic("internal test runner failure: {t}", .{err});
                                ^
       (additional stack frames may have been skipped...)
error: 'daemon.server.test.dormant runtime actual fabric OOM never admits an inherited candidate while OLD remains serving' failed:
       /usr/local/lib/zig-0.17/lib/zig/std/os/linux/IoUring.zig:64:18: 0x4856e6e in init_params (std.zig)
               .PERM => return error.PermissionDenied,
                        ^
       /usr/local/lib/zig-0.17/lib/zig/std/os/linux/IoUring.zig:32:12: 0x4857f4b in init (std.zig)
           return try IoUring.init_params(entries, &params);
                  ^
       /home/kain/onyx-server/src/daemon/ringlane.zig:169:28: 0x4b488f4 in init (root.zig)
               return .{ .inner = try IoUring.init(entries, features.setupFlags()), .features = features };
                                  ^
       /home/kain/onyx-server/src/daemon/server.zig:4914:55: 0x4b4aa35 in initReactor (root.zig)
                   if (ringlane.isUnsupportedInitError(err)) return error.Unsupported;
                                                             ^
       /home/kain/onyx-server/src/daemon/server.zig:5056:31: 0x4b51b31 in initInPlaceWithAccountSource (root.zig)
                   reactors[built] = try initReactor(allocator, shard_config, @intCast(built), reuse_port);
                                     ^
       /home/kain/onyx-server/src/daemon/server.zig:4963:9: 0x6bf20d4 in initInPlace (root.zig)
               return self.initInPlaceWithAccountSource(allocator, raw_config, null);
               ^
       /home/kain/onyx-server/src/daemon/server.zig:68782:5: 0x7166984 in createTestServer (root.zig)
           try server.initInPlace(allocator, config);
           ^
       /home/kain/onyx-server/src/daemon/server.zig:126820:17: 0x778525c in test.dormant runtime actual fabric OOM never admits an inherited candidate while OLD remains serving (root.zig)
           const old = try createTestServer(alloc, .{ .host = "127.0.0.1", .port = 0, .crypto_io = std.testing.io });
                       ^
error: 'daemon.server.test.dormant runtime actual single shard stays inline and inert until shared release' failed:
       /usr/local/lib/zig-0.17/lib/zig/std/os/linux/IoUring.zig:64:18: 0x4856e6e in init_params (std.zig)
               .PERM => return error.PermissionDenied,
                        ^
       /usr/local/lib/zig-0.17/lib/zig/std/os/linux/IoUring.zig:32:12: 0x4857f4b in init (std.zig)
           return try IoUring.init_params(entries, &params);
                  ^
       /home/kain/onyx-server/src/daemon/ringlane.zig:169:28: 0x4b488f4 in init (root.zig)
               return .{ .inner = try IoUring.init(entries, features.setupFlags()), .features = features };
                                  ^
       /home/kain/onyx-server/src/daemon/server.zig:4914:55: 0x4b4aa35 in initReactor (root.zig)
                   if (ringlane.isUnsupportedInitError(err)) return error.Unsupported;
                                                             ^
       /home/kain/onyx-server/src/daemon/server.zig:5056:31: 0x4b51b31 in initInPlaceWithAccountSource (root.zig)
                   reactors[built] = try initReactor(allocator, shard_config, @intCast(built), reuse_port);
                                     ^
       /home/kain/onyx-server/src/daemon/server.zig:4963:9: 0x6bf20d4 in initInPlace (root.zig)
               return self.initInPlaceWithAccountSource(allocator, raw_config, null);
               ^
       /home/kain/onyx-server/src/daemon/server.zig:68782:5: 0x7166984 in createTestServer (root.zig)
           try server.initInPlace(allocator, config);
           ^
       /home/kain/onyx-server/src/daemon/server.zig:126895:20: 0x7776caa in exercisePreparedCoreRuntime__anon_1106648 (root.zig)
           const server = try createTestServer(alloc, .{ .host = "127.0.0.1", .port = 0, .num_shards = count, .max_clients = 16, .crypto_io = std.testing.io });
                          ^
       /home/kain/onyx-server/src/daemon/server.zig:126987:5: 0x7785157 in test.dormant runtime actual single shard stays inline and inert until shared release (root.zig)
           try exercisePreparedCoreRuntime(1);
           ^
error: 'daemon.server.test.dormant runtime actual every configured shard stays parked and dispatches after one release' failed:
       /usr/local/lib/zig-0.17/lib/zig/std/os/linux/IoUring.zig:64:18: 0x4856e6e in init_params (std.zig)
               .PERM => return error.PermissionDenied,
                        ^
       /usr/local/lib/zig-0.17/lib/zig/std/os/linux/IoUring.zig:32:12: 0x4857f4b in init (std.zig)
           return try IoUring.init_params(entries, &params);
                  ^
       /home/kain/onyx-server/src/daemon/ringlane.zig:169:28: 0x4b488f4 in init (root.zig)
               return .{ .inner = try IoUring.init(entries, features.setupFlags()), .features = features };
                                  ^
       /home/kain/onyx-server/src/daemon/server.zig:4914:55: 0x4b4aa35 in initReactor (root.zig)
                   if (ringlane.isUnsupportedInitError(err)) return error.Unsupported;
                                                             ^
       /home/kain/onyx-server/src/daemon/server.zig:5056:31: 0x4b51b31 in initInPlaceWithAccountSource (root.zig)
                   reactors[built] = try initReactor(allocator, shard_config, @intCast(built), reuse_port);
                                     ^
       /home/kain/onyx-server/src/daemon/server.zig:4963:9: 0x6bf20d4 in initInPlace (root.zig)
               return self.initInPlaceWithAccountSource(allocator, raw_config, null);
               ^
       /home/kain/onyx-server/src/daemon/server.zig:68782:5: 0x7166984 in createTestServer (root.zig)
           try server.initInPlace(allocator, config);
           ^
       /home/kain/onyx-server/src/daemon/server.zig:126895:20: 0x7765c0a in exercisePreparedCoreRuntime__anon_1106491 (root.zig)
           const server = try createTestServer(alloc, .{ .host = "127.0.0.1", .port = 0, .num_shards = count, .max_clients = 16, .crypto_io = std.testing.io });
                          ^
       /home/kain/onyx-server/src/daemon/server.zig:126991:5: 0x7774887 in test.dormant runtime actual every configured shard stays parked and dispatches after one release (root.zig)
           try exercisePreparedCoreRuntime(3);
           ^
error: 'daemon.server.test.dormant runtime actual fabric allocation sweep leaves candidate unchanged until complete' failed:
       /usr/local/lib/zig-0.17/lib/zig/std/os/linux/IoUring.zig:64:18: 0x4856e6e in init_params (std.zig)
               .PERM => return error.PermissionDenied,
                        ^
       /usr/local/lib/zig-0.17/lib/zig/std/os/linux/IoUring.zig:32:12: 0x4857f4b in init (std.zig)
           return try IoUring.init_params(entries, &params);
                  ^
       /home/kain/onyx-server/src/daemon/ringlane.zig:169:28: 0x4b488f4 in init (root.zig)
               return .{ .inner = try IoUring.init(entries, features.setupFlags()), .features = features };
                                  ^
       /home/kain/onyx-server/src/daemon/server.zig:4914:55: 0x4b4aa35 in initReactor (root.zig)
                   if (ringlane.isUnsupportedInitError(err)) return error.Unsupported;
                                                             ^
       /home/kain/onyx-server/src/daemon/server.zig:5056:31: 0x4b51b31 in initInPlaceWithAccountSource (root.zig)
                   reactors[built] = try initReactor(allocator, shard_config, @intCast(built), reuse_port);
                                     ^
       /home/kain/onyx-server/src/daemon/server.zig:4963:9: 0x6bf20d4 in initInPlace (root.zig)
               return self.initInPlaceWithAccountSource(allocator, raw_config, null);
               ^
       /home/kain/onyx-server/src/daemon/server.zig:68782:5: 0x7166984 in createTestServer (root.zig)
           try server.initInPlace(allocator, config);
           ^
       /home/kain/onyx-server/src/daemon/server.zig:127001:24: 0x77623b9 in test.dormant runtime actual fabric allocation sweep leaves candidate unchanged until complete (root.zig)
               const server = try createTestServer(alloc, .{ .host = "127.0.0.1", .port = 0, .num_shards = 2, .max_clients = 16, .crypto_io = std.testing.io });
                              ^
error: 'daemon.server.test.dormant runtime actual second spawn failure joins first parked owner without dispatch' failed:
       /usr/local/lib/zig-0.17/lib/zig/std/os/linux/IoUring.zig:64:18: 0x4856e6e in init_params (std.zig)
               .PERM => return error.PermissionDenied,
                        ^
       /usr/local/lib/zig-0.17/lib/zig/std/os/linux/IoUring.zig:32:12: 0x4857f4b in init (std.zig)
           return try IoUring.init_params(entries, &params);
                  ^
       /home/kain/onyx-server/src/daemon/ringlane.zig:169:28: 0x4b488f4 in init (root.zig)
               return .{ .inner = try IoUring.init(entries, features.setupFlags()), .features = features };
                                  ^
       /home/kain/onyx-server/src/daemon/server.zig:4914:55: 0x4b4aa35 in initReactor (root.zig)
                   if (ringlane.isUnsupportedInitError(err)) return error.Unsupported;
                                                             ^
       /home/kain/onyx-server/src/daemon/server.zig:5056:31: 0x4b51b31 in initInPlaceWithAccountSource (root.zig)
                   reactors[built] = try initReactor(allocator, shard_config, @intCast(built), reuse_port);
                                     ^
       /home/kain/onyx-server/src/daemon/server.zig:4963:9: 0x6bf20d4 in initInPlace (root.zig)
               return self.initInPlaceWithAccountSource(allocator, raw_config, null);
               ^
       /home/kain/onyx-server/src/daemon/server.zig:68782:5: 0x7166984 in createTestServer (root.zig)
           try server.initInPlace(allocator, config);
           ^
       /home/kain/onyx-server/src/daemon/server.zig:127049:20: 0x775fcc8 in test.dormant runtime actual second spawn failure joins first parked owner without dispatch (root.zig)
           const server = try createTestServer(alloc, .{ .host = "127.0.0.1", .port = 0, .num_shards = 2, .max_clients = 16, .crypto_io = std.testing.io });
                          ^
error: 'daemon.server.test.dormant runtime actual runtime owner abort joins parked Gate before Server destruction' failed:
       /usr/local/lib/zig-0.17/lib/zig/std/os/linux/IoUring.zig:64:18: 0x4856e6e in init_params (std.zig)
               .PERM => return error.PermissionDenied,
                        ^
       /usr/local/lib/zig-0.17/lib/zig/std/os/linux/IoUring.zig:32:12: 0x4857f4b in init (std.zig)
           return try IoUring.init_params(entries, &params);
                  ^
       /home/kain/onyx-server/src/daemon/ringlane.zig:169:28: 0x4b488f4 in init (root.zig)
               return .{ .inner = try IoUring.init(entries, features.setupFlags()), .features = features };
                                  ^
       /home/kain/onyx-server/src/daemon/server.zig:4914:55: 0x4b4aa35 in initReactor (root.zig)
                   if (ringlane.isUnsupportedInitError(err)) return error.Unsupported;
                                                             ^
       /home/kain/onyx-server/src/daemon/server.zig:5056:31: 0x4b51b31 in initInPlaceWithAccountSource (root.zig)
                   reactors[built] = try initReactor(allocator, shard_config, @intCast(built), reuse_port);
                                     ^
       /home/kain/onyx-server/src/daemon/server.zig:4963:9: 0x6bf20d4 in initInPlace (root.zig)
               return self.initInPlaceWithAccountSource(allocator, raw_config, null);
               ^
       /home/kain/onyx-server/src/daemon/server.zig:68782:5: 0x7166984 in createTestServer (root.zig)
           try server.initInPlace(allocator, config);
           ^
       /home/kain/onyx-server/src/daemon/server.zig:127075:20: 0x775d748 in test.dormant runtime actual runtime owner abort joins parked Gate before Server destruction (root.zig)
           const server = try createTestServer(alloc, .{ .host = "127.0.0.1", .port = 0, .num_shards = 2, .max_clients = 16, .crypto_io = std.testing.io });
                          ^
error: 'daemon.server.test.protected MEDIA output: final labeled batch has actual TLS custody before sequence publication' failed:
       /usr/local/lib/zig-0.17/lib/zig/std/os/linux/IoUring.zig:64:18: 0x4856e6e in init_params (std.zig)
               .PERM => return error.PermissionDenied,
                        ^
       /usr/local/lib/zig-0.17/lib/zig/std/os/linux/IoUring.zig:32:12: 0x4857f4b in init (std.zig)
           return try IoUring.init_params(entries, &params);
                  ^
       /home/kain/onyx-server/src/daemon/ringlane.zig:169:28: 0x4b488f4 in init (root.zig)
               return .{ .inner = try IoUring.init(entries, features.setupFlags()), .features = features };
                                  ^
       /home/kain/onyx-server/src/daemon/server.zig:4914:55: 0x4b4aa35 in initReactor (root.zig)
                   if (ringlane.isUnsupportedInitError(err)) return error.Unsupported;
                                                             ^
       /home/kain/onyx-server/src/daemon/server.zig:5056:31: 0x4b51b31 in initInPlaceWithAccountSource (root.zig)
                   reactors[built] = try initReactor(allocator, shard_config, @intCast(built), reuse_port);
                                     ^
       /home/kain/onyx-server/src/daemon/server.zig:4963:9: 0x6bf20d4 in initInPlace (root.zig)
               return self.initInPlaceWithAccountSource(allocator, raw_config, null);
               ^
       /home/kain/onyx-server/src/daemon/server.zig:68782:5: 0x7166984 in createTestServer (root.zig)
           try server.initInPlace(allocator, config);
           ^
       /home/kain/onyx-server/src/daemon/server.zig:99007:24: 0x73ae86a in createTransport (root.zig)
               const server = try createTestServer(a, .{ .host = "127.0.0.1", .port = 0, .tls_cert_chain = &pair.chain13, .tls_signing_key = pair.tls.cfg13.signing_key });
                              ^
       /home/kain/onyx-server/src/daemon/server.zig:98998:9: 0x73b04ac in create (root.zig)
               return createTransport(suite, false);
               ^
       /home/kain/onyx-server/src/daemon/server.zig:127105:23: 0x775b882 in test.protected MEDIA output: final labeled batch has actual TLS custody before sequence publication (root.zig)
               var fixture = try Tls3ServerFixture.create(suite);
                             ^
error: 'daemon.server.test.protected MEDIA output: queue refusal and abort preserve actual TLS sequence and owner' failed:
       /usr/local/lib/zig-0.17/lib/zig/std/os/linux/IoUring.zig:64:18: 0x4856e6e in init_params (std.zig)
               .PERM => return error.PermissionDenied,
                        ^
       /usr/local/lib/zig-0.17/lib/zig/std/os/linux/IoUring.zig:32:12: 0x4857f4b in init (std.zig)
           return try IoUring.init_params(entries, &params);
                  ^
       /home/kain/onyx-server/src/daemon/ringlane.zig:169:28: 0x4b488f4 in init (root.zig)
               return .{ .inner = try IoUring.init(entries, features.setupFlags()), .features = features };
                                  ^
       /home/kain/onyx-server/src/daemon/server.zig:4914:55: 0x4b4aa35 in initReactor (root.zig)
                   if (ringlane.isUnsupportedInitError(err)) return error.Unsupported;
                                                             ^
       /home/kain/onyx-server/src/daemon/server.zig:5056:31: 0x4b51b31 in initInPlaceWithAccountSource (root.zig)
                   reactors[built] = try initReactor(allocator, shard_config, @intCast(built), reuse_port);
                                     ^
       /home/kain/onyx-server/src/daemon/server.zig:4963:9: 0x6bf20d4 in initInPlace (root.zig)
               return self.initInPlaceWithAccountSource(allocator, raw_config, null);
               ^
       /home/kain/onyx-server/src/daemon/server.zig:68782:5: 0x7166984 in createTestServer (root.zig)
           try server.initInPlace(allocator, config);
           ^
       /home/kain/onyx-server/src/daemon/server.zig:99007:24: 0x73ae86a in createTransport (root.zig)
               const server = try createTestServer(a, .{ .host = "127.0.0.1", .port = 0, .tls_cert_chain = &pair.chain13, .tls_signing_key = pair.tls.cfg13.signing_key });
                              ^
       /home/kain/onyx-server/src/daemon/server.zig:98998:9: 0x73b04ac in create (root.zig)
               return createTransport(suite, false);
               ^
       /home/kain/onyx-server/src/daemon/server.zig:127143:19: 0x7756089 in test.protected MEDIA output: queue refusal and abort preserve actual TLS sequence and owner (root.zig)
           var fixture = try Tls3ServerFixture.create(0x1301);
                         ^
error: 'daemon.server.test.protected MEDIA caller: OFFER refuses another physical selector before profile publication' failed:
       /usr/local/lib/zig-0.17/lib/zig/std/os/linux/IoUring.zig:64:18: 0x4856e6e in init_params (std.zig)
               .PERM => return error.PermissionDenied,
                        ^
       /usr/local/lib/zig-0.17/lib/zig/std/os/linux/IoUring.zig:32:12: 0x4857f4b in init (std.zig)
           return try IoUring.init_params(entries, &params);
                  ^
       /home/kain/onyx-server/src/daemon/ringlane.zig:169:28: 0x4b488f4 in init (root.zig)
               return .{ .inner = try IoUring.init(entries, features.setupFlags()), .features = features };
                                  ^
       /home/kain/onyx-server/src/daemon/server.zig:4914:55: 0x4b4aa35 in initReactor (root.zig)
                   if (ringlane.isUnsupportedInitError(err)) return error.Unsupported;
                                                             ^
       /home/kain/onyx-server/src/daemon/server.zig:5056:31: 0x4b51b31 in initInPlaceWithAccountSource (root.zig)
                   reactors[built] = try initReactor(allocator, shard_config, @intCast(built), reuse_port);
                                     ^
       /home/kain/onyx-server/src/daemon/server.zig:4963:9: 0x6bf20d4 in initInPlace (root.zig)
               return self.initInPlaceWithAccountSource(allocator, raw_config, null);
               ^
       /home/kain/onyx-server/src/daemon/server.zig:68782:5: 0x7166984 in createTestServer (root.zig)
           try server.initInPlace(allocator, config);
           ^
       /home/kain/onyx-server/src/daemon/server.zig:99007:24: 0x73ae86a in createTransport (root.zig)
               const server = try createTestServer(a, .{ .host = "127.0.0.1", .port = 0, .tls_cert_chain = &pair.chain13, .tls_signing_key = pair.tls.cfg13.signing_key });
                              ^
       /home/kain/onyx-server/src/daemon/server.zig:98998:9: 0x73b04ac in create (root.zig)
               return createTransport(suite, false);
               ^
       /home/kain/onyx-server/src/daemon/server.zig:127176:19: 0x7754ec7 in test.protected MEDIA caller: OFFER refuses another physical selector before profile publication (root.zig)
           var fixture = try Tls3ServerFixture.create(0x1301);
                         ^
error: 'daemon.server.test.protected MEDIA physical JOIN: abort preserves attachment and browser binding; retry commits one kind' failed:
       /usr/local/lib/zig-0.17/lib/zig/std/os/linux/IoUring.zig:64:18: 0x4856e6e in init_params (std.zig)
               .PERM => return error.PermissionDenied,
                        ^
       /usr/local/lib/zig-0.17/lib/zig/std/os/linux/IoUring.zig:32:12: 0x4857f4b in init (std.zig)
           return try IoUring.init_params(entries, &params);
                  ^
       /home/kain/onyx-server/src/daemon/ringlane.zig:169:28: 0x4b488f4 in init (root.zig)
               return .{ .inner = try IoUring.init(entries, features.setupFlags()), .features = features };
                                  ^
       /home/kain/onyx-server/src/daemon/server.zig:4914:55: 0x4b4aa35 in initReactor (root.zig)
                   if (ringlane.isUnsupportedInitError(err)) return error.Unsupported;
                                                             ^
       /home/kain/onyx-server/src/daemon/server.zig:5056:31: 0x4b51b31 in initInPlaceWithAccountSource (root.zig)
                   reactors[built] = try initReactor(allocator, shard_config, @intCast(built), reuse_port);
                                     ^
       /home/kain/onyx-server/src/daemon/server.zig:4963:9: 0x6bf20d4 in initInPlace (root.zig)
               return self.initInPlaceWithAccountSource(allocator, raw_config, null);
               ^
       /home/kain/onyx-server/src/daemon/server.zig:68782:5: 0x7166984 in createTestServer (root.zig)
           try server.initInPlace(allocator, config);
           ^
       /home/kain/onyx-server/src/daemon/server.zig:99007:24: 0x73ae86a in createTransport (root.zig)
               const server = try createTestServer(a, .{ .host = "127.0.0.1", .port = 0, .tls_cert_chain = &pair.chain13, .tls_signing_key = pair.tls.cfg13.signing_key });
                              ^
       /home/kain/onyx-server/src/daemon/server.zig:98998:9: 0x73b04ac in create (root.zig)
               return createTransport(suite, false);
               ^
       /home/kain/onyx-server/src/daemon/server.zig:127197:19: 0x7752d0e in test.protected MEDIA physical JOIN: abort preserves attachment and browser binding; retry commits one kind (root.zig)
           var fixture = try Tls3ServerFixture.create(0x1301);
                         ^
error: 'daemon.server.test.protected MEDIA physical JOIN: changed original binding refuses before membership mutation' failed:
       /usr/local/lib/zig-0.17/lib/zig/std/os/linux/IoUring.zig:64:18: 0x4856e6e in init_params (std.zig)
               .PERM => return error.PermissionDenied,
                        ^
       /usr/local/lib/zig-0.17/lib/zig/std/os/linux/IoUring.zig:32:12: 0x4857f4b in init (std.zig)
           return try IoUring.init_params(entries, &params);
                  ^
       /home/kain/onyx-server/src/daemon/ringlane.zig:169:28: 0x4b488f4 in init (root.zig)
               return .{ .inner = try IoUring.init(entries, features.setupFlags()), .features = features };
                                  ^
       /home/kain/onyx-server/src/daemon/server.zig:4914:55: 0x4b4aa35 in initReactor (root.zig)
                   if (ringlane.isUnsupportedInitError(err)) return error.Unsupported;
                                                             ^
       /home/kain/onyx-server/src/daemon/server.zig:5056:31: 0x4b51b31 in initInPlaceWithAccountSource (root.zig)
                   reactors[built] = try initReactor(allocator, shard_config, @intCast(built), reuse_port);
                                     ^
       /home/kain/onyx-server/src/daemon/server.zig:4963:9: 0x6bf20d4 in initInPlace (root.zig)
               return self.initInPlaceWithAccountSource(allocator, raw_config, null);
               ^
       /home/kain/onyx-server/src/daemon/server.zig:68782:5: 0x7166984 in createTestServer (root.zig)
           try server.initInPlace(allocator, config);
           ^
       /home/kain/onyx-server/src/daemon/server.zig:99007:24: 0x73ae86a in createTransport (root.zig)
               const server = try createTestServer(a, .{ .host = "127.0.0.1", .port = 0, .tls_cert_chain = &pair.chain13, .tls_signing_key = pair.tls.cfg13.signing_key });
                              ^
       /home/kain/onyx-server/src/daemon/server.zig:98998:9: 0x73b04ac in create (root.zig)
               return createTransport(suite, false);
               ^
       /home/kain/onyx-server/src/daemon/server.zig:127240:19: 0x7752457 in test.protected MEDIA physical JOIN: changed original binding refuses before membership mutation (root.zig)
           var fixture = try Tls3ServerFixture.create(0x1301);
                         ^
error: 'daemon.server.test.protected MEDIA browser JOIN: joined source plans publish only final labeled WS TLS custody' failed:
       /usr/local/lib/zig-0.17/lib/zig/std/os/linux/IoUring.zig:64:18: 0x4856e6e in init_params (std.zig)
               .PERM => return error.PermissionDenied,
                        ^
       /usr/local/lib/zig-0.17/lib/zig/std/os/linux/IoUring.zig:32:12: 0x4857f4b in init (std.zig)
           return try IoUring.init_params(entries, &params);
                  ^
       /home/kain/onyx-server/src/daemon/ringlane.zig:169:28: 0x4b488f4 in init (root.zig)
               return .{ .inner = try IoUring.init(entries, features.setupFlags()), .features = features };
                                  ^
       /home/kain/onyx-server/src/daemon/server.zig:4914:55: 0x4b4aa35 in initReactor (root.zig)
                   if (ringlane.isUnsupportedInitError(err)) return error.Unsupported;
                                                             ^
       /home/kain/onyx-server/src/daemon/server.zig:5056:31: 0x4b51b31 in initInPlaceWithAccountSource (root.zig)
                   reactors[built] = try initReactor(allocator, shard_config, @intCast(built), reuse_port);
                                     ^
       /home/kain/onyx-server/src/daemon/server.zig:4963:9: 0x6bf20d4 in initInPlace (root.zig)
               return self.initInPlaceWithAccountSource(allocator, raw_config, null);
               ^
       /home/kain/onyx-server/src/daemon/server.zig:68782:5: 0x7166984 in createTestServer (root.zig)
           try server.initInPlace(allocator, config);
           ^
       /home/kain/onyx-server/src/daemon/server.zig:99007:24: 0x73ae86a in createTransport (root.zig)
               const server = try createTestServer(a, .{ .host = "127.0.0.1", .port = 0, .tls_cert_chain = &pair.chain13, .tls_signing_key = pair.tls.cfg13.signing_key });
                              ^
       /home/kain/onyx-server/src/daemon/server.zig:98998:9: 0x73b04ac in create (root.zig)
               return createTransport(suite, false);
               ^
       /home/kain/onyx-server/src/daemon/server.zig:127276:23: 0x774da65 in test.protected MEDIA browser JOIN: joined source plans publish only final labeled WS TLS custody (root.zig)
               var fixture = try Tls3ServerFixture.create(suite);
                             ^
error: 'daemon.server.test.protected MEDIA browser JOIN: protected queue refusal leaves all original authority retryable' failed:
       /usr/local/lib/zig-0.17/lib/zig/std/os/linux/IoUring.zig:64:18: 0x4856e6e in init_params (std.zig)
               .PERM => return error.PermissionDenied,
                        ^
       /usr/local/lib/zig-0.17/lib/zig/std/os/linux/IoUring.zig:32:12: 0x4857f4b in init (std.zig)
           return try IoUring.init_params(entries, &params);
                  ^
       /home/kain/onyx-server/src/daemon/ringlane.zig:169:28: 0x4b488f4 in init (root.zig)
               return .{ .inner = try IoUring.init(entries, features.setupFlags()), .features = features };
                                  ^
       /home/kain/onyx-server/src/daemon/server.zig:4914:55: 0x4b4aa35 in initReactor (root.zig)
                   if (ringlane.isUnsupportedInitError(err)) return error.Unsupported;
                                                             ^
       /home/kain/onyx-server/src/daemon/server.zig:5056:31: 0x4b51b31 in initInPlaceWithAccountSource (root.zig)
                   reactors[built] = try initReactor(allocator, shard_config, @intCast(built), reuse_port);
                                     ^
       /home/kain/onyx-server/src/daemon/server.zig:4963:9: 0x6bf20d4 in initInPlace (root.zig)
               return self.initInPlaceWithAccountSource(allocator, raw_config, null);
               ^
       /home/kain/onyx-server/src/daemon/server.zig:68782:5: 0x7166984 in createTestServer (root.zig)
           try server.initInPlace(allocator, config);
           ^
       /home/kain/onyx-server/src/daemon/server.zig:99007:24: 0x73ae86a in createTransport (root.zig)
               const server = try createTestServer(a, .{ .host = "127.0.0.1", .port = 0, .tls_cert_chain = &pair.chain13, .tls_signing_key = pair.tls.cfg13.signing_key });
                              ^
       /home/kain/onyx-server/src/daemon/server.zig:98998:9: 0x73b04ac in create (root.zig)
               return createTransport(suite, false);
               ^
       /home/kain/onyx-server/src/daemon/server.zig:127324:19: 0x772b464 in test.protected MEDIA browser JOIN: protected queue refusal leaves all original authority retryable (root.zig)
           var fixture = try Tls3ServerFixture.create(0x1301);
                         ^
error: 'daemon.server.test.protected MEDIA browser JOIN: changed Room or foreign Domain refuses before output and physical publication' failed:
       /usr/local/lib/zig-0.17/lib/zig/std/os/linux/IoUring.zig:64:18: 0x4856e6e in init_params (std.zig)
               .PERM => return error.PermissionDenied,
                        ^
       /usr/local/lib/zig-0.17/lib/zig/std/os/linux/IoUring.zig:32:12: 0x4857f4b in init (std.zig)
           return try IoUring.init_params(entries, &params);
                  ^
       /home/kain/onyx-server/src/daemon/ringlane.zig:169:28: 0x4b488f4 in init (root.zig)
               return .{ .inner = try IoUring.init(entries, features.setupFlags()), .features = features };
                                  ^
       /home/kain/onyx-server/src/daemon/server.zig:4914:55: 0x4b4aa35 in initReactor (root.zig)
                   if (ringlane.isUnsupportedInitError(err)) return error.Unsupported;
                                                             ^
       /home/kain/onyx-server/src/daemon/server.zig:5056:31: 0x4b51b31 in initInPlaceWithAccountSource (root.zig)
                   reactors[built] = try initReactor(allocator, shard_config, @intCast(built), reuse_port);
                                     ^
       /home/kain/onyx-server/src/daemon/server.zig:4963:9: 0x6bf20d4 in initInPlace (root.zig)
               return self.initInPlaceWithAccountSource(allocator, raw_config, null);
               ^
       /home/kain/onyx-server/src/daemon/server.zig:68782:5: 0x7166984 in createTestServer (root.zig)
           try server.initInPlace(allocator, config);
           ^
       /home/kain/onyx-server/src/daemon/server.zig:99007:24: 0x73ae86a in createTransport (root.zig)
               const server = try createTestServer(a, .{ .host = "127.0.0.1", .port = 0, .tls_cert_chain = &pair.chain13, .tls_signing_key = pair.tls.cfg13.signing_key });
                              ^
       /home/kain/onyx-server/src/daemon/server.zig:98998:9: 0x73b04ac in create (root.zig)
               return createTransport(suite, false);
               ^
       /home/kain/onyx-server/src/daemon/server.zig:127364:19: 0x77291ec in test.protected MEDIA browser JOIN: changed Room or foreign Domain refuses before output and physical publication (root.zig)
           var fixture = try Tls3ServerFixture.create(0x1301);
                         ^
error: 'daemon.server.test.protected MEDIA negotiation: offered capability is separate from agreement and no authority publishes' failed:
       /usr/local/lib/zig-0.17/lib/zig/std/os/linux/IoUring.zig:64:18: 0x4856e6e in init_params (std.zig)
               .PERM => return error.PermissionDenied,
                        ^
       /usr/local/lib/zig-0.17/lib/zig/std/os/linux/IoUring.zig:32:12: 0x4857f4b in init (std.zig)
           return try IoUring.init_params(entries, &params);
                  ^
       /home/kain/onyx-server/src/daemon/ringlane.zig:169:28: 0x4b488f4 in init (root.zig)
               return .{ .inner = try IoUring.init(entries, features.setupFlags()), .features = features };
                                  ^
       /home/kain/onyx-server/src/daemon/server.zig:4914:55: 0x4b4aa35 in initReactor (root.zig)
                   if (ringlane.isUnsupportedInitError(err)) return error.Unsupported;
                                                             ^
       /home/kain/onyx-server/src/daemon/server.zig:5056:31: 0x4b51b31 in initInPlaceWithAccountSource (root.zig)
                   reactors[built] = try initReactor(allocator, shard_config, @intCast(built), reuse_port);
                                     ^
       /home/kain/onyx-server/src/daemon/server.zig:4963:9: 0x6bf20d4 in initInPlace (root.zig)
               return self.initInPlaceWithAccountSource(allocator, raw_config, null);
               ^
       /home/kain/onyx-server/src/daemon/server.zig:68782:5: 0x7166984 in createTestServer (root.zig)
           try server.initInPlace(allocator, config);
           ^
       /home/kain/onyx-server/src/daemon/server.zig:99007:24: 0x73ae86a in createTransport (root.zig)
               const server = try createTestServer(a, .{ .host = "127.0.0.1", .port = 0, .tls_cert_chain = &pair.chain13, .tls_signing_key = pair.tls.cfg13.signing_key });
                              ^
       /home/kain/onyx-server/src/daemon/server.zig:98998:9: 0x73b04ac in create (root.zig)
               return createTransport(suite, false);
               ^
       /home/kain/onyx-server/src/daemon/server.zig:127390:19: 0x7727567 in test.protected MEDIA negotiation: offered capability is separate from agreement and no authority publishes (root.zig)
           var fixture = try Tls3ServerFixture.create(0x1301);
                         ^
error: 'daemon.server.test.protected MEDIA negotiation: actual shared profile rejects changed used values and ignores unused codec tails' failed:
       /usr/local/lib/zig-0.17/lib/zig/std/os/linux/IoUring.zig:64:18: 0x4856e6e in init_params (std.zig)
               .PERM => return error.PermissionDenied,
                        ^
       /usr/local/lib/zig-0.17/lib/zig/std/os/linux/IoUring.zig:32:12: 0x4857f4b in init (std.zig)
           return try IoUring.init_params(entries, &params);
                  ^
       /home/kain/onyx-server/src/daemon/ringlane.zig:169:28: 0x4b488f4 in init (root.zig)
               return .{ .inner = try IoUring.init(entries, features.setupFlags()), .features = features };
                                  ^
       /home/kain/onyx-server/src/daemon/server.zig:4914:55: 0x4b4aa35 in initReactor (root.zig)
                   if (ringlane.isUnsupportedInitError(err)) return error.Unsupported;
                                                             ^
       /home/kain/onyx-server/src/daemon/server.zig:5056:31: 0x4b51b31 in initInPlaceWithAccountSource (root.zig)
                   reactors[built] = try initReactor(allocator, shard_config, @intCast(built), reuse_port);
                                     ^
       /home/kain/onyx-server/src/daemon/server.zig:4963:9: 0x6bf20d4 in initInPlace (root.zig)
               return self.initInPlaceWithAccountSource(allocator, raw_config, null);
               ^
       /home/kain/onyx-server/src/daemon/server.zig:68782:5: 0x7166984 in createTestServer (root.zig)
           try server.initInPlace(allocator, config);
           ^
       /home/kain/onyx-server/src/daemon/server.zig:99007:24: 0x73ae86a in createTransport (root.zig)
               const server = try createTestServer(a, .{ .host = "127.0.0.1", .port = 0, .tls_cert_chain = &pair.chain13, .tls_signing_key = pair.tls.cfg13.signing_key });
                              ^
       /home/kain/onyx-server/src/daemon/server.zig:98998:9: 0x73b04ac in create (root.zig)
               return createTransport(suite, false);
               ^
       /home/kain/onyx-server/src/daemon/server.zig:127419:19: 0x7725d89 in test.protected MEDIA negotiation: actual shared profile rejects changed used values and ignores unused codec tails (root.zig)
           var fixture = try Tls3ServerFixture.create(0x1301);
                         ^
error: 'daemon.server.test.protected MEDIA negotiation: exact caller membership config and malformed input refuse before output' failed:
       /usr/local/lib/zig-0.17/lib/zig/std/os/linux/IoUring.zig:64:18: 0x4856e6e in init_params (std.zig)
               .PERM => return error.PermissionDenied,
                        ^
       /usr/local/lib/zig-0.17/lib/zig/std/os/linux/IoUring.zig:32:12: 0x4857f4b in init (std.zig)
           return try IoUring.init_params(entries, &params);
                  ^
       /home/kain/onyx-server/src/daemon/ringlane.zig:169:28: 0x4b488f4 in init (root.zig)
               return .{ .inner = try IoUring.init(entries, features.setupFlags()), .features = features };
                                  ^
       /home/kain/onyx-server/src/daemon/server.zig:4914:55: 0x4b4aa35 in initReactor (root.zig)
                   if (ringlane.isUnsupportedInitError(err)) return error.Unsupported;
                                                             ^
       /home/kain/onyx-server/src/daemon/server.zig:5056:31: 0x4b51b31 in initInPlaceWithAccountSource (root.zig)
                   reactors[built] = try initReactor(allocator, shard_config, @intCast(built), reuse_port);
                                     ^
       /home/kain/onyx-server/src/daemon/server.zig:4963:9: 0x6bf20d4 in initInPlace (root.zig)
               return self.initInPlaceWithAccountSource(allocator, raw_config, null);
               ^
       /home/kain/onyx-server/src/daemon/server.zig:68782:5: 0x7166984 in createTestServer (root.zig)
           try server.initInPlace(allocator, config);
           ^
       /home/kain/onyx-server/src/daemon/server.zig:99007:24: 0x73ae86a in createTransport (root.zig)
               const server = try createTestServer(a, .{ .host = "127.0.0.1", .port = 0, .tls_cert_chain = &pair.chain13, .tls_signing_key = pair.tls.cfg13.signing_key });
                              ^
       /home/kain/onyx-server/src/daemon/server.zig:98998:9: 0x73b04ac in create (root.zig)
               return createTransport(suite, false);
               ^
       /home/kain/onyx-server/src/daemon/server.zig:127457:19: 0x77242d0 in test.protected MEDIA negotiation: exact caller membership config and malformed input refuse before output (root.zig)
           var fixture = try Tls3ServerFixture.create(0x1301);
                         ^
error: 'daemon.server.test.protected MEDIA negotiation: every actual agreement OOM keeps source and retries on the same owner' failed:
       /usr/local/lib/zig-0.17/lib/zig/std/os/linux/IoUring.zig:64:18: 0x4856e6e in init_params (std.zig)
               .PERM => return error.PermissionDenied,
                        ^
       /usr/local/lib/zig-0.17/lib/zig/std/os/linux/IoUring.zig:32:12: 0x4857f4b in init (std.zig)
           return try IoUring.init_params(entries, &params);
                  ^
       /home/kain/onyx-server/src/daemon/ringlane.zig:169:28: 0x4b488f4 in init (root.zig)
               return .{ .inner = try IoUring.init(entries, features.setupFlags()), .features = features };
                                  ^
       /home/kain/onyx-server/src/daemon/server.zig:4914:55: 0x4b4aa35 in initReactor (root.zig)
                   if (ringlane.isUnsupportedInitError(err)) return error.Unsupported;
                                                             ^
       /home/kain/onyx-server/src/daemon/server.zig:5056:31: 0x4b51b31 in initInPlaceWithAccountSource (root.zig)
                   reactors[built] = try initReactor(allocator, shard_config, @intCast(built), reuse_port);
                                     ^
       /home/kain/onyx-server/src/daemon/server.zig:4963:9: 0x6bf20d4 in initInPlace (root.zig)
               return self.initInPlaceWithAccountSource(allocator, raw_config, null);
               ^
       /home/kain/onyx-server/src/daemon/server.zig:68782:5: 0x7166984 in createTestServer (root.zig)
           try server.initInPlace(allocator, config);
           ^
       /home/kain/onyx-server/src/daemon/server.zig:99007:24: 0x73ae86a in createTransport (root.zig)
               const server = try createTestServer(a, .{ .host = "127.0.0.1", .port = 0, .tls_cert_chain = &pair.chain13, .tls_signing_key = pair.tls.cfg13.signing_key });
                              ^
       /home/kain/onyx-server/src/daemon/server.zig:98998:9: 0x73b04ac in create (root.zig)
               return createTransport(suite, false);
               ^
       /home/kain/onyx-server/src/daemon/server.zig:127490:19: 0x771d5b0 in test.protected MEDIA negotiation: every actual agreement OOM keeps source and retries on the same owner (root.zig)
           var fixture = try Tls3ServerFixture.create(0x1301);
                         ^
error: 'daemon.server.test.protected MEDIA advertisement: actual native-only resource host and labeled secret bytes stage without RTC or authority publication' failed:
       /usr/local/lib/zig-0.17/lib/zig/std/os/linux/IoUring.zig:64:18: 0x4856e6e in init_params (std.zig)
               .PERM => return error.PermissionDenied,
                        ^
       /usr/local/lib/zig-0.17/lib/zig/std/os/linux/IoUring.zig:32:12: 0x4857f4b in init (std.zig)
           return try IoUring.init_params(entries, &params);
                  ^
       /home/kain/onyx-server/src/daemon/ringlane.zig:169:28: 0x4b488f4 in init (root.zig)
               return .{ .inner = try IoUring.init(entries, features.setupFlags()), .features = features };
                                  ^
       /home/kain/onyx-server/src/daemon/server.zig:4914:55: 0x4b4aa35 in initReactor (root.zig)
                   if (ringlane.isUnsupportedInitError(err)) return error.Unsupported;
                                                             ^
       /home/kain/onyx-server/src/daemon/server.zig:5056:31: 0x4b51b31 in initInPlaceWithAccountSource (root.zig)
                   reactors[built] = try initReactor(allocator, shard_config, @intCast(built), reuse_port);
                                     ^
       /home/kain/onyx-server/src/daemon/server.zig:4963:9: 0x6bf20d4 in initInPlace (root.zig)
               return self.initInPlaceWithAccountSource(allocator, raw_config, null);
               ^
       /home/kain/onyx-server/src/daemon/server.zig:68782:5: 0x7166984 in createTestServer (root.zig)
           try server.initInPlace(allocator, config);
           ^
       /home/kain/onyx-server/src/daemon/server.zig:99007:24: 0x73ae86a in createTransport (root.zig)
               const server = try createTestServer(a, .{ .host = "127.0.0.1", .port = 0, .tls_cert_chain = &pair.chain13, .tls_signing_key = pair.tls.cfg13.signing_key });
                              ^
       /home/kain/onyx-server/src/daemon/server.zig:98998:9: 0x73b04ac in create (root.zig)
               return createTransport(suite, false);
               ^
       /home/kain/onyx-server/src/daemon/server.zig:127535:19: 0x73d33ef in create (root.zig)
               var tls = try Tls3ServerFixture.create(0x1301);
                         ^
       /home/kain/onyx-server/src/daemon/server.zig:127569:19: 0x771a377 in test.protected MEDIA advertisement: actual native-only resource host and labeled secret bytes stage without RTC or authority publication (root.zig)
           var fixture = try MediaAdvertisementsTestFixture.create();
                         ^
error: 'daemon.server.test.protected MEDIA advertisement: missing actual TLS refuses before capture and original owner retries' failed:
       /usr/local/lib/zig-0.17/lib/zig/std/os/linux/IoUring.zig:64:18: 0x4856e6e in init_params (std.zig)
               .PERM => return error.PermissionDenied,
                        ^
       /usr/local/lib/zig-0.17/lib/zig/std/os/linux/IoUring.zig:32:12: 0x4857f4b in init (std.zig)
           return try IoUring.init_params(entries, &params);
                  ^
       /home/kain/onyx-server/src/daemon/ringlane.zig:169:28: 0x4b488f4 in init (root.zig)
               return .{ .inner = try IoUring.init(entries, features.setupFlags()), .features = features };
                                  ^
       /home/kain/onyx-server/src/daemon/server.zig:4914:55: 0x4b4aa35 in initReactor (root.zig)
                   if (ringlane.isUnsupportedInitError(err)) return error.Unsupported;
                                                             ^
       /home/kain/onyx-server/src/daemon/server.zig:5056:31: 0x4b51b31 in initInPlaceWithAccountSource (root.zig)
                   reactors[built] = try initReactor(allocator, shard_config, @intCast(built), reuse_port);
                                     ^
       /home/kain/onyx-server/src/daemon/server.zig:4963:9: 0x6bf20d4 in initInPlace (root.zig)
               return self.initInPlaceWithAccountSource(allocator, raw_config, null);
               ^
       /home/kain/onyx-server/src/daemon/server.zig:68782:5: 0x7166984 in createTestServer (root.zig)
           try server.initInPlace(allocator, config);
           ^
       /home/kain/onyx-server/src/daemon/server.zig:99007:24: 0x73ae86a in createTransport (root.zig)
               const server = try createTestServer(a, .{ .host = "127.0.0.1", .port = 0, .tls_cert_chain = &pair.chain13, .tls_signing_key = pair.tls.cfg13.signing_key });
                              ^
       /home/kain/onyx-server/src/daemon/server.zig:98998:9: 0x73b04ac in create (root.zig)
               return createTransport(suite, false);
               ^
       /home/kain/onyx-server/src/daemon/server.zig:127535:19: 0x73d33ef in create (root.zig)
               var tls = try Tls3ServerFixture.create(0x1301);
                         ^
       /home/kain/onyx-server/src/daemon/server.zig:127614:19: 0x73d768c in test.protected MEDIA advertisement: missing actual TLS refuses before capture and original owner retries (root.zig)
           var fixture = try MediaAdvertisementsTestFixture.create();
                         ^
error: 'daemon.server.test.protected MEDIA advertisement: actual held port discovery and config changes refuse final relation then original plans retry' failed:
       /usr/local/lib/zig-0.17/lib/zig/std/os/linux/IoUring.zig:64:18: 0x4856e6e in init_params (std.zig)
               .PERM => return error.PermissionDenied,
                        ^
       /usr/local/lib/zig-0.17/lib/zig/std/os/linux/IoUring.zig:32:12: 0x4857f4b in init (std.zig)
           return try IoUring.init_params(entries, &params);
                  ^
       /home/kain/onyx-server/src/daemon/ringlane.zig:169:28: 0x4b488f4 in init (root.zig)
               return .{ .inner = try IoUring.init(entries, features.setupFlags()), .features = features };
                                  ^
       /home/kain/onyx-server/src/daemon/server.zig:4914:55: 0x4b4aa35 in initReactor (root.zig)
                   if (ringlane.isUnsupportedInitError(err)) return error.Unsupported;
                                                             ^
       /home/kain/onyx-server/src/daemon/server.zig:5056:31: 0x4b51b31 in initInPlaceWithAccountSource (root.zig)
                   reactors[built] = try initReactor(allocator, shard_config, @intCast(built), reuse_port);
                                     ^
       /home/kain/onyx-server/src/daemon/server.zig:4963:9: 0x6bf20d4 in initInPlace (root.zig)
               return self.initInPlaceWithAccountSource(allocator, raw_config, null);
               ^
       /home/kain/onyx-server/src/daemon/server.zig:68782:5: 0x7166984 in createTestServer (root.zig)
           try server.initInPlace(allocator, config);
           ^
       /home/kain/onyx-server/src/daemon/server.zig:99007:24: 0x73ae86a in createTransport (root.zig)
               const server = try createTestServer(a, .{ .host = "127.0.0.1", .port = 0, .tls_cert_chain = &pair.chain13, .tls_signing_key = pair.tls.cfg13.signing_key });
                              ^
       /home/kain/onyx-server/src/daemon/server.zig:98998:9: 0x73b04ac in create (root.zig)
               return createTransport(suite, false);
               ^
       /home/kain/onyx-server/src/daemon/server.zig:127535:19: 0x73d33ef in create (root.zig)
               var tls = try Tls3ServerFixture.create(0x1301);
                         ^
       /home/kain/onyx-server/src/daemon/server.zig:127645:19: 0x73d5739 in test.protected MEDIA advertisement: actual held port discovery and config changes refuse final relation then original plans retry (root.zig)
           var fixture = try MediaAdvertisementsTestFixture.create();
                         ^
error: 'daemon.server.test.protected MEDIA advertisement: independently valid foreign agreed FEC refuses before output or route publishes' failed:
       /usr/local/lib/zig-0.17/lib/zig/std/os/linux/IoUring.zig:64:18: 0x4856e6e in init_params (std.zig)
               .PERM => return error.PermissionDenied,
                        ^
       /usr/local/lib/zig-0.17/lib/zig/std/os/linux/IoUring.zig:32:12: 0x4857f4b in init (std.zig)
           return try IoUring.init_params(entries, &params);
                  ^
       /home/kain/onyx-server/src/daemon/ringlane.zig:169:28: 0x4b488f4 in init (root.zig)
               return .{ .inner = try IoUring.init(entries, features.setupFlags()), .features = features };
                                  ^
       /home/kain/onyx-server/src/daemon/server.zig:4914:55: 0x4b4aa35 in initReactor (root.zig)
                   if (ringlane.isUnsupportedInitError(err)) return error.Unsupported;
                                                             ^
       /home/kain/onyx-server/src/daemon/server.zig:5056:31: 0x4b51b31 in initInPlaceWithAccountSource (root.zig)
                   reactors[built] = try initReactor(allocator, shard_config, @intCast(built), reuse_port);
                                     ^
       /home/kain/onyx-server/src/daemon/server.zig:4963:9: 0x6bf20d4 in initInPlace (root.zig)
               return self.initInPlaceWithAccountSource(allocator, raw_config, null);
               ^
       /home/kain/onyx-server/src/daemon/server.zig:68782:5: 0x7166984 in createTestServer (root.zig)
           try server.initInPlace(allocator, config);
           ^
       /home/kain/onyx-server/src/daemon/server.zig:99007:24: 0x73ae86a in createTransport (root.zig)
               const server = try createTestServer(a, .{ .host = "127.0.0.1", .port = 0, .tls_cert_chain = &pair.chain13, .tls_signing_key = pair.tls.cfg13.signing_key });
                              ^
       /home/kain/onyx-server/src/daemon/server.zig:98998:9: 0x73b04ac in create (root.zig)
               return createTransport(suite, false);
               ^
       /home/kain/onyx-server/src/daemon/server.zig:127535:19: 0x73d33ef in create (root.zig)
               var tls = try Tls3ServerFixture.create(0x1301);
                         ^
       /home/kain/onyx-server/src/daemon/server.zig:127688:19: 0x73d3e49 in test.protected MEDIA advertisement: independently valid foreign agreed FEC refuses before output or route publishes (root.zig)
           var fixture = try MediaAdvertisementsTestFixture.create();
                         ^
error: 'daemon.server.test.protected MEDIA complete departure: all actual physical rows retire in one cut and same-nick sibling survives' failed:
       /usr/local/lib/zig-0.17/lib/zig/std/os/linux/IoUring.zig:64:18: 0x4856e6e in init_params (std.zig)
               .PERM => return error.PermissionDenied,
                        ^
       /usr/local/lib/zig-0.17/lib/zig/std/os/linux/IoUring.zig:32:12: 0x4857f4b in init (std.zig)
           return try IoUring.init_params(entries, &params);
                  ^
       /home/kain/onyx-server/src/daemon/ringlane.zig:169:28: 0x4b488f4 in init (root.zig)
               return .{ .inner = try IoUring.init(entries, features.setupFlags()), .features = features };
                                  ^
       /home/kain/onyx-server/src/daemon/server.zig:4914:55: 0x4b4aa35 in initReactor (root.zig)
                   if (ringlane.isUnsupportedInitError(err)) return error.Unsupported;
                                                             ^
       /home/kain/onyx-server/src/daemon/server.zig:5056:31: 0x4b51b31 in initInPlaceWithAccountSource (root.zig)
                   reactors[built] = try initReactor(allocator, shard_config, @intCast(built), reuse_port);
                                     ^
       /home/kain/onyx-server/src/daemon/server.zig:4963:9: 0x6bf20d4 in initInPlace (root.zig)
               return self.initInPlaceWithAccountSource(allocator, raw_config, null);
               ^
       /home/kain/onyx-server/src/daemon/server.zig:68782:5: 0x7166984 in createTestServer (root.zig)
           try server.initInPlace(allocator, config);
           ^
       /home/kain/onyx-server/src/daemon/server.zig:99007:24: 0x73ae86a in createTransport (root.zig)
               const server = try createTestServer(a, .{ .host = "127.0.0.1", .port = 0, .tls_cert_chain = &pair.chain13, .tls_signing_key = pair.tls.cfg13.signing_key });
                              ^
       /home/kain/onyx-server/src/daemon/server.zig:98998:9: 0x73b04ac in create (root.zig)
               return createTransport(suite, false);
               ^
       /home/kain/onyx-server/src/daemon/server.zig:127779:19: 0x73cece7 in test.protected MEDIA complete departure: all actual physical rows retire in one cut and same-nick sibling survives (root.zig)
           var fixture = try Tls3ServerFixture.create(0x1301);
                         ^
error: 'daemon.server.test.protected MEDIA complete departure: changed sibling row or original attachment refuses before any retirement' failed:
       /usr/local/lib/zig-0.17/lib/zig/std/os/linux/IoUring.zig:64:18: 0x4856e6e in init_params (std.zig)
               .PERM => return error.PermissionDenied,
                        ^
       /usr/local/lib/zig-0.17/lib/zig/std/os/linux/IoUring.zig:32:12: 0x4857f4b in init (std.zig)
           return try IoUring.init_params(entries, &params);
                  ^
       /home/kain/onyx-server/src/daemon/ringlane.zig:169:28: 0x4b488f4 in init (root.zig)
               return .{ .inner = try IoUring.init(entries, features.setupFlags()), .features = features };
                                  ^
       /home/kain/onyx-server/src/daemon/server.zig:4914:55: 0x4b4aa35 in initReactor (root.zig)
                   if (ringlane.isUnsupportedInitError(err)) return error.Unsupported;
                                                             ^
       /home/kain/onyx-server/src/daemon/server.zig:5056:31: 0x4b51b31 in initInPlaceWithAccountSource (root.zig)
                   reactors[built] = try initReactor(allocator, shard_config, @intCast(built), reuse_port);
                                     ^
       /home/kain/onyx-server/src/daemon/server.zig:4963:9: 0x6bf20d4 in initInPlace (root.zig)
               return self.initInPlaceWithAccountSource(allocator, raw_config, null);
               ^
       /home/kain/onyx-server/src/daemon/server.zig:68782:5: 0x7166984 in createTestServer (root.zig)
           try server.initInPlace(allocator, config);
           ^
       /home/kain/onyx-server/src/daemon/server.zig:99007:24: 0x73ae86a in createTransport (root.zig)
               const server = try createTestServer(a, .{ .host = "127.0.0.1", .port = 0, .tls_cert_chain = &pair.chain13, .tls_signing_key = pair.tls.cfg13.signing_key });
                              ^
       /home/kain/onyx-server/src/daemon/server.zig:98998:9: 0x73b04ac in create (root.zig)
               return createTransport(suite, false);
               ^
       /home/kain/onyx-server/src/daemon/server.zig:127824:19: 0x73ccae7 in test.protected MEDIA complete departure: changed sibling row or original attachment refuses before any retirement (root.zig)
           var fixture = try Tls3ServerFixture.create(0x1301);
                         ^
error: 'daemon.server.test.protected MEDIA complete departure: mismatched genuine Domain census refuses Server row removal' failed:
       /usr/local/lib/zig-0.17/lib/zig/std/os/linux/IoUring.zig:64:18: 0x4856e6e in init_params (std.zig)
               .PERM => return error.PermissionDenied,
                        ^
       /usr/local/lib/zig-0.17/lib/zig/std/os/linux/IoUring.zig:32:12: 0x4857f4b in init (std.zig)
           return try IoUring.init_params(entries, &params);
                  ^
       /home/kain/onyx-server/src/daemon/ringlane.zig:169:28: 0x4b488f4 in init (root.zig)
               return .{ .inner = try IoUring.init(entries, features.setupFlags()), .features = features };
                                  ^
       /home/kain/onyx-server/src/daemon/server.zig:4914:55: 0x4b4aa35 in initReactor (root.zig)
                   if (ringlane.isUnsupportedInitError(err)) return error.Unsupported;
                                                             ^
       /home/kain/onyx-server/src/daemon/server.zig:5056:31: 0x4b51b31 in initInPlaceWithAccountSource (root.zig)
                   reactors[built] = try initReactor(allocator, shard_config, @intCast(built), reuse_port);
                                     ^
       /home/kain/onyx-server/src/daemon/server.zig:4963:9: 0x6bf20d4 in initInPlace (root.zig)
               return self.initInPlaceWithAccountSource(allocator, raw_config, null);
               ^
       /home/kain/onyx-server/src/daemon/server.zig:68782:5: 0x7166984 in createTestServer (root.zig)
           try server.initInPlace(allocator, config);
           ^
       /home/kain/onyx-server/src/daemon/server.zig:99007:24: 0x73ae86a in createTransport (root.zig)
               const server = try createTestServer(a, .{ .host = "127.0.0.1", .port = 0, .tls_cert_chain = &pair.chain13, .tls_signing_key = pair.tls.cfg13.signing_key });
                              ^
       /home/kain/onyx-server/src/daemon/server.zig:98998:9: 0x73b04ac in create (root.zig)
               return createTransport(suite, false);
               ^
       /home/kain/onyx-server/src/daemon/server.zig:127856:19: 0x73cac27 in test.protected MEDIA complete departure: mismatched genuine Domain census refuses Server row removal (root.zig)
           var fixture = try Tls3ServerFixture.create(0x1301);
                         ^
error: 'daemon.server.test.protected MEDIA complete departure: every metadata OOM keeps exact original row and same-owner retry' failed:
       /usr/local/lib/zig-0.17/lib/zig/std/os/linux/IoUring.zig:64:18: 0x4856e6e in init_params (std.zig)
               .PERM => return error.PermissionDenied,
                        ^
       /usr/local/lib/zig-0.17/lib/zig/std/os/linux/IoUring.zig:32:12: 0x4857f4b in init (std.zig)
           return try IoUring.init_params(entries, &params);
                  ^
       /home/kain/onyx-server/src/daemon/ringlane.zig:169:28: 0x4b488f4 in init (root.zig)
               return .{ .inner = try IoUring.init(entries, features.setupFlags()), .features = features };
                                  ^
       /home/kain/onyx-server/src/daemon/server.zig:4914:55: 0x4b4aa35 in initReactor (root.zig)
                   if (ringlane.isUnsupportedInitError(err)) return error.Unsupported;
                                                             ^
       /home/kain/onyx-server/src/daemon/server.zig:5056:31: 0x4b51b31 in initInPlaceWithAccountSource (root.zig)
                   reactors[built] = try initReactor(allocator, shard_config, @intCast(built), reuse_port);
                                     ^
       /home/kain/onyx-server/src/daemon/server.zig:4963:9: 0x6bf20d4 in initInPlace (root.zig)
               return self.initInPlaceWithAccountSource(allocator, raw_config, null);
               ^
       /home/kain/onyx-server/src/daemon/server.zig:68782:5: 0x7166984 in createTestServer (root.zig)
           try server.initInPlace(allocator, config);
           ^
       /home/kain/onyx-server/src/daemon/server.zig:99007:24: 0x73ae86a in createTransport (root.zig)
               const server = try createTestServer(a, .{ .host = "127.0.0.1", .port = 0, .tls_cert_chain = &pair.chain13, .tls_signing_key = pair.tls.cfg13.signing_key });
                              ^
       /home/kain/onyx-server/src/daemon/server.zig:98998:9: 0x73b04ac in create (root.zig)
               return createTransport(suite, false);
               ^
       /home/kain/onyx-server/src/daemon/server.zig:127880:19: 0x73c67cb in test.protected MEDIA complete departure: every metadata OOM keeps exact original row and same-owner retry (root.zig)
           var fixture = try Tls3ServerFixture.create(0x1301);
                         ^
error: 'daemon.server.test.protected MEDIA dispatch: actual disabled module retains label and refuses before handler authority' failed:
       /usr/local/lib/zig-0.17/lib/zig/std/os/linux/IoUring.zig:64:18: 0x4856e6e in init_params (std.zig)
               .PERM => return error.PermissionDenied,
                        ^
       /usr/local/lib/zig-0.17/lib/zig/std/os/linux/IoUring.zig:32:12: 0x4857f4b in init (std.zig)
           return try IoUring.init_params(entries, &params);
                  ^
       /home/kain/onyx-server/src/daemon/ringlane.zig:169:28: 0x4b488f4 in init (root.zig)
               return .{ .inner = try IoUring.init(entries, features.setupFlags()), .features = features };
                                  ^
       /home/kain/onyx-server/src/daemon/server.zig:4914:55: 0x4b4aa35 in initReactor (root.zig)
                   if (ringlane.isUnsupportedInitError(err)) return error.Unsupported;
                                                             ^
       /home/kain/onyx-server/src/daemon/server.zig:5056:31: 0x4b51b31 in initInPlaceWithAccountSource (root.zig)
                   reactors[built] = try initReactor(allocator, shard_config, @intCast(built), reuse_port);
                                     ^
       /home/kain/onyx-server/src/daemon/server.zig:4963:9: 0x6bf20d4 in initInPlace (root.zig)
               return self.initInPlaceWithAccountSource(allocator, raw_config, null);
               ^
       /home/kain/onyx-server/src/daemon/server.zig:68782:5: 0x7166984 in createTestServer (root.zig)
           try server.initInPlace(allocator, config);
           ^
       /home/kain/onyx-server/src/daemon/server.zig:99007:24: 0x73ae86a in createTransport (root.zig)
               const server = try createTestServer(a, .{ .host = "127.0.0.1", .port = 0, .tls_cert_chain = &pair.chain13, .tls_signing_key = pair.tls.cfg13.signing_key });
                              ^
       /home/kain/onyx-server/src/daemon/server.zig:98998:9: 0x73b04ac in create (root.zig)
               return createTransport(suite, false);
               ^
       /home/kain/onyx-server/src/daemon/server.zig:127936:19: 0x73c3ec7 in test.protected MEDIA dispatch: actual disabled module retains label and refuses before handler authority (root.zig)
           var fixture = try Tls3ServerFixture.create(0x1301);
                         ^
error: 'daemon.server.test.protected MEDIA dispatch: malformed real OFFER uses actual spine with one labeled or unlabeled TLS reply and restores turn' failed:
       /usr/local/lib/zig-0.17/lib/zig/std/os/linux/IoUring.zig:64:18: 0x4856e6e in init_params (std.zig)
               .PERM => return error.PermissionDenied,
                        ^
       /usr/local/lib/zig-0.17/lib/zig/std/os/linux/IoUring.zig:32:12: 0x4857f4b in init (std.zig)
           return try IoUring.init_params(entries, &params);
                  ^
       /home/kain/onyx-server/src/daemon/ringlane.zig:169:28: 0x4b488f4 in init (root.zig)
               return .{ .inner = try IoUring.init(entries, features.setupFlags()), .features = features };
                                  ^
       /home/kain/onyx-server/src/daemon/server.zig:4914:55: 0x4b4aa35 in initReactor (root.zig)
                   if (ringlane.isUnsupportedInitError(err)) return error.Unsupported;
                                                             ^
       /home/kain/onyx-server/src/daemon/server.zig:5056:31: 0x4b51b31 in initInPlaceWithAccountSource (root.zig)
                   reactors[built] = try initReactor(allocator, shard_config, @intCast(built), reuse_port);
                                     ^
       /home/kain/onyx-server/src/daemon/server.zig:4963:9: 0x6bf20d4 in initInPlace (root.zig)
               return self.initInPlaceWithAccountSource(allocator, raw_config, null);
               ^
       /home/kain/onyx-server/src/daemon/server.zig:68782:5: 0x7166984 in createTestServer (root.zig)
           try server.initInPlace(allocator, config);
           ^
       /home/kain/onyx-server/src/daemon/server.zig:99007:24: 0x73ae86a in createTransport (root.zig)
               const server = try createTestServer(a, .{ .host = "127.0.0.1", .port = 0, .tls_cert_chain = &pair.chain13, .tls_signing_key = pair.tls.cfg13.signing_key });
                              ^
       /home/kain/onyx-server/src/daemon/server.zig:98998:9: 0x73b04ac in create (root.zig)
               return createTransport(suite, false);
               ^
       /home/kain/onyx-server/src/daemon/server.zig:127962:23: 0x73c2d16 in test.protected MEDIA dispatch: malformed real OFFER uses actual spine with one labeled or unlabeled TLS reply and restores turn (root.zig)
               var fixture = try Tls3ServerFixture.create(0x1301);
                             ^
error: 'daemon.server.test.protected MEDIA caller: registered OFFER and reduced ANSWER publish exact encrypted native credentials without JOIN' failed:
       /usr/local/lib/zig-0.17/lib/zig/std/os/linux/IoUring.zig:64:18: 0x4856e6e in init_params (std.zig)
               .PERM => return error.PermissionDenied,
                        ^
       /usr/local/lib/zig-0.17/lib/zig/std/os/linux/IoUring.zig:32:12: 0x4857f4b in init (std.zig)
           return try IoUring.init_params(entries, &params);
                  ^
       /home/kain/onyx-server/src/daemon/ringlane.zig:169:28: 0x4b488f4 in init (root.zig)
               return .{ .inner = try IoUring.init(entries, features.setupFlags()), .features = features };
                                  ^
       /home/kain/onyx-server/src/daemon/server.zig:4914:55: 0x4b4aa35 in initReactor (root.zig)
                   if (ringlane.isUnsupportedInitError(err)) return error.Unsupported;
                                                             ^
       /home/kain/onyx-server/src/daemon/server.zig:5056:31: 0x4b51b31 in initInPlaceWithAccountSource (root.zig)
                   reactors[built] = try initReactor(allocator, shard_config, @intCast(built), reuse_port);
                                     ^
       /home/kain/onyx-server/src/daemon/server.zig:4963:9: 0x6bf20d4 in initInPlace (root.zig)
               return self.initInPlaceWithAccountSource(allocator, raw_config, null);
               ^
       /home/kain/onyx-server/src/daemon/server.zig:68782:5: 0x7166984 in createTestServer (root.zig)
           try server.initInPlace(allocator, config);
           ^
       /home/kain/onyx-server/src/daemon/server.zig:99007:24: 0x73ae86a in createTransport (root.zig)
               const server = try createTestServer(a, .{ .host = "127.0.0.1", .port = 0, .tls_cert_chain = &pair.chain13, .tls_signing_key = pair.tls.cfg13.signing_key });
                              ^
       /home/kain/onyx-server/src/daemon/server.zig:98998:9: 0x73b04ac in create (root.zig)
               return createTransport(suite, false);
               ^
       /home/kain/onyx-server/src/daemon/server.zig:127991:19: 0x73b054d in create (root.zig)
               var tls = try Tls3ServerFixture.create(0x1301);
                         ^
       /home/kain/onyx-server/src/daemon/server.zig:128059:19: 0x73bf032 in test.protected MEDIA caller: registered OFFER and reduced ANSWER publish exact encrypted native credentials without JOIN (root.zig)
           var fixture = try RegisteredMediaCallerFixture.create(true);
                         ^
error: 'daemon.server.test.protected MEDIA caller: actual plaintext OFFER refuses native publication despite TLS label then same owner succeeds' failed:
       /usr/local/lib/zig-0.17/lib/zig/std/os/linux/IoUring.zig:64:18: 0x4856e6e in init_params (std.zig)
               .PERM => return error.PermissionDenied,
                        ^
       /usr/local/lib/zig-0.17/lib/zig/std/os/linux/IoUring.zig:32:12: 0x4857f4b in init (std.zig)
           return try IoUring.init_params(entries, &params);
                  ^
       /home/kain/onyx-server/src/daemon/ringlane.zig:169:28: 0x4b488f4 in init (root.zig)
               return .{ .inner = try IoUring.init(entries, features.setupFlags()), .features = features };
                                  ^
       /home/kain/onyx-server/src/daemon/server.zig:4914:55: 0x4b4aa35 in initReactor (root.zig)
                   if (ringlane.isUnsupportedInitError(err)) return error.Unsupported;
                                                             ^
       /home/kain/onyx-server/src/daemon/server.zig:5056:31: 0x4b51b31 in initInPlaceWithAccountSource (root.zig)
                   reactors[built] = try initReactor(allocator, shard_config, @intCast(built), reuse_port);
                                     ^
       /home/kain/onyx-server/src/daemon/server.zig:4963:9: 0x6bf20d4 in initInPlace (root.zig)
               return self.initInPlaceWithAccountSource(allocator, raw_config, null);
               ^
       /home/kain/onyx-server/src/daemon/server.zig:68782:5: 0x7166984 in createTestServer (root.zig)
           try server.initInPlace(allocator, config);
           ^
       /home/kain/onyx-server/src/daemon/server.zig:99007:24: 0x73ae86a in createTransport (root.zig)
               const server = try createTestServer(a, .{ .host = "127.0.0.1", .port = 0, .tls_cert_chain = &pair.chain13, .tls_signing_key = pair.tls.cfg13.signing_key });
                              ^
       /home/kain/onyx-server/src/daemon/server.zig:98998:9: 0x73b04ac in create (root.zig)
               return createTransport(suite, false);
               ^
       /home/kain/onyx-server/src/daemon/server.zig:127991:19: 0x73b054d in create (root.zig)
               var tls = try Tls3ServerFixture.create(0x1301);
                         ^
       /home/kain/onyx-server/src/daemon/server.zig:128113:19: 0x73bdbf5 in test.protected MEDIA caller: actual plaintext OFFER refuses native publication despite TLS label then same owner succeeds (root.zig)
           var fixture = try RegisteredMediaCallerFixture.create(true);
                         ^
error: 'daemon.server.test.protected MEDIA caller: late real protected queue refusal leaves route profile TLS and label retryable' failed:
       /usr/local/lib/zig-0.17/lib/zig/std/os/linux/IoUring.zig:64:18: 0x4856e6e in init_params (std.zig)
               .PERM => return error.PermissionDenied,
                        ^
       /usr/local/lib/zig-0.17/lib/zig/std/os/linux/IoUring.zig:32:12: 0x4857f4b in init (std.zig)
           return try IoUring.init_params(entries, &params);
                  ^
       /home/kain/onyx-server/src/daemon/ringlane.zig:169:28: 0x4b488f4 in init (root.zig)
               return .{ .inner = try IoUring.init(entries, features.setupFlags()), .features = features };
                                  ^
       /home/kain/onyx-server/src/daemon/server.zig:4914:55: 0x4b4aa35 in initReactor (root.zig)
                   if (ringlane.isUnsupportedInitError(err)) return error.Unsupported;
                                                             ^
       /home/kain/onyx-server/src/daemon/server.zig:5056:31: 0x4b51b31 in initInPlaceWithAccountSource (root.zig)
                   reactors[built] = try initReactor(allocator, shard_config, @intCast(built), reuse_port);
                                     ^
       /home/kain/onyx-server/src/daemon/server.zig:4963:9: 0x6bf20d4 in initInPlace (root.zig)
               return self.initInPlaceWithAccountSource(allocator, raw_config, null);
               ^
       /home/kain/onyx-server/src/daemon/server.zig:68782:5: 0x7166984 in createTestServer (root.zig)
           try server.initInPlace(allocator, config);
           ^
       /home/kain/onyx-server/src/daemon/server.zig:99007:24: 0x73ae86a in createTransport (root.zig)
               const server = try createTestServer(a, .{ .host = "127.0.0.1", .port = 0, .tls_cert_chain = &pair.chain13, .tls_signing_key = pair.tls.cfg13.signing_key });
                              ^
       /home/kain/onyx-server/src/daemon/server.zig:98998:9: 0x73b04ac in create (root.zig)
               return createTransport(suite, false);
               ^
       /home/kain/onyx-server/src/daemon/server.zig:127991:19: 0x73b054d in create (root.zig)
               var tls = try Tls3ServerFixture.create(0x1301);
                         ^
       /home/kain/onyx-server/src/daemon/server.zig:128147:19: 0x73bc3dc in test.protected MEDIA caller: late real protected queue refusal leaves route profile TLS and label retryable (root.zig)
           var fixture = try RegisteredMediaCallerFixture.create(true);
                         ^
error: 'daemon.server.test.protected MEDIA caller: actual browser JOIN refuses plaintext before physical Room E2EE and MACKEY then retries securely' failed:
       /usr/local/lib/zig-0.17/lib/zig/std/os/linux/IoUring.zig:64:18: 0x4856e6e in init_params (std.zig)
               .PERM => return error.PermissionDenied,
                        ^
       /usr/local/lib/zig-0.17/lib/zig/std/os/linux/IoUring.zig:32:12: 0x4857f4b in init (std.zig)
           return try IoUring.init_params(entries, &params);
                  ^
       /home/kain/onyx-server/src/daemon/ringlane.zig:169:28: 0x4b488f4 in init (root.zig)
               return .{ .inner = try IoUring.init(entries, features.setupFlags()), .features = features };
                                  ^
       /home/kain/onyx-server/src/daemon/server.zig:4914:55: 0x4b4aa35 in initReactor (root.zig)
                   if (ringlane.isUnsupportedInitError(err)) return error.Unsupported;
                                                             ^
       /home/kain/onyx-server/src/daemon/server.zig:5056:31: 0x4b51b31 in initInPlaceWithAccountSource (root.zig)
                   reactors[built] = try initReactor(allocator, shard_config, @intCast(built), reuse_port);
                                     ^
       /home/kain/onyx-server/src/daemon/server.zig:4963:9: 0x6bf20d4 in initInPlace (root.zig)
               return self.initInPlaceWithAccountSource(allocator, raw_config, null);
               ^
       /home/kain/onyx-server/src/daemon/server.zig:68782:5: 0x7166984 in createTestServer (root.zig)
           try server.initInPlace(allocator, config);
           ^
       /home/kain/onyx-server/src/daemon/server.zig:99007:24: 0x73ae86a in createTransport (root.zig)
               const server = try createTestServer(a, .{ .host = "127.0.0.1", .port = 0, .tls_cert_chain = &pair.chain13, .tls_signing_key = pair.tls.cfg13.signing_key });
                              ^
       /home/kain/onyx-server/src/daemon/server.zig:98998:9: 0x73b04ac in create (root.zig)
               return createTransport(suite, false);
               ^
       /home/kain/onyx-server/src/daemon/server.zig:127991:19: 0x73b054d in create (root.zig)
               var tls = try Tls3ServerFixture.create(0x1301);
                         ^
       /home/kain/onyx-server/src/daemon/server.zig:128182:19: 0x73b9135 in test.protected MEDIA caller: actual browser JOIN refuses plaintext before physical Room E2EE and MACKEY then retries securely (root.zig)
           var fixture = try RegisteredMediaCallerFixture.create(false);
                         ^
error: 'daemon.server.test.protected MEDIA caller: public plaintext negotiation retains exact agreement without endpoint secrets or UDP authority' failed:
       /usr/local/lib/zig-0.17/lib/zig/std/os/linux/IoUring.zig:64:18: 0x4856e6e in init_params (std.zig)
               .PERM => return error.PermissionDenied,
                        ^
       /usr/local/lib/zig-0.17/lib/zig/std/os/linux/IoUring.zig:32:12: 0x4857f4b in init (std.zig)
           return try IoUring.init_params(entries, &params);
                  ^
       /home/kain/onyx-server/src/daemon/ringlane.zig:169:28: 0x4b488f4 in init (root.zig)
               return .{ .inner = try IoUring.init(entries, features.setupFlags()), .features = features };
                                  ^
       /home/kain/onyx-server/src/daemon/server.zig:4914:55: 0x4b4aa35 in initReactor (root.zig)
                   if (ringlane.isUnsupportedInitError(err)) return error.Unsupported;
                                                             ^
       /home/kain/onyx-server/src/daemon/server.zig:5056:31: 0x4b51b31 in initInPlaceWithAccountSource (root.zig)
                   reactors[built] = try initReactor(allocator, shard_config, @intCast(built), reuse_port);
                                     ^
       /home/kain/onyx-server/src/daemon/server.zig:4963:9: 0x6bf20d4 in initInPlace (root.zig)
               return self.initInPlaceWithAccountSource(allocator, raw_config, null);
               ^
       /home/kain/onyx-server/src/daemon/server.zig:68782:5: 0x7166984 in createTestServer (root.zig)
           try server.initInPlace(allocator, config);
           ^
       /home/kain/onyx-server/src/daemon/server.zig:99007:24: 0x73ae86a in createTransport (root.zig)
               const server = try createTestServer(a, .{ .host = "127.0.0.1", .port = 0, .tls_cert_chain = &pair.chain13, .tls_signing_key = pair.tls.cfg13.signing_key });
                              ^
       /home/kain/onyx-server/src/daemon/server.zig:98998:9: 0x73b04ac in create (root.zig)
               return createTransport(suite, false);
               ^
       /home/kain/onyx-server/src/daemon/server.zig:127991:19: 0x73b054d in create (root.zig)
               var tls = try Tls3ServerFixture.create(0x1301);
                         ^
       /home/kain/onyx-server/src/daemon/server.zig:128227:19: 0x73b6ae5 in test.protected MEDIA caller: public plaintext negotiation retains exact agreement without endpoint secrets or UDP authority (root.zig)
           var fixture = try RegisteredMediaCallerFixture.create(false);
                         ^
error: 'daemon.server.test.protected MEDIA caller: real logical JOIN binds exact physical membership without MACKEY or transport offer' failed:
       /usr/local/lib/zig-0.17/lib/zig/std/os/linux/IoUring.zig:64:18: 0x4856e6e in init_params (std.zig)
               .PERM => return error.PermissionDenied,
                        ^
       /usr/local/lib/zig-0.17/lib/zig/std/os/linux/IoUring.zig:32:12: 0x4857f4b in init (std.zig)
           return try IoUring.init_params(entries, &params);
                  ^
       /home/kain/onyx-server/src/daemon/ringlane.zig:169:28: 0x4b488f4 in init (root.zig)
               return .{ .inner = try IoUring.init(entries, features.setupFlags()), .features = features };
                                  ^
       /home/kain/onyx-server/src/daemon/server.zig:4914:55: 0x4b4aa35 in initReactor (root.zig)
                   if (ringlane.isUnsupportedInitError(err)) return error.Unsupported;
                                                             ^
       /home/kain/onyx-server/src/daemon/server.zig:5056:31: 0x4b51b31 in initInPlaceWithAccountSource (root.zig)
                   reactors[built] = try initReactor(allocator, shard_config, @intCast(built), reuse_port);
                                     ^
       /home/kain/onyx-server/src/daemon/server.zig:4963:9: 0x6bf20d4 in initInPlace (root.zig)
               return self.initInPlaceWithAccountSource(allocator, raw_config, null);
               ^
       /home/kain/onyx-server/src/daemon/server.zig:68782:5: 0x7166984 in createTestServer (root.zig)
           try server.initInPlace(allocator, config);
           ^
       /home/kain/onyx-server/src/daemon/server.zig:99007:24: 0x73ae86a in createTransport (root.zig)
               const server = try createTestServer(a, .{ .host = "127.0.0.1", .port = 0, .tls_cert_chain = &pair.chain13, .tls_signing_key = pair.tls.cfg13.signing_key });
                              ^
       /home/kain/onyx-server/src/daemon/server.zig:98998:9: 0x73b04ac in create (root.zig)
               return createTransport(suite, false);
               ^
       /home/kain/onyx-server/src/daemon/server.zig:127991:19: 0x73b054d in create (root.zig)
               var tls = try Tls3ServerFixture.create(0x1301);
                         ^
       /home/kain/onyx-server/src/daemon/server.zig:128260:19: 0x73b4b55 in test.protected MEDIA caller: real logical JOIN binds exact physical membership without MACKEY or transport offer (root.zig)
           var fixture = try RegisteredMediaCallerFixture.create(false);
                         ^
error: 'daemon.server.test.protected MEDIA caller: actual command allocation refusal publishes nothing and retries on the original source' failed:
       /usr/local/lib/zig-0.17/lib/zig/std/os/linux/IoUring.zig:64:18: 0x4856e6e in init_params (std.zig)
               .PERM => return error.PermissionDenied,
                        ^
       /usr/local/lib/zig-0.17/lib/zig/std/os/linux/IoUring.zig:32:12: 0x4857f4b in init (std.zig)
           return try IoUring.init_params(entries, &params);
                  ^
       /home/kain/onyx-server/src/daemon/ringlane.zig:169:28: 0x4b488f4 in init (root.zig)
               return .{ .inner = try IoUring.init(entries, features.setupFlags()), .features = features };
                                  ^
       /home/kain/onyx-server/src/daemon/server.zig:4914:55: 0x4b4aa35 in initReactor (root.zig)
                   if (ringlane.isUnsupportedInitError(err)) return error.Unsupported;
                                                             ^
       /home/kain/onyx-server/src/daemon/server.zig:5056:31: 0x4b51b31 in initInPlaceWithAccountSource (root.zig)
                   reactors[built] = try initReactor(allocator, shard_config, @intCast(built), reuse_port);
                                     ^
       /home/kain/onyx-server/src/daemon/server.zig:4963:9: 0x6bf20d4 in initInPlace (root.zig)
               return self.initInPlaceWithAccountSource(allocator, raw_config, null);
               ^
       /home/kain/onyx-server/src/daemon/server.zig:68782:5: 0x7166984 in createTestServer (root.zig)
           try server.initInPlace(allocator, config);
           ^
       /home/kain/onyx-server/src/daemon/server.zig:99007:24: 0x73ae86a in createTransport (root.zig)
               const server = try createTestServer(a, .{ .host = "127.0.0.1", .port = 0, .tls_cert_chain = &pair.chain13, .tls_signing_key = pair.tls.cfg13.signing_key });
                              ^
       /home/kain/onyx-server/src/daemon/server.zig:98998:9: 0x73b04ac in create (root.zig)
               return createTransport(suite, false);
               ^
       /home/kain/onyx-server/src/daemon/server.zig:127991:19: 0x73b054d in create (root.zig)
               var tls = try Tls3ServerFixture.create(0x1301);
                         ^
       /home/kain/onyx-server/src/daemon/server.zig:128284:19: 0x73b2e6c in test.protected MEDIA caller: actual command allocation refusal publishes nothing and retries on the original source (root.zig)
           var fixture = try RegisteredMediaCallerFixture.create(true);
                         ^
error: 'daemon.server.test.webpush consumer: original dead outcome survives every staging OOM and prunes all actual accounts' failed:
       /usr/local/lib/zig-0.17/lib/zig/std/os/linux/IoUring.zig:64:18: 0x4856e6e in init_params (std.zig)
               .PERM => return error.PermissionDenied,
                        ^
       /usr/local/lib/zig-0.17/lib/zig/std/os/linux/IoUring.zig:32:12: 0x4857f4b in init (std.zig)
           return try IoUring.init_params(entries, &params);
                  ^
       /home/kain/onyx-server/src/daemon/ringlane.zig:169:28: 0x4b488f4 in init (root.zig)
               return .{ .inner = try IoUring.init(entries, features.setupFlags()), .features = features };
                                  ^
       /home/kain/onyx-server/src/daemon/server.zig:4914:55: 0x4b4aa35 in initReactor (root.zig)
                   if (ringlane.isUnsupportedInitError(err)) return error.Unsupported;
                                                             ^
       /home/kain/onyx-server/src/daemon/server.zig:5056:31: 0x4b51b31 in initInPlaceWithAccountSource (root.zig)
                   reactors[built] = try initReactor(allocator, shard_config, @intCast(built), reuse_port);
                                     ^
       /home/kain/onyx-server/src/daemon/server.zig:4963:9: 0x6bf20d4 in initInPlace (root.zig)
               return self.initInPlaceWithAccountSource(allocator, raw_config, null);
               ^
       /home/kain/onyx-server/src/daemon/server.zig:68782:5: 0x7166984 in createTestServer (root.zig)
           try server.initInPlace(allocator, config);
           ^
       /home/kain/onyx-server/src/daemon/server.zig:128387:20: 0x73a6b31 in test.webpush consumer: original dead outcome survives every staging OOM and prunes all actual accounts (root.zig)
           const server = try createTestServer(allocator, .{ .host = "127.0.0.1", .port = 0, .max_clients = 16, .account_services = &services, .crypto_io = std.testing.io });
                          ^
error: 'daemon.server.test.webpush consumer: accepted signed overflow retains exact downstream body and secret until real HTTP receipt' failed:
       /usr/local/lib/zig-0.17/lib/zig/std/os/linux/IoUring.zig:64:18: 0x4856e6e in init_params (std.zig)
               .PERM => return error.PermissionDenied,
                        ^
       /usr/local/lib/zig-0.17/lib/zig/std/os/linux/IoUring.zig:32:12: 0x4857f4b in init (std.zig)
           return try IoUring.init_params(entries, &params);
                  ^
       /home/kain/onyx-server/src/daemon/ringlane.zig:169:28: 0x4b488f4 in init (root.zig)
               return .{ .inner = try IoUring.init(entries, features.setupFlags()), .features = features };
                                  ^
       /home/kain/onyx-server/src/daemon/server.zig:4914:55: 0x4b4aa35 in initReactor (root.zig)
                   if (ringlane.isUnsupportedInitError(err)) return error.Unsupported;
                                                             ^
       /home/kain/onyx-server/src/daemon/server.zig:5056:31: 0x4b51b31 in initInPlaceWithAccountSource (root.zig)
                   reactors[built] = try initReactor(allocator, shard_config, @intCast(built), reuse_port);
                                     ^
       /home/kain/onyx-server/src/daemon/server.zig:4963:9: 0x6bf20d4 in initInPlace (root.zig)
               return self.initInPlaceWithAccountSource(allocator, raw_config, null);
               ^
       /home/kain/onyx-server/src/daemon/server.zig:68782:5: 0x7166984 in createTestServer (root.zig)
           try server.initInPlace(allocator, config);
           ^
       /home/kain/onyx-server/src/daemon/server.zig:128425:20: 0x739ad9a in test.webpush consumer: accepted signed overflow retains exact downstream body and secret until real HTTP receipt (root.zig)
           const server = try createTestServer(allocator, .{ .host = "127.0.0.1", .port = 0, .max_clients = 16, .node_identity = &identity, .crypto_io = std.testing.io, .webhook_allow_private = true });
                          ^
error: 'daemon.server.test.webpush consumer: real IRC oper receives one maintenance notice while all accounts reconcile' failed:
       /usr/local/lib/zig-0.17/lib/zig/std/os/linux/IoUring.zig:64:18: 0x4856e6e in init_params (std.zig)
               .PERM => return error.PermissionDenied,
                        ^
       /usr/local/lib/zig-0.17/lib/zig/std/os/linux/IoUring.zig:32:12: 0x4857f4b in init (std.zig)
           return try IoUring.init_params(entries, &params);
                  ^
       /home/kain/onyx-server/src/daemon/ringlane.zig:169:28: 0x4b488f4 in init (root.zig)
               return .{ .inner = try IoUring.init(entries, features.setupFlags()), .features = features };
                                  ^
       /home/kain/onyx-server/src/daemon/server.zig:4914:55: 0x4b4aa35 in initReactor (root.zig)
                   if (ringlane.isUnsupportedInitError(err)) return error.Unsupported;
                                                             ^
       /home/kain/onyx-server/src/daemon/server.zig:5056:31: 0x4b51b31 in initInPlaceWithAccountSource (root.zig)
                   reactors[built] = try initReactor(allocator, shard_config, @intCast(built), reuse_port);
                                     ^
       /home/kain/onyx-server/src/daemon/server.zig:4963:9: 0x6bf20d4 in initInPlace (root.zig)
               return self.initInPlaceWithAccountSource(allocator, raw_config, null);
               ^
       /home/kain/onyx-server/src/daemon/server.zig:68782:5: 0x7166984 in createTestServer (root.zig)
           try server.initInPlace(allocator, config);
           ^
       /home/kain/onyx-server/src/daemon/server.zig:128530:20: 0x717b325 in test.webpush consumer: real IRC oper receives one maintenance notice while all accounts reconcile (root.zig)
           const server = try createTestServer(allocator, config);
                          ^
error: 'daemon.server.test.webpush consumer: held real World times out with original output intact then retries' failed:
       /usr/local/lib/zig-0.17/lib/zig/std/os/linux/IoUring.zig:64:18: 0x4856e6e in init_params (std.zig)
               .PERM => return error.PermissionDenied,
                        ^
       /usr/local/lib/zig-0.17/lib/zig/std/os/linux/IoUring.zig:32:12: 0x4857f4b in init (std.zig)
           return try IoUring.init_params(entries, &params);
                  ^
       /home/kain/onyx-server/src/daemon/ringlane.zig:169:28: 0x4b488f4 in init (root.zig)
               return .{ .inner = try IoUring.init(entries, features.setupFlags()), .features = features };
                                  ^
       /home/kain/onyx-server/src/daemon/server.zig:4914:55: 0x4b4aa35 in initReactor (root.zig)
                   if (ringlane.isUnsupportedInitError(err)) return error.Unsupported;
                                                             ^
       /home/kain/onyx-server/src/daemon/server.zig:5056:31: 0x4b51b31 in initInPlaceWithAccountSource (root.zig)
                   reactors[built] = try initReactor(allocator, shard_config, @intCast(built), reuse_port);
                                     ^
       /home/kain/onyx-server/src/daemon/server.zig:4963:9: 0x6bf20d4 in initInPlace (root.zig)
               return self.initInPlaceWithAccountSource(allocator, raw_config, null);
               ^
       /home/kain/onyx-server/src/daemon/server.zig:68782:5: 0x7166984 in createTestServer (root.zig)
           try server.initInPlace(allocator, config);
           ^
       /home/kain/onyx-server/src/daemon/server.zig:128585:20: 0x7176f51 in test.webpush consumer: held real World times out with original output intact then retries (root.zig)
           const server = try createTestServer(allocator, .{ .host = "127.0.0.1", .port = 0, .max_clients = 16, .account_services = &services, .crypto_io = std.testing.io });
                          ^
error: 'daemon.server.test.webpush consumer: never accepted notice retries after later source events retire its failed candidate' failed:
       /usr/local/lib/zig-0.17/lib/zig/std/os/linux/IoUring.zig:64:18: 0x4856e6e in init_params (std.zig)
               .PERM => return error.PermissionDenied,
                        ^
       /usr/local/lib/zig-0.17/lib/zig/std/os/linux/IoUring.zig:32:12: 0x4857f4b in init (std.zig)
           return try IoUring.init_params(entries, &params);
                  ^
       /home/kain/onyx-server/src/daemon/ringlane.zig:169:28: 0x4b488f4 in init (root.zig)
               return .{ .inner = try IoUring.init(entries, features.setupFlags()), .features = features };
                                  ^
       /home/kain/onyx-server/src/daemon/server.zig:4914:55: 0x4b4aa35 in initReactor (root.zig)
                   if (ringlane.isUnsupportedInitError(err)) return error.Unsupported;
                                                             ^
       /home/kain/onyx-server/src/daemon/server.zig:5056:31: 0x4b51b31 in initInPlaceWithAccountSource (root.zig)
                   reactors[built] = try initReactor(allocator, shard_config, @intCast(built), reuse_port);
                                     ^
       /home/kain/onyx-server/src/daemon/server.zig:4963:9: 0x6bf20d4 in initInPlace (root.zig)
               return self.initInPlaceWithAccountSource(allocator, raw_config, null);
               ^
       /home/kain/onyx-server/src/daemon/server.zig:68782:5: 0x7166984 in createTestServer (root.zig)
           try server.initInPlace(allocator, config);
           ^
       /home/kain/onyx-server/src/daemon/server.zig:128634:20: 0x7172315 in test.webpush consumer: never accepted notice retries after later source events retire its failed candidate (root.zig)
           const server = try createTestServer(allocator, .{ .host = "127.0.0.1", .port = 0, .max_clients = 16, .node_identity = &identity, .crypto_io = std.testing.io });
                          ^
error: 'daemon.server.test.webpush consumer: malformed and truncated apparent HTTP receipts retain exact destination until complete response' failed:
       /usr/local/lib/zig-0.17/lib/zig/std/os/linux/IoUring.zig:64:18: 0x4856e6e in init_params (std.zig)
               .PERM => return error.PermissionDenied,
                        ^
       /usr/local/lib/zig-0.17/lib/zig/std/os/linux/IoUring.zig:32:12: 0x4857f4b in init (std.zig)
           return try IoUring.init_params(entries, &params);
                  ^
       /home/kain/onyx-server/src/daemon/ringlane.zig:169:28: 0x4b488f4 in init (root.zig)
               return .{ .inner = try IoUring.init(entries, features.setupFlags()), .features = features };
                                  ^
       /home/kain/onyx-server/src/daemon/server.zig:4914:55: 0x4b4aa35 in initReactor (root.zig)
                   if (ringlane.isUnsupportedInitError(err)) return error.Unsupported;
                                                             ^
       /home/kain/onyx-server/src/daemon/server.zig:5056:31: 0x4b51b31 in initInPlaceWithAccountSource (root.zig)
                   reactors[built] = try initReactor(allocator, shard_config, @intCast(built), reuse_port);
                                     ^
       /home/kain/onyx-server/src/daemon/server.zig:4963:9: 0x6bf20d4 in initInPlace (root.zig)
               return self.initInPlaceWithAccountSource(allocator, raw_config, null);
               ^
       /home/kain/onyx-server/src/daemon/server.zig:68782:5: 0x7166984 in createTestServer (root.zig)
           try server.initInPlace(allocator, config);
           ^
       /home/kain/onyx-server/src/daemon/server.zig:128673:24: 0x7167113 in test.webpush consumer: malformed and truncated apparent HTTP receipts retain exact destination until complete response (root.zig)
               const server = try createTestServer(allocator, .{ .host = "127.0.0.1", .port = 0, .max_clients = 16, .crypto_io = std.testing.io, .webhook_allow_private = true });
                              ^
error: 'daemon.webpush.test.webpush failed managed spawn retains its row until coordinator cancellation and detach' failed:
       GAP-X2 branch=ringlane submission and completion moved; baseline ring init refused with a listed error
       GAP-K17 branch=a ticket dies with the lifetime sealed at mint
       GAP-K18 branch=turning 0-RTT off binds tickets already sealed with a limit
       GAP-K10 branch=a second 0-RTT flight is rejected without a ReplayGuard
       GAP-K13 branch=an application record after the last sequence fails closed
       webpush reconciliation: 73 allocator failures including 9 synced-prefix retries
       TOTP atomic enable: 7 induced allocation failures, retries, and cold reopens
       TOTP atomic disable: 5 induced allocation failures, retries, and cold reopens
       TOTP atomic replace: 7 induced allocation failures, retries, and cold reopens
       TOTP atomic revoke: 3 induced allocation failures, retries, and cold reopens
       TOTP atomic rotate: 11 induced allocation failures, retries, and cold reopens
       TOTP atomic reset: 9 induced allocation failures, retries, and cold reopens
       GAP-D7 branch=a failed pending-address write issues no verification token; live mail stays off
       GAP-D7 branch=configured relay with a non-empty trust store records a durable delivery failure; empty trust still refuses remote AUTH; live mail stays off
       mail failure custody causal mode=failed_write attempts=1 actual_syncs=0 cold_row=false
       mail failure custody causal mode=synced_then_error attempts=1 actual_syncs=1 cold_row=true
       KvTable actual causal capacity before=8 after=8; backing unchanged=true
       KvTable5001 slot_bytes=48 backing_bytes=393216 prepare probes=1 comparisons=1 rows=0 bytes=1026
       KvTable batch exhaustive candidate allocation indices=21
       KvTable budget causal beforealloc=1 afteralloc=1
       KvTable revision boundary batch=false: WAL before=896 after=896
       KvTable revision boundary batch=true: WAL before=896 after=896
       StoreOwner constructor metadata_domain=false exhaustive_allocation_indices=8
       StoreOwner constructor metadata_domain=true exhaustive_allocation_indices=1
       GAP-D8 branch=full webpush queue increments onyx_webpush_dropped and emits an oper event; subscription rows in props stay; live mail stays off; non-Linux keeps the explicit disable
       expected error.NotJoined, found void
       /usr/local/lib/zig-0.17/lib/zig/std/testing.zig:57:9: 0x6dce45b in expectError__anon_1050886 (std.zig)
               return error.TestExpectedError;
               ^
       /home/kain/onyx-server/src/daemon/webpush.zig:1609:5: 0x6dd34a5 in test.webpush failed managed spawn retains its row until coordinator cancellation and detach (root.zig)
           try testing.expectError(error.NotJoined, worker.detachAfterJoined());
           ^
error: 'daemon.io_backend.test.GAP-X1 IoBackend queues accept recv send poll cancel and timeout on the linux ring and iocp and kqueue fail closed' failed:
       GAP-A8 branch=trust-store bad-cert=keep signature-fail=keep previous=previous-staple
       registered channel source case=empty actual prepare OOM boundaries=17
       registered channel source case=active actual prepare OOM boundaries=15
       registered channel source case=dormant actual prepare OOM boundaries=32
       registered channel source case=existing actual prepare OOM boundaries=3
       registered channel source case=drop actual prepare OOM boundaries=3
       registered channel source case=absent_drop actual prepare OOM boundaries=3
       GAP-K11 branch=a trust anchor's name constraints and path length bind a chain that omits it
       GAP-K12 branch=a leaf keyUsage without digitalSignature is rejected before CertificateVerify
       GAP-K15 branch=an IP literal matches an iPAddress SAN only
       GAP-K16 branch=a ticket older than its lifetime or seven days is not offered
       GAP-K8 branch=an HRR resumption binder covers ClientHello1 and the HelloRetryRequest
       GAP-K9 branch=accepted 0-RTT puts EndOfEarlyData on both transcripts
       GAP-K11 branch=a trust anchor's name constraints and path length bind a chain that omits it
       GAP-K12 branch=a leaf keyUsage without digitalSignature is rejected before CertificateVerify
       GAP-K15 branch=an IP literal matches an iPAddress SAN only
       Session lifecycle mixed allocation sweep: 75 failures before success
       Session causal private indexed lookups: groups=129 keys=647
       Session same-token reconnect allocation sweep: 35 failures before success
       GAP-O2 branch=peer rtt backlog anti-entropy partitioned-vs-down; hlc does not gate liveness
       GAP-A5 branch=refuse io.sqpoll + io.defer_taskrun rejected: kernel returns EINVAL for IORING_SETUP_SQPOLL|IORING_SETUP_DEFER_TASKRUN|IORING_SETUP_SINGLE_ISSUER
       GAP-A6 branch=footgun rx=off ktls-stays-tx
       GAP-A2 branch=check-config refuse unsecured mesh.connect; compat default
       GAP-A7 branch=check-config refuse listener add/remove; cold boot of webtransport stays valid
       GAP-V1 branch=hold-off dtls13=off caveat=kept
       GAP-A1 branch=mint authority only and toml private key refused
       GAP-A1 branch=project across restart with rollback audit and mesh revoke
       GAP-P0b branch=cap onyx/2fa=IDENTIFY before AUTHENTICATE
       GAP-P0c branch=cap-notify is advertised from a static set and CAP NEW DEL whoami file-upload and oper stay off
       GAP-P0b branch=oauth refuses unknown account unless oauth_auto_provision
       
       [perf] tagged TLS delivery: records 2 -> 1, wire bytes 171 -> 149 (saved 22/msg)
       GAP-K13 branch=an application record after the last sequence fails closed
       /usr/local/lib/zig-0.17/lib/zig/std/os/linux/IoUring.zig:64:18: 0x4856e6e in init_params (std.zig)
               .PERM => return error.PermissionDenied,
                        ^
       /usr/local/lib/zig-0.17/lib/zig/std/os/linux/IoUring.zig:32:12: 0x4857f4b in init (std.zig)
           return try IoUring.init_params(entries, &params);
                  ^
       /home/kain/onyx-server/src/daemon/ringlane.zig:169:28: 0x4b488f4 in init (root.zig)
               return .{ .inner = try IoUring.init(entries, features.setupFlags()), .features = features };
                                  ^
       /home/kain/onyx-server/src/daemon/io_backend.zig:91:30: 0x598281a in openOwned (root.zig)
                           .owned = try ringlane.Ring.init(entries, features),
                                    ^
       /home/kain/onyx-server/src/daemon/io_backend.zig:2710:16: 0x59f319c in test.GAP-X1 IoBackend queues accept recv send poll cancel and timeout on the linux ring and iocp and kqueue fail closed (root.zig)
           var live = try IoBackend.openOwned(.ringlane, 32, .{});
                      ^
error: 'daemon.helix.live.test.live prepare seals capsules and handoff passes fds' failed:
       GAP-X3 branch=windows RIO loads the function table with WSAIoctl SIO 0xC8000024 and GUID 8509e081-96dd-4005-b165-9e2ee8c79e3f on a WSA_FLAG_REGISTERED_IO socket during Iocp.open; dequeueRegistered calls that stored table; off Windows it returns stage off-windows before any pointer call; a null or short table is MissingOp and the port is closed; recv and send on the IOCP path are IOCTL_AFD_RECEIVE and IOCTL_AFD_SEND; this host did not execute WSAIoctl or RIODequeueCompletion; heading stays unmarked; whole-accept not claimed
       /home/kain/onyx-server/src/daemon/helix/handoff.zig:118:17: 0x5828237 in socketPair (root.zig)
               else => return error.SocketPairFailed,
                       ^
       /home/kain/onyx-server/src/daemon/helix/supervisor.zig:184:24: 0x584b069 in initControl (root.zig)
               self.control = try handoff.socketPair();
                              ^
       /home/kain/onyx-server/src/daemon/helix/live.zig:194:5: 0x5848e67 in prepare (root.zig)
           try runtime.initControl();
           ^
       /home/kain/onyx-server/src/daemon/helix/live.zig:782:20: 0x588cf2e in test.live prepare seals capsules and handoff passes fds (root.zig)
           var prepared = try prepare(allocator, .{
                          ^
error: 'daemon.helix.live.test.readArena round-trips the sealed capsule stream' failed:
       /home/kain/onyx-server/src/daemon/helix/handoff.zig:118:17: 0x5828237 in socketPair (root.zig)
               else => return error.SocketPairFailed,
                       ^
       /home/kain/onyx-server/src/daemon/helix/supervisor.zig:184:24: 0x584b069 in initControl (root.zig)
               self.control = try handoff.socketPair();
                              ^
       /home/kain/onyx-server/src/daemon/helix/live.zig:194:5: 0x5848e67 in prepare (root.zig)
           try runtime.initControl();
           ^
       /home/kain/onyx-server/src/daemon/helix/live.zig:825:20: 0x588547c in test.readArena round-trips the sealed capsule stream (root.zig)
           var prepared = try prepare(allocator, .{
                          ^
error: 'daemon.helix.live.test.whole handoff manifest helper accepts canonical empty state' failed:
       /home/kain/onyx-server/src/daemon/helix/handoff.zig:118:17: 0x5828237 in socketPair (root.zig)
               else => return error.SocketPairFailed,
                       ^
       /home/kain/onyx-server/src/daemon/helix/supervisor.zig:184:24: 0x584b069 in initControl (root.zig)
               self.control = try handoff.socketPair();
                              ^
       /home/kain/onyx-server/src/daemon/helix/live.zig:194:5: 0x5848e67 in prepare (root.zig)
           try runtime.initControl();
           ^
       /home/kain/onyx-server/src/daemon/helix/live.zig:865:20: 0x588488e in test.whole handoff manifest helper accepts canonical empty state (root.zig)
           var prepared = try prepare(allocator, .{
                          ^
error: 'daemon.helix.live.test.whole handoff manifest round-trips arena and rejects every completeness mutation' failed:
       /home/kain/onyx-server/src/daemon/helix/handoff.zig:118:17: 0x5828237 in socketPair (root.zig)
               else => return error.SocketPairFailed,
                       ^
       /home/kain/onyx-server/src/daemon/helix/supervisor.zig:184:24: 0x584b069 in initControl (root.zig)
               self.control = try handoff.socketPair();
                              ^
       /home/kain/onyx-server/src/daemon/helix/live.zig:194:5: 0x5848e67 in prepare (root.zig)
           try runtime.initControl();
           ^
       /home/kain/onyx-server/src/daemon/helix/live.zig:920:20: 0x585ad81 in test.whole handoff manifest round-trips arena and rejects every completeness mutation (root.zig)
           var prepared = try prepare(allocator, .{
                          ^
error: 'daemon.helix.live.test.mesh state pieces advertise ordinary overlap and exact property requirement' failed:
       /home/kain/onyx-server/src/daemon/helix/handoff.zig:118:17: 0x5828237 in socketPair (root.zig)
               else => return error.SocketPairFailed,
                       ^
       /home/kain/onyx-server/src/daemon/helix/supervisor.zig:184:24: 0x584b069 in initControl (root.zig)
               self.control = try handoff.socketPair();
                              ^
       /home/kain/onyx-server/src/daemon/helix/live.zig:194:5: 0x5848e67 in prepare (root.zig)
           try runtime.initControl();
           ^
       /home/kain/onyx-server/src/daemon/helix/live.zig:1000:20: 0x584588c in test.mesh state pieces advertise ordinary overlap and exact property requirement (root.zig)
           var prepared = try prepare(allocator, .{
                          ^
error: 'daemon.helix.handoff.test.linux socketpair can pass a memfd descriptor' failed:
       /home/kain/onyx-server/src/daemon/helix/handoff.zig:118:17: 0x5828237 in socketPair (root.zig)
               else => return error.SocketPairFailed,
                       ^
       /home/kain/onyx-server/src/daemon/helix/handoff.zig:283:19: 0x58275df in test.linux socketpair can pass a memfd descriptor (root.zig)
           var sockets = try socketPair();
                         ^
error: 'daemon.webtransport_listener.test.interop: curl --http3 GET / gets 200 from the live QUIC/HTTP3 listener' failed:
       GAP-K7 branch=written threat boundary; history rekey is not a daemon mode because the daemon holds no epoch key; metadata-min is refused because NAMES search and abuse require server-visible membership; implementation does not follow
       GAP-D6 branch=backup set lists every orostore family and excludes search webhooks event_history and mail; chanstats is excluded when that snapshot is absent; restore drill reopens the snap in a scratch directory
       /home/kain/onyx-server/src/daemon/webtransport_listener.zig:2263:17: 0x878c630 in test.interop: curl --http3 GET / gets 200 from the live QUIC/HTTP3 listener (root.zig)
                       return error.CurlFailed;
                       ^
error: 'daemon.webtransport_listener.test.interop: curl --http3 large transfer + multi-request + Retry round-trip (deep)' failed:
       /home/kain/onyx-server/src/daemon/webtransport_listener.zig:2325:17: 0x8785652 in test.interop: curl --http3 large transfer + multi-request + Retry round-trip (deep) (root.zig)
                       return error.CurlFailed;
                       ^
error: 'daemon.native_service.test.native service N1 actual Unix peer ABI root refusal and descriptor type' failed:
       GAP-X3 branch=freebsd capsicum and SO_REUSEPORT_LB, openbsd pledge and unveil, windows job kill-on-close; this host did not execute them; windows RIO stays unmet
       GAP-X3 branch=freebsd kernel TLS uses TCP_TXTLS_ENABLE and struct tls_enable; this host did not execute setsockopt; windows RIO stays unmet
       section 10 branch=stop maintaining memo_capsule away_capsule and ratelimit_capsule; CapsuleKind 1 through 18 includes strict native service; ban_capsule stays
       live compaction actual successor SIGKILL prefixes: 556 (0..555)
       S2 5001-component bootstrap requested+alignment charge=26099887 bytes
       S2 actual NEW allocation failure cuts=17, every cut retried
       account authority allocation census: complete=20, nested=2; every index swept in dedicated tests
       account authority acyclic allocation census: 35; every index swept
       account authority bounded reassembly allocation census: 27; every index swept
       expected .SUCCESS, found .PERM
       /usr/local/lib/zig-0.17/lib/zig/std/testing.zig:111:17: 0x38e438a in expectEqualInner__anon_615316 (std.zig)
                       return error.TestExpectedEqual;
                       ^
       /usr/local/lib/zig-0.17/lib/zig/std/testing.zig:75:5: 0x89c0ade in expectEqual (root.zig)
           return expectEqualInner(T, expected, actual);
           ^
       /home/kain/onyx-server/src/daemon/native_service.zig:1328:5: 0x89c0b20 in socketPair (root.zig)
           try std.testing.expectEqual(posix.E.SUCCESS, posix.errno(sys.socketpair(posix.AF.UNIX, posix.SOCK.SEQPACKET | posix.SOCK.CLOEXEC, 0, &fds)));
           ^
       /home/kain/onyx-server/src/daemon/native_service.zig:1333:18: 0x8a51be5 in test.native service N1 actual Unix peer ABI root refusal and descriptor type (root.zig)
           const pair = try socketPair();
                        ^
error: 'daemon.native_service.test.native service N1 actual seqpacket wouldblock exact payload SCM independent custody and extraFD refusal' failed:
       expected .SUCCESS, found .PERM
       /usr/local/lib/zig-0.17/lib/zig/std/testing.zig:111:17: 0x38e438a in expectEqualInner__anon_615316 (std.zig)
                       return error.TestExpectedEqual;
                       ^
       /usr/local/lib/zig-0.17/lib/zig/std/testing.zig:75:5: 0x89c0ade in expectEqual (root.zig)
           return expectEqualInner(T, expected, actual);
           ^
       /home/kain/onyx-server/src/daemon/native_service.zig:1328:5: 0x89c0b20 in socketPair (root.zig)
           try std.testing.expectEqual(posix.E.SUCCESS, posix.errno(sys.socketpair(posix.AF.UNIX, posix.SOCK.SEQPACKET | posix.SOCK.CLOEXEC, 0, &fds)));
           ^
       /home/kain/onyx-server/src/daemon/native_service.zig:1349:18: 0x8a4eede in test.native service N1 actual seqpacket wouldblock exact payload SCM independent custody and extraFD refusal (root.zig)
           const pair = try socketPair();
                        ^
error: 'daemon.native_service.test.native service N1 actual oversized seqpacket refuses truncation without returning prefix' failed:
       expected .SUCCESS, found .PERM
       /usr/local/lib/zig-0.17/lib/zig/std/testing.zig:111:17: 0x38e438a in expectEqualInner__anon_615316 (std.zig)
                       return error.TestExpectedEqual;
                       ^
       /usr/local/lib/zig-0.17/lib/zig/std/testing.zig:75:5: 0x89c0ade in expectEqual (root.zig)
           return expectEqualInner(T, expected, actual);
           ^
       /home/kain/onyx-server/src/daemon/native_service.zig:1328:5: 0x89c0b20 in socketPair (root.zig)
           try std.testing.expectEqual(posix.E.SUCCESS, posix.errno(sys.socketpair(posix.AF.UNIX, posix.SOCK.SEQPACKET | posix.SOCK.CLOEXEC, 0, &fds)));
           ^
       /home/kain/onyx-server/src/daemon/native_service.zig:1850:18: 0x8a2f13e in test.native service N1 actual oversized seqpacket refuses truncation without returning prefix (root.zig)
           const pair = try socketPair();
                        ^
error: 'daemon.configured_runtime.test.configured runtime: real cold listeners and complete worker inventory stay inert behind one Gate' failed:
       /usr/local/lib/zig-0.17/lib/zig/std/os/linux/IoUring.zig:64:18: 0x4856e6e in init_params (std.zig)
               .PERM => return error.PermissionDenied,
                        ^
       /usr/local/lib/zig-0.17/lib/zig/std/os/linux/IoUring.zig:32:12: 0x4857f4b in init (std.zig)
           return try IoUring.init_params(entries, &params);
                  ^
       /home/kain/onyx-server/src/daemon/ringlane.zig:169:28: 0x4b488f4 in init (root.zig)
               return .{ .inner = try IoUring.init(entries, features.setupFlags()), .features = features };
                                  ^
       /home/kain/onyx-server/src/daemon/server.zig:4914:55: 0x4b4aa35 in initReactor (root.zig)
                   if (ringlane.isUnsupportedInitError(err)) return error.Unsupported;
                                                             ^
       /home/kain/onyx-server/src/daemon/server.zig:5056:31: 0x4b51b31 in initInPlaceWithAccountSource (root.zig)
                   reactors[built] = try initReactor(allocator, shard_config, @intCast(built), reuse_port);
                                     ^
       /home/kain/onyx-server/src/daemon/server.zig:57061:13: 0x4b709fa in createColdImpl (root.zig)
                   try owner.initInPlaceWithAccountSource(allocator, b.expected, if (b.leased_loan != null) @ptrCast(&b.leased_stage) else null);
                   ^
       /home/kain/onyx-server/src/daemon/server.zig:56999:9: 0x868c71c in createCold (root.zig)
               return createColdImpl(allocator, io, inputs, binding, null);
               ^
       /home/kain/onyx-server/src/daemon/configured_runtime.zig:482:14: 0x88d4b70 in createColdImpl (root.zig)
           b.core = try server_mod.ManagedCore.createCold(allocator, io, inputs.core, .{
                    ^
       /home/kain/onyx-server/src/daemon/configured_runtime.zig:121:9: 0x88d6fce in createCold (root.zig)
               return createColdImpl(allocator, io, inputs, deadline, if (builtin.is_test) null else {});
               ^
       /home/kain/onyx-server/src/daemon/configured_runtime.zig:931:21: 0x894d6a8 in test.configured runtime: real cold listeners and complete worker inventory stay inert behind one Gate (root.zig)
           const runtime = try Runtime.createCold(std.testing.allocator, std.testing.io, inputs, testDeadline());
                           ^
error: 'daemon.configured_runtime.test.configured runtime: inline shard has zero worker rows and no fabric' failed:
       /usr/local/lib/zig-0.17/lib/zig/std/os/linux/IoUring.zig:64:18: 0x4856e6e in init_params (std.zig)
               .PERM => return error.PermissionDenied,
                        ^
       /usr/local/lib/zig-0.17/lib/zig/std/os/linux/IoUring.zig:32:12: 0x4857f4b in init (std.zig)
           return try IoUring.init_params(entries, &params);
                  ^
       /home/kain/onyx-server/src/daemon/ringlane.zig:169:28: 0x4b488f4 in init (root.zig)
               return .{ .inner = try IoUring.init(entries, features.setupFlags()), .features = features };
                                  ^
       /home/kain/onyx-server/src/daemon/server.zig:4914:55: 0x4b4aa35 in initReactor (root.zig)
                   if (ringlane.isUnsupportedInitError(err)) return error.Unsupported;
                                                             ^
       /home/kain/onyx-server/src/daemon/server.zig:5056:31: 0x4b51b31 in initInPlaceWithAccountSource (root.zig)
                   reactors[built] = try initReactor(allocator, shard_config, @intCast(built), reuse_port);
                                     ^
       /home/kain/onyx-server/src/daemon/server.zig:57061:13: 0x4b709fa in createColdImpl (root.zig)
                   try owner.initInPlaceWithAccountSource(allocator, b.expected, if (b.leased_loan != null) @ptrCast(&b.leased_stage) else null);
                   ^
       /home/kain/onyx-server/src/daemon/server.zig:56999:9: 0x868c71c in createCold (root.zig)
               return createColdImpl(allocator, io, inputs, binding, null);
               ^
       /home/kain/onyx-server/src/daemon/configured_runtime.zig:482:14: 0x88d4b70 in createColdImpl (root.zig)
           b.core = try server_mod.ManagedCore.createCold(allocator, io, inputs.core, .{
                    ^
       /home/kain/onyx-server/src/daemon/configured_runtime.zig:121:9: 0x88d6fce in createCold (root.zig)
               return createColdImpl(allocator, io, inputs, deadline, if (builtin.is_test) null else {});
               ^
       /home/kain/onyx-server/src/daemon/configured_runtime.zig:963:21: 0x894c971 in test.configured runtime: inline shard has zero worker rows and no fabric (root.zig)
           const runtime = try Runtime.createCold(std.testing.allocator, std.testing.io, testInputs(1), testDeadline());
                           ^
error: 'daemon.configured_runtime.test.configured runtime: prepared source callback and configured policy tampering cannot become a readiness receipt' failed:
       /usr/local/lib/zig-0.17/lib/zig/std/os/linux/IoUring.zig:64:18: 0x4856e6e in init_params (std.zig)
               .PERM => return error.PermissionDenied,
                        ^
       /usr/local/lib/zig-0.17/lib/zig/std/os/linux/IoUring.zig:32:12: 0x4857f4b in init (std.zig)
           return try IoUring.init_params(entries, &params);
                  ^
       /home/kain/onyx-server/src/daemon/ringlane.zig:169:28: 0x4b488f4 in init (root.zig)
               return .{ .inner = try IoUring.init(entries, features.setupFlags()), .features = features };
                                  ^
       /home/kain/onyx-server/src/daemon/server.zig:4914:55: 0x4b4aa35 in initReactor (root.zig)
                   if (ringlane.isUnsupportedInitError(err)) return error.Unsupported;
                                                             ^
       /home/kain/onyx-server/src/daemon/server.zig:5056:31: 0x4b51b31 in initInPlaceWithAccountSource (root.zig)
                   reactors[built] = try initReactor(allocator, shard_config, @intCast(built), reuse_port);
                                     ^
       /home/kain/onyx-server/src/daemon/server.zig:57061:13: 0x4b709fa in createColdImpl (root.zig)
                   try owner.initInPlaceWithAccountSource(allocator, b.expected, if (b.leased_loan != null) @ptrCast(&b.leased_stage) else null);
                   ^
       /home/kain/onyx-server/src/daemon/server.zig:56999:9: 0x868c71c in createCold (root.zig)
               return createColdImpl(allocator, io, inputs, binding, null);
               ^
       /home/kain/onyx-server/src/daemon/configured_runtime.zig:482:14: 0x88d4b70 in createColdImpl (root.zig)
           b.core = try server_mod.ManagedCore.createCold(allocator, io, inputs.core, .{
                    ^
       /home/kain/onyx-server/src/daemon/configured_runtime.zig:121:9: 0x88d6fce in createCold (root.zig)
               return createColdImpl(allocator, io, inputs, deadline, if (builtin.is_test) null else {});
               ^
       /home/kain/onyx-server/src/daemon/configured_runtime.zig:981:21: 0x894be15 in test.configured runtime: prepared source callback and configured policy tampering cannot become a readiness receipt (root.zig)
           const runtime = try Runtime.createCold(std.testing.allocator, std.testing.io, inputs, testDeadline());
                           ^
error: 'daemon.configured_runtime.test.configured runtime: partial actual spawn is canceled and joined before owned sources and listeners are destroyed' failed:
       expected error.SystemResources, found error.Unsupported
       /usr/local/lib/zig-0.17/lib/zig/std/os/linux/IoUring.zig:64:18: 0x4856e6e in init_params (std.zig)
               .PERM => return error.PermissionDenied,
                        ^
       /usr/local/lib/zig-0.17/lib/zig/std/os/linux/IoUring.zig:32:12: 0x4857f4b in init (std.zig)
           return try IoUring.init_params(entries, &params);
                  ^
       /home/kain/onyx-server/src/daemon/ringlane.zig:169:28: 0x4b488f4 in init (root.zig)
               return .{ .inner = try IoUring.init(entries, features.setupFlags()), .features = features };
                                  ^
       /home/kain/onyx-server/src/daemon/server.zig:4914:55: 0x4b4aa35 in initReactor (root.zig)
                   if (ringlane.isUnsupportedInitError(err)) return error.Unsupported;
                                                             ^
       /home/kain/onyx-server/src/daemon/server.zig:5056:31: 0x4b51b31 in initInPlaceWithAccountSource (root.zig)
                   reactors[built] = try initReactor(allocator, shard_config, @intCast(built), reuse_port);
                                     ^
       /home/kain/onyx-server/src/daemon/server.zig:57061:13: 0x4b709fa in createColdImpl (root.zig)
                   try owner.initInPlaceWithAccountSource(allocator, b.expected, if (b.leased_loan != null) @ptrCast(&b.leased_stage) else null);
                   ^
       /home/kain/onyx-server/src/daemon/server.zig:56999:9: 0x868c71c in createCold (root.zig)
               return createColdImpl(allocator, io, inputs, binding, null);
               ^
       /home/kain/onyx-server/src/daemon/configured_runtime.zig:482:14: 0x88d4b70 in createColdImpl (root.zig)
           b.core = try server_mod.ManagedCore.createCold(allocator, io, inputs.core, .{
                    ^
       /usr/local/lib/zig-0.17/lib/zig/std/testing.zig:64:13: 0x893a88e in expectError__anon_1173698 (std.zig)
                   return error.TestUnexpectedError;
                   ^
       /home/kain/onyx-server/src/daemon/configured_runtime.zig:1049:5: 0x89474d3 in test.configured runtime: partial actual spawn is canceled and joined before owned sources and listeners are destroyed (root.zig)
           try std.testing.expectError(error.SystemResources, createColdImpl(std.testing.allocator, std.testing.io, inputs, testDeadline(), &fixture));
           ^
error: 'daemon.configured_runtime.test.configured runtime: synchronous media bind failure refunds earlier prepared resources and preserves the unrelated socket' failed:
       expected error.BindFailed, found error.Unsupported
       /usr/local/lib/zig-0.17/lib/zig/std/os/linux/IoUring.zig:64:18: 0x4856e6e in init_params (std.zig)
               .PERM => return error.PermissionDenied,
                        ^
       /usr/local/lib/zig-0.17/lib/zig/std/os/linux/IoUring.zig:32:12: 0x4857f4b in init (std.zig)
           return try IoUring.init_params(entries, &params);
                  ^
       /home/kain/onyx-server/src/daemon/ringlane.zig:169:28: 0x4b488f4 in init (root.zig)
               return .{ .inner = try IoUring.init(entries, features.setupFlags()), .features = features };
                                  ^
       /home/kain/onyx-server/src/daemon/server.zig:4914:55: 0x4b4aa35 in initReactor (root.zig)
                   if (ringlane.isUnsupportedInitError(err)) return error.Unsupported;
                                                             ^
       /home/kain/onyx-server/src/daemon/server.zig:5056:31: 0x4b51b31 in initInPlaceWithAccountSource (root.zig)
                   reactors[built] = try initReactor(allocator, shard_config, @intCast(built), reuse_port);
                                     ^
       /home/kain/onyx-server/src/daemon/server.zig:57061:13: 0x4b709fa in createColdImpl (root.zig)
                   try owner.initInPlaceWithAccountSource(allocator, b.expected, if (b.leased_loan != null) @ptrCast(&b.leased_stage) else null);
                   ^
       /home/kain/onyx-server/src/daemon/server.zig:56999:9: 0x868c71c in createCold (root.zig)
               return createColdImpl(allocator, io, inputs, binding, null);
               ^
       /home/kain/onyx-server/src/daemon/configured_runtime.zig:482:14: 0x88d4b70 in createColdImpl (root.zig)
           b.core = try server_mod.ManagedCore.createCold(allocator, io, inputs.core, .{
                    ^
       /home/kain/onyx-server/src/daemon/configured_runtime.zig:121:9: 0x88d6fce in createCold (root.zig)
               return createColdImpl(allocator, io, inputs, deadline, if (builtin.is_test) null else {});
               ^
       /usr/local/lib/zig-0.17/lib/zig/std/testing.zig:64:13: 0x8944a0e in expectError__anon_1173901 (std.zig)
                   return error.TestUnexpectedError;
                   ^
       /home/kain/onyx-server/src/daemon/configured_runtime.zig:1071:5: 0x8946a2d in test.configured runtime: synchronous media bind failure refunds earlier prepared resources and preserves the unrelated socket (root.zig)
           try std.testing.expectError(error.BindFailed, Runtime.createCold(std.testing.allocator, std.testing.io, inputs, testDeadline()));
           ^
error: 'daemon.configured_runtime.test.configured runtime: Gate allocation sweep destroys every failed unpublished graph without leaking its real listener' failed:
       expected error.OutOfMemory, found error.Unsupported
       /usr/local/lib/zig-0.17/lib/zig/std/os/linux/IoUring.zig:64:18: 0x4856e6e in init_params (std.zig)
               .PERM => return error.PermissionDenied,
                        ^
       /usr/local/lib/zig-0.17/lib/zig/std/os/linux/IoUring.zig:32:12: 0x4857f4b in init (std.zig)
           return try IoUring.init_params(entries, &params);
                  ^
       /home/kain/onyx-server/src/daemon/ringlane.zig:169:28: 0x4b488f4 in init (root.zig)
               return .{ .inner = try IoUring.init(entries, features.setupFlags()), .features = features };
                                  ^
       /home/kain/onyx-server/src/daemon/server.zig:4914:55: 0x4b4aa35 in initReactor (root.zig)
                   if (ringlane.isUnsupportedInitError(err)) return error.Unsupported;
                                                             ^
       /home/kain/onyx-server/src/daemon/server.zig:5056:31: 0x4b51b31 in initInPlaceWithAccountSource (root.zig)
                   reactors[built] = try initReactor(allocator, shard_config, @intCast(built), reuse_port);
                                     ^
       /home/kain/onyx-server/src/daemon/server.zig:57061:13: 0x4b709fa in createColdImpl (root.zig)
                   try owner.initInPlaceWithAccountSource(allocator, b.expected, if (b.leased_loan != null) @ptrCast(&b.leased_stage) else null);
                   ^
       /home/kain/onyx-server/src/daemon/server.zig:56999:9: 0x868c71c in createCold (root.zig)
               return createColdImpl(allocator, io, inputs, binding, null);
               ^
       /home/kain/onyx-server/src/daemon/configured_runtime.zig:482:14: 0x88d4b70 in createColdImpl (root.zig)
           b.core = try server_mod.ManagedCore.createCold(allocator, io, inputs.core, .{
                    ^
       /usr/local/lib/zig-0.17/lib/zig/std/testing.zig:111:17: 0x894506a in expectEqualInner__anon_1173912 (std.zig)
                       return error.TestExpectedEqual;
                       ^
       /usr/local/lib/zig-0.17/lib/zig/std/testing.zig:75:5: 0x89456fb in expectEqual (root.zig)
           return expectEqualInner(T, expected, actual);
           ^
       /home/kain/onyx-server/src/daemon/configured_runtime.zig:1097:13: 0x8945783 in test.configured runtime: Gate allocation sweep destroys every failed unpublished graph without leaking its real listener (root.zig)
                   try std.testing.expectEqual(error.OutOfMemory, err);
                   ^
error: 'daemon.configured_runtime.test.configured runtime: foreign Control cannot operate on the private candidate View or alter real parked owners' failed:
       /usr/local/lib/zig-0.17/lib/zig/std/os/linux/IoUring.zig:64:18: 0x4856e6e in init_params (std.zig)
               .PERM => return error.PermissionDenied,
                        ^
       /usr/local/lib/zig-0.17/lib/zig/std/os/linux/IoUring.zig:32:12: 0x4857f4b in init (std.zig)
           return try IoUring.init_params(entries, &params);
                  ^
       /home/kain/onyx-server/src/daemon/ringlane.zig:169:28: 0x4b488f4 in init (root.zig)
               return .{ .inner = try IoUring.init(entries, features.setupFlags()), .features = features };
                                  ^
       /home/kain/onyx-server/src/daemon/server.zig:4914:55: 0x4b4aa35 in initReactor (root.zig)
                   if (ringlane.isUnsupportedInitError(err)) return error.Unsupported;
                                                             ^
       /home/kain/onyx-server/src/daemon/server.zig:5056:31: 0x4b51b31 in initInPlaceWithAccountSource (root.zig)
                   reactors[built] = try initReactor(allocator, shard_config, @intCast(built), reuse_port);
                                     ^
       /home/kain/onyx-server/src/daemon/server.zig:57061:13: 0x4b709fa in createColdImpl (root.zig)
                   try owner.initInPlaceWithAccountSource(allocator, b.expected, if (b.leased_loan != null) @ptrCast(&b.leased_stage) else null);
                   ^
       /home/kain/onyx-server/src/daemon/server.zig:56999:9: 0x868c71c in createCold (root.zig)
               return createColdImpl(allocator, io, inputs, binding, null);
               ^
       /home/kain/onyx-server/src/daemon/configured_runtime.zig:482:14: 0x88d4b70 in createColdImpl (root.zig)
           b.core = try server_mod.ManagedCore.createCold(allocator, io, inputs.core, .{
                    ^
       /home/kain/onyx-server/src/daemon/configured_runtime.zig:121:9: 0x88d6fce in createCold (root.zig)
               return createColdImpl(allocator, io, inputs, deadline, if (builtin.is_test) null else {});
               ^
       /home/kain/onyx-server/src/daemon/configured_runtime.zig:1125:21: 0x8943dd8 in test.configured runtime: foreign Control cannot operate on the private candidate View or alter real parked owners (root.zig)
           const runtime = try Runtime.createCold(std.testing.allocator, std.testing.io, inputs, testDeadline());
                           ^
error: 'daemon.configured_runtime.test.configured runtime: cloned full Mail policy rejects TLS credential trust and journal lineage mutation' failed:
       /usr/local/lib/zig-0.17/lib/zig/std/os/linux/IoUring.zig:64:18: 0x4856e6e in init_params (std.zig)
               .PERM => return error.PermissionDenied,
                        ^
       /usr/local/lib/zig-0.17/lib/zig/std/os/linux/IoUring.zig:32:12: 0x4857f4b in init (std.zig)
           return try IoUring.init_params(entries, &params);
                  ^
       /home/kain/onyx-server/src/daemon/ringlane.zig:169:28: 0x4b488f4 in init (root.zig)
               return .{ .inner = try IoUring.init(entries, features.setupFlags()), .features = features };
                                  ^
       /home/kain/onyx-server/src/daemon/server.zig:4914:55: 0x4b4aa35 in initReactor (root.zig)
                   if (ringlane.isUnsupportedInitError(err)) return error.Unsupported;
                                                             ^
       /home/kain/onyx-server/src/daemon/server.zig:5056:31: 0x4b51b31 in initInPlaceWithAccountSource (root.zig)
                   reactors[built] = try initReactor(allocator, shard_config, @intCast(built), reuse_port);
                                     ^
       /home/kain/onyx-server/src/daemon/server.zig:57061:13: 0x4b709fa in createColdImpl (root.zig)
                   try owner.initInPlaceWithAccountSource(allocator, b.expected, if (b.leased_loan != null) @ptrCast(&b.leased_stage) else null);
                   ^
       /home/kain/onyx-server/src/daemon/server.zig:56999:9: 0x868c71c in createCold (root.zig)
               return createColdImpl(allocator, io, inputs, binding, null);
               ^
       /home/kain/onyx-server/src/daemon/configured_runtime.zig:482:14: 0x88d4b70 in createColdImpl (root.zig)
           b.core = try server_mod.ManagedCore.createCold(allocator, io, inputs.core, .{
                    ^
       /home/kain/onyx-server/src/daemon/configured_runtime.zig:121:9: 0x88d6fce in createCold (root.zig)
               return createColdImpl(allocator, io, inputs, deadline, if (builtin.is_test) null else {});
               ^
       /home/kain/onyx-server/src/daemon/configured_runtime.zig:1154:21: 0x894285e in test.configured runtime: cloned full Mail policy rejects TLS credential trust and journal lineage mutation (root.zig)
           const runtime = try Runtime.createCold(std.testing.allocator, std.testing.io, inputs, testDeadline());
                           ^
error: 'daemon.configured_runtime.test.configured runtime: configured ACME and OCSP private reverse bindings preserve independent full policy' failed:
       /usr/local/lib/zig-0.17/lib/zig/std/os/linux/IoUring.zig:64:18: 0x4856e6e in init_params (std.zig)
               .PERM => return error.PermissionDenied,
                        ^
       /usr/local/lib/zig-0.17/lib/zig/std/os/linux/IoUring.zig:32:12: 0x4857f4b in init (std.zig)
           return try IoUring.init_params(entries, &params);
                  ^
       /home/kain/onyx-server/src/daemon/ringlane.zig:169:28: 0x4b488f4 in init (root.zig)
               return .{ .inner = try IoUring.init(entries, features.setupFlags()), .features = features };
                                  ^
       /home/kain/onyx-server/src/daemon/server.zig:4914:55: 0x4b4aa35 in initReactor (root.zig)
                   if (ringlane.isUnsupportedInitError(err)) return error.Unsupported;
                                                             ^
       /home/kain/onyx-server/src/daemon/server.zig:5056:31: 0x4b51b31 in initInPlaceWithAccountSource (root.zig)
                   reactors[built] = try initReactor(allocator, shard_config, @intCast(built), reuse_port);
                                     ^
       /home/kain/onyx-server/src/daemon/server.zig:57061:13: 0x4b709fa in createColdImpl (root.zig)
                   try owner.initInPlaceWithAccountSource(allocator, b.expected, if (b.leased_loan != null) @ptrCast(&b.leased_stage) else null);
                   ^
       /home/kain/onyx-server/src/daemon/server.zig:56999:9: 0x868c71c in createCold (root.zig)
               return createColdImpl(allocator, io, inputs, binding, null);
               ^
       /home/kain/onyx-server/src/daemon/configured_runtime.zig:482:14: 0x88d4b70 in createColdImpl (root.zig)
           b.core = try server_mod.ManagedCore.createCold(allocator, io, inputs.core, .{
                    ^
       /home/kain/onyx-server/src/daemon/configured_runtime.zig:121:9: 0x88d6fce in createCold (root.zig)
               return createColdImpl(allocator, io, inputs, deadline, if (builtin.is_test) null else {});
               ^
       /home/kain/onyx-server/src/daemon/configured_runtime.zig:1202:21: 0x894047b in test.configured runtime: configured ACME and OCSP private reverse bindings preserve independent full policy (root.zig)
           const runtime = try Runtime.createCold(std.testing.allocator, std.testing.io, inputs, testDeadline());
                           ^
error: 'daemon.configured_runtime.test.configured runtime: enabled real Webpush uses source demanded options and immutable resolved key subject and trust' failed:
       /usr/local/lib/zig-0.17/lib/zig/std/os/linux/IoUring.zig:64:18: 0x4856e6e in init_params (std.zig)
               .PERM => return error.PermissionDenied,
                        ^
       /usr/local/lib/zig-0.17/lib/zig/std/os/linux/IoUring.zig:32:12: 0x4857f4b in init (std.zig)
           return try IoUring.init_params(entries, &params);
                  ^
       /home/kain/onyx-server/src/daemon/ringlane.zig:169:28: 0x4b488f4 in init (root.zig)
               return .{ .inner = try IoUring.init(entries, features.setupFlags()), .features = features };
                                  ^
       /home/kain/onyx-server/src/daemon/server.zig:4914:55: 0x4b4aa35 in initReactor (root.zig)
                   if (ringlane.isUnsupportedInitError(err)) return error.Unsupported;
                                                             ^
       /home/kain/onyx-server/src/daemon/server.zig:5056:31: 0x4b51b31 in initInPlaceWithAccountSource (root.zig)
                   reactors[built] = try initReactor(allocator, shard_config, @intCast(built), reuse_port);
                                     ^
       /home/kain/onyx-server/src/daemon/server.zig:57061:13: 0x4b709fa in createColdImpl (root.zig)
                   try owner.initInPlaceWithAccountSource(allocator, b.expected, if (b.leased_loan != null) @ptrCast(&b.leased_stage) else null);
                   ^
       /home/kain/onyx-server/src/daemon/server.zig:56999:9: 0x868c71c in createCold (root.zig)
               return createColdImpl(allocator, io, inputs, binding, null);
               ^
       /home/kain/onyx-server/src/daemon/configured_runtime.zig:482:14: 0x88d4b70 in createColdImpl (root.zig)
           b.core = try server_mod.ManagedCore.createCold(allocator, io, inputs.core, .{
                    ^
       /home/kain/onyx-server/src/daemon/configured_runtime.zig:121:9: 0x88d6fce in createCold (root.zig)
               return createColdImpl(allocator, io, inputs, deadline, if (builtin.is_test) null else {});
               ^
       /home/kain/onyx-server/src/daemon/configured_runtime.zig:1233:21: 0x893e8d0 in test.configured runtime: enabled real Webpush uses source demanded options and immutable resolved key subject and trust (root.zig)
           const runtime = try Runtime.createCold(std.testing.allocator, std.testing.io, inputs, testDeadline());
                           ^
error: 'daemon.configured_runtime.test.configured runtime: private sealed NodeIdentity has independent secret-page custody through joined destruction' failed:
       /usr/local/lib/zig-0.17/lib/zig/std/os/linux/IoUring.zig:64:18: 0x4856e6e in init_params (std.zig)
               .PERM => return error.PermissionDenied,
                        ^
       /usr/local/lib/zig-0.17/lib/zig/std/os/linux/IoUring.zig:32:12: 0x4857f4b in init (std.zig)
           return try IoUring.init_params(entries, &params);
                  ^
       /home/kain/onyx-server/src/daemon/ringlane.zig:169:28: 0x4b488f4 in init (root.zig)
               return .{ .inner = try IoUring.init(entries, features.setupFlags()), .features = features };
                                  ^
       /home/kain/onyx-server/src/daemon/server.zig:4914:55: 0x4b4aa35 in initReactor (root.zig)
                   if (ringlane.isUnsupportedInitError(err)) return error.Unsupported;
                                                             ^
       /home/kain/onyx-server/src/daemon/server.zig:5056:31: 0x4b51b31 in initInPlaceWithAccountSource (root.zig)
                   reactors[built] = try initReactor(allocator, shard_config, @intCast(built), reuse_port);
                                     ^
       /home/kain/onyx-server/src/daemon/server.zig:57061:13: 0x4b709fa in createColdImpl (root.zig)
                   try owner.initInPlaceWithAccountSource(allocator, b.expected, if (b.leased_loan != null) @ptrCast(&b.leased_stage) else null);
                   ^
       /home/kain/onyx-server/src/daemon/server.zig:56999:9: 0x868c71c in createCold (root.zig)
               return createColdImpl(allocator, io, inputs, binding, null);
               ^
       /home/kain/onyx-server/src/daemon/configured_runtime.zig:482:14: 0x88d4b70 in createColdImpl (root.zig)
           b.core = try server_mod.ManagedCore.createCold(allocator, io, inputs.core, .{
                    ^
       /home/kain/onyx-server/src/daemon/configured_runtime.zig:121:9: 0x88d6fce in createCold (root.zig)
               return createColdImpl(allocator, io, inputs, deadline, if (builtin.is_test) null else {});
               ^
       /home/kain/onyx-server/src/daemon/configured_runtime.zig:1258:21: 0x893d726 in test.configured runtime: private sealed NodeIdentity has independent secret-page custody through joined destruction (root.zig)
           const runtime = try Runtime.createCold(std.testing.allocator, std.testing.io, inputs, testDeadline());
                           ^
error: 'daemon.configured_runtime.test.configured runtime: real WebTransport and Metrics resources retain independent full policy behind the private Gate' failed:
       /usr/local/lib/zig-0.17/lib/zig/std/os/linux/IoUring.zig:64:18: 0x4856e6e in init_params (std.zig)
               .PERM => return error.PermissionDenied,
                        ^
       /usr/local/lib/zig-0.17/lib/zig/std/os/linux/IoUring.zig:32:12: 0x4857f4b in init (std.zig)
           return try IoUring.init_params(entries, &params);
                  ^
       /home/kain/onyx-server/src/daemon/ringlane.zig:169:28: 0x4b488f4 in init (root.zig)
               return .{ .inner = try IoUring.init(entries, features.setupFlags()), .features = features };
                                  ^
       /home/kain/onyx-server/src/daemon/server.zig:4914:55: 0x4b4aa35 in initReactor (root.zig)
                   if (ringlane.isUnsupportedInitError(err)) return error.Unsupported;
                                                             ^
       /home/kain/onyx-server/src/daemon/server.zig:5056:31: 0x4b51b31 in initInPlaceWithAccountSource (root.zig)
                   reactors[built] = try initReactor(allocator, shard_config, @intCast(built), reuse_port);
                                     ^
       /home/kain/onyx-server/src/daemon/server.zig:57061:13: 0x4b709fa in createColdImpl (root.zig)
                   try owner.initInPlaceWithAccountSource(allocator, b.expected, if (b.leased_loan != null) @ptrCast(&b.leased_stage) else null);
                   ^
       /home/kain/onyx-server/src/daemon/server.zig:56999:9: 0x868c71c in createCold (root.zig)
               return createColdImpl(allocator, io, inputs, binding, null);
               ^
       /home/kain/onyx-server/src/daemon/configured_runtime.zig:482:14: 0x88d4b70 in createColdImpl (root.zig)
           b.core = try server_mod.ManagedCore.createCold(allocator, io, inputs.core, .{
                    ^
       /home/kain/onyx-server/src/daemon/configured_runtime.zig:121:9: 0x88d6fce in createCold (root.zig)
               return createColdImpl(allocator, io, inputs, deadline, if (builtin.is_test) null else {});
               ^
       /home/kain/onyx-server/src/daemon/configured_runtime.zig:1283:21: 0x894f915 in test.configured runtime: real WebTransport and Metrics resources retain independent full policy behind the private Gate (root.zig)
           const runtime = try Runtime.createCold(std.testing.allocator, std.testing.io, inputs, testDeadline());
                           ^
error: 'daemon.configured_runtime.test.configured runtime: every owned allocation failure refunds construction and permits the same frozen inputs and source borrows to retry' failed:
       /usr/local/lib/zig-0.17/lib/zig/std/os/linux/IoUring.zig:64:18: 0x4856e6e in init_params (std.zig)
               .PERM => return error.PermissionDenied,
                        ^
       /usr/local/lib/zig-0.17/lib/zig/std/os/linux/IoUring.zig:32:12: 0x4857f4b in init (std.zig)
           return try IoUring.init_params(entries, &params);
                  ^
       /home/kain/onyx-server/src/daemon/ringlane.zig:169:28: 0x4b488f4 in init (root.zig)
               return .{ .inner = try IoUring.init(entries, features.setupFlags()), .features = features };
                                  ^
       /home/kain/onyx-server/src/daemon/server.zig:4914:55: 0x4b4aa35 in initReactor (root.zig)
                   if (ringlane.isUnsupportedInitError(err)) return error.Unsupported;
                                                             ^
       /home/kain/onyx-server/src/daemon/server.zig:5056:31: 0x4b51b31 in initInPlaceWithAccountSource (root.zig)
                   reactors[built] = try initReactor(allocator, shard_config, @intCast(built), reuse_port);
                                     ^
       /home/kain/onyx-server/src/daemon/server.zig:57061:13: 0x4b709fa in createColdImpl (root.zig)
                   try owner.initInPlaceWithAccountSource(allocator, b.expected, if (b.leased_loan != null) @ptrCast(&b.leased_stage) else null);
                   ^
       /home/kain/onyx-server/src/daemon/server.zig:56999:9: 0x868c71c in createCold (root.zig)
               return createColdImpl(allocator, io, inputs, binding, null);
               ^
       /home/kain/onyx-server/src/daemon/configured_runtime.zig:482:14: 0x88d4b70 in createColdImpl (root.zig)
           b.core = try server_mod.ManagedCore.createCold(allocator, io, inputs.core, .{
                    ^
       /home/kain/onyx-server/src/daemon/configured_runtime.zig:121:9: 0x88d6fce in createCold (root.zig)
               return createColdImpl(allocator, io, inputs, deadline, if (builtin.is_test) null else {});
               ^
       /home/kain/onyx-server/src/daemon/configured_runtime.zig:1331:22: 0x893afb5 in test.configured runtime: every owned allocation failure refunds construction and permits the same frozen inputs and source borrows to retry (root.zig)
           const complete = try Runtime.createCold(unlimited.allocator(), std.testing.io, inputs, testDeadline());
                            ^
error: 'daemon.configured_runtime.test.configured runtime: prepared native and WebRTC media retain full policy and original UDP custody' failed:
       /usr/local/lib/zig-0.17/lib/zig/std/os/linux/IoUring.zig:64:18: 0x4856e6e in init_params (std.zig)
               .PERM => return error.PermissionDenied,
                        ^
       /usr/local/lib/zig-0.17/lib/zig/std/os/linux/IoUring.zig:32:12: 0x4857f4b in init (std.zig)
           return try IoUring.init_params(entries, &params);
                  ^
       /home/kain/onyx-server/src/daemon/ringlane.zig:169:28: 0x4b488f4 in init (root.zig)
               return .{ .inner = try IoUring.init(entries, features.setupFlags()), .features = features };
                                  ^
       /home/kain/onyx-server/src/daemon/server.zig:4914:55: 0x4b4aa35 in initReactor (root.zig)
                   if (ringlane.isUnsupportedInitError(err)) return error.Unsupported;
                                                             ^
       /home/kain/onyx-server/src/daemon/server.zig:5056:31: 0x4b51b31 in initInPlaceWithAccountSource (root.zig)
                   reactors[built] = try initReactor(allocator, shard_config, @intCast(built), reuse_port);
                                     ^
       /home/kain/onyx-server/src/daemon/server.zig:57061:13: 0x4b709fa in createColdImpl (root.zig)
                   try owner.initInPlaceWithAccountSource(allocator, b.expected, if (b.leased_loan != null) @ptrCast(&b.leased_stage) else null);
                   ^
       /home/kain/onyx-server/src/daemon/server.zig:56999:9: 0x868c71c in createCold (root.zig)
               return createColdImpl(allocator, io, inputs, binding, null);
               ^
       /home/kain/onyx-server/src/daemon/configured_runtime.zig:482:14: 0x88d4b70 in createColdImpl (root.zig)
           b.core = try server_mod.ManagedCore.createCold(allocator, io, inputs.core, .{
                    ^
       /home/kain/onyx-server/src/daemon/configured_runtime.zig:121:9: 0x88d6fce in createCold (root.zig)
               return createColdImpl(allocator, io, inputs, deadline, if (builtin.is_test) null else {});
               ^
       /home/kain/onyx-server/src/daemon/configured_runtime.zig:1371:21: 0x89390ad in test.configured runtime: prepared native and WebRTC media retain full policy and original UDP custody (root.zig)
           const runtime = try Runtime.createCold(std.testing.allocator, std.testing.io, inputs, testDeadline());
                           ^
error: 'daemon.configured_runtime.test.configured runtime: same real Core retries every Gate allocation failure and refuses reissuance before and after cancellation' failed:
       /usr/local/lib/zig-0.17/lib/zig/std/os/linux/IoUring.zig:64:18: 0x4856e6e in init_params (std.zig)
               .PERM => return error.PermissionDenied,
                        ^
       /usr/local/lib/zig-0.17/lib/zig/std/os/linux/IoUring.zig:32:12: 0x4857f4b in init (std.zig)
           return try IoUring.init_params(entries, &params);
                  ^
       /home/kain/onyx-server/src/daemon/ringlane.zig:169:28: 0x4b488f4 in init (root.zig)
               return .{ .inner = try IoUring.init(entries, features.setupFlags()), .features = features };
                                  ^
       /home/kain/onyx-server/src/daemon/server.zig:4914:55: 0x4b4aa35 in initReactor (root.zig)
                   if (ringlane.isUnsupportedInitError(err)) return error.Unsupported;
                                                             ^
       /home/kain/onyx-server/src/daemon/server.zig:5056:31: 0x4b51b31 in initInPlaceWithAccountSource (root.zig)
                   reactors[built] = try initReactor(allocator, shard_config, @intCast(built), reuse_port);
                                     ^
       /home/kain/onyx-server/src/daemon/server.zig:57061:13: 0x4b709fa in createColdImpl (root.zig)
                   try owner.initInPlaceWithAccountSource(allocator, b.expected, if (b.leased_loan != null) @ptrCast(&b.leased_stage) else null);
                   ^
       /home/kain/onyx-server/src/daemon/server.zig:56999:9: 0x868c71c in createCold (root.zig)
               return createColdImpl(allocator, io, inputs, binding, null);
               ^
       /home/kain/onyx-server/src/daemon/configured_runtime.zig:897:21: 0x8930859 in init (root.zig)
               self.core = try server_mod.ManagedCore.createCold(std.testing.allocator, std.testing.io, inputs.core, .{
                           ^
       /home/kain/onyx-server/src/daemon/configured_runtime.zig:1409:9: 0x8934a54 in test.configured runtime: same real Core retries every Gate allocation failure and refuses reissuance before and after cancellation (root.zig)
               try owner.init(2);
               ^
error: 'daemon.configured_runtime.test.configured runtime: two real Core Gate pairs reject valid foreign and mixed authority before mutation and then prepare independently' failed:
       /usr/local/lib/zig-0.17/lib/zig/std/os/linux/IoUring.zig:64:18: 0x4856e6e in init_params (std.zig)
               .PERM => return error.PermissionDenied,
                        ^
       /usr/local/lib/zig-0.17/lib/zig/std/os/linux/IoUring.zig:32:12: 0x4857f4b in init (std.zig)
           return try IoUring.init_params(entries, &params);
                  ^
       /home/kain/onyx-server/src/daemon/ringlane.zig:169:28: 0x4b488f4 in init (root.zig)
               return .{ .inner = try IoUring.init(entries, features.setupFlags()), .features = features };
                                  ^
       /home/kain/onyx-server/src/daemon/server.zig:4914:55: 0x4b4aa35 in initReactor (root.zig)
                   if (ringlane.isUnsupportedInitError(err)) return error.Unsupported;
                                                             ^
       /home/kain/onyx-server/src/daemon/server.zig:5056:31: 0x4b51b31 in initInPlaceWithAccountSource (root.zig)
                   reactors[built] = try initReactor(allocator, shard_config, @intCast(built), reuse_port);
                                     ^
       /home/kain/onyx-server/src/daemon/server.zig:57061:13: 0x4b709fa in createColdImpl (root.zig)
                   try owner.initInPlaceWithAccountSource(allocator, b.expected, if (b.leased_loan != null) @ptrCast(&b.leased_stage) else null);
                   ^
       /home/kain/onyx-server/src/daemon/server.zig:56999:9: 0x868c71c in createCold (root.zig)
               return createColdImpl(allocator, io, inputs, binding, null);
               ^
       /home/kain/onyx-server/src/daemon/configured_runtime.zig:897:21: 0x8930859 in init (root.zig)
               self.core = try server_mod.ManagedCore.createCold(std.testing.allocator, std.testing.io, inputs.core, .{
                           ^
       /home/kain/onyx-server/src/daemon/configured_runtime.zig:1464:5: 0x8930d89 in test.configured runtime: two real Core Gate pairs reject valid foreign and mixed authority before mutation and then prepare independently (root.zig)
           try first.init(2);
           ^
error: 'daemon.configured_runtime.test.configured runtime: original graph publishes inline and sharded real transports then joins every source before disposal' failed:
       /usr/local/lib/zig-0.17/lib/zig/std/os/linux/IoUring.zig:64:18: 0x4856e6e in init_params (std.zig)
               .PERM => return error.PermissionDenied,
                        ^
       /usr/local/lib/zig-0.17/lib/zig/std/os/linux/IoUring.zig:32:12: 0x4857f4b in init (std.zig)
           return try IoUring.init_params(entries, &params);
                  ^
       /home/kain/onyx-server/src/daemon/ringlane.zig:169:28: 0x4b488f4 in init (root.zig)
               return .{ .inner = try IoUring.init(entries, features.setupFlags()), .features = features };
                                  ^
       /home/kain/onyx-server/src/daemon/server.zig:4914:55: 0x4b4aa35 in initReactor (root.zig)
                   if (ringlane.isUnsupportedInitError(err)) return error.Unsupported;
                                                             ^
       /home/kain/onyx-server/src/daemon/server.zig:5056:31: 0x4b51b31 in initInPlaceWithAccountSource (root.zig)
                   reactors[built] = try initReactor(allocator, shard_config, @intCast(built), reuse_port);
                                     ^
       /home/kain/onyx-server/src/daemon/server.zig:57061:13: 0x4b709fa in createColdImpl (root.zig)
                   try owner.initInPlaceWithAccountSource(allocator, b.expected, if (b.leased_loan != null) @ptrCast(&b.leased_stage) else null);
                   ^
       /home/kain/onyx-server/src/daemon/server.zig:56999:9: 0x868c71c in createCold (root.zig)
               return createColdImpl(allocator, io, inputs, binding, null);
               ^
       /home/kain/onyx-server/src/daemon/configured_runtime.zig:482:14: 0x88d4b70 in createColdImpl (root.zig)
           b.core = try server_mod.ManagedCore.createCold(allocator, io, inputs.core, .{
                    ^
       /home/kain/onyx-server/src/daemon/configured_runtime.zig:121:9: 0x88d6fce in createCold (root.zig)
               return createColdImpl(allocator, io, inputs, deadline, if (builtin.is_test) null else {});
               ^
       /home/kain/onyx-server/src/daemon/configured_runtime.zig:1558:25: 0x892e194 in test.configured runtime: original graph publishes inline and sharded real transports then joins every source before disposal (root.zig)
               const runtime = try Runtime.createCold(std.testing.allocator, std.testing.io, inputs, testDeadline());
                               ^
error: 'daemon.configured_runtime.test.configured runtime: failed actual inline caller spawn leaves no publication and requires a fresh candidate' failed:
       /usr/local/lib/zig-0.17/lib/zig/std/os/linux/IoUring.zig:64:18: 0x4856e6e in init_params (std.zig)
               .PERM => return error.PermissionDenied,
                        ^
       /usr/local/lib/zig-0.17/lib/zig/std/os/linux/IoUring.zig:32:12: 0x4857f4b in init (std.zig)
           return try IoUring.init_params(entries, &params);
                  ^
       /home/kain/onyx-server/src/daemon/ringlane.zig:169:28: 0x4b488f4 in init (root.zig)
               return .{ .inner = try IoUring.init(entries, features.setupFlags()), .features = features };
                                  ^
       /home/kain/onyx-server/src/daemon/server.zig:4914:55: 0x4b4aa35 in initReactor (root.zig)
                   if (ringlane.isUnsupportedInitError(err)) return error.Unsupported;
                                                             ^
       /home/kain/onyx-server/src/daemon/server.zig:5056:31: 0x4b51b31 in initInPlaceWithAccountSource (root.zig)
                   reactors[built] = try initReactor(allocator, shard_config, @intCast(built), reuse_port);
                                     ^
       /home/kain/onyx-server/src/daemon/server.zig:57061:13: 0x4b709fa in createColdImpl (root.zig)
                   try owner.initInPlaceWithAccountSource(allocator, b.expected, if (b.leased_loan != null) @ptrCast(&b.leased_stage) else null);
                   ^
       /home/kain/onyx-server/src/daemon/server.zig:56999:9: 0x868c71c in createCold (root.zig)
               return createColdImpl(allocator, io, inputs, binding, null);
               ^
       /home/kain/onyx-server/src/daemon/configured_runtime.zig:482:14: 0x88d4b70 in createColdImpl (root.zig)
           b.core = try server_mod.ManagedCore.createCold(allocator, io, inputs.core, .{
                    ^
       /home/kain/onyx-server/src/daemon/configured_runtime.zig:1588:20: 0x892d096 in test.configured runtime: failed actual inline caller spawn leaves no publication and requires a fresh candidate (root.zig)
           const failed = try createColdImpl(std.testing.allocator, std.testing.io, testInputs(1), testDeadline(), &fixture);
                          ^
error: 'daemon.configured_runtime.test.configured runtime: configured Webpush and WebTransport publish their real sources and retain joined settlement custody' failed:
       /usr/local/lib/zig-0.17/lib/zig/std/os/linux/IoUring.zig:64:18: 0x4856e6e in init_params (std.zig)
               .PERM => return error.PermissionDenied,
                        ^
       /usr/local/lib/zig-0.17/lib/zig/std/os/linux/IoUring.zig:32:12: 0x4857f4b in init (std.zig)
           return try IoUring.init_params(entries, &params);
                  ^
       /home/kain/onyx-server/src/daemon/ringlane.zig:169:28: 0x4b488f4 in init (root.zig)
               return .{ .inner = try IoUring.init(entries, features.setupFlags()), .features = features };
                                  ^
       /home/kain/onyx-server/src/daemon/server.zig:4914:55: 0x4b4aa35 in initReactor (root.zig)
                   if (ringlane.isUnsupportedInitError(err)) return error.Unsupported;
                                                             ^
       /home/kain/onyx-server/src/daemon/server.zig:5056:31: 0x4b51b31 in initInPlaceWithAccountSource (root.zig)
                   reactors[built] = try initReactor(allocator, shard_config, @intCast(built), reuse_port);
                                     ^
       /home/kain/onyx-server/src/daemon/server.zig:57061:13: 0x4b709fa in createColdImpl (root.zig)
                   try owner.initInPlaceWithAccountSource(allocator, b.expected, if (b.leased_loan != null) @ptrCast(&b.leased_stage) else null);
                   ^
       /home/kain/onyx-server/src/daemon/server.zig:56999:9: 0x868c71c in createCold (root.zig)
               return createColdImpl(allocator, io, inputs, binding, null);
               ^
       /home/kain/onyx-server/src/daemon/configured_runtime.zig:482:14: 0x88d4b70 in createColdImpl (root.zig)
           b.core = try server_mod.ManagedCore.createCold(allocator, io, inputs.core, .{
                    ^
       /home/kain/onyx-server/src/daemon/configured_runtime.zig:121:9: 0x88d6fce in createCold (root.zig)
               return createColdImpl(allocator, io, inputs, deadline, if (builtin.is_test) null else {});
               ^
       /home/kain/onyx-server/src/daemon/configured_runtime.zig:1625:21: 0x892b09a in test.configured runtime: configured Webpush and WebTransport publish their real sources and retain joined settlement custody (root.zig)
           const runtime = try Runtime.createCold(std.testing.allocator, std.testing.io, inputs, testDeadline());
                           ^
error: 'daemon.configured_runtime.test.configured runtime: every resolver settlement allocation failure preserves the published paused source and retries same graph' failed:
       /usr/local/lib/zig-0.17/lib/zig/std/os/linux/IoUring.zig:64:18: 0x4856e6e in init_params (std.zig)
               .PERM => return error.PermissionDenied,
                        ^
       /usr/local/lib/zig-0.17/lib/zig/std/os/linux/IoUring.zig:32:12: 0x4857f4b in init (std.zig)
           return try IoUring.init_params(entries, &params);
                  ^
       /home/kain/onyx-server/src/daemon/ringlane.zig:169:28: 0x4b488f4 in init (root.zig)
               return .{ .inner = try IoUring.init(entries, features.setupFlags()), .features = features };
                                  ^
       /home/kain/onyx-server/src/daemon/server.zig:4914:55: 0x4b4aa35 in initReactor (root.zig)
                   if (ringlane.isUnsupportedInitError(err)) return error.Unsupported;
                                                             ^
       /home/kain/onyx-server/src/daemon/server.zig:5056:31: 0x4b51b31 in initInPlaceWithAccountSource (root.zig)
                   reactors[built] = try initReactor(allocator, shard_config, @intCast(built), reuse_port);
                                     ^
       /home/kain/onyx-server/src/daemon/server.zig:57061:13: 0x4b709fa in createColdImpl (root.zig)
                   try owner.initInPlaceWithAccountSource(allocator, b.expected, if (b.leased_loan != null) @ptrCast(&b.leased_stage) else null);
                   ^
       /home/kain/onyx-server/src/daemon/server.zig:56999:9: 0x868c71c in createCold (root.zig)
               return createColdImpl(allocator, io, inputs, binding, null);
               ^
       /home/kain/onyx-server/src/daemon/configured_runtime.zig:482:14: 0x88d4b70 in createColdImpl (root.zig)
           b.core = try server_mod.ManagedCore.createCold(allocator, io, inputs.core, .{
                    ^
       /home/kain/onyx-server/src/daemon/configured_runtime.zig:1651:25: 0x8926a5d in test.configured runtime: every resolver settlement allocation failure preserves the published paused source and retries same graph (root.zig)
               const runtime = try createColdImpl(std.testing.allocator, std.testing.io, inputs, testDeadline(), &fixture);
                               ^
error: 'daemon.configured_runtime.test.configured runtime: invalid terminal deadlines cannot publish a producer fence or stop any original source' failed:
       /usr/local/lib/zig-0.17/lib/zig/std/os/linux/IoUring.zig:64:18: 0x4856e6e in init_params (std.zig)
               .PERM => return error.PermissionDenied,
                        ^
       /usr/local/lib/zig-0.17/lib/zig/std/os/linux/IoUring.zig:32:12: 0x4857f4b in init (std.zig)
           return try IoUring.init_params(entries, &params);
                  ^
       /home/kain/onyx-server/src/daemon/ringlane.zig:169:28: 0x4b488f4 in init (root.zig)
               return .{ .inner = try IoUring.init(entries, features.setupFlags()), .features = features };
                                  ^
       /home/kain/onyx-server/src/daemon/server.zig:4914:55: 0x4b4aa35 in initReactor (root.zig)
                   if (ringlane.isUnsupportedInitError(err)) return error.Unsupported;
                                                             ^
       /home/kain/onyx-server/src/daemon/server.zig:5056:31: 0x4b51b31 in initInPlaceWithAccountSource (root.zig)
                   reactors[built] = try initReactor(allocator, shard_config, @intCast(built), reuse_port);
                                     ^
       /home/kain/onyx-server/src/daemon/server.zig:57061:13: 0x4b709fa in createColdImpl (root.zig)
                   try owner.initInPlaceWithAccountSource(allocator, b.expected, if (b.leased_loan != null) @ptrCast(&b.leased_stage) else null);
                   ^
       /home/kain/onyx-server/src/daemon/server.zig:56999:9: 0x868c71c in createCold (root.zig)
               return createColdImpl(allocator, io, inputs, binding, null);
               ^
       /home/kain/onyx-server/src/daemon/configured_runtime.zig:482:14: 0x88d4b70 in createColdImpl (root.zig)
           b.core = try server_mod.ManagedCore.createCold(allocator, io, inputs.core, .{
                    ^
       /home/kain/onyx-server/src/daemon/configured_runtime.zig:121:9: 0x88d6fce in createCold (root.zig)
               return createColdImpl(allocator, io, inputs, deadline, if (builtin.is_test) null else {});
               ^
       /home/kain/onyx-server/src/daemon/configured_runtime.zig:1703:21: 0x8924dcb in test.configured runtime: invalid terminal deadlines cannot publish a producer fence or stop any original source (root.zig)
           const runtime = try Runtime.createCold(std.testing.allocator, std.testing.io, testInputs(2), testDeadline());
                           ^
error: 'daemon.configured_runtime.test.configured runtime: immediate terminal stop joins the actual late inline caller and cancels source entry without a permanent failure' failed:
       /usr/local/lib/zig-0.17/lib/zig/std/os/linux/IoUring.zig:64:18: 0x4856e6e in init_params (std.zig)
               .PERM => return error.PermissionDenied,
                        ^
       /usr/local/lib/zig-0.17/lib/zig/std/os/linux/IoUring.zig:32:12: 0x4857f4b in init (std.zig)
           return try IoUring.init_params(entries, &params);
                  ^
       /home/kain/onyx-server/src/daemon/ringlane.zig:169:28: 0x4b488f4 in init (root.zig)
               return .{ .inner = try IoUring.init(entries, features.setupFlags()), .features = features };
                                  ^
       /home/kain/onyx-server/src/daemon/server.zig:4914:55: 0x4b4aa35 in initReactor (root.zig)
                   if (ringlane.isUnsupportedInitError(err)) return error.Unsupported;
                                                             ^
       /home/kain/onyx-server/src/daemon/server.zig:5056:31: 0x4b51b31 in initInPlaceWithAccountSource (root.zig)
                   reactors[built] = try initReactor(allocator, shard_config, @intCast(built), reuse_port);
                                     ^
       /home/kain/onyx-server/src/daemon/server.zig:57061:13: 0x4b709fa in createColdImpl (root.zig)
                   try owner.initInPlaceWithAccountSource(allocator, b.expected, if (b.leased_loan != null) @ptrCast(&b.leased_stage) else null);
                   ^
       /home/kain/onyx-server/src/daemon/server.zig:56999:9: 0x868c71c in createCold (root.zig)
               return createColdImpl(allocator, io, inputs, binding, null);
               ^
       /home/kain/onyx-server/src/daemon/configured_runtime.zig:482:14: 0x88d4b70 in createColdImpl (root.zig)
           b.core = try server_mod.ManagedCore.createCold(allocator, io, inputs.core, .{
                    ^
       /home/kain/onyx-server/src/daemon/configured_runtime.zig:1726:21: 0x8922cbf in test.configured runtime: immediate terminal stop joins the actual late inline caller and cancels source entry without a permanent failure (root.zig)
           const runtime = try createColdImpl(std.testing.allocator, std.testing.io, testInputs(1), testDeadline(), &fixture);
                           ^
error: 'daemon.configured_runtime.test.configured runtime: seeded original Webpush outputs survive Store OOM with real graph custody then prune every account and never queue after cold reopen' failed:
       /usr/local/lib/zig-0.17/lib/zig/std/os/linux/IoUring.zig:64:18: 0x4856e6e in init_params (std.zig)
               .PERM => return error.PermissionDenied,
                        ^
       /usr/local/lib/zig-0.17/lib/zig/std/os/linux/IoUring.zig:32:12: 0x4857f4b in init (std.zig)
           return try IoUring.init_params(entries, &params);
                  ^
       /home/kain/onyx-server/src/daemon/ringlane.zig:169:28: 0x4b488f4 in init (root.zig)
               return .{ .inner = try IoUring.init(entries, features.setupFlags()), .features = features };
                                  ^
       /home/kain/onyx-server/src/daemon/server.zig:4914:55: 0x4b4aa35 in initReactor (root.zig)
                   if (ringlane.isUnsupportedInitError(err)) return error.Unsupported;
                                                             ^
       /home/kain/onyx-server/src/daemon/server.zig:5056:31: 0x4b51b31 in initInPlaceWithAccountSource (root.zig)
                   reactors[built] = try initReactor(allocator, shard_config, @intCast(built), reuse_port);
                                     ^
       /home/kain/onyx-server/src/daemon/server.zig:57061:13: 0x4b709fa in createColdImpl (root.zig)
                   try owner.initInPlaceWithAccountSource(allocator, b.expected, if (b.leased_loan != null) @ptrCast(&b.leased_stage) else null);
                   ^
       /home/kain/onyx-server/src/daemon/server.zig:56999:9: 0x868c71c in createCold (root.zig)
               return createColdImpl(allocator, io, inputs, binding, null);
               ^
       /home/kain/onyx-server/src/daemon/configured_runtime.zig:482:14: 0x88d4b70 in createColdImpl (root.zig)
           b.core = try server_mod.ManagedCore.createCold(allocator, io, inputs.core, .{
                    ^
       /home/kain/onyx-server/src/daemon/configured_runtime.zig:121:9: 0x88d6fce in createCold (root.zig)
               return createColdImpl(allocator, io, inputs, deadline, if (builtin.is_test) null else {});
               ^
       /home/kain/onyx-server/src/daemon/configured_runtime.zig:1790:25: 0x88e1780 in test.configured runtime: seeded original Webpush outputs survive Store OOM with real graph custody then prune every account and never queue after cold reopen (root.zig)
               const runtime = try Runtime.createCold(std.testing.allocator, std.testing.io, runtimeWebpushInputs(&store, pair, &public_key), testDeadline());
                               ^
error: 'daemon.helix.native_manifest.test.native Helix service carry: actual nonlistener and duplicate lease descriptions refuse without flag mutation' failed:
       GAP-O4 branch=doctor read-only fixed checks
       GAP-C5 branch=FEC modules stay unwired until a measured GAP-V3 signal; section 12 symbols stay absent
       section 13 remainder branch=no further in-repo witnessable Accept; live IDENTIFY and live relay_v2_authoring=active stay unmet; FreeBSD kqueue, Windows IOCP, FreeBSD kernel TLS, OpenBSD pledge, and Windows RIO were not executed; commit 838ee337 does not close GAP-X3; GAP-K1 stays in the client repo; GAP-V7 stays a hold; section 12 and GAP-N stay unbuilt; headings stay unmarked; roadmap not closed
       section 13 waiver branch=live IDENTIFY, live relay_v2_authoring=active, executed FreeBSD kqueue, Windows IOCP, FreeBSD kernel TLS, OpenBSD pledge, and Windows RIO are waived as unverifiable on this host; the shipped paths still return MissingOp or Unsupported; commit 838ee337 does not close GAP-X3; headings stay unmarked; Accepts stay unmet; roadmap not closed
       expected .SUCCESS, found .PERM
       /usr/local/lib/zig-0.17/lib/zig/std/testing.zig:111:17: 0x38e438a in expectEqualInner__anon_615316 (std.zig)
                       return error.TestExpectedEqual;
                       ^
       /usr/local/lib/zig-0.17/lib/zig/std/testing.zig:75:5: 0x8a2717f in expectEqual (root.zig)
           return expectEqualInner(T, expected, actual);
           ^
       /home/kain/onyx-server/src/daemon/helix/native_manifest.zig:317:5: 0x8a2722e in test.native Helix service carry: actual nonlistener and duplicate lease descriptions refuse without flag mutation (root.zig)
           try std.testing.expectEqual(posix.E.SUCCESS, posix.errno(sys.socketpair(posix.AF.UNIX, posix.SOCK.SEQPACKET | posix.SOCK.CLOEXEC, 0, &sockets)));
           ^
error: 'daemon.helix.conduit.test.conduit moves >253 fds plus a multi-hundred-byte payload' failed:
       /home/kain/onyx-server/src/daemon/helix/handoff.zig:118:17: 0x5828237 in socketPair (root.zig)
               else => return error.SocketPairFailed,
                       ^
       /home/kain/onyx-server/src/daemon/helix/conduit.zig:263:19: 0x922409f in test.conduit moves >253 fds plus a multi-hundred-byte payload (root.zig)
           var sockets = try handoff.socketPair();
                         ^
error: 'daemon.helix.upgrade_dst.test.full upgrade round-trip preserves state and descriptors' failed:
       /home/kain/onyx-server/src/daemon/helix/handoff.zig:118:17: 0x5828237 in socketPair (root.zig)
               else => return error.SocketPairFailed,
                       ^
       /home/kain/onyx-server/src/daemon/helix/upgrade_dst.zig:206:19: 0x90ad5b0 in roundTrip (root.zig)
           var sockets = try handoff.socketPair();
                         ^
       /home/kain/onyx-server/src/daemon/helix/upgrade_dst.zig:310:15: 0x90a8d41 in test.full upgrade round-trip preserves state and descriptors (root.zig)
           const n = try roundTrip(allocator, &originals, &orig_fds, &migrated);
                     ^
error: 'daemon.helix.session_migration_dst.test.session migration round-trip recovers every session and splits attach/detach by live client set' failed:
       /home/kain/onyx-server/src/daemon/helix/handoff.zig:118:17: 0x5828237 in socketPair (root.zig)
               else => return error.SocketPairFailed,
                       ^
       /home/kain/onyx-server/src/daemon/helix/session_migration_dst.zig:248:19: 0x9093ca1 in roundTrip (root.zig)
           var sockets = try handoff.socketPair();
                         ^
       /home/kain/onyx-server/src/daemon/helix/session_migration_dst.zig:373:21: 0x909f0cc in test.session migration round-trip recovers every session and splits attach/detach by live client set (root.zig)
           const outcome = try roundTrip(allocator, &capsules, &live);
                           ^
error: 'daemon.helix.session_migration_dst.test.session migration round-trip preserves a same-account shared-token attachment group' failed:
       /home/kain/onyx-server/src/daemon/helix/handoff.zig:118:17: 0x5828237 in socketPair (root.zig)
               else => return error.SocketPairFailed,
                       ^
       /home/kain/onyx-server/src/daemon/helix/session_migration_dst.zig:248:19: 0x9093ca1 in roundTrip (root.zig)
           var sockets = try handoff.socketPair();
                         ^
       /home/kain/onyx-server/src/daemon/helix/session_migration_dst.zig:397:21: 0x909eb4d in test.session migration round-trip preserves a same-account shared-token attachment group (root.zig)
           const outcome = try roundTrip(std.testing.allocator, &capsules, &live);
                           ^
error: 'daemon.helix.session_migration_dst.test.session migration round-trip rejects cross-account shared-token authority' failed:
       expected error.DuplicateToken, found error.SocketPairFailed
       /home/kain/onyx-server/src/daemon/helix/handoff.zig:118:17: 0x5828237 in socketPair (root.zig)
               else => return error.SocketPairFailed,
                       ^
       /home/kain/onyx-server/src/daemon/helix/session_migration_dst.zig:248:19: 0x9093ca1 in roundTrip (root.zig)
           var sockets = try handoff.socketPair();
                         ^
       /usr/local/lib/zig-0.17/lib/zig/std/testing.zig:64:13: 0x909d1ba in expectError__anon_1204298 (std.zig)
                   return error.TestUnexpectedError;
                   ^
       /home/kain/onyx-server/src/daemon/helix/session_migration_dst.zig:416:5: 0x909d3a2 in test.session migration round-trip rejects cross-account shared-token authority (root.zig)
           try std.testing.expectError(
           ^
error: 'daemon.helix.session_migration_dst.test.session migration shared-token round-trip survives every allocation failure' failed:
       /home/kain/onyx-server/src/daemon/helix/handoff.zig:118:17: 0x5828237 in socketPair (root.zig)
               else => return error.SocketPairFailed,
                       ^
       /home/kain/onyx-server/src/daemon/helix/session_migration_dst.zig:248:19: 0x9093ca1 in roundTrip (root.zig)
           var sockets = try handoff.socketPair();
                         ^
       /home/kain/onyx-server/src/daemon/helix/session_migration_dst.zig:439:29: 0x909c2a5 in run (root.zig)
                   const outcome = try roundTrip(allocator, records, live_clients);
                                   ^
       /usr/local/lib/zig-0.17/lib/zig/std/testing.zig:1124:9: 0x909c871 in checkAllAllocationFailures__anon_1204265 (std.zig)
               try @call(.auto, test_fn, .{failing_allocator_inst.allocator()} ++ extra_args);
               ^
       /home/kain/onyx-server/src/daemon/helix/session_migration_dst.zig:445:5: 0x909cff9 in test.session migration shared-token round-trip survives every allocation failure (root.zig)
           try std.testing.checkAllAllocationFailures(
           ^
error: 'daemon.helix.session_migration_dst.test.session migration round-trip with empty live set detaches every recovered session' failed:
       /home/kain/onyx-server/src/daemon/helix/handoff.zig:118:17: 0x5828237 in socketPair (root.zig)
               else => return error.SocketPairFailed,
                       ^
       /home/kain/onyx-server/src/daemon/helix/session_migration_dst.zig:248:19: 0x9093ca1 in roundTrip (root.zig)
           var sockets = try handoff.socketPair();
                         ^
       /home/kain/onyx-server/src/daemon/helix/session_migration_dst.zig:468:21: 0x909be2f in test.session migration round-trip with empty live set detaches every recovered session (root.zig)
           const outcome = try roundTrip(allocator, &capsules, &live);
                           ^
error: 'daemon.helix.session_migration_dst.test.session migration round-trip with all clients live attaches everything' failed:
       /home/kain/onyx-server/src/daemon/helix/handoff.zig:118:17: 0x5828237 in socketPair (root.zig)
               else => return error.SocketPairFailed,
                       ^
       /home/kain/onyx-server/src/daemon/helix/session_migration_dst.zig:248:19: 0x9093ca1 in roundTrip (root.zig)
           var sockets = try handoff.socketPair();
                         ^
       /home/kain/onyx-server/src/daemon/helix/session_migration_dst.zig:494:21: 0x909b92a in test.session migration round-trip with all clients live attaches everything (root.zig)
           const outcome = try roundTrip(allocator, &capsules, &live);
                           ^
error: 'daemon.helix.session_migration_dst.test.session migration round-trip over zero capsules recovers nothing' failed:
       /home/kain/onyx-server/src/daemon/helix/handoff.zig:118:17: 0x5828237 in socketPair (root.zig)
               else => return error.SocketPairFailed,
                       ^
       /home/kain/onyx-server/src/daemon/helix/session_migration_dst.zig:248:19: 0x9093ca1 in roundTrip (root.zig)
           var sockets = try handoff.socketPair();
                         ^
       /home/kain/onyx-server/src/daemon/helix/session_migration_dst.zig:509:21: 0x90937a5 in test.session migration round-trip over zero capsules recovers nothing (root.zig)
           const outcome = try roundTrip(allocator, &capsules, &live);
                           ^
error: 'daemon.helix.world_migration_dst.test.world migration round-trip recovers every channel and ban entry intact' failed:
       /home/kain/onyx-server/src/daemon/helix/handoff.zig:118:17: 0x5828237 in socketPair (root.zig)
               else => return error.SocketPairFailed,
                       ^
       /home/kain/onyx-server/src/daemon/helix/world_migration_dst.zig:357:19: 0x9080180 in roundTrip (root.zig)
           var sockets = try handoff.socketPair();
                         ^
       /home/kain/onyx-server/src/daemon/helix/world_migration_dst.zig:473:21: 0x9093400 in test.world migration round-trip recovers every channel and ban entry intact (root.zig)
           const outcome = try roundTrip(allocator, &channels, &bans);
                           ^
error: 'daemon.helix.world_migration_dst.test.world migration round-trip with zero ban entries still recovers channels' failed:
       /home/kain/onyx-server/src/daemon/helix/handoff.zig:118:17: 0x5828237 in socketPair (root.zig)
               else => return error.SocketPairFailed,
                       ^
       /home/kain/onyx-server/src/daemon/helix/world_migration_dst.zig:357:19: 0x9080180 in roundTrip (root.zig)
           var sockets = try handoff.socketPair();
                         ^
       /home/kain/onyx-server/src/daemon/helix/world_migration_dst.zig:524:21: 0x9092f3a in test.world migration round-trip with zero ban entries still recovers channels (root.zig)
           const outcome = try roundTrip(allocator, &channels, &bans);
                           ^
error: 'daemon.helix.world_migration_dst.test.world migration round-trip over zero channels and zero bans recovers nothing' failed:
       /home/kain/onyx-server/src/daemon/helix/handoff.zig:118:17: 0x5828237 in socketPair (root.zig)
               else => return error.SocketPairFailed,
                       ^
       /home/kain/onyx-server/src/daemon/helix/world_migration_dst.zig:357:19: 0x9080180 in roundTrip (root.zig)
           var sockets = try handoff.socketPair();
                         ^
       /home/kain/onyx-server/src/daemon/helix/world_migration_dst.zig:538:21: 0x907fd8b in test.world migration round-trip over zero channels and zero bans recovers nothing (root.zig)
           const outcome = try roundTrip(allocator, &channels, &bans);
                           ^
failed command: ./.zig-cache/o/6520a14a8a8a2f03f46fac60f8f2aad4/test --cache-dir=./.zig-cache --seed=0x3f6389b7 --listen=-

Build Summary: 2/4 steps succeeded (1 failed); 8810/9780 tests passed (781 skipped, 189 failed)
test-mod transitive failure
+- run test 8810 pass, 781 skip, 189 fail (9780 total); 12 leaks

