SHA256 (onyx-server-cli-tests) = bef62e01e94acd975ec76af5a3c45497003fab7b31ae8ae57e3f7b77fce8b8da
SHA256 (onyx-server-daemon-tests) = 6d7b97f1f03accecc286e948eb9a6bb4f5207f7632e84c4e8444324a1e6bd2c1
SHA256 (onyx-server-module-tests) = 84aa38a6d13494601afca5c60d6f53859f5032fe489ceb4a49746816014cfff4
1/8732 root.test_0...OK
2/8732 crypto.root.test_0...OK
3/8732 daemon.root.test_0...OK
4/8732 daemon.root.test.OCG2ISSUER external import cannot reach identity signer hooks or impl...OK
5/8732 daemon.root.test.OCG2SCHED external import cannot reach apply grant session or export...OK
6/8732 daemon.root.test.OCG2WORK external import cannot reach apply grant session or export...OK
7/8732 daemon.root.test.S6C6 external import cannot reach runtime privilege surface...OK
8/8732 proto.root.test_0...OK
9/8732 substrate.root.test_0...OK
10/8732 wasm.host.root.test_0...OK
11/8732 wasm.browser_transport.test.framer splits CRLF lines, including across feeds...OK
12/8732 wasm.browser_transport.test.framer accepts bare LF and strips stray CR...OK
13/8732 wasm.browser_transport.test.framer drops an over-long line and resyncs at the next newline...OK
14/8732 wasm.browser_transport.test.parse surfaces tags, prefix, command, and params...OK
15/8732 wasm.browser_transport.test.parse returns null on a malformed line...OK
16/8732 wasm.browser_transport.test.tag value escape/unescape round-trips the special characters...OK
17/8732 wasm.browser_transport.test.escapeTagValue reports a too-small buffer...OK
18/8732 proto.irc_line.test.parses untagged line without prefix...OK
19/8732 proto.irc_line.test.parses prefix and normal params...OK
20/8732 proto.irc_line.test.parses trailing param with spaces...OK
21/8732 proto.irc_line.test.strips CRLF and single line endings...OK
22/8732 proto.irc_line.test.parses IRCv3 tags with optional raw values...OK
23/8732 proto.irc_line.test.unescapes raw tag values into caller buffer...OK
24/8732 proto.irc_line.test.rejects too-small tag unescape buffers...OK
25/8732 proto.irc_line.test.rejects malformed input...OK
26/8732 proto.irc_line.test.rejects too many params...OK
27/8732 proto.irc_line.test.rejects too many tags...OK
28/8732 proto.irc_line.test.rejects oversize line bodies...OK
29/8732 proto.irc_line.test.exploit: parseLine rejects hostile lines fail-closed (reject corpus)...OK
30/8732 proto.irc_line.test.exploit: parseLine bounds pathological tag/param counts (algorithmic-complexity guard)...OK
31/8732 proto.irc_line.test.exploit: parseLine parses max-boundary lines fail-closed (bounded, not corrupt)...OK
32/8732 proto.irc_line.test.exploit: unescapeTagValue is bounded and cannot overflow its output buffer...OK
33/8732 wasm.host.abi.test.capability negotiation grants only policy intersection...OK
34/8732 wasm.host.abi.test.capability negotiation denies incompatible manifest schema...OK
35/8732 wasm.host.abi.test.intent negotiation grants only explicit policy intersection...OK
36/8732 wasm.host.abi.test.host functions are independently named and capability gated...OK
37/8732 wasm.host.abi.test.capability set renders stable token list...OK
38/8732 wasm.host.abi.test.capability tokens parse case-insensitively and reject unknown names...OK
39/8732 wasm.host.abi.test.WIT descriptor is ABI v1 and names every host function semantically...OK
40/8732 wasm.host.bridge.test.bridge dispatch routes reply hostcall...OK
41/8732 wasm.host.bridge.test.bridge dispatch reports denied hostcall...OK
42/8732 wasm.host.bridge.test.bridge dispatch reports missing command...OK
43/8732 wasm.host.bridge.test.bridge dispatchHook routes hook exports and honors stop return...OK
44/8732 wasm.host.bridge.test.runtimeInfo exposes OroWasm ABI budgets and loaded plugins...OK
45/8732 wasm.host.bridge.test.registry pins reject hash mismatches...OK
46/8732 wasm.host.bridge.test.revoked hashes block plugins independent of registry pins...OK
47/8732 wasm.host.bridge.test.registry pins verify publisher signatures...OK
48/8732 wasm.host.bridge.test.registry pins require complete publisher signature metadata...OK
49/8732 wasm.host.bridge.test.trust tiers gate privileged host capabilities and hook intents...OK
50/8732 wasm.host.bridge.test.privileged message-content intent is explicit and verified-tier gated...OK
51/8732 wasm.host.interp.test.hand assembled add function runs and fuel exhaustion traps...OK
52/8732 wasm.host.plugin.test.load exposes host-owned command and hook registrations...OK
53/8732 wasm.host.plugin.test.hostcall dispatch enforces granted capabilities...OK
54/8732 wasm.host.plugin.test.intent grants are denied by default and require explicit policy...OK
55/8732 wasm.host.plugin.test.unload tears down all registrations for a plugin handle...OK
56/8732 daemon.registry.test.dispatchGated enforces declared access levels...OK
57/8732 daemon.registry.test.gate helpers: accessSatisfied / featureDisabled / commandAvailable...OK
58/8732 daemon.registry.test.dispatchGated honors config feature toggles...OK
59/8732 daemon.registry.test.registry dispatches known commands and reports unknown commands...OK
60/8732 daemon.registry.test.lookupCommand resolves case-insensitively via the comptime map...OK
61/8732 daemon.registry.test.registry checks command minimum parameters before calling handlers...OK
62/8732 daemon.registry.test.hooks fire in priority order with stable module-order ties...OK
63/8732 daemon.registry.test.validator recognizes duplicate command names without failing this file...OK
64/8732 daemon.registry.test.Registry.stats aggregates every module's declared providers...OK
65/8732 daemon.registry.test.validator rejects a duplicate stats Prometheus name across modules...OK
66/8732 daemon.registry.test.validator rejects a duplicate stats STATS token across modules, case-insensitively...OK
67/8732 daemon.registry.test.validator rejects a malformed Prometheus stat name...OK
68/8732 daemon.registry.test.validator rejects a malformed STATS irc token...OK
69/8732 daemon.registry.test.typed hook payload supports early veto with stop semantics...OK
70/8732 daemon.registry.test.validator detects a dependency cycle between two modules...OK
71/8732 daemon.registry.test.command aliases resolve to the canonical handler and are flagged as aliases...OK
72/8732 daemon.registry.test.wardenClassFor reports the declared anti-abuse class through aliases...OK
73/8732 daemon.registry.test.validator rejects an alias that shadows a canonical command in another module...OK
74/8732 daemon.registry.test.validator rejects an alias that collides with another module's alias...OK
75/8732 daemon.registry.test.validator rejects two aliases colliding inside one module, case-insensitively...OK
76/8732 daemon.registry.test.a clean module set with aliases passes validation...OK
77/8732 daemon.registry.test.loadOrder topologically sorts dependencies before dependents...OK
78/8732 daemon.registry.test.loadOrder honors declared priority among independent modules...OK
79/8732 daemon.registry.test.loadOrder is a stable permutation of the live module set...OK
80/8732 daemon.registry.test.Registry exposes the load order of its module set...OK
81/8732 daemon.stats_provider.test.human rendering emits one token line per provider, reading live values...OK
82/8732 daemon.stats_provider.test.providers are pull-based: a later mutation is reflected on the next render...OK
83/8732 daemon.stats_provider.test.category filter narrows the dump to one subsystem...OK
84/8732 daemon.stats_provider.test.structured rendering is Prometheus sample syntax with module and kind labels...OK
85/8732 daemon.stats_provider.test.prometheus export carries HELP, TYPE, and the sample...OK
86/8732 daemon.stats_provider.test.negative gauge values render signed, not wrapped...OK
87/8732 daemon.stats_provider.test.prometheus and irc name validators accept legal names and reject malformed ones...OK
88/8732 daemon.stats_provider.test.category token resolution is case-insensitive and fails closed on garbage...OK
89/8732 daemon.stats_provider.test.an over-long provider line is skipped rather than truncated...OK
90/8732 daemon.oper.test.OCG2 export policy permits only frozen cross-mesh privileges...OK
91/8732 daemon.oper.test.privilege bitmask round-trips through toBits/fromBits...OK
92/8732 daemon.oper.test.known SASL account elevates to configured operator class...OK
93/8732 daemon.oper.test.unknown authenticated account is rejected as not an operator...OK
94/8732 daemon.oper.test.unauthenticated client is rejected before registry lookup...OK
95/8732 daemon.oper.test.privilege checks cover single, any, all, and missing privilege replies...OK
96/8732 daemon.oper.test.registry validation rejects duplicates, empty grants, and unknown flag names...OK
97/8732 proto.oper_cred_share.test.OCG2 deterministic known answer and exact configured authority...OK
98/8732 proto.oper_cred_share.test.OCG2 canonical account text privilege and time policy rejects adversarial inputs...OK
99/8732 proto.oper_cred_share.test.OCG2 tombstone is canonical and framing rejects truncation trailing and tampering...OK
100/8732 proto.oper_cred_share.test.OCG2 legacy recognition is metric only and equal revision divergence is equivocation input...OK
101/8732 proto.oper_cred_share.test.OCG2ISSUER validateOcg2Fields and node-key signer share the canonical policy...OK
102/8732 proto.oper_cred_share.test.sign and verify round-trip recovers all fields...OK
103/8732 proto.oper_cred_share.test.sign is deterministic for identical fields...OK
104/8732 proto.oper_cred_share.test.sign rejects a grant that is born expired...OK
105/8732 proto.oper_cred_share.test.tampered field is detected as BadSignature...OK
106/8732 proto.oper_cred_share.test.verification with the wrong public key fails as BadSignature...OK
107/8732 proto.oper_cred_share.test.tampered signature byte fails as BadSignature...OK
108/8732 proto.oper_cred_share.test.expired grant fails as Expired...OK
109/8732 proto.oper_cred_share.test.truncated buffer fails as BadFormat...OK
110/8732 proto.oper_cred_share.test.wrong magic fails as BadFormat...OK
111/8732 proto.oper_cred_share.test.registry insert then lookup returns the grant...OK
112/8732 proto.oper_cred_share.test.liveIterator yields live grants and skips the expired...OK
113/8732 proto.oper_cred_share.test.registry supersedes on strictly higher incarnation...OK
114/8732 proto.oper_cred_share.test.registry supersedes on equal incarnation with later issued_ms...OK
115/8732 proto.oper_cred_share.test.registry ignores a stale lower-incarnation grant...OK
116/8732 proto.oper_cred_share.test.registry ignores an equal-incarnation equal-time replay...OK
117/8732 proto.oper_cred_share.test.lookup returns null after expiry without mutating...OK
118/8732 proto.oper_cred_share.test.prune drops expired entries and keeps live ones...OK
119/8732 proto.oper_cred_share.test.registry tracks multiple distinct accounts independently...OK
120/8732 proto.oper_cred_share.test.registry drops new accounts when capacity is exhausted...OK
121/8732 proto.oper_cred_share.test.verified grant feeds straight into the registry...OK
122/8732 proto.oper_cred_share.test.registry matches accounts case-insensitively (account == nick convention)...OK
123/8732 crypto.sign.test.RFC 8032 Ed25519 test vector 1...OK
124/8732 crypto.sign.test.RFC 8032 Ed25519 test vector 2...OK
125/8732 crypto.sign.test.tampered signature is rejected...OK
126/8732 crypto.sign.test.domain separation prevents cross-use...OK
127/8732 crypto.sign.test.LOW-2: signCtxInfix/verifyCtxInfix reject a non-fixed-width infix...OK
128/8732 crypto.sign.test.legacy Onyx rename domain-prefix magic still verifies (mesh rollout)...OK
129/8732 crypto.sign.test_0...OK
130/8732 crypto.node_short_id.test.shortId is deterministic for the same node id...OK
131/8732 crypto.node_short_id.test.distinct node ids yield distinct handles (no trivial collision)...OK
132/8732 crypto.node_short_id.test.handle is never the zero sentinel...OK
133/8732 crypto.node_short_id.test.derivation diffuses: a single-bit input change flips many output bits...OK
134/8732 daemon.node_identity.test.fromSeed is deterministic and yields a usable, verifiable prekey...OK
135/8732 daemon.node_identity.test.distinct seeds give distinct node ids; distinct realms give distinct realm ids...OK
136/8732 daemon.node_identity.test.fromConfig parses a hex seed and rejects bad input...OK
137/8732 crypto.xwing.test.X-Wing encapsulate/decapsulate round-trip...OK
138/8732 crypto.xwing.test.X-Wing tampered ML-KEM ciphertext implicitly rejects to a different secret...OK
139/8732 crypto.xwing.test.X-Wing combiner is deterministic for fixed inputs...OK
140/8732 crypto.xwing.test.X-Wing combiner binds X25519 public key and ciphertext...OK
141/8732 crypto.xwing.test.X-Wing public key binding changes encapsulated secret...OK
142/8732 crypto.xwing.test_0...OK
143/8732 crypto.secret.test.Secret constantTimeEql reports true and false...OK
144/8732 crypto.secret.test.Secret format redacts bytes...OK
145/8732 crypto.secret.test.Secret wipe zeroes bytes...OK
146/8732 crypto.secret.test.Secret expose returns bytes...OK
147/8732 crypto.secret.test.SecretSlice owns compares exposes and wipes...OK
148/8732 crypto.secret.test.SecretSlice format redacts bytes...OK
149/8732 crypto.mooring_handshake.test.established record layer round-trips and rejects tamper across counters...OK
150/8732 crypto.mooring_handshake.test.serialized Established resumes the record layer with counter continuity...OK
151/8732 crypto.mooring_handshake.test.two parties complete Mooring handshake and derive crossed keys...OK
152/8732 crypto.mooring_handshake.test.matching MeshPass on both nodes completes the handshake...OK
153/8732 crypto.mooring_handshake.test.mismatched MeshPass is rejected after the M1 signature verifies...OK
154/8732 crypto.mooring_handshake.test.unconfigured responder MeshPass fails open and accepts a configured peer...OK
155/8732 crypto.mooring_handshake.test.signed MeshPass token admits a peer bound to the initiator node key...OK
156/8732 crypto.mooring_handshake.test.signed MeshPass transport token establishes and carries runtime frame-family rights...OK
157/8732 crypto.mooring_handshake.test.signed MeshPass admission requires a token when roots are configured...OK
158/8732 crypto.mooring_handshake.test.signed MeshPass admission rejects peer key mismatch...OK
159/8732 crypto.mooring_handshake.test.configured responder rejects a peer that presents no MeshPass...OK
160/8732 crypto.mooring_handshake.test.signed prekey encode/decode round-trips, verifies, and rejects truncation...OK
161/8732 crypto.mooring_handshake.test.tampered transcript signature fails...OK
162/8732 crypto.mooring_handshake.test.downgrade attempt fails...OK
163/8732 crypto.mooring_handshake.test.initiator identity and MeshPass are not cleartext in M1...OK
164/8732 crypto.mooring_handshake.test.applyToml overrides mooring_max_meshpass_len and restores cleanly...OK
165/8732 crypto.mooring_handshake.test.responder M1 decode rejects oversized MeshPass and accepts capped pass...OK
166/8732 crypto.hash.test.SHA-256 one-shot KATs (FIPS 180-4 / RFC 6234)...OK
167/8732 crypto.hash.test.SHA-256 incremental matches one-shot...OK
168/8732 crypto.hash.test.SHA-384 / SHA-512 KATs for "abc"...OK
169/8732 crypto.hash.test.HMAC-SHA256 KATs (RFC 4231 test cases 1, 2, 4)...OK
170/8732 crypto.hash.test.HMAC-SHA256 incremental matches one-shot...OK
171/8732 crypto.hash.test.HKDF-SHA256 KAT (RFC 5869 Appendix A.1)...OK
172/8732 crypto.hash.test.HKDF-SHA256 with empty salt/info (RFC 5869 Appendix A.3)...OK
173/8732 crypto.hash.test.HKDF expand rejects oversized output...OK
174/8732 crypto.hash.test.HKDF-Expand-Label produces stable TLS 1.3 derived secret shape...OK
175/8732 crypto.hash.test_0...OK
176/8732 proto.meshpass.test.issue and verify happy path...OK
177/8732 proto.meshpass.test.bind decoded token accepts matching peer and required frame families...OK
178/8732 proto.meshpass.test.bind decoded token rejects peer public key mismatch...OK
179/8732 proto.meshpass.test.bind decoded token rejects missing required frame family...OK
180/8732 proto.meshpass.test.bind decoded token verifies signature before binding...OK
181/8732 proto.meshpass.test.tampered field or signature fails as BadSig...OK
182/8732 proto.meshpass.test.expired token fails as Expired...OK
183/8732 proto.meshpass.test.not-yet-valid token fails as Expired...OK
184/8732 proto.meshpass.test.wrong realm fails as WrongRealm...OK
185/8732 proto.meshpass.test.revoked epoch fails as Revoked...OK
186/8732 proto.meshpass.test.canonical encoding is stable across decode and re-encode...OK
187/8732 proto.toml.test.parse bare key value pairs of every scalar type...OK
188/8732 proto.toml.test.parse nested tables via dotted headers...OK
189/8732 proto.toml.test.parse dotted keys create intermediate tables...OK
190/8732 proto.toml.test.parse arrays including nested and heterogeneous...OK
191/8732 proto.toml.test.reject pathologically deep arrays with NestingTooDeep (no stack overflow)...OK
192/8732 proto.toml.test.reject pathologically deep inline tables with NestingTooDeep...OK
193/8732 proto.toml.test.accept value nesting well past any real config (headroom under the bound)...OK
194/8732 proto.toml.test.parse array of tables grows correctly...OK
195/8732 proto.toml.test.parse nested array of tables...OK
196/8732 proto.toml.test.parse inline tables including dotted keys...OK
197/8732 proto.toml.test.parse basic strings with escapes...OK
198/8732 proto.toml.test.parse literal strings preserve backslashes...OK
199/8732 proto.toml.test.parse multiline basic string trims leading newline and line continuations...OK
200/8732 proto.toml.test.parse multiline literal string...OK
201/8732 proto.toml.test.parse integers in all radixes with underscores and signs...OK
202/8732 proto.toml.test.parse floats including exponent inf and nan...OK
203/8732 proto.toml.test.datetimes are captured verbatim as strings (documented deferral)...OK
204/8732 proto.toml.test.comments and blank lines are ignored...OK
205/8732 proto.toml.test.empty document yields empty root table...OK
206/8732 proto.toml.test.accessor getUint rejects negative and getFloat promotes integers...OK
207/8732 proto.toml.test.malformed: missing equals sign...OK
208/8732 proto.toml.test.malformed: duplicate key...OK
209/8732 proto.toml.test.malformed: redefining a table...OK
210/8732 proto.toml.test.malformed: key collides with scalar...OK
211/8732 proto.toml.test.malformed: unterminated string...OK
212/8732 proto.toml.test.malformed: unterminated array...OK
213/8732 proto.toml.test.malformed: unterminated inline table...OK
214/8732 proto.toml.test.malformed: trailing comma in inline table...OK
215/8732 proto.toml.test.malformed: bad unicode escape...OK
216/8732 proto.toml.test.malformed: surrogate unicode escape rejected...OK
217/8732 proto.toml.test.malformed: unknown string escape...OK
218/8732 proto.toml.test.malformed: integer overflow...OK
219/8732 proto.toml.test.malformed: leading zero integer...OK
220/8732 proto.toml.test.malformed: bad underscore placement...OK
221/8732 proto.toml.test.malformed: value continues after boolean...OK
222/8732 proto.toml.test.malformed: empty key...OK
223/8732 proto.toml.test.malformed: float with no fraction digits...OK
224/8732 proto.toml.test.no leaks under a large mixed document...OK
225/8732 proto.toml.test_0...OK
226/8732 proto.coilpack.test.fixed primitives and bool round-trip...OK
227/8732 proto.coilpack.test.unsigned varint canonical round-trips at boundaries...OK
228/8732 proto.coilpack.test.length-prefixed bytes cover empty 127 and 128 byte payloads...OK
229/8732 proto.coilpack.test.writer rejects too-small buffers without advancing that write...OK
230/8732 proto.coilpack.test.varint decoder rejects truncated oversize and non-canonical encodings...OK
231/8732 proto.coilpack.test.length-prefixed bytes reject truncated payload and rewind to start...OK
232/8732 proto.coilpack.test.bool decoder rejects non canonical bool bytes...OK
233/8732 proto.coilpack.test.canonical equal is byte equality for canonical encodings...OK
234/8732 proto.coilpack.test.UNDERTOW header encode and decode...OK
235/8732 proto.coilpack.test.UNDERTOW header codec rejects short buffers...OK
236/8732 proto.ircx_gate.test.ircx commands are gated when the session has not opted in...OK
237/8732 proto.ircx_gate.test.ircx commands are allowed after opt-in...OK
238/8732 proto.ircx_gate.test.non-ircx commands are always allowed...OK
239/8732 proto.ircx_gate.test.need-ircx error reply bytes...OK
240/8732 proto.numeric.test.numeric code and name helpers round-trip...OK
241/8732 proto.numeric.test.fromCode returns null for unknown numeric...OK
242/8732 proto.numeric.test.formatCode uses three-digit zero padding...OK
243/8732 proto.numeric.test.selected canonical codes are exact...OK
244/8732 substrate.adaptive_radix_tree.test.insert and get many keys...OK
245/8732 substrate.adaptive_radix_tree.test.node promotion across all adaptive sizes...OK
246/8732 substrate.adaptive_radix_tree.test.remove and demote adaptive nodes...OK
247/8732 substrate.adaptive_radix_tree.test.longest prefix returns foo for foobar...OK
248/8732 substrate.adaptive_radix_tree.test.prefix scan collects matches in key order...OK
249/8732 substrate.adaptive_radix_tree.test.missing key returns null and removal reports false...OK
250/8732 substrate.adaptive_radix_tree.test.shared prefix leaf split preserves prefix key and longer keys...OK
251/8732 substrate.adaptive_transport.test.loopback round-trip send recv across vtable...OK
252/8732 substrate.adaptive_transport.test.capability negotiation accepts superset and rejects missing required...OK
253/8732 substrate.adaptive_transport.test.completion and flush model drains correctly...OK
254/8732 substrate.adaptive_transport.test.simulated partial send is handled by resubmitting the remainder...OK
255/8732 substrate.adaptive_transport.test.loopback simulation is deterministic given seed...OK
256/8732 substrate.admission.test.issue verify authorize accept...OK
257/8732 substrate.admission.test.signed grant wire round-trip verifies without losing authority fields...OK
258/8732 substrate.admission.test.delegation chain wire round-trip remains authorizable...OK
259/8732 substrate.admission.test.portable admission decoder rejects truncation and trailing bytes...OK
260/8732 substrate.admission.test.portable admission chain length is bounded...OK
261/8732 substrate.admission.test.expired grant is rejected...OK
262/8732 substrate.admission.test.wrong scope is rejected...OK
263/8732 substrate.admission.test.missing capability is rejected...OK
264/8732 substrate.admission.test.revoked grant id is rejected...OK
265/8732 substrate.admission.test.tampered body or signature is rejected...OK
266/8732 substrate.admission.test.three node delegation chain authorizes final subject...OK
267/8732 substrate.admission.test.delegation that widens capabilities is rejected...OK
268/8732 substrate.admission.test.broken chain link is rejected...OK
269/8732 substrate.aho_corasick.test.multiple overlapping patterns found at correct positions...OK
270/8732 substrate.aho_corasick.test.classic suffix and overlap matches...OK
271/8732 substrate.aho_corasick.test.contains any reports matches without allocating result storage...OK
272/8732 substrate.aho_corasick.test.case insensitive option folds ASCII pattern and text bytes...OK
273/8732 substrate.aho_corasick.test.case sensitive mode keeps distinct byte values...OK
274/8732 substrate.aho_corasick.test.empty text and empty patterns produce no matches...OK
275/8732 substrate.aho_corasick.test.empty patterns are ignored but preserve later pattern indexes...OK
276/8732 substrate.aho_corasick.test.deterministic result order for repeated builds...OK
277/8732 substrate.aho_corasick.test.no match returns an empty slice and false contains any...OK
278/8732 substrate.arena.test.arena alloc and reset mark rewind...OK
279/8732 substrate.arena.test.scratch frame rewinds only framed allocations...OK
280/8732 substrate.arena.test.slab alloc free reuse and no double free...OK
281/8732 substrate.arena.test.alignment respected by arena and slab...OK
282/8732 substrate.arena.test.arena exhaustion handled without leaks...OK
283/8732 substrate.arena.test.connection arena wraps lifetime and dispatch scratch...OK
284/8732 substrate.audio_mix.test.addParticipant and count...OK
285/8732 substrate.audio_mix.test.addParticipant duplicate returns error...OK
286/8732 substrate.audio_mix.test.removeParticipant...OK
287/8732 substrate.audio_mix.test.submitFrame FrameSizeMismatch...OK
288/8732 substrate.audio_mix.test.mixFor excludes own audio and includes others...OK
289/8732 substrate.audio_mix.test.soft limiter keeps |sample| < 1.0 under many loud streams...OK
290/8732 substrate.audio_mix.test.gain is applied before mixing...OK
291/8732 substrate.audio_mix.test.silent participant does not change the mix...OK
292/8732 substrate.audio_mix.test.active speaker gate...OK
293/8732 substrate.audio_mix.test.active speaker updates after re-submit...OK
294/8732 substrate.audio_mix.test.mixAll includes all participants...OK
295/8732 substrate.audio_mix.test.mixFor with only one participant returns silence...OK
296/8732 substrate.audio_mix.test.setGain unknown participant returns error...OK
297/8732 substrate.audio_mix.test.mixFor and mixAll FrameSizeMismatch on wrong output buffer...OK
298/8732 substrate.audio_mix.test.deterministic: same input always produces same output...OK
299/8732 substrate.audio_mix.test.applyToml defaults match historical mixer values...OK
300/8732 substrate.audio_mix.test.applyToml overlays media.audio keys and drives mixer init...OK
301/8732 substrate.backoff.test.exponential growth is capped at max and attempt zero is base...OK
302/8732 substrate.backoff.test.exponential handles zero and saturating factors...OK
303/8732 substrate.backoff.test.full jitter stays in inclusive zero to exponential cap range...OK
304/8732 substrate.backoff.test.equal jitter stays in upper half of exponential cap range...OK
305/8732 substrate.backoff.test.decorrelated jitter stays between base and three times previous capped at max...OK
306/8732 substrate.backoff.test.jitter output is deterministic given the same seed...OK
307/8732 substrate.backoff.test.retrier terminates at max attempts...OK
308/8732 substrate.backoff.test.retrier caps returned delay by deadline budget...OK
309/8732 substrate.backoff.test.retrier decorrelated jitter is deterministic and tracks previous delay...OK
310/8732 substrate.bbr.test.WindowedFilter max tracks rolling maximum...OK
311/8732 substrate.bbr.test.WindowedFilter min tracks rolling minimum...OK
312/8732 substrate.bbr.test.Bbr init has Startup phase...OK
313/8732 substrate.bbr.test.Startup ramps bandwidth and transitions to Drain...OK
314/8732 substrate.bbr.test.Drain transitions to ProbeBW...OK
315/8732 substrate.bbr.test.ProbeBW cycles pacing gain...OK
316/8732 substrate.bbr.test.min-RTT filter captures the minimum...OK
317/8732 substrate.bbr.test.ProbeRTT engages after min-rtt window expires...OK
318/8732 substrate.bbr.test.cwnd tracks BDP (bw * min_rtt)...OK
319/8732 substrate.bbr.test.app-limited samples do not lower bandwidth estimate...OK
320/8732 substrate.bbr.test.deterministic given identical input sequence...OK
321/8732 substrate.bbr.test.pacing_rate equals pacing_gain times bw...OK
322/8732 substrate.bbr.test.applyToml overlays bbr keys and leaves absent keys at defaults...OK
323/8732 substrate.bbr.test.applyToml leaves config untouched when section is absent...OK
324/8732 substrate.bech32.test.BIP-173 valid bech32 vectors round-trip...OK
325/8732 substrate.bech32.test.checksum detects single-character errors...OK
326/8732 substrate.bech32.test.bech32 and bech32m constants are distinct and detected...OK
327/8732 substrate.bech32.test.convertBits 8-to-5 and 5-to-8 are inverse with padding...OK
328/8732 substrate.bech32.test.convertBits rejects invalid values and nonzero padding...OK
329/8732 substrate.bech32.test.Base58Check round-trip and bad checksum rejection...OK
330/8732 substrate.bech32.test.Base58Check rejects invalid characters...OK
331/8732 substrate.bech32.test.invalid HRP, mixed case, data, and checksum characters are rejected...OK
332/8732 substrate.bloom.test.parameter validation rejects zero bits and zero hashes...OK
333/8732 substrate.bloom.test.add has no false negatives for inserted byte strings...OK
334/8732 substrate.bloom.test.estimated false-positive rate bounds a deterministic sample under capacity...OK
335/8732 substrate.bloom.test.union ORs bitsets and preserves membership from both filters...OK
336/8732 substrate.bloom.test.non-byte-aligned filters only use configured bit range...OK
337/8732 substrate.btree.test.ordered iteration after deterministic random inserts...OK
338/8732 substrate.btree.test.get and remove correctness against sorted oracle...OK
339/8732 substrate.btree.test.split insertions and borrow or merge deletions preserve invariants under stress...OK
340/8732 substrate.btree.test.range query is ordered and respects inclusive bounds...OK
341/8732 substrate.btree.test.duplicate key updates value without increasing length...OK
342/8732 substrate.cadence_fec.test.encode and recover one missing payload from differing source lengths...OK
343/8732 substrate.cadence_fec.test.recover rejects zero or two missing payloads...OK
344/8732 substrate.cadence_fec.test.header round-trips base sequence count and protected length...OK
345/8732 substrate.cadence_fec.test.encode rejects more than thirty two sources...OK
346/8732 substrate.cadence_frame.test.applyToml default matches the historical reorder window...OK
347/8732 substrate.cadence_frame.test.applyToml overlays media.reorder_window_frames...OK
348/8732 substrate.cadence_frame.test.encode/decode round-trip: cadencevox_audio...OK
349/8732 substrate.cadence_frame.test.encode/decode round-trip: cadencevis_video keyframe...OK
350/8732 substrate.cadence_frame.test.encode/decode round-trip: raw codec, empty payload...OK
351/8732 substrate.cadence_frame.test.control band rejected on encode...OK
352/8732 substrate.cadence_frame.test.control band rejected on decode...OK
353/8732 substrate.cadence_frame.test.band boundary: 63 rejected, 64 accepted...OK
354/8732 substrate.cadence_frame.test.decode truncated: buffer too short...OK
355/8732 substrate.cadence_frame.test.decode truncated: declared payload exceeds buffer...OK
356/8732 substrate.cadence_frame.test.decode trailing bytes rejected...OK
357/8732 substrate.cadence_frame.test.native media MAC compute and verify accepts a tagged datagram...OK
358/8732 substrate.cadence_frame.test.native media MAC rejects tampered payload and tag...OK
359/8732 substrate.cadence_frame.test.native media MAC transition mode accepts untagged only when not required...OK
360/8732 substrate.cadence_frame.test.native media MAC constant-time compare covers full tag...OK
361/8732 substrate.cadence_frame.test.ws-media MAC cross-repo KAT (shared with Onyx JS)...OK
362/8732 substrate.cadence_frame.test.decode unknown codec tag rejected...OK
363/8732 substrate.cadence_frame.test.encodeAlloc produces correct bytes...OK
364/8732 substrate.cadence_frame.test.reassembly: in-order frames drain immediately...OK
365/8732 substrate.cadence_frame.test.reassembly: out-of-order reordered on drain...OK
366/8732 substrate.cadence_frame.test.reassembly: duplicate dropped and counted...OK
367/8732 substrate.cadence_frame.test.reassembly: duplicate of already-delivered frame counted...OK
368/8732 substrate.cadence_frame.test.reassembly: gap reporting identifies missing range...OK
369/8732 substrate.cadence_frame.test.reassembly: recovered bits do not leak past a drain...OK
370/8732 substrate.cadence_frame.test.reassembly: multiple disjoint gaps reported...OK
371/8732 substrate.cadence_frame.test.reassembly: markRecovered unblocks drain...OK
372/8732 substrate.cadence_frame.test.reassembly: frame outside window is late-dropped and counted...OK
373/8732 substrate.cadence_frame.test.reassembly: frame at window boundary is late-dropped...OK
374/8732 substrate.cadence_frame.test.reassembly: sequence wraps around u32 max...OK
375/8732 substrate.cadence_frame.test.GapRange.len wrapping...OK
376/8732 substrate.cadence_layer.test.encode/decode marking round-trips flags and temporal id...OK
377/8732 substrate.cadence_layer.test.parseMarking ignores non-marking bits outside defined fields...OK
378/8732 substrate.cadence_layer.test.shouldForward keeps base layer and drops higher temporal or spatial layers...OK
379/8732 substrate.cadence_layer.test.shouldForward always keeps a keyframe at or below selected spatial layer...OK
380/8732 substrate.cadence_layer.test.discardable flag is preserved...OK
381/8732 substrate.cadence_nack.test.retransmit buffer stores and looks up packets...OK
382/8732 substrate.cadence_nack.test.retransmit buffer evicts beyond capacity and misses after eviction...OK
383/8732 substrate.cadence_nack.test.retransmit buffer replaces duplicate sequence...OK
384/8732 substrate.cadence_nack.test.gap tracker detects and clears a gap...OK
385/8732 substrate.cadence_nack.test.gap tracker handles u32 wrap without spurious gaps...OK
386/8732 substrate.cadence_nack.test.gap tracker detects missing packets across u32 wrap...OK
387/8732 substrate.cadence_nack.test.gap tracker does not treat u16-sized rollover as u32 wrap...OK
388/8732 substrate.cadence_reassembly.test.in-order push/pop passes through...OK
389/8732 substrate.cadence_reassembly.test.out-of-order frames pop in sequence order...OK
390/8732 substrate.cadence_reassembly.test.late frame below cursor is dropped...OK
391/8732 substrate.cadence_reassembly.test.window overflow advances cursor deterministically...OK
392/8732 substrate.cadence_reassembly.test.flush drains remaining frames across gaps...OK
393/8732 substrate.cadencevis_delta.test.intra frame round-trips losslessly...OK
394/8732 substrate.cadencevis_delta.test.a static inter frame collapses to a single zero-run...OK
395/8732 substrate.cadencevis_delta.test.inter frame round-trips losslessly under partial change...OK
396/8732 substrate.cadencevis_delta.test.runs longer than 65535 split across tokens...OK
397/8732 substrate.cadencevis_delta.test.encode reports OutputTooSmall rather than overflowing...OK
398/8732 substrate.cadencevis_delta.test.a truncated token stream is rejected...OK
399/8732 substrate.cadencevox_adpcm.test.encodedLen packs two samples per byte...OK
400/8732 substrate.cadencevox_adpcm.test.round-trips a sine wave within ADPCM error bounds...OK
401/8732 substrate.cadencevox_adpcm.test.encoder and decoder stay in lockstep (decode of encode tracks input energy)...OK
402/8732 substrate.cadencevox_adpcm.test.odd sample count round-trips (trailing nibble handled)...OK
403/8732 substrate.cadencevox_adpcm.test.step index stays within table bounds under a loud ramp...OK
404/8732 substrate.causeway.test.native <-> bridge frame mapping (raw ordinal differs across tag sets)...OK
405/8732 substrate.causeway.test.RTP <-> bridge round-trips through a PT map...OK
406/8732 substrate.causeway.test.full native->webrtc->native bridge preserves codec/payload/keyframe...OK
407/8732 substrate.causeway.test.negotiate is repackage-only: direct_relay or incompatible (never transcode)...OK
408/8732 substrate.causeway.test.selectCommon finds the codec all participants share (transcode-free call)...OK
409/8732 substrate.causeway_session.test.session selects the shared codec and forwards to other legs...OK
410/8732 substrate.causeway_session.test.no shared codec => not transcode-free (server never transcodes)...OK
411/8732 substrate.causeway_session.test.leave recomputes the shared codec; Full at capacity...OK
412/8732 substrate.cc_cubic.test.slow-start then cubic growth...OK
413/8732 substrate.cc_cubic.test.loss sets W_max and reduces by beta...OK
414/8732 substrate.cc_cubic.test.concave-then-convex growth around W_max...OK
415/8732 substrate.cc_cubic.test.TCP-friendly floor...OK
416/8732 substrate.cc_cubic.test.deterministic...OK
417/8732 substrate.cc_cubic.test.applyToml overlays cubic keys; 0 means unbounded for max/ssthresh...OK
418/8732 substrate.circuit_breaker.test.trips open after consecutive failure threshold...OK
419/8732 substrate.circuit_breaker.test.rejects calls while open...OK
420/8732 substrate.circuit_breaker.test.transitions to half-open after cooldown and closes on probe success...OK
421/8732 substrate.circuit_breaker.test.half-open probe failure reopens immediately...OK
422/8732 substrate.circuit_breaker.test.rolling failure-rate window trips open...OK
423/8732 substrate.circuit_breaker.test.rolling window resets when samples age out...OK
424/8732 substrate.circuit_breaker.test.deterministic timestamps drive cooldown exactly...OK
425/8732 substrate.consistent_hash.test.single node owns all keys...OK
426/8732 substrate.consistent_hash.test.keys distribute roughly evenly across equal weight nodes...OK
427/8732 substrate.consistent_hash.test.removing a node only remaps keys owned by that node...OK
428/8732 substrate.consistent_hash.test.locateN returns requested distinct nodes in ring order...OK
429/8732 substrate.consistent_hash.test.ring lookups are deterministic...OK
430/8732 substrate.consistent_hash.test.invalid and duplicate node operations are rejected...OK
431/8732 substrate.count_min_sketch.test.init rejects invalid dimensions...OK
432/8732 substrate.count_min_sketch.test.deterministic seeded sketches produce identical counters...OK
433/8732 substrate.count_min_sketch.test.estimates never undercount true frequencies...OK
434/8732 substrate.count_min_sketch.test.overestimate stays within epsilon total on deterministic sample...OK
435/8732 substrate.count_min_sketch.test.conservative update reduces aggregate overestimate...OK
436/8732 substrate.count_min_sketch.test.merge sums sketches with matching dimensions and seeds...OK
437/8732 substrate.count_min_sketch.test.heavy hitters tracks threshold crossings with conservative update...OK
438/8732 substrate.count_min_sketch.test.error bounds and recommended dimensions are coherent...OK
439/8732 substrate.crc32c.test.empty input is zero...OK
440/8732 substrate.crc32c.test.canonical check vector 123456789...OK
441/8732 substrate.crc32c.test.single byte...OK
442/8732 substrate.crc32c.test.streaming matches one-shot...OK
443/8732 substrate.crc32c.test.streaming byte-by-byte matches one-shot...OK
444/8732 substrate.crc32c.test.final is non-destructive and resumable...OK
445/8732 substrate.crc32c.test.matches std.hash.crc Crc32Iscsi...OK
446/8732 substrate.crc32c.test.comptime evaluation...OK
447/8732 substrate.crdt_counter.test.inc and dec update signed value...OK
448/8732 substrate.crdt_counter.test.merge takes per-replica maxima...OK
449/8732 substrate.crdt_counter.test.merge is commutative...OK
450/8732 substrate.crdt_counter.test.merge is idempotent...OK
451/8732 substrate.crdt_counter.test.merge is associative...OK
452/8732 substrate.crdt_counter.test.concurrent increments on different replicas both count...OK
453/8732 substrate.crdt_counter.test.random merge orders converge deterministically...OK
454/8732 substrate.crdt_counter.test.replica names are owned by the counter...OK
455/8732 substrate.crdt_lww.test.empty register has no value or tag...OK
456/8732 substrate.crdt_lww.test.set stores value and supplied tag...OK
457/8732 substrate.crdt_lww.test.concurrent set merges deterministically by timestamp...OK
458/8732 substrate.crdt_lww.test.timestamp ties break by replica...OK
459/8732 substrate.crdt_lww.test.value reflects winner after repeated merges...OK
460/8732 substrate.crdt_lww.test.merge is idempotent...OK
461/8732 substrate.crdt_lww.test.merge is commutative for distinct tags...OK
462/8732 substrate.crdt_lww.test.merge is associative...OK
463/8732 substrate.crdt_lww.test.merge result is stable over pseudo-random orders...OK
464/8732 substrate.crdt_orset.test.add remove and re-add semantics...OK
465/8732 substrate.crdt_orset.test.add wins against concurrent remove...OK
466/8732 substrate.crdt_orset.test.merge is commutative and idempotent...OK
467/8732 substrate.crdt_orset.test.concurrent adds of same element both survive until removed...OK
468/8732 substrate.crdt_orset.test.remove only tombstones observed dots...OK
469/8732 substrate.crdt_orset.test.merge carries counters forward for deterministic future dots...OK
470/8732 substrate.crdt_orset.test.operations are deterministic across equal histories...OK
471/8732 substrate.crdt_orset.test.different elements with same replica get unique dots...OK
472/8732 substrate.crdt_text.test.concurrent inserts at same position converge commutatively...OK
473/8732 substrate.crdt_text.test.delete tombstones without removing causal position...OK
474/8732 substrate.crdt_text.test.dependent insert delivered before origin is retained and converges...OK
475/8732 substrate.crdt_text.test.interleaving converges regardless of remote apply order...OK
476/8732 substrate.crdt_text.test.deterministic ordering uses descending ids after the same origin...OK
477/8732 substrate.crdt_text.test.remote delete before insert tombstones when insert arrives...OK
478/8732 substrate.cron.test.parse: wildcard expression...OK
479/8732 substrate.cron.test.parse: step */15 in minutes...OK
480/8732 substrate.cron.test.parse: range with step 10-30/5...OK
481/8732 substrate.cron.test.parse: list 1,2,3...OK
482/8732 substrate.cron.test.parse: month names...OK
483/8732 substrate.cron.test.parse: dow names MON-FRI...OK
484/8732 substrate.cron.test.parse: invalid expression — wrong field count...OK
485/8732 substrate.cron.test.parse: invalid — step zero...OK
486/8732 substrate.cron.test.parse: invalid — out of range minute...OK
487/8732 substrate.cron.test.parse: invalid — out of range hour...OK
488/8732 substrate.cron.test.parse: invalid — out of range dom...OK
489/8732 substrate.cron.test.parse: invalid — empty expression...OK
490/8732 substrate.cron.test.calendar: unixToDateTime epoch...OK
491/8732 substrate.cron.test.calendar: round-trip...OK
492/8732 substrate.cron.test.calendar: weekday known values...OK
493/8732 substrate.cron.test.calendar: isLeap...OK
494/8732 substrate.cron.test.nextAfter: */15 fires every 15 minutes...OK
495/8732 substrate.cron.test.nextAfter: */15 from mid-minute boundary...OK
496/8732 substrate.cron.test.nextAfter: 0 9 * * MON-FRI weekday 9am...OK
497/8732 substrate.cron.test.nextAfter: 0 9 * * MON-FRI before 9am...OK
498/8732 substrate.cron.test.nextAfter: 0 0 1 * * month start...OK
499/8732 substrate.cron.test.nextAfter: year rollover...OK
500/8732 substrate.cron.test.nextAfter: leap year Feb 29...OK
501/8732 substrate.cron.test.nextAfter: dom/dow OR semantics...OK
502/8732 substrate.cron.test.nextAfter: deterministic sequence for 0 * * * *...OK
503/8732 substrate.cron.test.nextAfter: invalid expression propagates...OK
504/8732 substrate.cuckoo.test.init rejects unusable configurations...OK
505/8732 substrate.cuckoo.test.add contains and load factor track inserted fingerprints...OK
506/8732 substrate.cuckoo.test.no false negatives before eviction overflow...OK
507/8732 substrate.cuckoo.test.delete removes membership and reports misses...OK
508/8732 substrate.cuckoo.test.insert fails gracefully when full after max kicks...OK
509/8732 substrate.cuckoo.test.seeded kicks are deterministic...OK
510/8732 substrate.cuckoo_filter.test.init rejects zero capacity and rounds up to power-of-two buckets...OK
511/8732 substrate.cuckoo_filter.test.add then contains for inserted items...OK
512/8732 substrate.cuckoo_filter.test.no false negatives across many inserts below capacity...OK
513/8732 substrate.cuckoo_filter.test.remove then item is absent and count drops...OK
514/8732 substrate.cuckoo_filter.test.false positive rate is bounded for a deterministic sample...OK
515/8732 substrate.cuckoo_filter.test.fills near capacity then add eventually returns false...OK
516/8732 substrate.cuckoo_filter.test.deterministic seed yields identical tables...OK
517/8732 substrate.ddsketch.test.single value...OK
518/8732 substrate.ddsketch.test.zero handling...OK
519/8732 substrate.ddsketch.test.negative values...OK
520/8732 substrate.ddsketch.test.uniform distribution relative error...OK
521/8732 substrate.ddsketch.test.exponential distribution relative error...OK
522/8732 substrate.ddsketch.test.many orders of magnitude...OK
523/8732 substrate.ddsketch.test.merge preserves relative error guarantee...OK
524/8732 substrate.ddsketch.test.empty sketch errors...OK
525/8732 substrate.ddsketch.test.invalid alpha errors...OK
526/8732 substrate.ddsketch.test.deterministic: same seed same result...OK
527/8732 substrate.ddsketch.test.min and max tracking...OK
528/8732 substrate.dtx.test.speech frames are transmitted...OK
529/8732 substrate.dtx.test.sustained silence emits SID then suppresses...OK
530/8732 substrate.dtx.test.SID refresh fires periodically...OK
531/8732 substrate.dtx.test.hangover: speech->silence transition respects hangover count...OK
532/8732 substrate.dtx.test.comfort noise energy approximately matches SID level...OK
533/8732 substrate.dtx.test.zero SID level produces silence...OK
534/8732 substrate.dtx.test.deterministic: same seed same output...OK
535/8732 substrate.dtx.test.different seeds produce different output...OK
536/8732 substrate.dtx.test.isqrt sanity...OK
537/8732 substrate.dtx.test.SID can be updated mid-silence and new level takes effect...OK
538/8732 substrate.dtx.test.frameMeanSquare of all-zero frame is zero...OK
539/8732 substrate.dtx.test.sender full pipeline: speech burst followed by long silence...OK
540/8732 substrate.ebr.test.single-thread: deferred free happens only after enough epoch advances...OK
541/8732 substrate.ebr.test.pin and unpin toggle active flag...OK
542/8732 substrate.ebr.test.advance is blocked while a participant is pinned in an older epoch...OK
543/8732 substrate.ebr.test.retire reservation survives concurrent epoch advance and allocation failure...OK
544/8732 substrate.ebr.test.premature free is impossible while a reader holds a retired pointer...OK
545/8732 substrate.ebr.test.deinit asserts quiescence after draining...OK
546/8732 substrate.ebr.test.threaded stress: readers never observe poisoned memory, no leaks...OK
547/8732 substrate.ebr.test.max_participants overflow is asserted...OK
548/8732 substrate.egwalker.test.edit op encode/decode round-trips (insert with/without origin, delete)...OK
549/8732 substrate.egwalker.test.replay folds a DAG of edits into the document...OK
550/8732 substrate.egwalker.test.two replicas with concurrent edits replay to the identical document...OK
551/8732 substrate.egwalker.test.malformed op payload is rejected...OK
552/8732 substrate.ewma.test.Ewma: first observation seeds mean exactly...OK
553/8732 substrate.ewma.test.Ewma: converges to constant input...OK
554/8732 substrate.ewma.test.Ewma: half-life decay — old sample weight halves after one half-life...OK
555/8732 substrate.ewma.test.Ewma: irregular dt handled correctly...OK
556/8732 substrate.ewma.test.Ewma: reset clears state...OK
557/8732 substrate.ewma.test.EwVar: first observation seeds mean, variance is zero...OK
558/8732 substrate.ewma.test.EwVar: zscore returns 0 before two observations...OK
559/8732 substrate.ewma.test.EwVar: zscore of mean is near zero...OK
560/8732 substrate.ewma.test.EwVar: zscore flags an outlier...OK
561/8732 substrate.ewma.test.EwVar: variance is positive after distinct observations...OK
562/8732 substrate.ewma.test.EwVar: reset clears state...OK
563/8732 substrate.ewma.test.EwRate: returns 0 before first tick...OK
564/8732 substrate.ewma.test.EwRate: approximates a steady event rate...OK
565/8732 substrate.ewma.test.EwRate: decays to near zero when events stop...OK
566/8732 substrate.ewma.test.EwRate: deterministic — same input sequence produces same result...OK
567/8732 substrate.ewma.test.EwRate: multiple ticks at same timestamp accumulate...OK
568/8732 substrate.ewma.test.EwRate: reset clears state...OK
569/8732 substrate.ewma.test.all types: no allocations required (std.testing.allocator check)...OK
570/8732 substrate.fault_loom.test.armed site fails on requested second hit...OK
571/8732 substrate.fault_loom.test.reset clears plans and counters...OK
572/8732 substrate.fault_loom.test.unarmed sites do not fail without campaign...OK
573/8732 substrate.fault_loom.test.seeded campaign is deterministic...OK
574/8732 substrate.fec_window.test.single-loss recovery per independent parity equation...OK
575/8732 substrate.fec_window.test.generation completion detection does not require repair symbols...OK
576/8732 substrate.fec_window.test.multi-generation sliding retains only the active window...OK
577/8732 substrate.fec_window.test.unrecoverable when losses exceed parity budget...OK
578/8732 substrate.fec_window.test.repair symbols are deterministic...OK
579/8732 substrate.fenwick.test.point updates are reflected in prefix and range sums...OK
580/8732 substrate.fenwick.test.deterministic random point updates match brute force...OK
581/8732 substrate.fenwick.test.negative deltas update sums correctly...OK
582/8732 substrate.fenwick.test.findByPrefix returns lower bound index for cumulative weights...OK
583/8732 substrate.fenwick.test.size one tree handles sums and prefix search...OK
584/8732 substrate.fenwick.test.large deterministic tree remains logarithmic and exact...OK
585/8732 substrate.fenwick.test.invalid indexes and ranges return errors...OK
586/8732 substrate.flow.test.token bucket refills over elapsed time...OK
587/8732 substrate.flow.test.token bucket blocks bursts beyond capacity...OK
588/8732 substrate.flow.test.token bucket zero capacity edge...OK
589/8732 substrate.flow.test.token bucket large burst edge...OK
590/8732 substrate.flow.test.token bucket is deterministic for supplied timestamps...OK
591/8732 substrate.flow.test.credit window blocks at zero and unblocks on replenish...OK
592/8732 substrate.flow.test.credit window replenish cannot exceed max...OK
593/8732 substrate.flow.test.credit window zero max edge...OK
594/8732 substrate.flow.test.credit window large burst edge...OK
595/8732 substrate.gcra.test.gcra: steady allowance follows configured rate...OK
596/8732 substrate.gcra.test.gcra: bursts are allowed up to the limit then throttled...OK
597/8732 substrate.gcra.test.gcra: retryAfter returns zero when a request can pass now...OK
598/8732 substrate.gcra.test.gcra: cost greater than one consumes proportional burst budget...OK
599/8732 substrate.gcra.test.gcra: cost larger than burst is refused without mutating state...OK
600/8732 substrate.gcra.test.gcra: zero cost is deterministic and does not advance tat...OK
601/8732 substrate.gcra.test.gcra: fractional microsecond intervals use exact scaled arithmetic...OK
602/8732 substrate.gcra.test.gcra: repeated runs with the same timestamps produce the same results...OK
603/8732 substrate.geoip.test.lookup returns country and asn from synthetic IPv4 MMDB...OK
604/8732 substrate.geoip.test.lookup resolves value pointers relative to data section start...OK
605/8732 substrate.geoip.test.node pointer reader handles 28-bit nibble-split records...OK
606/8732 substrate.geoip.test.node pointer reader handles 32-bit records...OK
607/8732 substrate.geoip.test.data decoder follows maps and rejects truncated values...OK
608/8732 substrate.geoip.test.data decoder resolves data-section pointers...OK
609/8732 substrate.geoip.test.metadata reader resolves pointers from data-section base...OK
610/8732 substrate.geoip.test.data decoder rejects cyclic pointer chain through depth guard...OK
611/8732 substrate.geoip.test.metadata and tree bounds fail closed...OK
612/8732 substrate.geoip.test.random garbage bytes never panic during init or lookup...OK
613/8732 substrate.geoip.test.lookupInfo decodes a full GeoIP2-City-style record...OK
614/8732 substrate.gf256.test.field multiplication matches AES polynomial and identities...OK
615/8732 substrate.gf256.test.field distributivity on deterministic samples...OK
616/8732 substrate.gf256.test.field powers are deterministic...OK
617/8732 substrate.gf256.test.systematic erasure code recovers all erasures up to parity count...OK
618/8732 substrate.gf256.test.decode fails gracefully when too many shards are lost...OK
619/8732 substrate.gf256.test.invalid inputs return errors...OK
620/8732 substrate.hdr_histogram.test.basic record and total count...OK
621/8732 substrate.hdr_histogram.test.min and max track correctly...OK
622/8732 substrate.hdr_histogram.test.empty histogram returns safe sentinels...OK
623/8732 substrate.hdr_histogram.test.p50 and p99 on uniform 1..1000 within 1% relative error...OK
624/8732 substrate.hdr_histogram.test.p100 equals or exceeds recorded maximum...OK
625/8732 substrate.hdr_histogram.test.out-of-range values are clamped, not dropped...OK
626/8732 substrate.hdr_histogram.test.recordValueWithCount accumulates correctly...OK
627/8732 substrate.hdr_histogram.test.mean and stddev on {1, 2, 3}...OK
628/8732 substrate.hdr_histogram.test.merge sums counts and preserves percentiles...OK
629/8732 substrate.hdr_histogram.test.merge preserves min and max...OK
630/8732 substrate.hdr_histogram.test.reset clears all state...OK
631/8732 substrate.hdr_histogram.test.deterministic: same inputs produce identical percentile results...OK
632/8732 substrate.hdr_histogram.test.incompatible histograms return error on merge...OK
633/8732 substrate.hyperloglog.test.invalid precision is rejected before allocation...OK
634/8732 substrate.hyperloglog.test.empty estimator reports zero...OK
635/8732 substrate.hyperloglog.test.effect uses high precision bits for register index...OK
636/8732 substrate.hyperloglog.test.add is deterministic and order independent...OK
637/8732 substrate.hyperloglog.test.duplicate hashes do not increase estimate materially...OK
638/8732 substrate.hyperloglog.test.linear counting is accurate for small cardinalities...OK
639/8732 substrate.hyperloglog.test.estimate stays within a few percent for several cardinalities...OK
640/8732 substrate.hyperloglog.test.merge equals union of distinct sets...OK
641/8732 substrate.hyperloglog.test.merge accounts for overlapping sets once...OK
642/8732 substrate.hyperloglog.test.merge rejects mismatched precision...OK
643/8732 substrate.hyperloglog.test.clone preserves deterministic state independently...OK
644/8732 substrate.ice_agent.test.candidate priority matches RFC example...OK
645/8732 substrate.ice_agent.test.host candidates rank above server-reflexive and relay candidates...OK
646/8732 substrate.ice_agent.test.formPairs sorts by pair priority descending...OK
647/8732 substrate.ice_agent.test.nomination transitions require success and explicit remote nomination...OK
648/8732 substrate.ice_agent.test.binding success returns nominated pair when nomination is already recorded...OK
649/8732 substrate.interval_tree.test.empty tree...OK
650/8732 substrate.interval_tree.test.single interval — point stabbing...OK
651/8732 substrate.interval_tree.test.overlap query — touching endpoints...OK
652/8732 substrate.interval_tree.test.remove — basic...OK
653/8732 substrate.interval_tree.test.remove — non-existent and absent-key return false...OK
654/8732 substrate.interval_tree.test.duplicate intervals...OK
655/8732 substrate.interval_tree.test.max_hi augmentation invariant after inserts...OK
656/8732 substrate.interval_tree.test.max_hi augmentation invariant after removes...OK
657/8732 substrate.interval_tree.test.point stabbing correctness — brute force oracle (stress)...OK
658/8732 substrate.interval_tree.test.overlap query correctness — brute force oracle (stress)...OK
659/8732 substrate.interval_tree.test.insert/remove stress with invariant checks...OK
660/8732 substrate.interval_tree.test.deterministic sequence — exact result set...OK
661/8732 substrate.interval_tree.test.edge cases: disjoint, empty-after-remove, points, negative...OK
662/8732 substrate.io.root.test_0...OK
663/8732 substrate.ip_cidr.test.IPv4 /24 matches inside and rejects outside...OK
664/8732 substrate.ip_cidr.test.IPv4 /32 exact matching and bare address default...OK
665/8732 substrate.ip_cidr.test.IPv6 /64 prefix matching...OK
666/8732 substrate.ip_cidr.test.malformed input rejection...OK
667/8732 substrate.ip_cidr.test.edge masks...OK
668/8732 substrate.jitter_buffer.test.in-order playout after target delay...OK
669/8732 substrate.jitter_buffer.test.reorders within the window...OK
670/8732 substrate.jitter_buffer.test.late frame dropped and counted...OK
671/8732 substrate.jitter_buffer.test.adapts delay up under high jitter...OK
672/8732 substrate.jitter_buffer.test.sequence and timestamp wrap...OK
673/8732 substrate.jitter_buffer.test.deterministic results for identical inputs...OK
674/8732 substrate.l4s.test.cwnd grows under zero marks...OK
675/8732 substrate.l4s.test.constant marking reduces proportionally and reaches lower steady cwnd with more marking...OK
676/8732 substrate.l4s.test.marked ack reduction is gentle and scalable rather than fixed halving...OK
677/8732 substrate.l4s.test.loss causes larger multiplicative backoff than marking...OK
678/8732 substrate.l4s.test.min and max clamps hold...OK
679/8732 substrate.l4s.test.pacing rate is cwnd divided by rtt...OK
680/8732 substrate.l4s.test.deterministic given identical inputs...OK
681/8732 substrate.l4s.test.applyToml overlays l4s keys and preserves defaults when absent...OK
682/8732 substrate.levenshtein.test.levenshtein known distances...OK
683/8732 substrate.levenshtein.test.levenshtein handles identical and empty strings...OK
684/8732 substrate.levenshtein.test.damerau levenshtein counts adjacent transposition as one edit...OK
685/8732 substrate.levenshtein.test.bounded distance returns exact values within threshold...OK
686/8732 substrate.levenshtein.test.bounded distance returns max plus one sentinel when exceeded...OK
687/8732 substrate.levenshtein.test.similarity ratio is normalized...OK
688/8732 substrate.loadbalance.test.round-robin rotates through healthy backends...OK
689/8732 substrate.loadbalance.test.least-connections picks the minimum inflight backend...OK
690/8732 substrate.loadbalance.test.unhealthy backends are skipped by every policy...OK
691/8732 substrate.loadbalance.test.all-unhealthy pool returns null...OK
692/8732 substrate.loadbalance.test.P2C spreads load across the pool...OK
693/8732 substrate.loadbalance.test.P2C avoids the busiest of the two sampled backends...OK
694/8732 substrate.loadbalance.test.P2C is deterministic for a given seed...OK
695/8732 substrate.loadbalance.test.onComplete decrements inflight and updates EWMA latency...OK
696/8732 substrate.loadbalance.test.weighted least-connections accounts for backend capacity...OK
697/8732 substrate.loadbalance.test.smooth weighted round-robin follows weights over time...OK
698/8732 substrate.loadbalance.test.weighted P2C prefers lower normalized load...OK
699/8732 substrate.loss_monitor.test.in-order receipt has no loss...OK
700/8732 substrate.loss_monitor.test.dropped sequence numbers contribute to cumulative and interval loss...OK
701/8732 substrate.loss_monitor.test.sixteen-bit wrap increments cycles and keeps counts sane...OK
702/8732 substrate.loss_monitor.test.fraction lost is measured over each interval...OK
703/8732 substrate.loss_recovery.test.in-order acks clear in-flight and update srtt and rttvar...OK
704/8732 substrate.loss_recovery.test.sack ranges clear in-flight packets inclusively...OK
705/8732 substrate.loss_recovery.test.a gap with later acks triggers rack loss detection after reorder window...OK
706/8732 substrate.loss_recovery.test.packet threshold marks packets too far behind largest acked...OK
707/8732 substrate.loss_recovery.test.rto backoff doubles on consecutive timeouts and resets on ack...OK
708/8732 substrate.loss_recovery.test.tlp is scheduled when tail remains outstanding...OK
709/8732 substrate.loss_recovery.test.deterministic for identical supplied timestamps...OK
710/8732 substrate.loss_recovery.test.applyToml overlays recovery keys and preserves defaults when absent...OK
711/8732 substrate.loss_recovery.test.initWithConfig applies a custom packet threshold and initial RTO...OK
712/8732 substrate.lotus.test.small DAG has deterministic content addresses...OK
713/8732 substrate.lotus.test.missing-parent rejection records the missing parents...OK
714/8732 substrate.lotus.test.topological order respects causality...OK
715/8732 substrate.lotus.test.frontier and heads report events with no children...OK
716/8732 substrate.lotus.test.backfill want-list computes the gap between replicas...OK
717/8732 substrate.lotus.test.applyStreamed converges a lagging replica...OK
718/8732 substrate.lotus.test.out-of-causal-order stream is rejected...OK
719/8732 substrate.lotus.test.applyBackfill applies a reverse-causal-order stream to a fixpoint...OK
720/8732 substrate.lotus.test.applyBackfill rejects an incomplete stream and commits nothing unresolved...OK
721/8732 substrate.lotus.test.applyBackfill skips events already present...OK
722/8732 substrate.lotus.test.duplicate cid and self-parent are rejected...OK
723/8732 substrate.lru.test.put over capacity evicts least recently used entry...OK
724/8732 substrate.lru.test.get updates recency before the next eviction...OK
725/8732 substrate.lru.test.update existing key changes value and keeps capacity...OK
726/8732 substrate.lru.test.remove unlinks entries and returns the removed value...OK
727/8732 substrate.lru.test.eviction order is deterministic after repeated recency changes...OK
728/8732 substrate.lru.test.zero capacity cache stores nothing and returns attempted insert...OK
729/8732 substrate.media_epoch_key.test.deriveSender is deterministic...OK
730/8732 substrate.media_epoch_key.test.different epoch or sender produces different keys...OK
731/8732 substrate.media_epoch_key.test.key and salt lengths are correct...OK
732/8732 substrate.media_epoch_key.test.Ladder.bump changes derived keys...OK
733/8732 substrate.media_epoch_key.test.distinct group secrets produce distinct keys...OK
734/8732 substrate.media_fragment.test.fragment count rounds up and keeps empty payload representable...OK
735/8732 substrate.media_fragment.test.fragment then reassemble out of order...OK
736/8732 substrate.media_fragment.test.truncated datagram is rejected...OK
737/8732 substrate.media_pacer.test.media pacer: initial packet passes then immediate second packet is paced...OK
738/8732 substrate.media_pacer.test.media pacer: sustained simulated throughput stays near target...OK
739/8732 substrate.media_pacer.test.media pacer: setTarget changes recovery rate...OK
740/8732 substrate.media_pacer.test.media pacer: refill caps at max burst...OK
741/8732 substrate.media_session.test.negotiate intersects codecs and FEC via sdp...OK
742/8732 substrate.media_session.test.packetize -> reorder -> in-order delivery...OK
743/8732 substrate.media_session.test.FEC recovers a single dropped frame and delivery completes in order...OK
744/8732 substrate.media_session.test.applyToml defaults match the canonical Receiver wiring...OK
745/8732 substrate.media_session.test.applyToml overlays media keys and drives a Receiver window...OK
746/8732 substrate.media_socket.test.loopback STUN binding round-trip binds the peer and answers...OK
747/8732 substrate.media_socket.test.queryReflexive learns the reflexive address from a STUN server...OK
748/8732 substrate.media_socket.test.isStun demultiplexes STUN from RTP...OK
749/8732 substrate.media_stats_agg.test.zero-traffic snapshot is all zeros...OK
750/8732 substrate.media_stats_agg.test.onRelay accumulates rx and fanout-scaled tx counters...OK
751/8732 substrate.media_stats_agg.test.steady traffic updates EMA near the offered aggregate bitrate...OK
752/8732 substrate.media_stats_agg.test.subsequent windows use 7/8 old plus 1/8 new EMA...OK
753/8732 substrate.media_stats_agg.test.onLoss computes q8 loss fraction...OK
754/8732 substrate.media_stats_agg.test.setParticipants is reflected in snapshot...OK
755/8732 substrate.media_transport.test.allocate issues distinct creds and indexes by ufrag...OK
756/8732 substrate.media_transport.test.forwardTargets returns other connected peers only...OK
757/8732 substrate.media_transport.test.channelForSource resolves the channel of a bound peer address...OK
758/8732 substrate.media_transport.test.compositeForSource resolves the full channel\0participant key of a bound peer...OK
759/8732 substrate.media_transport.test.handleStunBinding authenticates, binds the peer, and answers...OK
760/8732 substrate.media_transport.test.handleStunBinding rejects bad integrity and unknown ufrag...OK
761/8732 substrate.media_transport.test.forwardFromSource routes an RTP packet to the other peers...OK
762/8732 substrate.media_transport.test.copyRetransmit rejects a cached packet whose header SSRC differs from the request...OK
763/8732 substrate.media_transport.test.GAP-V3 two receivers keep independent spatial layers...GAP-V3 branch=rtp per-receiver spatial ceiling from the packet layer; rtx cache 512 is the product, no separate RTX SSRC
OK
764/8732 substrate.media_transport.test.group key is stable per call and released when it empties...OK
765/8732 substrate.media_transport.test.remove drops the endpoint and its ufrag index...OK
766/8732 substrate.merkle_mountain_range.test.append returns leaf positions and root changes deterministically...OK
767/8732 substrate.merkle_mountain_range.test.inclusion proof verifies for every leaf...OK
768/8732 substrate.merkle_mountain_range.test.tampered leaf and proof are rejected...OK
769/8732 substrate.merkle_mountain_range.test.proof size remains logarithmic...OK
770/8732 substrate.merkle_mountain_range.test.root is stable for a fixed sequence...OK
771/8732 substrate.merkle_mountain_range.test.verify rejects wrong index and size...OK
772/8732 substrate.metrics.test.counter and gauge values...OK
773/8732 substrate.metrics.test.histogram bucketing sum and count...OK
774/8732 substrate.metrics.test.label rendering and escaping...OK
775/8732 substrate.metrics.test.registry serializes deterministically with golden text...OK
776/8732 substrate.metrics.test.duplicate-name handling...OK
777/8732 substrate.metrics.test.ordering stable independent of insertion order and label order...OK
778/8732 substrate.metrics.test.invalid histogram buckets and duplicate labels are rejected...OK
779/8732 substrate.minhash.test.identical sets produce Jaccard estimate of 1.0...OK
780/8732 substrate.minhash.test.disjoint sets produce Jaccard estimate near 0...OK
781/8732 substrate.minhash.test.estimated Jaccard approximates true Jaccard for overlapping sets...OK
782/8732 substrate.minhash.test.estimated Jaccard approximates true Jaccard for high-overlap sets...OK
783/8732 substrate.minhash.test.signatures are deterministic with fixed seed...OK
784/8732 substrate.minhash.test.different seeds produce different signatures...OK
785/8732 substrate.minhash.test.shingling produces non-empty set for normal text...OK
786/8732 substrate.minhash.test.shingling returns empty for text shorter than n...OK
787/8732 substrate.minhash.test.shingling is deterministic...OK
788/8732 substrate.minhash.test.shingle-based Jaccard is high for near-identical messages...OK
789/8732 substrate.minhash.test.shingle-based Jaccard is low for unrelated messages...OK
790/8732 substrate.minhash.test.LSH index returns near-duplicate candidates...OK
791/8732 substrate.minhash.test.LSH index omits clearly different documents...OK
792/8732 substrate.minhash.test.LSH index high-overlap set triggers candidate match...OK
793/8732 substrate.multipath.test.min-RTT picks fastest path with room then spills to next...OK
794/8732 substrate.multipath.test.round-robin rotates over available paths...OK
795/8732 substrate.multipath.test.path with no cwnd is skipped...OK
796/8732 substrate.multipath.test.redundant mode duplicates to all paths with room...OK
797/8732 substrate.multipath.test.aggregate budget reflects add update schedule and remove...OK
798/8732 substrate.multipath.test.duplicate add fails and missing path mutations are deterministic no-ops...OK
799/8732 substrate.multipath.test.min-RTT tie keeps insertion order and zero packet is rejected...OK
800/8732 substrate.multipath.test.round-robin skips exhausted paths without moving cursor on no selection...OK
801/8732 substrate.native_feedback.test.nack with 3 seqs round-trips...OK
802/8732 substrate.native_feedback.test.keyframe_request round-trips...OK
803/8732 substrate.native_feedback.test.receiver_report all fields round-trip...OK
804/8732 substrate.native_feedback.test.authenticated envelope carries feedback payload and sender stream...OK
805/8732 substrate.native_feedback.test.authenticated envelope rejects tampered payload or wrong key...OK
806/8732 substrate.native_feedback.test.BadKind on unknown first byte...OK
807/8732 substrate.native_feedback.test.Truncated on cut...OK
808/8732 substrate.native_feedback.test.TooMany when seq_out small...OK
809/8732 substrate.native_media_plane.test.forward returns other receivers for a base-layer frame...OK
810/8732 substrate.native_media_plane.test.layer selection drops higher layers but always keeps keyframes...OK
811/8732 substrate.native_media_plane.test.leave removes a participant from the forward set...OK
812/8732 substrate.object_pool.test.acquire up to capacity then exhaustion...OK
813/8732 substrate.object_pool.test.release returns slot for reuse...OK
814/8732 substrate.object_pool.test.pointers stay stable across acquire release cycles...OK
815/8732 substrate.object_pool.test.double free and foreign pointer are detected by checked release...OK
816/8732 substrate.object_pool.test.reset reclaims every slot...OK
817/8732 substrate.object_pool.test.freelist order is deterministic and lifo after release...OK
818/8732 substrate.object_pool.test.zero capacity pool is deterministic and always exhausted...OK
819/8732 substrate.pacing.test.pacer: full burst budget available at t0...OK
820/8732 substrate.pacing.test.pacer: canSend consumes tokens correctly...OK
821/8732 substrate.pacing.test.pacer: canSend returns false when budget exhausted...OK
822/8732 substrate.pacing.test.pacer: refills over time...OK
823/8732 substrate.pacing.test.pacer: tokens capped at burst_budget after long idle...OK
824/8732 substrate.pacing.test.pacer: nextSendTime immediate when tokens sufficient...OK
825/8732 substrate.pacing.test.pacer: nextSendTime future when tokens insufficient...OK
826/8732 substrate.pacing.test.pacer: nextSendTime ceiling division...OK
827/8732 substrate.pacing.test.pacer: spreads N sends across an RTT...OK
828/8732 substrate.pacing.test.pacer: canSend updates last_us even on refusal...OK
829/8732 substrate.pacing.test.gso: empty queue returns empty slice...OK
830/8732 substrate.pacing.test.gso: single packet becomes one batch...OK
831/8732 substrate.pacing.test.gso: equal-size run coalesces into one batch...OK
832/8732 substrate.pacing.test.gso: size change splits into two batches...OK
833/8732 substrate.pacing.test.gso: max_segments limit splits run...OK
834/8732 substrate.pacing.test.gso: max_bytes limit splits run...OK
835/8732 substrate.pacing.test.gso: last segment smaller than seg_size is allowed...OK
836/8732 substrate.pacing.test.gso: mixed sizes produce many small batches...OK
837/8732 substrate.pacing.test.gso: max_segments=1 produces one batch per packet...OK
838/8732 substrate.pacing.test.gso: batch covers correct start indices...OK
839/8732 substrate.pacing.test.gso: all batches together cover all packets...OK
840/8732 substrate.pairing_heap.test.empty heap returns null for peekMin and extractMin...OK
841/8732 substrate.pairing_heap.test.single element insert and extractMinFree...OK
842/8732 substrate.pairing_heap.test.extractMin yields ascending order on random inserts...OK
843/8732 substrate.pairing_heap.test.decreaseKey promotes a node and it extracts in the right place...OK
844/8732 substrate.pairing_heap.test.decreaseKey on root node leaves heap consistent...OK
845/8732 substrate.pairing_heap.test.decreaseKey to equal priority is a no-op...OK
846/8732 substrate.pairing_heap.test.delete of an arbitrary handle keeps heap order...OK
847/8732 substrate.pairing_heap.test.delete of the minimum element...OK
848/8732 substrate.pairing_heap.test.delete of the only element...OK
849/8732 substrate.pairing_heap.test.delete of a leaf (rightmost sibling)...OK
850/8732 substrate.pairing_heap.test.mixed insert/extract/decreaseKey stress vs sort oracle...OK
851/8732 substrate.pairing_heap.test.duplicate priorities extract in non-decreasing order...OK
852/8732 substrate.pairing_heap.test.Dijkstra-like float priority with integer node ID payload...OK
853/8732 substrate.pcm.test.i16 to f32: known values...OK
854/8732 substrate.pcm.test.f32 to i16: clamping at full scale...OK
855/8732 substrate.pcm.test.i16 <-> f32 round-trip within quantization error...OK
856/8732 substrate.pcm.test.f32 slice conversion round-trip...OK
857/8732 substrate.pcm.test.interleave / deinterleave are inverse operations...OK
858/8732 substrate.pcm.test.interleave layout sanity...OK
859/8732 substrate.pcm.test.gain doubling...OK
860/8732 substrate.pcm.test.gain saturation at full scale...OK
861/8732 substrate.pcm.test.applyGainTo non-destructive...OK
862/8732 substrate.pcm.test.stereo to mono downmix average...OK
863/8732 substrate.pcm.test.mono to stereo upmix duplicate...OK
864/8732 substrate.pcm.test.stereo upmix then downmix round-trip...OK
865/8732 substrate.pcm.test.peak and RMS on silence...OK
866/8732 substrate.pcm.test.peak and RMS on known constant signal...OK
867/8732 substrate.pcm.test.peak and RMS on a known sine wave...OK
868/8732 substrate.pcm.test.dBFS on full scale: 0 dBFS...OK
869/8732 substrate.pcm.test.dBFS on half amplitude: ~-6 dBFS...OK
870/8732 substrate.pcm.test.dBFS on silence...OK
871/8732 substrate.pcm.test.hard clip: values already in range are unchanged...OK
872/8732 substrate.pcm.test.hard clip: out-of-range values clamped...OK
873/8732 substrate.pcm.test.soft clip: within [-1,1] output is bounded...OK
874/8732 substrate.pcm.test.soft clip: monotonic...OK
875/8732 substrate.pcm.test.soft clip: zero in, zero out...OK
876/8732 substrate.pcm.test.soft clip slice...OK
877/8732 substrate.pcm.test.empty slice edge cases...OK
878/8732 substrate.pcm.test.interleave with zero channels is a no-op...OK
879/8732 substrate.persistent_map.test.put and remove unwind every allocation failure without double-free or leak...OK
880/8732 substrate.persistent_map.test.empty / put / get / count / overwrite...OK
881/8732 substrate.persistent_map.test.remove present and absent...OK
882/8732 substrate.persistent_map.test.persistence: deriving v2 leaves v1 intact...OK
883/8732 substrate.persistent_map.test.structural sharing: releasing one version never corrupts another...OK
884/8732 substrate.persistent_map.test.overwrite then release old root frees old leaf (no leak)...OK
885/8732 substrate.persistent_map.test.collisions: hundreds of all-colliding keys, no hang, no leak...OK
886/8732 substrate.persistent_map.test.randomized differential vs std.AutoHashMap...OK
887/8732 substrate.persistent_map.test.iterator yields exactly the live set...OK
888/8732 substrate.platform.test.credential clock rejects malformed and overflowing Unix timestamps...OK
889/8732 substrate.platform.test.monotonic clock is non-negative and non-decreasing...OK
890/8732 substrate.platform.test.currentPid is stable within a process...OK
891/8732 substrate.platform.test.fillOsEntropy yields non-zero bytes...OK
892/8732 substrate.platform.test.realtime clock is a plausible Unix-epoch millisecond value...OK
893/8732 substrate.playout_clock.test.anchor then one second maps to wall clock...OK
894/8732 substrate.playout_clock.test.mediaForWallUs inverts toWallUs within one tick...OK
895/8732 substrate.playout_clock.test.drift is zero on schedule and signed for late or early observations...OK
896/8732 substrate.playout_clock.test.wraparound across 2^32 maps correctly...OK
897/8732 substrate.plc.test.init and reset clears state...OK
898/8732 substrate.plc.test.single concealed frame has energy close to neighbours...OK
899/8732 substrate.plc.test.single concealed frame: no large discontinuity at seam...OK
900/8732 substrate.plc.test.consecutive losses attenuate toward silence...OK
901/8732 substrate.plc.test.re-entry cross-fade avoids click...OK
902/8732 substrate.plc.test.deterministic: same seed produces identical output...OK
903/8732 substrate.plc.test.pushGood return value: no-loss path returns input slice...OK
904/8732 substrate.pmtud.test.initial state starts at base and proposes upward binary probe...OK
905/8732 substrate.pmtud.test.acked probes raise the effective MTU and continue upward...OK
906/8732 substrate.pmtud.test.searches upward until the ceiling is verified...OK
907/8732 substrate.pmtud.test.lost probes bound the search and converge to the largest acked size...OK
908/8732 substrate.pmtud.test.PTB lowers the ceiling and prevents larger probes...OK
909/8732 substrate.pmtud.test.PTB below current MTU lowers the effective MTU...OK
910/8732 substrate.pmtud.test.PTB below base enters error state...OK
911/8732 substrate.pmtud.test.blackhole detection drops the current MTU back to base...OK
912/8732 substrate.pmtud.test.repeated loss at base enters error state...OK
913/8732 substrate.pmtud.test.deterministic event replay produces the same probe sequence...OK
914/8732 substrate.pmtud.test.invalid configurations are rejected...OK
915/8732 substrate.pmtud.test.applyToml overlays pmtud keys and preserves defaults when absent...OK
916/8732 substrate.qlog.test.record N events and preserve insertion order before overflow...OK
917/8732 substrate.qlog.test.ring overflow keeps newest capacity events in order...OK
918/8732 substrate.qlog.test.serialize produces stable deterministic output...OK
919/8732 substrate.qlog.test.category filter selects correctly...OK
920/8732 substrate.qlog.test.string escaping handles quotes newlines slashes and control chars...OK
921/8732 substrate.qlog.test.field value types serialize correctly...OK
922/8732 substrate.qlog.test.field capacity is bounded...OK
923/8732 substrate.queue.test.mpmc single-threaded fifo correctness...OK
924/8732 substrate.queue.test.mpmc full and empty behavior...OK
925/8732 substrate.queue.test.mpmc wraps past capacity...OK
926/8732 substrate.queue.test.spsc single-threaded fifo correctness...OK
927/8732 substrate.queue.test.spsc full empty and wrap-around...OK
928/8732 substrate.queue.test.mpmc multi-threaded stress has no loss or duplication...OK
929/8732 substrate.radix_tree.test.insert get and overwrite values...OK
930/8732 substrate.radix_tree.test.remove missing leaf and internal keys...OK
931/8732 substrate.radix_tree.test.longest prefix supports routing style matches...OK
932/8732 substrate.radix_tree.test.shared prefixes split compressed edges and removals merge them...OK
933/8732 substrate.radix_tree.test.empty key behaves as a normal key...OK
934/8732 substrate.radix_tree.test.entries are returned in deterministic lexicographic order...OK
935/8732 substrate.range_coder.test.empty stream produces deterministic final bytes...OK
936/8732 substrate.range_coder.test.edge patterns round trip...OK
937/8732 substrate.range_coder.test.seeded random sequences round trip across model configs...OK
938/8732 substrate.range_coder.test.biased source compresses below raw bit count...OK
939/8732 substrate.range_coder.test.same input and config encode identically...OK
940/8732 substrate.raptorq.test.GF(256) field axioms and inverse round trip...OK
941/8732 substrate.raptorq.test.recover from exactly K systematic symbols...OK
942/8732 substrate.raptorq.test.recover with 30 percent random erasures using repair symbols...OK
943/8732 substrate.rateless.test.splitmix64 is deterministic...OK
944/8732 substrate.rateless.test.encoder emits deterministic symbols for the same seed...OK
945/8732 substrate.rateless.test.decoder reports incomplete before enough symbols and complete after K degree-one symbols...OK
946/8732 substrate.rateless.test.decoder recovers through deterministic symbol loss with modest overhead...OK
947/8732 substrate.rateless.test.decoder accepts symbols in a random-ish deterministic order...OK
948/8732 substrate.ratelimit.test.bucket: refills over time up to capacity...OK
949/8732 substrate.ratelimit.test.bucket: burst then deny then recover...OK
950/8732 substrate.ratelimit.test.bucket: zero cost always allowed and clock never goes backwards...OK
951/8732 substrate.ratelimit.test.keyed: independent buckets per key...OK
952/8732 substrate.ratelimit.test.keyed: sweepIdle reclaims full idle buckets only...OK
953/8732 substrate.rcu_map.test.single-thread put/get/remove/overwrite/count under read handles...OK
954/8732 substrate.rcu_map.test.snapshot stability: held handle keeps the old version across writes...OK
955/8732 substrate.rcu_map.test.threaded: readers never observe garbage while writers churn, no leak...OK
956/8732 substrate.reactor.test.sim reactor clock is deterministic and advances on command...OK
957/8732 substrate.reactor.test.sim-net reactor clock follows the simulated network clock...OK
958/8732 substrate.reactor.test.sim-net reactor: a delivery advances the daemon-visible clock to its arrival...OK
959/8732 substrate.red_fec.test.RED encode/decode round-trip: primary only...OK
960/8732 substrate.red_fec.test.RED encode/decode round-trip: primary + 1 redundant...OK
961/8732 substrate.red_fec.test.RED encode/decode round-trip: primary + 2 redundant blocks...OK
962/8732 substrate.red_fec.test.RED decode truncated input returns error...OK
963/8732 substrate.red_fec.test.RED encode buffer too small returns error...OK
964/8732 substrate.red_fec.test.ULPFEC: build packet and parse header...OK
965/8732 substrate.red_fec.test.ULPFEC: XOR over N packets recovers a single dropped packet...OK
966/8732 substrate.red_fec.test.ULPFEC: recover first packet in group...OK
967/8732 substrate.red_fec.test.ULPFEC: cannot recover 2 losses from one FEC packet...OK
968/8732 substrate.red_fec.test.ULPFEC: missing_seq not protected returns null...OK
969/8732 substrate.red_fec.test.ULPFEC: mask and level header parse correctness...OK
970/8732 substrate.red_fec.test.FEC parseFecHeader truncation...OK
971/8732 substrate.red_fec.test.buildFecPacket with no packets returns error...OK
972/8732 substrate.red_fec.test.buildFecPacket too many packets returns error...OK
973/8732 substrate.red_fec.test.ULPFEC: recover packet with variable-length payloads...OK
974/8732 substrate.reed_solomon.test.GF multiplication and inverse identities...OK
975/8732 substrate.reed_solomon.test.encode then reconstruct every erasure set up to parity count...OK
976/8732 substrate.reed_solomon.test.reconstruct fails gracefully when more than parity count is lost...OK
977/8732 substrate.reed_solomon.test.invalid shard layouts return errors...OK
978/8732 substrate.rendezvous_hash.test.deterministic selection is stable and order independent...OK
979/8732 substrate.rendezvous_hash.test.selection distributes evenly across equal-weight nodes...OK
980/8732 substrate.rendezvous_hash.test.node add and remove only move keys affected by the changed owner...OK
981/8732 substrate.rendezvous_hash.test.pickN returns top nodes in descending rendezvous score order...OK
982/8732 substrate.rendezvous_hash.test.weighted variant picks in proportion to positive weights...OK
983/8732 substrate.rendezvous_hash.test.weighted topN orders by weighted score and validates weights...OK
984/8732 substrate.rendezvous_hash.test.empty node sets return no selection and owned empty topN slices...OK
985/8732 substrate.resampler.test.linear: identity rate (in==out)...OK
986/8732 substrate.resampler.test.linear: upsample output length ≈ ratio*input within 1...OK
987/8732 substrate.resampler.test.linear: downsample output length ≈ ratio*input within 1...OK
988/8732 substrate.resampler.test.linear: DC signal stays constant after resample...OK
989/8732 substrate.resampler.test.linear: streaming two chunks equals one-shot...OK
990/8732 substrate.resampler.test.linear: reset clears state...OK
991/8732 substrate.resampler.test.linear: sine frequency preserved (even sample spot check)...OK
992/8732 substrate.resampler.test.linear: deterministic...OK
993/8732 substrate.resampler.test.lanczos: identity rate (in==out)...OK
994/8732 substrate.resampler.test.lanczos: upsample output length ≈ ratio*input within 1...OK
995/8732 substrate.resampler.test.lanczos: downsample output length ≈ ratio*input within 1...OK
996/8732 substrate.resampler.test.lanczos: DC signal stays constant (interior samples)...OK
997/8732 substrate.resampler.test.lanczos: sine frequency preserved (spot check upsample)...OK
998/8732 substrate.resampler.test.lanczos: streaming two chunks equals one-shot...OK
999/8732 substrate.resampler.test.lanczos: reset clears state...OK
1000/8732 substrate.resampler.test.lanczos: deterministic...OK
1001/8732 substrate.resampler.test.gcd...OK
1002/8732 substrate.resampler.test.expectedOutputLen...OK
1003/8732 substrate.ringbuf.test.capacity validation accepts only non-zero powers of two...OK
1004/8732 substrate.ringbuf.test.fifo order is preserved...OK
1005/8732 substrate.ringbuf.test.full and empty edges are reported correctly...OK
1006/8732 substrate.ringbuf.test.peek observes front item without consuming it...OK
1007/8732 substrate.ringbuf.test.wraparound correctness after interleaved pushes and pops...OK
1008/8732 substrate.ringbuf.test.single-slot capacity alternates between full and empty...OK
1009/8732 substrate.ringbuf.test.fill and drain cycles retain order and reset occupancy...OK
1010/8732 substrate.ringbuf.test.large number of operations keeps bounded distance invariant...OK
1011/8732 substrate.ripple_props.test.property: missed probes transition alive to suspect to dead no earlier than timeout...OK
1012/8732 substrate.ripple_props.test.property: higher incarnation alive refutes suspicion...OK
1013/8732 substrate.ripple_props.test.property: incarnation comparison and terminal merges are monotonic...OK
1014/8732 substrate.ripple_props.test.property: witness tracking respects fixed maximum without overflow...OK
1015/8732 substrate.ripple_props.test.property: malformed and out-of-range probe inputs stay total over public API...OK
1016/8732 substrate.ripple_props.test_0...OK
1017/8732 substrate.ripple.test.alive -> suspect -> dead progression under timeout with quorum...OK
1018/8732 substrate.ripple.test.incarnation refutation resets suspect back to alive...OK
1019/8732 substrate.ripple.test.self-suspicion bumps own incarnation to refute...OK
1020/8732 substrate.ripple.test.witness quorum gating: below quorum stays suspect; at quorum -> dead...OK
1021/8732 substrate.ripple.test.dead reports count toward quorum without immediate burial...OK
1022/8732 substrate.ripple.test.immediate burial when suspicion timeout is zero and quorum met...OK
1023/8732 substrate.ripple.test.graceful leave tombstone wins and is distinct from dead...OK
1024/8732 substrate.ripple.test.deterministic probe target selection for a fixed seed...OK
1025/8732 substrate.ripple.test.no probe emitted when there are no probeable members...OK
1026/8732 substrate.ripple.test.config sanitization clamps invalid values...OK
1027/8732 substrate.ripple.test.unknown-node suspect/dead reports create suspect entries...OK
1028/8732 substrate.ripple.test.no memory leaks across full lifecycle...OK
1029/8732 substrate.ripple.test_0...OK
1030/8732 substrate.roaring.test.add contains and remove across chunks...OK
1031/8732 substrate.roaring.test.cardinality ignores duplicate adds and empty removals...OK
1032/8732 substrate.roaring.test.containers promote above and demote at the threshold...OK
1033/8732 substrate.roaring.test.ascending iteration visits every value in order...OK
1034/8732 substrate.roaring.test.empty bitmap and u32 edge behavior...OK
1035/8732 substrate.roaring.test.set operations match random AutoHashMap oracle...OK
1036/8732 substrate.robin_hood.test.put get contains remove and iterator basics...OK
1037/8732 substrate.robin_hood.test.random operations match std AutoHashMap oracle...OK
1038/8732 substrate.robin_hood.test.backward shift delete preserves lookup chains and probe invariants...OK
1039/8732 substrate.robin_hood.test.grow rehashes every entry correctly...OK
1040/8732 substrate.robin_hood.test.high load factor remains correct without tombstones...OK
1041/8732 substrate.robin_hood.test.deterministic insertion and removal produce deterministic iteration...OK
1042/8732 substrate.rtp_nack.test.gap detection produces one PID plus BLP block...OK
1043/8732 substrate.rtp_nack.test.gap detection spanning more than 17 packets produces multiple FCI blocks...OK
1044/8732 substrate.rtp_nack.test.encode and parse Generic NACK FCI deterministically...OK
1045/8732 substrate.rtp_nack.test.parse rejects malformed FCI length...OK
1046/8732 substrate.rtp_nack.test.retransmit buffer returns stored packets and evicts beyond capacity...OK
1047/8732 substrate.rtp_nack.test.retransmit buffer replaces duplicate extended sequence packet...OK
1048/8732 substrate.rtp_nack.test.sequence wrap gaps and retransmit lookup are deterministic...OK
1049/8732 substrate.rwlock.test.single-thread: shared and exclusive acquire/release...OK
1050/8732 substrate.rwlock.test.concurrent writers see no lost updates under contention...OK
1051/8732 substrate.scheduler.test.empty scheduler returns null...OK
1052/8732 substrate.scheduler.test.single class basic submit and next...OK
1053/8732 substrate.scheduler.test.realtime tier preempts normal tier...OK
1054/8732 substrate.scheduler.test.multiple realtime tasks all preempt normal work...OK
1055/8732 substrate.scheduler.test.equal-weight fairness: long-run service counts are approximately equal...OK
1056/8732 substrate.scheduler.test.weighted classes: 4:1 weight ratio yields proportional throughput...OK
1057/8732 substrate.scheduler.test.starvation protection: low-weight class eventually runs under heavy load...OK
1058/8732 substrate.scheduler.test.cost accounting: task cost deducted from deficit correctly...OK
1059/8732 substrate.scheduler.test.deterministic ordering: same submit order, same dequeue order...OK
1060/8732 substrate.scheduler.test.pending() tracks count correctly across submits and nexts...OK
1061/8732 substrate.scheduler.test.multiple realtime classes served FIFO within realtime tier...OK
1062/8732 substrate.scheduler.test.idle class forfeits deficit (DRR canonical reset)...OK
1063/8732 substrate.scheduler.test.aging threshold zero: every cursor-pass triggers bonus credit...OK
1064/8732 substrate.scheduler.test.DRR cursor stays on class until quantum exhausted...OK
1065/8732 substrate.segment_tree.test.single element supports add sum and min...OK
1066/8732 substrate.segment_tree.test.full range update and queries...OK
1067/8732 substrate.segment_tree.test.overlapping updates compose...OK
1068/8732 substrate.segment_tree.test.invalid ranges are rejected...OK
1069/8732 substrate.segment_tree.test.range sum and min match brute force after random range adds...OK
1070/8732 substrate.segment_tree.test.deterministic stress covers every range repeatedly...OK
1071/8732 substrate.seq_crdt.test.sequential typing builds the string in order...OK
1072/8732 substrate.seq_crdt.test.delete tombstones a character...OK
1073/8732 substrate.seq_crdt.test.duplicate op delivery is idempotent...OK
1074/8732 substrate.seq_crdt.test.concurrent inserts at the document start converge regardless of order...OK
1075/8732 substrate.seq_crdt.test.concurrent inserts after a shared origin converge across interleavings...OK
1076/8732 substrate.seq_crdt.test.interleaved subtrees converge (concurrent edits with descendants)...OK
1077/8732 substrate.seq_crdt.test.missing origin is rejected...OK
1078/8732 substrate.sim_net.test.messages deliver after latency in time order...OK
1079/8732 substrate.sim_net.test.same seed produces identical delivery schedule...OK
1080/8732 substrate.sim_net.test.drop probability removes messages...OK
1081/8732 substrate.sim_net.test.duplication delivers twice...OK
1082/8732 substrate.sim_net.test.partitioned nodes do not exchange until healed...OK
1083/8732 substrate.sim_net.test.reordering still respects per-link FIFO when configured...OK
1084/8732 substrate.sim_net.test.clock advances monotonically...OK
1085/8732 substrate.sim.test.same seed replays event ordering and delivered messages...OK
1086/8732 substrate.sim.test.drop rate roughly matches configured probability...OK
1087/8732 substrate.sim.test.partition prevents delivery and heal restores it...OK
1088/8732 substrate.sim.test.clock advances monotonically through the queue...OK
1089/8732 substrate.sim.test.node reactor remains valid after node storage grows...OK
1090/8732 substrate.simulcast_select.test.select chooses the highest active layer within target bandwidth...OK
1091/8732 substrate.simulcast_select.test.select sends the lowest active layer when no active layer fits...OK
1092/8732 substrate.simulcast_select.test.selectStable avoids upward flapping within hysteresis...OK
1093/8732 substrate.simulcast_select.test.selectStable switches upward beyond hysteresis...OK
1094/8732 substrate.simulcast_select.test.selectStable switches downward when target drops below current bitrate...OK
1095/8732 substrate.simulcast_select.test.select returns NoLayer when all layers are inactive...OK
1096/8732 substrate.sketch.test.bloom filter has no false negatives...OK
1097/8732 substrate.sketch.test.bloom filter false-positive rate is sane at known load...OK
1098/8732 substrate.sketch.test.hyperloglog estimates distinct cardinality within tolerance...OK
1099/8732 substrate.sketch.test.domain separation changes bloom bit positions...OK
1100/8732 substrate.sketch.test.domain separation changes hyperloglog register effects...OK
1101/8732 substrate.skiplist.test.ordered iteration...OK
1102/8732 substrate.skiplist.test.get and remove...OK
1103/8732 substrate.skiplist.test.range query bounds...OK
1104/8732 substrate.skiplist.test.duplicate key update...OK
1105/8732 substrate.skiplist.test.deterministic structure given seed...OK
1106/8732 substrate.skiplist.test.stress insert remove keeps invariants...OK
1107/8732 substrate.snowflake.test.field layout never overlaps and stays within 64 bits...OK
1108/8732 substrate.snowflake.test.monotonic across stalled, advancing, and regressed clocks...OK
1109/8732 substrate.snowflake.test.same millisecond ids differ only by sequence...OK
1110/8732 substrate.snowflake.test.decode round-trips timestamp, node, and sequence...OK
1111/8732 substrate.snowflake.test.sequence overflow advances the millisecond deterministically...OK
1112/8732 substrate.snowflake.test.node bits are isolated from timestamp and sequence...OK
1113/8732 substrate.sparse_merkle.test.update and get values...OK
1114/8732 substrate.sparse_merkle.test.root changes on update and is deterministic...OK
1115/8732 substrate.sparse_merkle.test.inclusion proof verifies...OK
1116/8732 substrate.sparse_merkle.test.non-inclusion proof verifies for an unset key...OK
1117/8732 substrate.sparse_merkle.test.tampered proof rejected...OK
1118/8732 substrate.sparse_merkle.test.delete by setting empty returns to known root...OK
1119/8732 substrate.sparse_merkle.test.empty-tree root constant...OK
1120/8732 substrate.ssrc_map.test.bind and resolve both directions plus participant lookups...OK
1121/8732 substrate.ssrc_map.test.rebind existing stream_id updates ssrc and participant...OK
1122/8732 substrate.ssrc_map.test.rebind reusing an existing ssrc replaces in place...OK
1123/8732 substrate.ssrc_map.test.rebind that collides on both keys collapses to one entry...OK
1124/8732 substrate.ssrc_map.test.Full when exceeding capacity...OK
1125/8732 substrate.ssrc_map.test.unbind removes both directions...OK
1126/8732 substrate.ssrc_map.test.unbind unknown ids returns false...OK
1127/8732 substrate.ssrc_map.test.lookups for unknown ids return null...OK
1128/8732 substrate.ssrc_map.test.default Map alias is usable...OK
1129/8732 substrate.string_intern.test.identical strings get the same symbol...OK
1130/8732 substrate.string_intern.test.distinct strings get distinct symbols...OK
1131/8732 substrate.string_intern.test.resolve round trips interned bytes...OK
1132/8732 substrate.string_intern.test.large number of interns...OK
1133/8732 substrate.string_intern.test.empty string interns and resolves...OK
1134/8732 substrate.string_intern.test.bytes remain valid after more interns...OK
1135/8732 substrate.string_intern.test.interning is deterministic...OK
1136/8732 substrate.tdigest.test.single value...OK
1137/8732 substrate.tdigest.test.empty digest returns error...OK
1138/8732 substrate.tdigest.test.invalid quantile returns error...OK
1139/8732 substrate.tdigest.test.k1 uniform 1..10000 median within 1%...OK
1140/8732 substrate.tdigest.test.k1 uniform 1..10000 p99 within 1%...OK
1141/8732 substrate.tdigest.test.k1 tail accuracy tighter than mid...OK
1142/8732 substrate.tdigest.test.k0 uniform 1..10000 p50 and p99 within 2%...OK
1143/8732 substrate.tdigest.test.merge of two half-streams preserves quantiles...OK
1144/8732 substrate.tdigest.test.monotonic cdf...OK
1145/8732 substrate.tdigest.test.cdf and quantile are approximate inverses...OK
1146/8732 substrate.tdigest.test.count accumulates weights...OK
1147/8732 substrate.tdigest.test.deterministic: same input same quantile...OK
1148/8732 substrate.tdigest.test.weighted add shifts quantiles correctly...OK
1149/8732 substrate.tdigest.test.merge is commutative (same quantiles regardless of order)...OK
1150/8732 substrate.timer.test.one-shot timer fires at deadline...OK
1151/8732 substrate.timer.test.timers fire in deadline order across wheel rotations...OK
1152/8732 substrate.timer.test.periodic timers re-arm on their interval...OK
1153/8732 substrate.timer.test.cancel prevents a timer from firing...OK
1154/8732 substrate.timer.test.stale handles are rejected...OK
1155/8732 substrate.timer.test.timer wheel behavior is deterministic...OK
1156/8732 substrate.timer_guard_dst.test.DST: timer-guard ≥2 shards refuses sibling counter theft...OK
1157/8732 substrate.timer_guard_dst.test.DST: timer-guard publishPeerCount sibling cannot wipe peer table...OK
1158/8732 substrate.timer_guard_dst.test.DST: timer-guard maybeProbeMeshPeerRtt does not steal probe cadence...OK
1159/8732 substrate.timer_guard_dst.test.DST: timer-guard seed-replayable across shuffled ticks...OK
1160/8732 substrate.timer_guard_dst.test.DST: timer-guard N=1 is vacuous for inverted guards...OK
1161/8732 substrate.timer_guard_dst.test.DST: timer-guard unset current_reactor is not maintenance...OK
1162/8732 substrate.timer_guard_dst.test.DST: timer-guard stolen sibling path is the detectable counterexample...OK
1163/8732 substrate.timer_guard_dst.test.timer-guard site table covers the audit 29 plus P0-TG-2 internals...OK
1164/8732 substrate.timer_wheel.test.add several and advance partially in deadline order...OK
1165/8732 substrate.timer_wheel.test.output slice can drain due timers over repeated advance calls...OK
1166/8732 substrate.timer_wheel.test.cancel before fire and re-add rejects stale handle...OK
1167/8732 substrate.timer_wheel.test.no leak across add cancel and fire churn...OK
1168/8732 substrate.timer_wheel.test.deterministic with a seeded sequence...OK
1169/8732 substrate.timing_wheel.test.timers fire at or after deadline in deadline order...OK
1170/8732 substrate.timing_wheel.test.cancel prevents firing and stale handles are rejected...OK
1171/8732 substrate.timing_wheel.test.multi-level cascade fires far future timers...OK
1172/8732 substrate.timing_wheel.test.advancing past many ticks expires every due timer correctly...OK
1173/8732 substrate.timing_wheel.test.deterministic ordering across identical operation streams...OK
1174/8732 substrate.timing_wheel.test.cannot schedule in the past or move time backwards...OK
1175/8732 substrate.topk.test.skewed stream reports true top k in order...OK
1176/8732 substrate.topk.test.reported counts bound the true count...OK
1177/8732 substrate.topk.test.items below capacity may be evicted...OK
1178/8732 substrate.topk.test.minimum slot is replaced on overflow with recorded error...OK
1179/8732 substrate.topk.test.deterministic on a fixed stream...OK
1180/8732 substrate.topk.test.zero capacity accepts offers and reports no entries...OK
1181/8732 substrate.trace.test.emit filters by level and category...OK
1182/8732 substrate.trace.test.flight recorder overwrites oldest and dumps last events in order...OK
1183/8732 substrate.trace.test.comptime disabled level is a no-op...OK
1184/8732 substrate.trace.test.kv fields render and recorder copies borrowed slices...OK
1185/8732 substrate.tracing.test.root span has null parent and correct trace_id...OK
1186/8732 substrate.tracing.test.parent/child linkage via context...OK
1187/8732 substrate.tracing.test.duration equals end minus start...OK
1188/8732 substrate.tracing.test.in-flight span has zero duration...OK
1189/8732 substrate.tracing.test.attributes recorded correctly...OK
1190/8732 substrate.tracing.test.events recorded correctly...OK
1191/8732 substrate.tracing.test.sampler includes trace with ratio 1.0...OK
1192/8732 substrate.tracing.test.sampler excludes trace with ratio 0.0...OK
1193/8732 substrate.tracing.test.sampler deterministic: same trace_id always same decision...OK
1194/8732 substrate.tracing.test.unsampled spans are not stored...OK
1195/8732 substrate.tracing.test.NDJSON export golden compare — single span...OK
1196/8732 substrate.tracing.test.NDJSON export — multiple spans ordered by insertion...OK
1197/8732 substrate.tracing.test.nested spans — grandchild inherits trace_id...OK
1198/8732 substrate.tracing.test.reset clears finished spans...OK
1199/8732 substrate.tracing.test.endSpan is idempotent: end_us set by first call...OK
1200/8732 substrate.tracing.test.JSON string escaping...OK
1201/8732 substrate.transport_stack.test.l4s and bbr adapters drive the underlying controller...OK
1202/8732 substrate.transport_stack.test.two stacks: paced cwnd-limited delivery with ack-driven cwnd growth...OK
1203/8732 substrate.transport_stack.test.a gap (later pns acked) is detected as loss and drives cc.onLoss...OK
1204/8732 substrate.transport_stack.test.applyToml overlays stack-level keys and preserves defaults when absent...OK
1205/8732 substrate.turn.test.encodeMessageType / decodeMessageType round-trip...OK
1206/8732 substrate.turn.test.STUN header encode/decode round-trip...OK
1207/8732 substrate.turn.test.STUN header decode: bad magic cookie...OK
1208/8732 substrate.turn.test.STUN header decode: buffer too short...OK
1209/8732 substrate.turn.test.STUN header decode: truncated attributes...OK
1210/8732 substrate.turn.test.attribute TLV encode/decode round-trip...OK
1211/8732 substrate.turn.test.attribute TLV: multiple attrs iteration...OK
1212/8732 substrate.turn.test.XOR-address IPv4 encode/decode round-trip...OK
1213/8732 substrate.turn.test.XOR-address IPv6 encode/decode round-trip...OK
1214/8732 substrate.turn.test.XOR-address decode: buffer too short...OK
1215/8732 substrate.turn.test.XOR-address decode: unknown family...OK
1216/8732 substrate.turn.test.LIFETIME attribute encode/decode...OK
1217/8732 substrate.turn.test.REQUESTED-TRANSPORT attribute encode/decode...OK
1218/8732 substrate.turn.test.CHANNEL-NUMBER attribute encode/decode...OK
1219/8732 substrate.turn.test.ChannelData encode/decode round-trip...OK
1220/8732 substrate.turn.test.ChannelData decode: buffer too short...OK
1221/8732 substrate.turn.test.ChannelData decode: truncated payload...OK
1222/8732 substrate.turn.test.ChannelData decode: invalid channel number (below range)...OK
1223/8732 substrate.turn.test.ChannelData decode: invalid channel number (above range)...OK
1224/8732 substrate.turn.test.isChannelData discriminator...OK
1225/8732 substrate.turn.test.Allocate request round-trip...OK
1226/8732 substrate.turn.test.Allocate success response with XOR-RELAYED-ADDRESS (IPv4)...OK
1227/8732 substrate.turn.test.Allocate success response with XOR-RELAYED-ADDRESS (IPv6)...OK
1228/8732 substrate.turn.test.ChannelBind request round-trip...OK
1229/8732 substrate.turn.test.Send indication with DATA attribute round-trip...OK
1230/8732 substrate.turn.test.Data indication round-trip...OK
1231/8732 substrate.turn.test.ChannelData round-trip with max payload boundary...OK
1232/8732 substrate.turn.test.Refresh request round-trip...OK
1233/8732 substrate.turn.test.CreatePermission request round-trip...OK
1234/8732 substrate.turn.test.attrPaddedLen: padding multiples...OK
1235/8732 substrate.turn.test.MalformedAttribute: truncated TLV...OK
1236/8732 substrate.twcc.test.sender assigns and writes RTP transport-wide sequence numbers...OK
1237/8732 substrate.twcc.test.run-length chunk encodes status and length...OK
1238/8732 substrate.twcc.test.status-vector chunks encode one-bit and two-bit forms...OK
1239/8732 substrate.twcc.test.build feedback for received run and parse recovered arrival deltas...OK
1240/8732 substrate.twcc.test.missing packets are represented as not-received statuses...OK
1241/8732 substrate.twcc.test.reference time and positive plus negative delta arithmetic round-trip...OK
1242/8732 substrate.twcc.test.parser detects truncation in header chunks and deltas...OK
1243/8732 substrate.ulid.test.encode and decode round-trip to 26 Crockford base32 characters...OK
1244/8732 substrate.ulid.test.known minimum and maximum encodings are canonical...OK
1245/8732 substrate.ulid.test.ULIDs sort lexicographically by timestamp...OK
1246/8732 substrate.ulid.test.timestamp is recoverable from generated and decoded ULIDs...OK
1247/8732 substrate.ulid.test.monotonic generator increments randomness within the same millisecond...OK
1248/8732 substrate.ulid.test.monotonic generator keeps order when the clock repeats or moves backward...OK
1249/8732 substrate.ulid.test.monotonic generator reports 80-bit random overflow...OK
1250/8732 substrate.ulid.test.decode rejects malformed input and invalid characters...OK
1251/8732 substrate.ulid.test.decode accepts lowercase Crockford symbols except excluded letters...OK
1252/8732 substrate.ulid.test.seeded rng produces deterministic ULIDs...OK
1253/8732 substrate.undertow.root.test_0...OK
1254/8732 substrate.union_find.test.union merges components and connected reflects it...OK
1255/8732 substrate.union_find.test.component count decreases only on real merges...OK
1256/8732 substrate.union_find.test.component size tracking follows merges...OK
1257/8732 substrate.union_find.test.self-union is a no-op...OK
1258/8732 substrate.union_find.test.path compression preserves roots on an explicit chain...OK
1259/8732 substrate.union_find.test.random unions match a brute-force oracle while find compresses paths...OK
1260/8732 substrate.union_find.test.out-of-bounds operations report index errors...OK
1261/8732 substrate.upgrade_capsule.test.round-trip several sessions...OK
1262/8732 substrate.upgrade_capsule.test.version mismatch rejected...OK
1263/8732 substrate.upgrade_capsule.test.truncated buffer rejected...OK
1264/8732 substrate.upgrade_capsule.test.invalid reserved registered flag bits rejected without leak...OK
1265/8732 substrate.utf8.test.valid utf8 accepts ascii and multi byte scalars...OK
1266/8732 substrate.utf8.test.invalid utf8 rejects overlong surrogate and truncated sequences...OK
1267/8732 substrate.utf8.test.ascii and rfc1459 casefold differ on bracket backslash tilde...OK
1268/8732 substrate.utf8.test.utf8 only casefold lowers a simple unicode subset...OK
1269/8732 substrate.utf8.test.case insensitive nick equality follows the selected mapping...OK
1270/8732 substrate.utf8.test.nick validity is bounded and mapping aware...OK
1271/8732 substrate.utf8.test.channel name validity rejects missing prefixes separators and invalid utf8...OK
1272/8732 substrate.uuid.test.v4 has correct version and RFC 9562 variant bits...OK
1273/8732 substrate.uuid.test.v7 timestamp is recoverable and UUIDs sort lexicographically by time...OK
1274/8732 substrate.uuid.test.toString and parse round-trip lower-case canonical UUID text...OK
1275/8732 substrate.uuid.test.parse accepts upper-case hex and canonicalizes on format...OK
1276/8732 substrate.uuid.test.parse rejects malformed UUID strings...OK
1277/8732 substrate.uuid.test.v7 is monotonic within the same millisecond...OK
1278/8732 substrate.uuid.test.v4 and v7 are deterministic with seeded RNGs...OK
1279/8732 substrate.vad.test.pure silence produces no speech...OK
1280/8732 substrate.vad.test.loud tone burst triggers speech onset...OK
1281/8732 substrate.vad.test.hangover keeps speech active through a short gap...OK
1282/8732 substrate.vad.test.hangover expires after long enough gap...OK
1283/8732 substrate.vad.test.adapts to rising noise floor — no false trigger on steady noise...OK
1284/8732 substrate.vad.test.zero-crossing rate: pure tone has low ZCR...OK
1285/8732 substrate.vad.test.zero-crossing rate: white-noise-like frame has high ZCR...OK
1286/8732 substrate.vad.test.ZCR discounts noisy-looking high-ZCR frame below onset...OK
1287/8732 substrate.vad.test.snrDb returns non-negative value during speech...OK
1288/8732 substrate.vad.test.deterministic on fixed input...OK
1289/8732 substrate.vad.test.computeRms: empty frame returns zero...OK
1290/8732 substrate.vad.test.computeRms: constant amplitude frame...OK
1291/8732 substrate.vad.test.computeZcr: constant positive frame has zero crossings...OK
1292/8732 substrate.vlq.test.unsigned round trips across length boundaries...OK
1293/8732 substrate.vlq.test.zigzag signed round trips...OK
1294/8732 substrate.vlq.test.truncated input errors...OK
1295/8732 substrate.vlq.test.overlong input rejected...OK
1296/8732 substrate.wal.test.append then replay returns records in order...OK
1297/8732 substrate.wal.test.corrupted record is detected by crc and replay stops before it...OK
1298/8732 substrate.wal.test.truncated trailing record is ignored cleanly...OK
1299/8732 substrate.wal.test.snapshot plus post snapshot replay reconstructs correctly...OK
1300/8732 substrate.wal.test.empty log replays to no records...OK
1301/8732 substrate.wal.test.deterministic crc...OK
1302/8732 substrate.wildcard.test.star matches empty and any run...OK
1303/8732 substrate.wildcard.test.question mark matches exactly one byte...OK
1304/8732 substrate.wildcard.test.literal matching is anchored and complete...OK
1305/8732 substrate.wildcard.test.star does not remove anchoring around literals...OK
1306/8732 substrate.wildcard.test.rfc1459 case mapping folds ascii and irc bracket variants...OK
1307/8732 substrate.wildcard.test.escaped wildcard bytes are literals...OK
1308/8732 substrate.wildcard.test.backslash before non escapable byte stays literal...OK
1309/8732 substrate.wildcard.test.toMask parses complete nick user host values...OK
1310/8732 substrate.wildcard.test.toMask rejects incomplete or ambiguous masks...OK
1311/8732 substrate.wildcard.test.matchMask handles common irc hostmask bans...OK
1312/8732 substrate.wildcard.test.matchMask wildcards do not cross separators...OK
1313/8732 substrate.wildcard.test.matchMask requires complete hostmasks on both sides...OK
1314/8732 substrate.wildcard.test.greedy star backtracking avoids exponential blowup...OK
1315/8732 substrate.wildcard.test.many stars and question marks still find anchored suffixes...OK
1316/8732 substrate.xor_filter.test.empty and singleton filters behave correctly...OK
1317/8732 substrate.xor_filter.test.built keys have no false negatives...OK
1318/8732 substrate.xor_filter.test.false-positive rate stays under a practical bound...OK
1319/8732 substrate.xor_filter.test.build succeeds across sizes with deterministic retry...OK
1320/8732 substrate.xor_filter.test.duplicates are stored once without losing membership...OK
1321/8732 substrate.xor_filter.test.same seed and keys produce identical filters...OK
1322/8732 proto.accept_list.test.add remove contains...OK
1323/8732 proto.accept_list.test.parse plus minus star forms...OK
1324/8732 proto.accept_list.test.list builder bytes...OK
1325/8732 proto.accept_list.test.limit and duplicate handling...OK
1326/8732 proto.accept_list.test.list API and no leak...OK
1327/8732 proto.account_identity.test.account identity claim validates self-signed account binding...OK
1328/8732 proto.account_identity.test.account identity props are bounded and normalized...OK
1329/8732 proto.account_identity.test.account residence proof signs and verifies the full binding (KAT round-trip)...OK
1330/8732 proto.account_identity.test.account residence proof fails CLOSED on every tampered or misbound input...OK
1331/8732 proto.account_identity.test.account residence proof is domain-separated from the identity claim transcript...OK
1332/8732 proto.account_identity.test.account residence prop keys are canonical fixed-width lower hex...OK
1333/8732 proto.account_identity.test.E5E1 reserved identity namespaces fold case and include malformed suffixes only...OK
1334/8732 proto.account_notify.test.account-notify login line build...OK
1335/8732 proto.account_notify.test.account-notify logout line build uses explicit sentinel...OK
1336/8732 proto.account_notify.test.cap-gated recipient selection...OK
1337/8732 proto.account_notify.test.recipient sink reports too many recipients...OK
1338/8732 proto.account_notify.test.builder reports output too small...OK
1339/8732 proto.account_notify.test.invalid prefix and account fields rejected...OK
1340/8732 proto.account_notify.test.custom account limit applies...OK
1341/8732 proto.account_notify_emit.test.emit login account line exact bytes...OK
1342/8732 proto.account_notify_emit.test.emit logout sentinel line exact bytes...OK
1343/8732 proto.account_notify_emit.test.append body omits crlf for caller-framed sinks...OK
1344/8732 proto.account_notify_emit.test.required lengths match emitted line...OK
1345/8732 proto.account_notify_emit.test.account validation rejects empty sentinel and unsafe bytes...OK
1346/8732 proto.account_notify_emit.test.login emission validates account through underlying builder...OK
1347/8732 proto.account_register.test.parse register and verify requests...OK
1348/8732 proto.account_register.test.build success and failure response bytes...OK
1349/8732 proto.account_register.test.validation rejects invalid account password email and code...OK
1350/8732 proto.account_register.test.dispatcher delegates account store decisions...OK
1351/8732 proto.acme_account.test.buildNewAccount writes terms agreement and mailto contacts...OK
1352/8732 proto.acme_account.test.buildNewAccount keeps an empty contact array when no contacts are supplied...OK
1353/8732 proto.acme_account.test.buildNewAccount reports NoSpaceLeft for undersized output buffers...OK
1354/8732 proto.acme_account.test.buildNewAccount output parses back to the expected JSON fields...OK
1355/8732 proto.acme_account.test.parseAccount copies status contact orders and leaves kid for Location header...OK
1356/8732 proto.acme_account.test.parseAccount accepts missing optional contact and orders fields...OK
1357/8732 proto.acme_account.test.parseAccount preserves present empty contact array...OK
1358/8732 proto.acme_account.test.parseAccount rejects non-object JSON...OK
1359/8732 proto.acme_account.test.parseAccount rejects missing status...OK
1360/8732 proto.acme_account.test.parseAccount rejects unknown status...OK
1361/8732 proto.acme_account.test.parseAccount rejects contact arrays with non-string entries without leaking...OK
1362/8732 proto.acme_account.test.parseAccount rejects non-string orders...OK
1363/8732 proto.acme_account.test.parseAccount rejects malformed JSON...OK
1364/8732 proto.acme_challenge.test.keyAuthorization concatenates token, dot, and thumbprint...OK
1365/8732 proto.acme_challenge.test.keyAuthorization returns NoSpaceLeft when buffer too small...OK
1366/8732 proto.acme_challenge.test.http01Path produces well-known acme-challenge prefix...OK
1367/8732 proto.acme_challenge.test.http01Path returns NoSpaceLeft for tiny buffer...OK
1368/8732 proto.acme_challenge.test.dns01TxtValue equals base64url(sha256(keyAuth)) recomputed independently...OK
1369/8732 proto.acme_challenge.test.dns01TxtValue returns NoSpaceLeft when buffer too small...OK
1370/8732 proto.acme_challenge.test.validateToken accepts a well-formed base64url token...OK
1371/8732 proto.acme_challenge.test.validateToken rejects an empty token...OK
1372/8732 proto.acme_challenge.test.validateToken rejects illegal characters...OK
1373/8732 proto.acme_challenge.test.validateToken rejects an over-long token...OK
1374/8732 proto.acme_challenge.test.validateToken accepts all alphabet boundary characters...OK
1375/8732 proto.acme_challenge.test.applyToml overrides the wire token cap and restores cleanly...OK
1376/8732 proto.acme_challenge.test.applyToml leaves the cap unchanged when key absent or zero...OK
1377/8732 proto.acme_directory.test.parses a full directory into owned endpoint URLs...OK
1378/8732 proto.acme_directory.test.tolerates a missing meta object...OK
1379/8732 proto.acme_directory.test.tolerates meta present without termsOfService...OK
1380/8732 proto.acme_directory.test.errors when a required field is missing...OK
1381/8732 proto.acme_directory.test.errors when a required field has the wrong type...OK
1382/8732 proto.acme_directory.test.errors on malformed JSON...OK
1383/8732 proto.acme_directory.test.errors when root is not an object...OK
1384/8732 proto.acme_jwk.test.jwkEc emits exact canonical member order and no whitespace...OK
1385/8732 proto.acme_jwk.test.jwkOkp emits exact canonical OKP form...OK
1386/8732 proto.acme_jwk.test.thumbprintEc is SHA-256 of the exact canonical EC JSON...OK
1387/8732 proto.acme_jwk.test.thumbprintOkp is SHA-256 of the exact canonical OKP JSON...OK
1388/8732 proto.acme_jwk.test.thumbprintB64 is base64url of the raw EC thumbprint...OK
1389/8732 proto.acme_jwk.test.thumbprint digest pipeline matches a fixed canonical string...OK
1390/8732 proto.acme_jwk.test.jwkEc returns NoSpaceLeft when output buffer too small...OK
1391/8732 proto.acme_jwk.test.jwkOkp returns NoSpaceLeft when output buffer too small...OK
1392/8732 proto.acme_jwk.test.different coordinates yield different thumbprints...OK
1393/8732 proto.acme_jws.test.protectedHeaderJwk: fixed member order alg,jwk,nonce,url...OK
1394/8732 proto.acme_jws.test.protectedHeaderKid: fixed member order alg,kid,nonce,url...OK
1395/8732 proto.acme_jws.test.signingInput: b64url(protected) DOT b64url(payload)...OK
1396/8732 proto.acme_jws.test.signingInput: empty payload yields trailing empty segment...OK
1397/8732 proto.acme_jws.test.flattened: JSON shape with three b64url fields in order...OK
1398/8732 proto.acme_jws.test.flattened: empty payload (POST-as-GET) has empty payload field...OK
1399/8732 proto.acme_jws.test.NoSpaceLeft surfaces when output buffer too small...OK
1400/8732 proto.acme_order.test.parse order copies ACME fields and deinit releases owned memory...OK
1401/8732 proto.acme_order.test.parse authorization copies identifier challenges and findChallenge selects by type...OK
1402/8732 proto.acme_order.test.parse challenge accepts realistic challenge object...OK
1403/8732 proto.acme_order.test.build newOrder emits parseable identifiers payload...OK
1404/8732 proto.acme_order.test.build finalize base64url encodes CSR DER and round-trips...OK
1405/8732 proto.acme_order.test.parsers reject missing required fields and unknown statuses...OK
1406/8732 proto.acme_order.test.builders return NoSpaceLeft for undersized buffers...OK
1407/8732 proto.acme_problem.test.parse badNonce problem document...OK
1408/8732 proto.acme_problem.test.classify maps the urn suffix for several types...OK
1409/8732 proto.acme_problem.test.classify accepts bare suffix and rejects unknowns...OK
1410/8732 proto.acme_problem.test.isRetryable distinguishes transient from client faults...OK
1411/8732 proto.acme_problem.test.missing fields are tolerated...OK
1412/8732 proto.acme_problem.test.partial document with only detail keeps status zero and unknown kind...OK
1413/8732 proto.acme_problem.test.status accepts numeric string and rejects out-of-range...OK
1414/8732 proto.acme_problem.test.non-object json is rejected...OK
1415/8732 proto.acme_problem.test.overlong type urn is truncated, not rejected...OK
1416/8732 proto.activity.test.typing state round-trips through its tag token...OK
1417/8732 proto.activity.test.reaction from tags requires a reply target and a non-empty reaction...OK
1418/8732 proto.activity.test.an over-long reaction is rejected...OK
1419/8732 proto.activity.test.availability tokens map xa correctly and reject unknowns...OK
1420/8732 proto.activity.test.activity event reports its kind from the payload union...OK
1421/8732 proto.activity.test.default presence is active and idle...OK
1422/8732 proto.activity.test.reaction ledger tally counts distinct reactors on one target...OK
1423/8732 proto.asn1_bitstring.test.encodeBytes writes known DER BIT STRING for byte-aligned data...OK
1424/8732 proto.asn1_bitstring.test.encode writes known DER BIT STRING with unused tail bits...OK
1425/8732 proto.asn1_bitstring.test.encode and parse round-trip byte-aligned content...OK
1426/8732 proto.asn1_bitstring.test.encode and parse round-trip non-byte-aligned content...OK
1427/8732 proto.asn1_bitstring.test.encode writes short-form length at the DER boundary...OK
1428/8732 proto.asn1_bitstring.test.encode writes long-form length after the DER short-form boundary...OK
1429/8732 proto.asn1_bitstring.test.encode rejects output buffer truncation...OK
1430/8732 proto.asn1_bitstring.test.encode rejects nonzero unused bits without payload bytes...OK
1431/8732 proto.asn1_bitstring.test.encode rejects nonzero padding bits in final byte...OK
1432/8732 proto.asn1_bitstring.test.encodedLen rejects oversized byte lengths...OK
1433/8732 proto.asn1_bitstring.test.parse accepts valid content and returns payload slice...OK
1434/8732 proto.asn1_bitstring.test.parse rejects truncated content...OK
1435/8732 proto.asn1_bitstring.test.parse rejects unused-bit count above seven...OK
1436/8732 proto.asn1_bitstring.test.parse rejects unused bits without payload bytes...OK
1437/8732 proto.asn1_bitstring.test.parse rejects nonzero padding bits in final byte...OK
1438/8732 proto.asn1_time.test.encode UTCTime known answers at RFC 5280 year boundaries...OK
1439/8732 proto.asn1_time.test.encode GeneralizedTime known answers include leap day and 2050 boundary...OK
1440/8732 proto.asn1_time.test.chooseValidityTime uses UTCTime before 2050 and GeneralizedTime starting in 2050...OK
1441/8732 proto.asn1_time.test.parseTime round-trips encoded UTC and generalized values...OK
1442/8732 proto.asn1_time.test.parseTime rejects malformed tags lengths truncation oversize and trailing data...OK
1443/8732 proto.asn1_time.test.parseTime rejects invalid dates while accepting leap years...OK
1444/8732 proto.asn1_time.test.encoders report NoSpaceLeft and invalid year ranges...OK
1445/8732 proto.asn1_time.test_0...OK
1446/8732 proto.audio_level.test.client encode/decode round-trips voice flag and dbov range...OK
1447/8732 proto.audio_level.test.V bit is high bit and level occupies low 7 bits (exact bytes)...OK
1448/8732 proto.audio_level.test.mixer encode of 3 levels round-trips via decodeMixer...OK
1449/8732 proto.audio_level.test.mixer encode BufferTooSmall when out is too small...OK
1450/8732 proto.audio_level.test.mixer decode BufferTooSmall when out is too small...OK
1451/8732 proto.audio_level.test.MixerIterator yields each decoded level then null...OK
1452/8732 proto.audio_level.test.isSilent only at dbov 127...OK
1453/8732 proto.audio_level.test.levelFromDbov clamps and negates raw dBov...OK
1454/8732 proto.auditorium.test.regular member hidden from regular member...OK
1455/8732 proto.auditorium.test.op visible to all...OK
1456/8732 proto.auditorium.test.join and part relay only to voiced or op members...OK
1457/8732 proto.auditorium.test.auditorium mode flag is x...OK
1458/8732 proto.away.test.set and clear transitions emit canonical numerics...OK
1459/8732 proto.away.test.away-notify emits exact set and clear payloads to negotiated watchers...OK
1460/8732 proto.away.test.privmsg to away user emits RPL_AWAY to sender...OK
1461/8732 proto.away.test.privmsg to present user without away state emits nothing...OK
1462/8732 proto.away.test.max away message length is enforced before state mutation...OK
1463/8732 proto.away.test.attacker-controlled nick and message bytes are rejected...OK
1464/8732 proto.away.test.store capacity is enforced without allocation...OK
1465/8732 proto.away_props.test.setting and clearing away state matches a bounded reference model...OK
1466/8732 proto.away_props.test.away message validation rejects line breaks nul empty and over-length messages...OK
1467/8732 proto.away_props.test.away-notify recipient selection is exactly capability gated...OK
1468/8732 proto.away_props.test.away-notify payload builder never writes past caller storage...OK
1469/8732 proto.away_props.test.public AWAY APIs return typed errors or success for arbitrary bytes...OK
1470/8732 proto.base32.test.base32 encode matches RFC 4648 padded vectors...OK
1471/8732 proto.base32.test.base32 encode matches RFC 4648 unpadded vectors...OK
1472/8732 proto.base32.test.base32 decode accepts padded and unpadded RFC 4648 vectors...OK
1473/8732 proto.base32.test.base32 codec wrapper uses configured padding modes...OK
1474/8732 proto.base32.test.base32 decode rejects invalid characters lengths padding and trailing bits...OK
1475/8732 proto.base32.test.base32 encode and decode report small output buffers...OK
1476/8732 proto.base58.test.known vectors...OK
1477/8732 proto.base58.test.leading zero bytes are preserved...OK
1478/8732 proto.base58.test.decode rejects invalid characters...OK
1479/8732 proto.base58.test.encode reports buffer too small...OK
1480/8732 proto.base58.test.decode reports buffer too small...OK
1481/8732 proto.base64url.test.encode/decode round-trip across lengths...OK
1482/8732 proto.base64url.test.unpadded encode never contains padding character...OK
1483/8732 proto.base64url.test.url-safe alphabet uses '-' and '_' not '+' and '/'...OK
1484/8732 proto.base64url.test.decode tolerates both padded and unpadded input...OK
1485/8732 proto.base64url.test.encodePadded matches RFC padded form and decodes back...OK
1486/8732 proto.base64url.test.encode returns NoSpaceLeft when output buffer too small...OK
1487/8732 proto.base64url.test.decode returns NoSpaceLeft when output buffer too small...OK
1488/8732 proto.base64url.test.decode rejects out-of-alphabet characters...OK
1489/8732 proto.base64url.test.known-answer vector (JWT-style)...OK
1490/8732 proto.base64url.test.length helpers are exact...OK
1491/8732 proto.batch.test.open and close emit BATCH lines...OK
1492/8732 proto.batch.test.nested batches close in stack order...OK
1493/8732 proto.batch.test.outbound lines are tagged with active ref...OK
1494/8732 proto.batch.test.generated refs are unique...OK
1495/8732 proto.batch.test.unbalanced close is rejected...OK
1496/8732 proto.batch.test.invalid input is rejected without mutating open state...OK
1497/8732 proto.batch_props.test.generated batch refs are unique and well formed across bounded seeds...OK
1498/8732 proto.batch_props.test.open close framing preserves stack nesting order...OK
1499/8732 proto.batch_props.test.builder APIs accept or return typed errors for arbitrary attacker bytes...OK
1500/8732 proto.batch_props.test.nested batches enforce configured depth cap...OK
1501/8732 proto.batch_props.test.wrapped message tags stay within configured line limits...OK
1502/8732 proto.batch_props.test.serialized open close and labeled wrapped lines round trip through local wire parser...OK
1503/8732 proto.bech32.test.BIP-173 valid checksum vectors round-trip through decode...OK
1504/8732 proto.bech32.test.encode produces the expected A12UEL5L vector...OK
1505/8732 proto.bech32.test.round-trip 8 -> 5 -> encode -> decode -> 5 -> 8...OK
1506/8732 proto.bech32.test.checksum rejects a corrupted character...OK
1507/8732 proto.bech32.test.hrp is preserved across encode/decode...OK
1508/8732 proto.bech32.test.mixed case is rejected...OK
1509/8732 proto.bech32.test.missing separator is rejected...OK
1510/8732 proto.bech32.test.convertBits rejects non-zero padding on 5 -> 8...OK
1511/8732 proto.bech32.test.convertBits 8 -> 5 padded length matches expectation...OK
1512/8732 proto.bech32.test.convertBits rejects invalid bit width...OK
1513/8732 proto.bot_mode.test.isupport bot value and token build...OK
1514/8732 proto.bot_mode.test.GAP-P0c WHOIS 335 follows bot mode while the registry and board stay uncalled...GAP-P0c branch=WHOIS 335 follows bot mode; BOTGRANT marks isBot; announce board stays uncalled; in-channel commands stay weather and news
OK
1515/8732 proto.bot_mode.test.rpl whoisbot numeric build...OK
1516/8732 proto.bot_mode.test.custom whoisbot message build...OK
1517/8732 proto.bot_mode.test.bot indicators reflect tag capability and whois state...OK
1518/8732 proto.bot_mode.test.cap-gated bot tag recipient selection...OK
1519/8732 proto.bot_mode.test.recipient sink reports overflow...OK
1520/8732 proto.bot_mode.test.builders report output too small...OK
1521/8732 proto.bot_mode.test.invalid attacker-controlled input rejected...OK
1522/8732 proto.bounce.test.formatBounceNumeric formats exact RFC2812 bounce line...OK
1523/8732 proto.bounce.test.formatBounceNumeric accepts boundary port values...OK
1524/8732 proto.bounce.test.formatBounceNumeric rejects undersized output buffer without truncation...OK
1525/8732 proto.bounce.test.formatResumeHint formats exact migrate notice line...OK
1526/8732 proto.bounce.test.formatResumeHint rejects undersized output buffer without truncation...OK
1527/8732 proto.bounce.test.encodeTokenBase64 encodes 16 byte token with standard padding...OK
1528/8732 proto.bounce.test.encodeTokenBase64 rejects short buffer...OK
1529/8732 proto.bwe_estimate.test.init clamps the seed into bounds...OK
1530/8732 proto.bwe_estimate.test.repeated underuse grows the target monotonically and caps at max...OK
1531/8732 proto.bwe_estimate.test.an overuse feedback drops the target about 15 percent...OK
1532/8732 proto.bwe_estimate.test.holding keeps the target stable...OK
1533/8732 proto.bwe_estimate.test.target never leaves the configured bounds...OK
1534/8732 proto.bwe_estimate.test.negative gradient keeps the path in the increase regime...OK
1535/8732 proto.bwe_estimate.test.degenerate interval yields zero throughput and holds...OK
1536/8732 proto.cap.test.LS lists advertised caps and CAP 302 values...OK
1537/8732 proto.cap.test.LS chunks advertised caps when body limit is exceeded...OK
1538/8732 proto.cap.test.REQ of a known set ACKs and sets bits...OK
1539/8732 proto.cap.test.REQ containing unknown cap NAKs whole set without partial mutation...OK
1540/8732 proto.cap.test.END completes negotiation and releases registration gate...OK
1541/8732 proto.cap.test.tag gating returns false for un-negotiated caps...OK
1542/8732 proto.cap_dynamic.test.NEW and DEL exact bytes...OK
1543/8732 proto.cap_dynamic.test.diff reports additions and removals...OK
1544/8732 proto.cap_dynamic.test.chunking splits a long list...OK
1545/8732 proto.cap_dynamic.test.invalid cap name rejected...OK
1546/8732 proto.cap_negotiation.test.LS 302 with values emits bounded multiline replies...OK
1547/8732 proto.cap_negotiation.test.REQ ACK and NAK update state atomically...OK
1548/8732 proto.cap_negotiation.test.END completes registration gating...OK
1549/8732 proto.cap_negotiation.test.unknown cap NAK does not change negotiated set...OK
1550/8732 proto.cap_notify.test.NEW notification includes CAP 302 values exactly...OK
1551/8732 proto.cap_notify.test.DEL notification omits values exactly...OK
1552/8732 proto.cap_notify.test.splits NEW notification at the 512 byte wire cap...OK
1553/8732 proto.cap_notify.test.recipient filter keeps only sessions that negotiated cap-notify...OK
1554/8732 proto.cap_props.test.CAP command parsing is total over bounded attacker bytes...OK
1555/8732 proto.cap_props.test.REQ arbitrary capability lists ACK valid sets or NAK atomically...OK
1556/8732 proto.cap_props.test.REQ with any unknown cap NAKs without partial add or remove...OK
1557/8732 proto.cap_props.test.CAP 301 LS omits values while CAP 302 includes and stays enabled...OK
1558/8732 proto.cap_props.test.CAP LS serialization respects caller body limits and continuation flags...OK
1559/8732 proto.cap_props.test.CAP reply sinks fail with typed capacity errors...OK
1560/8732 proto.cap_props.test.CAP LIST serialization mirrors the negotiated set...OK
1561/8732 proto.cap_props.test.CapSet bit operations are consistent for all capability ids...OK
1562/8732 proto.cap_registry.test.LS lists registered caps with values...OK
1563/8732 proto.cap_registry.test.multiline LS split marks continuation with star...OK
1564/8732 proto.cap_registry.test.REQ all-known ACKs and enables atomically...OK
1565/8732 proto.cap_registry.test.REQ with one unknown NAKs and enables nothing...OK
1566/8732 proto.cap_registry.test.LIST reflects enabled capabilities...OK
1567/8732 proto.cap_registry.test.cap-notify NEW advertises registered capability...OK
1568/8732 proto.cap_registry.test.END finishes negotiation...OK
1569/8732 proto.cap_sts_preload.test.add normalizes hostname and refreshes existing duration...OK
1570/8732 proto.cap_sts_preload.test.contains treats expired entries as inactive until pruned...OK
1571/8732 proto.cap_sts_preload.test.remove deletes owned key and reports missing host...OK
1572/8732 proto.cap_sts_preload.test.list returns active borrowed entries with durations...OK
1573/8732 proto.cap_sts_preload.test.validation rejects malformed hostnames and durations...OK
1574/8732 proto.cap_sts_preload.test.capacity limit applies only to new canonical hosts...OK
1575/8732 proto.cap_sts_preload.test.clear releases all entries and permits reuse...OK
1576/8732 proto.cap_values.test.LS with values emits exact CAP 302 wire bytes...OK
1577/8732 proto.cap_values.test.LS without CAP 302 omits values exactly...OK
1578/8732 proto.cap_values.test.multi-line split emits CAP LS continuations exactly...OK
1579/8732 proto.cap_values.test.REQ parse accepts value-bearing requests...OK
1580/8732 proto.cap_values.test.REQ parse rejects unsupported values and unvalued caps with values...OK
1581/8732 proto.cap_values.test.REQ parse is atomic into returned sets...OK
1582/8732 proto.casemap.test.ascii fold lowercases letters and preserves non letters...OK
1583/8732 proto.casemap.test.rfc1459 fold maps special channel and nickname characters...OK
1584/8732 proto.casemap.test.equality uses ascii mapping without rfc1459 special equivalence...OK
1585/8732 proto.casemap.test.equality uses rfc1459 letter and special equivalence...OK
1586/8732 proto.casemap.test.fold reports output too small...OK
1587/8732 proto.casemap.test.case mapper delegates fold and equality...OK
1588/8732 proto.cbor.test.round trip unsigned integers across header widths...OK
1589/8732 proto.cbor.test.round trip negative integers as encoded CBOR magnitude...OK
1590/8732 proto.cbor.test.round trip byte and text strings borrow input...OK
1591/8732 proto.cbor.test.round trip arrays through streaming child reads...OK
1592/8732 proto.cbor.test.round trip maps through streaming key value reads...OK
1593/8732 proto.cbor.test.round trip booleans and null...OK
1594/8732 proto.cbor.test.truncation is rejected for scalar payloads and complete containers...OK
1595/8732 proto.cbor.test.unsupported and malformed encodings are rejected...OK
1596/8732 proto.cbor.test.encode rejects short buffers and invalid text...OK
1597/8732 proto.cbor.test.validation enforces maximum nested depth...OK
1598/8732 proto.cert_compression.test.pickSupported selects zlib and ignores brotli/zstd...OK
1599/8732 proto.cert_compression.test.pickSupported rejects malformed vectors...OK
1600/8732 proto.cert_compression.test.deflateZlib then inflateZlib round-trips a certificate-shaped body...OK
1601/8732 proto.cert_compression.test.inflateZlib rejects a declared length above the cap before allocating...OK
1602/8732 proto.cert_compression.test.inflateZlib caps output at the declared length (bomb) and requires exact match...OK
1603/8732 proto.cert_compression.test.inflateZlib rejects a non-zlib stream...OK
1604/8732 proto.cert_compression.test.deflateZlib expands tiny incompressible input (writeCertificate fallback premise)...OK
1605/8732 proto.certfp.test.set/get/clear round-trip...OK
1606/8732 proto.certfp.test.reject non-hex and wrong-length fingerprints...OK
1607/8732 proto.certfp.test.276 body exact bytes...OK
1608/8732 proto.certfp.test.timing_safe match true/false...OK
1609/8732 proto.certfp.test.computeHex derives a valid lowercase-hex SHA-256 CertFP...OK
1610/8732 proto.certfp.test_0...OK
1611/8732 proto.cert_sig_scheme.test.tls signature_algorithms_cert: classifies the classical certificate signatureAlgorithm OIDs...OK
1612/8732 proto.cert_sig_scheme.test.tls signature_algorithms_cert: unmodeled OIDs (RSASSA-PSS, PQ, empty, garbage) classify as null...OK
1613/8732 proto.chan_forward.test.single hop A to B resolves to target B...OK
1614/8732 proto.chan_forward.test.no forward configured resolves to none...OK
1615/8732 proto.chan_forward.test.self forward A to A is detected as loop...OK
1616/8732 proto.chan_forward.test.two cycle A to B to A is detected as loop...OK
1617/8732 proto.chan_forward.test.chain exceeding max_hops resolves to loop...OK
1618/8732 proto.chan_forward.test.lookup is ascii case insensitive...OK
1619/8732 proto.chan_forward.test.overwriting a forward frees old value without leaking...OK
1620/8732 proto.chan_forward.test.validForwardTarget rejects empty non-channel and self...OK
1621/8732 proto.chan_forward.test.getForward returns null for unknown and oversized names...OK
1622/8732 proto.chan_log.test.record and query returns newest first...OK
1623/8732 proto.chan_log.test.ring overwrite drops oldest entries under churn without leaks...OK
1624/8732 proto.chan_log.test.per channel isolation keeps independent rings...OK
1625/8732 proto.chan_log.test.channel keys are case insensitive...OK
1626/8732 proto.chan_log.test.clear removes entries and preserves reusable channel capacity...OK
1627/8732 proto.chan_log.test.limits and output size errors are typed...OK
1628/8732 proto.chanmode_ext.test.letter flag round-trip for every mode...OK
1629/8732 proto.chanmode_ext.test.applyModeString adds removes and collects unknown letters...OK
1630/8732 proto.chanmode_ext.test.renderModes returns active letters sorted by letter...OK
1631/8732 proto.chanmode_ext.test.requiresOper is true for CLONE REGISTERED SERVICE...OK
1632/8732 proto.channel_list_event.test.channel list event round-trips add...OK
1633/8732 proto.channel_list_event.test.channel list event round-trips remove invex...OK
1634/8732 proto.channel_list_event.test.channel list event round-trips quiet...OK
1635/8732 proto.channel_list_event.test.channel list event rejects malformed input...OK
1636/8732 proto.channel_list_event.test.channel list event enforces bounds...OK
1637/8732 proto.channel_mode_flags_event.test.channel mode flags event round-trips...OK
1638/8732 proto.channel_mode_flags_event.test.channel mode flags event rejects truncated and trailing input...OK
1639/8732 proto.channel_mode_flags_event.test.channel mode flags event validates bounds...OK
1640/8732 proto.channel_mode_state_event.test.channel mode state event round-trips full state...OK
1641/8732 proto.channel_mode_state_event.test.channel mode state event round-trips cleared optionals...OK
1642/8732 proto.channel_mode_state_event.test.channel mode state event rejects malformed input...OK
1643/8732 proto.channel_prop_event.test.channel prop event set round-trips...OK
1644/8732 proto.channel_prop_event.test.channel prop delete round-trips...OK
1645/8732 proto.channel_prop_event.test.channel prop codec rejects truncated and trailing input...OK
1646/8732 proto.channel_prop_event.test.channel prop codec rejects oversized fields...OK
1647/8732 proto.channel_prop_event.test.channel prop event round-trips WITHOUT a signature (legacy unsigned)...OK
1648/8732 proto.channel_prop_event.test.channel prop event round-trips WITH a signature and verifies...OK
1649/8732 proto.channel_prop_event.test.channel prop signature is rejected when origin_pubkey does not self-certify origin_node...OK
1650/8732 proto.channel_prop_event.test.channel prop signature is rejected when re-signed with a foreign key...OK
1651/8732 proto.channel_prop_event.test.channel prop tampering with value/owner/channel/key after signing fails...OK
1652/8732 proto.channel_prop_event.test.channel prop signature survives a re-encode/decode round-trip verbatim (multi-hop)...OK
1653/8732 proto.channel_prop_event.test.channel prop encode rejects a half-present signature pair...OK
1654/8732 proto.channel_rename.test.parse rename args with optional reason...OK
1655/8732 proto.channel_rename.test.rename broadcast build...OK
1656/8732 proto.channel_rename.test.source rename broadcast build keeps empty reason parameter...OK
1657/8732 proto.channel_rename.test.fail line builders...OK
1658/8732 proto.channel_rename.test.cap-gated recipient selection...OK
1659/8732 proto.channel_rename.test.recipient sink reports capacity errors...OK
1660/8732 proto.channel_rename.test.buffer too small reported by broadcast and fail builders...OK
1661/8732 proto.channel_rename.test.invalid rename parameters rejected...OK
1662/8732 proto.channel_rename.test.validator covers bytes and configurable channel policy...OK
1663/8732 proto.channel_rename.test.source and prefix validation reject injection bytes...OK
1664/8732 proto.chanserv_cmd.test.parse register with optional password borrows args...OK
1665/8732 proto.chanserv_cmd.test.parse register without password accepts ampersand channels...OK
1666/8732 proto.chanserv_cmd.test.parse drop and info commands...OK
1667/8732 proto.chanserv_cmd.test.parse set command for every field...OK
1668/8732 proto.chanserv_cmd.test.parse access actions and levels...OK
1669/8732 proto.chanserv_cmd.test.parse access list without account level pair...OK
1670/8732 proto.chanserv_cmd.test.parse akick list and add with reason tokens...OK
1671/8732 proto.chanserv_cmd.test.parse transfer and cs alias...OK
1672/8732 proto.chanserv_cmd.test.bad input returns typed parser errors...OK
1673/8732 proto.chanserv_cmd.test.boundary sizes reject oversized tokens and channels...OK
1674/8732 proto.chanserv_cmd.test.usage formatter returns every canonical usage string...OK
1675/8732 proto.chanserv_cmd.test.standard reply formatter writes fail lines...OK
1676/8732 proto.chanserv_cmd.test.standard reply formatter rejects empty params and short buffers...OK
1677/8732 proto.chathistory.test.append and query latest before and around...OK
1678/8732 proto.chathistory.test.dedupe by content hash shares retained content...OK
1679/8732 proto.chathistory.test.dedupe survives redaction then eviction of identical content...OK
1680/8732 proto.chathistory.test.redact by shared content hash tombstones all live entries...OK
1681/8732 proto.chathistory.test.redaction hides content but keeps tombstone...OK
1682/8732 proto.chathistory.test.limit is respected across after between and ring retention...OK
1683/8732 proto.chathistory_cmd.test.parse latest star and selector forms...OK
1684/8732 proto.chathistory_cmd.test.parse before after between and around...OK
1685/8732 proto.chathistory_cmd.test.request target helper covers all chathistory subcommands...OK
1686/8732 proto.chathistory_cmd.test.channel history target policy denies non-member hidden channels...OK
1687/8732 proto.chathistory_cmd.test.latest mode honors selector bound...OK
1688/8732 proto.chathistory_cmd.test.between range direction preserves requested order...OK
1689/8732 proto.chathistory_cmd.test.targets batch type uses the draft token...OK
1690/8732 proto.chathistory_cmd.test.reject malformed and oversized requests...OK
1691/8732 proto.chathistory_cmd.test.response builder writes exact chathistory batch bytes...OK
1692/8732 proto.chathistory_cmd.test.response builder rejects bad output and fields...OK
1693/8732 proto.chathistory_props.test.random append redact and evict preserves content refcounts...OK
1694/8732 proto.chathistory_props.test.queries respect limits and retained bounds after redaction and eviction...OK
1695/8732 proto.chathistory_props.test.query around limit zero and one are safe...OK
1696/8732 proto.chathistory_props.test.arbitrary msgid and hash redaction lookups never panic...OK
1697/8732 proto.chathistory_props.test.unique content count drains to zero after live entries are redacted and evicted...OK
1698/8732 proto.chathistory_query.test.parseSelector wildcard...OK
1699/8732 proto.chathistory_query.test.parseSelector msgid...OK
1700/8732 proto.chathistory_query.test.parseSelector empty msgid is rejected...OK
1701/8732 proto.chathistory_query.test.parseSelector msgid with space is rejected...OK
1702/8732 proto.chathistory_query.test.parseSelector timestamp basic...OK
1703/8732 proto.chathistory_query.test.parseSelector timestamp with fractional seconds...OK
1704/8732 proto.chathistory_query.test.parseSelector unknown prefix is rejected...OK
1705/8732 proto.chathistory_query.test.parseSelector empty string is rejected...OK
1706/8732 proto.chathistory_query.test.parseTimestamp unix epoch...OK
1707/8732 proto.chathistory_query.test.parseTimestamp one second after epoch...OK
1708/8732 proto.chathistory_query.test.parseTimestamp with microseconds...OK
1709/8732 proto.chathistory_query.test.parseTimestamp no trailing Z is rejected...OK
1710/8732 proto.chathistory_query.test.parseTimestamp bad month is rejected...OK
1711/8732 proto.chathistory_query.test.parseTimestamp too short is rejected...OK
1712/8732 proto.chathistory_query.test.parseSubcommand case insensitive...OK
1713/8732 proto.chathistory_query.test.parseSubcommand unknown is rejected...OK
1714/8732 proto.chathistory_query.test.parseLimit valid...OK
1715/8732 proto.chathistory_query.test.parseLimit at max...OK
1716/8732 proto.chathistory_query.test.parseLimit exceeds max is rejected...OK
1717/8732 proto.chathistory_query.test.parseLimit non-numeric is rejected...OK
1718/8732 proto.chathistory_query.test.parseLimit zero is valid...OK
1719/8732 proto.chathistory_query.test.parseQuery LATEST wildcard...OK
1720/8732 proto.chathistory_query.test.parseQuery BEFORE msgid...OK
1721/8732 proto.chathistory_query.test.parseQuery AFTER timestamp...OK
1722/8732 proto.chathistory_query.test.parseQuery AROUND msgid...OK
1723/8732 proto.chathistory_query.test.parseQuery BETWEEN two msgids...OK
1724/8732 proto.chathistory_query.test.parseQuery rejects limit exceeding server max...OK
1725/8732 proto.chathistory_query.test.LATEST * returns newest N...OK
1726/8732 proto.chathistory_query.test.LATEST limit larger than store returns all...OK
1727/8732 proto.chathistory_query.test.LATEST msgid=X returns newest N before X (exclusive)...OK
1728/8732 proto.chathistory_query.test.LATEST limit=0 returns empty...OK
1729/8732 proto.chathistory_query.test.BEFORE msgid=m5 limit=3 returns m2 m3 m4...OK
1730/8732 proto.chathistory_query.test.BEFORE timestamp selects correctly...OK
1731/8732 proto.chathistory_query.test.BEFORE m1 returns empty (nothing before first message)...OK
1732/8732 proto.chathistory_query.test.AFTER msgid=m4 limit=3 returns m5 m6 m7...OK
1733/8732 proto.chathistory_query.test.AFTER timestamp selects correctly...OK
1734/8732 proto.chathistory_query.test.AFTER m8 returns empty (nothing after last)...OK
1735/8732 proto.chathistory_query.test.AROUND m4 limit=3 centres correctly...OK
1736/8732 proto.chathistory_query.test.AROUND m1 limit=4 shifts window to start...OK
1737/8732 proto.chathistory_query.test.AROUND m8 limit=4 shifts window to end...OK
1738/8732 proto.chathistory_query.test.AROUND timestamp centres on nearest message...OK
1739/8732 proto.chathistory_query.test.AROUND limit=1 returns single message...OK
1740/8732 proto.chathistory_query.test.BETWEEN m2 m6 limit=10 returns m2..m6...OK
1741/8732 proto.chathistory_query.test.BETWEEN limit clamps window oldest-first...OK
1742/8732 proto.chathistory_query.test.BETWEEN timestamp bounds inclusive...OK
1743/8732 proto.chathistory_query.test.BETWEEN equal selectors returns single message...OK
1744/8732 proto.chathistory_query.test.empty store returns no results for all ops...OK
1745/8732 proto.chathistory_query.test.OutputTooSmall is returned when out buffer is too small...OK
1746/8732 proto.chathistory_query.test.malformed selector rejects bad input...OK
1747/8732 proto.chathistory_query.test.limit clamped to server max end-to-end via parseQuery...OK
1748/8732 proto.chathistory_targets.test.touch inserts new targets and advances only on newer timestamps...OK
1749/8732 proto.chathistory_targets.test.touch treats target keys case-insensitively...OK
1750/8732 proto.chathistory_targets.test.touch rejects invalid targets and enforces the target cap...OK
1751/8732 proto.chathistory_targets.test.query filters by window and sorts ascending by latest...OK
1752/8732 proto.chathistory_targets.test.query truncates to the limit keeping the earliest targets...OK
1753/8732 proto.chathistory_targets.test.query rejects inverted range and too-small output...OK
1754/8732 proto.chathistory_targets.test.query orders ties by name...OK
1755/8732 proto.chathistory_targets.test.parse accepts timestamp bounds and a limit...OK
1756/8732 proto.chathistory_targets.test.parse normalizes swapped bounds...OK
1757/8732 proto.chathistory_targets.test.parse supports open star bounds...OK
1758/8732 proto.chathistory_targets.test.parse rejects malformed requests...OK
1759/8732 proto.chathistory_targets.test.parse tolerates trailing crlf...OK
1760/8732 proto.chathistory_targets.test.formatTargetLine renders name and iso timestamp...OK
1761/8732 proto.chathistory_targets.test.formatTargetLine reports too-small buffers...OK
1762/8732 proto.chathistory_targets.test.query caps at max_query_limit even when request asks for more...OK
1763/8732 proto.chghost_apply.test.builds exact per-recipient CHGHOST bytes...OK
1764/8732 proto.chghost_apply.test.skips recipients without common-channel visibility or chghost cap...OK
1765/8732 proto.chghost_apply.test.host validation accepts IRCv3 chghost host syntax...OK
1766/8732 proto.chghost_apply.test.rejects malformed user host and prefix fields...OK
1767/8732 proto.chghost.test.chghost line build...OK
1768/8732 proto.chghost.test.setname line build...OK
1769/8732 proto.chghost.test.cap-gated recipient selection...OK
1770/8732 proto.chghost.test.invalid host and user rejected...OK
1771/8732 proto.cidr.test.ipv4 in and out of range...OK
1772/8732 proto.cidr.test.ipv4 exact /32...OK
1773/8732 proto.cidr.test.ipv6 in and out of range...OK
1774/8732 proto.cidr.test.ipv6 full address /128...OK
1775/8732 proto.cidr.test.bare ipv4 implies /32...OK
1776/8732 proto.cidr.test.bare ipv6 implies /128...OK
1777/8732 proto.cidr.test./0 matches all addresses of same family...OK
1778/8732 proto.cidr.test.cross-family never matches...OK
1779/8732 proto.cidr.test.malformed input is rejected...OK
1780/8732 proto.cidr.test.parseAddr rejects prefixed input...OK
1781/8732 proto.cidr_match.test.IPv4 CIDR contains /24 /32 and /0 ranges...OK
1782/8732 proto.cidr_match.test.IPv6 CIDR handles double-colon compression...OK
1783/8732 proto.cidr_match.test.IPv4 mapped text and IPv4 text compare equivalently...OK
1784/8732 proto.cidr_match.test.parser rejects malformed IP and CIDR input...OK
1785/8732 proto.cidr_match.test.hostmask glob supports prefix suffix question mark and case folding...OK
1786/8732 proto.cidr_match.test.matchBan dispatches CIDR masks before glob hostmasks...OK
1787/8732 proto.cidr_match.test.ipToString output parses back to the same normalized address...OK
1788/8732 proto.cloak.test.same IP gets the same stable cloak...OK
1789/8732 proto.cloak.test.different IPs get different cloaks...OK
1790/8732 proto.cloak.test.IPv4 cloak shape: 64-bit full token, geo labels, no raw octet...OK
1791/8732 proto.cloak.test.IPv4 subnet coherence: same /24 shares upper segments...OK
1792/8732 proto.cloak.test.IPv4 /16 shared but /24 differs...OK
1793/8732 proto.cloak.test.geo labels ban a country and an ASN via wildcards...OK
1794/8732 proto.cloak.test.unknown geo renders stable a0.xx placeholders...OK
1795/8732 proto.cloak.test.geo labels do not affect the IP tokens (subnet bans stay geo-independent)...OK
1796/8732 proto.cloak.test.IPv6 cloak shape, determinism, and /64 / /56 / /48 coherence...OK
1797/8732 proto.cloak.test.opaque cloak is one token, no subnet or geo structure...OK
1798/8732 proto.cloak.test.different secret produces a completely different cloak...OK
1799/8732 proto.cloak.test.custom suffix flows through IP + opaque forms...OK
1800/8732 proto.cloak.test.hostnames mask all dynamic labels and preserve the registrable domain...OK
1801/8732 proto.cloak.test.hostname cloak is deterministic and unlinkable across siblings...OK
1802/8732 proto.cloak.test.multi-part TLDs keep three labels...OK
1803/8732 proto.cloak.test.account cloak is friendly, sanitized, and key-free...OK
1804/8732 proto.cloak.test.account cloak rejects unusable account names...OK
1805/8732 proto.cloak.test.small output buffers fail cleanly...OK
1806/8732 proto.cloak.test.opaque epoch cloak: stable within an epoch, rotates across epochs...OK
1807/8732 proto.cloak.test.opaque epoch cloak hides subnet co-membership...OK
1808/8732 proto.cloak.test.opaque epoch cloak is a key-separated family from the plain opaque cloak...OK
1809/8732 proto.cloak.test.opaque epoch cloak: IPv6 rotates and keeps the opaque tail...OK
1810/8732 proto.cloak.test.opaque epoch cloak: a different key yields an unlinkable rotation...OK
1811/8732 proto.cloak.test.opaque epoch cloak: small output buffer fails cleanly...OK
1812/8732 proto.cloak.test.classify recognizes address kinds...OK
1813/8732 proto.cloak.test_0...OK
1814/8732 proto.coilpack_props.test.random attacker bytes decode to value or typed error...OK
1815/8732 proto.coilpack_props.test.random valid values round-trip and re-encode canonically...OK
1816/8732 proto.coilpack_props.test.every prefix of valid encodings is truncated or canonical...OK
1817/8732 proto.coilpack_props.test.declared byte lengths are bounded by the input...OK
1818/8732 proto.coilpack_value.test.round-trip nil and bool...OK
1819/8732 proto.coilpack_value.test.round-trip u64 values...OK
1820/8732 proto.coilpack_value.test.round-trip i64 values and zigzag polarity...OK
1821/8732 proto.coilpack_value.test.round-trip bytes and string...OK
1822/8732 proto.coilpack_value.test.round-trip array...OK
1823/8732 proto.coilpack_value.test.round-trip map...OK
1824/8732 proto.coilpack_value.test.canonical integer minimal-length enforced...OK
1825/8732 proto.coilpack_value.test.map key ordering enforced and duplicate rejection...OK
1826/8732 proto.coilpack_value.test.signature-stability for unordered map input...OK
1827/8732 proto.coilpack_value.test.nested array and map...OK
1828/8732 proto.coilpack_value.test.invalid utf8 is rejected...OK
1829/8732 proto.coilpack_value.test.truncation and trailing bytes are rejected...OK
1830/8732 proto.coilpack_value.test.decoder rejects unknown tag and overflowing varint...OK
1831/8732 proto.coilpack_value.test.encoder rejects duplicate map keys...OK
1832/8732 proto.color_strip.test.stripFormatting removes toggle controls without allocation leaks...OK
1833/8732 proto.color_strip.test.stripFormatting removes color with one digit foreground...OK
1834/8732 proto.color_strip.test.stripFormatting removes color with two digit foreground and background...OK
1835/8732 proto.color_strip.test.stripFormatting keeps color comma when background digits are absent...OK
1836/8732 proto.color_strip.test.stripFormatting removes bare color control without consuming text digits...OK
1837/8732 proto.color_strip.test.stripFormatting respects output buffer and configured byte bounds...OK
1838/8732 proto.color_strip.test.hasFormatting is false for plain text and true for color controls...OK
1839/8732 proto.color_strip.test.DefaultStripper methods mirror module helpers...OK
1840/8732 proto.color_strip.test.exploit: stripFormatting bounds a pathological colour-code flood (fail-closed)...OK
1841/8732 proto.color_strip.test.exploit: stripFormatting rejects oversize visible body without writing past out...OK
1842/8732 proto.comic_chat.test.every gesture round-trips token enum and id...OK
1843/8732 proto.comic_chat.test.pose tag parses and formats with stable canonical bytes...OK
1844/8732 proto.comic_chat.test.gesture and facing parse case-insensitively but format lowercase...OK
1845/8732 proto.comic_chat.test.intensity clamps through helper and tag parser rejects out of range...OK
1846/8732 proto.comic_chat.test.intensity parser rejects empty nonnumeric and noncanonical values...OK
1847/8732 proto.comic_chat.test.bad gesture token and bad facing token return typed errors...OK
1848/8732 proto.comic_chat.test.tag grammar rejects missing extra and oversized fields...OK
1849/8732 proto.comic_chat.test.formatting reports small output buffers...OK
1850/8732 proto.comic_chat.test.message stores borrowed slices without ownership transfer...OK
1851/8732 proto.connect_squit.test.parses CONNECT forms...OK
1852/8732 proto.connect_squit.test.parses SQUIT forms...OK
1853/8732 proto.connect_squit.test.validates malformed requests...OK
1854/8732 proto.connect_squit.test.builds reply bytes...OK
1855/8732 proto.connect_squit.test.builder validation and bounds failures are reported...OK
1856/8732 proto.csr.test.certificationRequestInfo encodes fixture subject spki and extensionRequest SANs...OK
1857/8732 proto.csr.test.assemble wraps fixture request algorithm and signature as DER BIT STRING...OK
1858/8732 proto.csr.test.builder reports missing JSON fields and invalid params...OK
1859/8732 proto.csr.test.builder returns NoSpaceLeft for truncated caller buffers...OK
1860/8732 proto.ctcp.test.parses ACTION from PRIVMSG body...OK
1861/8732 proto.ctcp.test.parses embedded spans and keeps ACTIONGRAB distinct from ACTION...OK
1862/8732 proto.ctcp.test.parses VERSION reply from NOTICE body...OK
1863/8732 proto.ctcp.test.parses and dequotes PING argument...OK
1864/8732 proto.ctcp.test.detects DCC subcommands...OK
1865/8732 proto.ctcp.test.builds CTCP request and reply lines...OK
1866/8732 proto.ctcp.test.low-level quoting round trip...OK
1867/8732 proto.ctcp.test.rejects malformed and empty CTCP...OK
1868/8732 proto.ctcp.test.builders reject invalid bytes and small buffers...OK
1869/8732 proto.ctcp_props.test.arbitrary bytes extract or dequote to typed errors without panics...OK
1870/8732 proto.ctcp_props.test.SOH-delimited payload build and low-level quote round trip...OK
1871/8732 proto.ctcp_props.test.ACTION and standard CTCP queries parse with expected identities...OK
1872/8732 proto.ctcp_props.test.embedded delimiter quote byte and NUL are handled explicitly...OK
1873/8732 proto.ctcp_props.test.caller output bounds and guard bytes are respected...OK
1874/8732 proto.ctcp_props.test.public error surfaces remain typed for malformed quotes and builders...OK
1875/8732 proto.dcep.test.encodeOpen with label and protocol parses back to the same fields...OK
1876/8732 proto.dcep.test.ack encodes to one byte and messageType detects it...OK
1877/8732 proto.dcep.test.short buffers report Truncated...OK
1878/8732 proto.dcep.test.unknown message type reports BadType...OK
1879/8732 proto.deadline_queue.test.popDue returns ids in deadline order...OK
1880/8732 proto.deadline_queue.test.popDue only removes ids at or before the threshold...OK
1881/8732 proto.deadline_queue.test.remove deletes arbitrary ids and repairs heap order...OK
1882/8732 proto.deadline_queue.test.empty queue operations are inert...OK
1883/8732 proto.deadline_queue.test.duplicate ids are rejected and capacity is enforced...OK
1884/8732 proto.delegated_credential.test.serialize then parse round-trips every field...OK
1885/8732 proto.delegated_credential.test.parse rejects a zero-length SPKI...OK
1886/8732 proto.delegated_credential.test.parse rejects truncation before the outer algorithm...OK
1887/8732 proto.delegated_credential.test.parse rejects a truncated signature vector...OK
1888/8732 proto.delegated_credential.test.parse rejects trailing bytes after the signature...OK
1889/8732 proto.delegated_credential.test.writeSignedMessage lays out the RFC 9345 prefix, cert, then signed portion...OK
1890/8732 proto.delegated_credential.test.writeSignedPortion reports NoSpaceLeft on a short buffer...OK
1891/8732 proto.delegated_credential.test.max_valid_time_seconds is seven days...OK
1892/8732 proto.der_oid.test.encode 1.3.101.112 equals id_ed25519 constant...OK
1893/8732 proto.der_oid.test.decode round-trips encoded content back to arcs...OK
1894/8732 proto.der_oid.test.base-128 multi-byte arc encodes and decodes (1.2.840.10045.4.3.2)...OK
1895/8732 proto.der_oid.test.eql matches identical content and rejects differing content...OK
1896/8732 proto.der_oid.test.named constants decode to their dotted arcs...OK
1897/8732 proto.der_oid.test.encode rejects fewer than two arcs and bad first arc...OK
1898/8732 proto.der_oid.test.encode reports NoSpaceLeft on undersized buffer...OK
1899/8732 proto.der_oid.test.decode rejects non-minimal leading continuation byte...OK
1900/8732 proto.der_oid.test.decode rejects truncated multi-byte arc...OK
1901/8732 proto.der_oid.test.decode reports NoSpaceLeft when arc buffer is too small...OK
1902/8732 proto.dns0x20.test.encode with all-ones bits uppercases every letter...OK
1903/8732 proto.dns0x20.test.encode with all-zero bits lowercases every letter...OK
1904/8732 proto.dns0x20.test.encode leaves digits dots and hyphens unchanged...OK
1905/8732 proto.dns0x20.test.encode applies per-letter bits LSB first skipping non-letters...OK
1906/8732 proto.dns0x20.test.encode returns NoSpaceLeft when buffer too small...OK
1907/8732 proto.dns0x20.test.encode handles empty name...OK
1908/8732 proto.dns0x20.test.verify returns true for an exact echo...OK
1909/8732 proto.dns0x20.test.verify returns false for a case-flipped echo...OK
1910/8732 proto.dns0x20.test.verify returns false on length mismatch...OK
1911/8732 proto.dns0x20.test.verify round-trips with encode output...OK
1912/8732 proto.dns0x20.test.equalFold is true across differing case...OK
1913/8732 proto.dns0x20.test.equalFold is false across differing content...OK
1914/8732 proto.dns0x20.test.equalFold is false on length mismatch...OK
1915/8732 proto.dns0x20.test.equalFold leaves non-letters compared literally...OK
1916/8732 proto.dns_bailiwick.test.validate accepts a well-formed in-bailiwick response...OK
1917/8732 proto.dns_bailiwick.test.validate accepts case-insensitive question name match...OK
1918/8732 proto.dns_bailiwick.test.validate accepts subdomain answer owner within zone...OK
1919/8732 proto.dns_bailiwick.test.validate rejects wrong transaction id...OK
1920/8732 proto.dns_bailiwick.test.validate rejects a query masquerading as a response...OK
1921/8732 proto.dns_bailiwick.test.validate rejects mismatched question name...OK
1922/8732 proto.dns_bailiwick.test.validate rejects mismatched question type...OK
1923/8732 proto.dns_bailiwick.test.validate rejects an out-of-bailiwick answer owner...OK
1924/8732 proto.dns_bailiwick.test.validate rejects a near-miss prefix sibling as out of bailiwick...OK
1925/8732 proto.dns_bailiwick.test.inBailiwick treats exact match as in-zone...OK
1926/8732 proto.dns_bailiwick.test.inBailiwick treats label-boundary subdomain as in-zone...OK
1927/8732 proto.dns_bailiwick.test.inBailiwick rejects prefix sibling that lacks a label boundary...OK
1928/8732 proto.dns_bailiwick.test.inBailiwick rejects parent and sibling zones...OK
1929/8732 proto.dns_bailiwick.test.inBailiwick is ASCII case-insensitive...OK
1930/8732 proto.dns_bailiwick.test.inBailiwick ignores trailing dots and accepts the root zone...OK
1931/8732 proto.dns.test.encodes and parses A query and response round trip...OK
1932/8732 proto.dns.test.encodes and parses PTR query and response round trip...OK
1933/8732 proto.dns.test.encodes and parses TXT query and response round trip...OK
1934/8732 proto.dns.test.parses compressed answer name and rejects compression loops...OK
1935/8732 proto.dns.test.skips CNAME records and returns the terminal A record...OK
1936/8732 proto.dns.test.tolerates additional/authority records after the answer section...OK
1937/8732 proto.dns.test.rejects truncated and oversize messages...OK
1938/8732 proto.dns.test.cache returns hits and expires forward and reverse entries...OK
1939/8732 proto.dns.test.parses IPv4 and IPv6 nameserver literals...OK
1940/8732 proto.dns.test.systemResolverConfig returns nameservers from the host file or the public fallback...OK
1941/8732 proto.dns.test.parseResolvConf extracts nameservers and ignores noise...OK
1942/8732 proto.dns.test.ResolverConfig caps nameservers at max_nameservers...OK
1943/8732 proto.dns.test.forwardConfirms implements the FCrDNS match (anti-spoof)...OK
1944/8732 proto.dns.test.DNS CNAME answer ownership follows canonical target and rejects unrelated cycles...OK
1945/8732 proto.dns.test.DNS native resolver forward reverse and confirmation use IPv4 and IPv6 UDP...OK
1946/8732 proto.dns_props.test.parseMessage returns ok or typed errors for arbitrary attacker bytes...OK
1947/8732 proto.dns_props.test.parseMessage handles structured corrupt packets without escaping typed errors...OK
1948/8732 proto.dns_props.test.compression pointers reject loops and oversized expanded names...OK
1949/8732 proto.dns_props.test.truncated valid messages return TruncatedMessage...OK
1950/8732 proto.dns_props.test.label and name length boundaries are enforced...OK
1951/8732 proto.dns_props.test.public returned slices stay within caller or message storage...OK
1952/8732 proto.dns_txt.test.encodeTxtRdata single string round-trips through iterator...OK
1953/8732 proto.dns_txt.test.encodeTxtRdata packs multiple character-strings in order...OK
1954/8732 proto.dns_txt.test.encodeTxtRdata preserves an empty character-string (len 0)...OK
1955/8732 proto.dns_txt.test.encodeTxtRdata round-trips a 255-byte maximum string...OK
1956/8732 proto.dns_txt.test.encodeTxtRdata rejects a string longer than 255 bytes...OK
1957/8732 proto.dns_txt.test.encodeTxtRdata reports NoSpaceLeft when destination is too small...OK
1958/8732 proto.dns_txt.test.decodeTxtRdata rejects truncated rdata...OK
1959/8732 proto.dns_txt.test.concatTxt joins all character-strings without leaks...OK
1960/8732 proto.dns_txt.test.concatTxt of empty rdata yields an empty owned buffer...OK
1961/8732 proto.dns_txt.test.concatTxt propagates truncation errors...OK
1962/8732 proto.dns_txt.test.encodedLen matches actual encoded length...OK
1963/8732 proto.dns_txt.test.txt_record_type constant is 16...OK
1964/8732 proto.dot_frame.test.frame round-trips a message...OK
1965/8732 proto.dot_frame.test.frame rejects message longer than 65535 bytes...OK
1966/8732 proto.dot_frame.test.frame rejects output buffer too small for prefix plus message...OK
1967/8732 proto.dot_frame.test.framedLen adds the two-octet prefix...OK
1968/8732 proto.dot_frame.test.Deframer reassembles a message split across two pushes...OK
1969/8732 proto.dot_frame.test.Deframer yields two messages from one combined push...OK
1970/8732 proto.dot_frame.test.Deframer reassembles a one-byte-at-a-time drip feed...OK
1971/8732 proto.dot_frame.test.Deframer handles a partial length prefix then completion...OK
1972/8732 proto.dot_frame.test.Deframer round-trips an empty (zero-length) message...OK
1973/8732 proto.dot_frame.test.Deframer reset discards buffered partial bytes without leaking...OK
1974/8732 proto.draft_channel_context.test.parse accepts valid tag safe channel names...OK
1975/8732 proto.draft_channel_context.test.parse rejects missing malformed and oversized channel names...OK
1976/8732 proto.draft_channel_context.test.attach adds channel context to empty and existing tag segments...OK
1977/8732 proto.draft_channel_context.test.attach replaces an existing valid channel context...OK
1978/8732 proto.draft_channel_context.test.strip removes channel context and reports validated channel...OK
1979/8732 proto.draft_channel_context.test.attach and strip round trip without changing unrelated tags...OK
1980/8732 proto.draft_channel_context.test.tag segment validation rejects malformed inputs...OK
1981/8732 proto.draft_channel_context.test.attach and strip respect output and segment limits...OK
1982/8732 proto.draft_no_implicit_names.test.default policy exposes the draft capability token...OK
1983/8732 proto.draft_no_implicit_names.test.policy recognizes only the exact capability token...OK
1984/8732 proto.draft_no_implicit_names.test.implicit JOIN sends NAMES when client lacks the cap...OK
1985/8732 proto.draft_no_implicit_names.test.implicit JOIN suppresses NAMES when client has the cap...OK
1986/8732 proto.draft_no_implicit_names.test.explicit NAMES always sends replies even when client has the cap...OK
1987/8732 proto.draft_no_implicit_names.test.capability token validation rejects empty whitespace separator and oversized tokens...OK
1988/8732 proto.draft_no_implicit_names.test.custom token limit is enforced during policy creation...OK
1989/8732 proto.draft_no_implicit_names.test.numeric mapping matches shared IRC numerics...OK
1990/8732 proto.draft_reply_relay.test.parse accepts a typical server-minted msgid...OK
1991/8732 proto.draft_reply_relay.test.parse accepts msgid with hyphen and dot punctuation...OK
1992/8732 proto.draft_reply_relay.test.parse accepts maximum-length msgid...OK
1993/8732 proto.draft_reply_relay.test.parse rejects empty value...OK
1994/8732 proto.draft_reply_relay.test.parse rejects over-length value...OK
1995/8732 proto.draft_reply_relay.test.parse rejects structural and control characters...OK
1996/8732 proto.draft_reply_relay.test.isValidMsgid mirrors parse success and failure...OK
1997/8732 proto.draft_reply_relay.test.isValidMsgidByte accepts printable set and rejects separators...OK
1998/8732 proto.draft_reply_relay.test.relayDecision gates on negotiated capability...OK
1999/8732 proto.draft_reply_relay.test.validateAndDecide drops invalid values regardless of capability...OK
2000/8732 proto.draft_reply_relay.test.TAG_KEY identifies the governed client-only tag...OK
2001/8732 proto.dtls12_messages.test.ClientHello round-trips and advertises the target cipher + srtp profile...OK
2002/8732 proto.dtls12_messages.test.ClientHello with empty cookie parses...OK
2003/8732 proto.dtls12_messages.test.version negotiation seam honours supported_versions and support_13...OK
2004/8732 proto.dtls12_messages.test.ServerHello round-trips the chosen cipher and profile...OK
2005/8732 proto.dtls12_messages.test.Certificate round-trips the leaf DER...OK
2006/8732 proto.dtls12_messages.test.ServerKeyExchange round-trips point and signature...OK
2007/8732 proto.dtls12_messages.test.CertificateRequest round-trips ecdsa_sign + secp256r1 sig alg...OK
2008/8732 proto.dtls12_messages.test.CertificateVerify round-trips scheme and signature; rejects trailing garbage...OK
2009/8732 proto.dtls12_messages.test.ClientKeyExchange round-trips the point...OK
2010/8732 proto.dtls12_messages.test.parsers reject truncated input...OK
2011/8732 proto.dtls12_messages.test.deriveKeyBlock is deterministic and input-sensitive...OK
2012/8732 proto.dtls12_record.test.record header encode/decode round-trips and locates the fragment...OK
2013/8732 proto.dtls12_record.test.record header seqNum combines epoch and seq...OK
2014/8732 proto.dtls12_record.test.record decode rejects a truncated fragment...OK
2015/8732 proto.dtls12_record.test.record decode rejects a runt header...OK
2016/8732 proto.dtls12_record.test.GCM seal/open round-trips...OK
2017/8732 proto.dtls12_record.test.GCM open rejects a tampered fragment...OK
2018/8732 proto.dtls12_record.test.GCM open rejects a wrong-seq AAD...OK
2019/8732 proto.dtls12_record.test.GCM open rejects a runt fragment...OK
2020/8732 proto.dtls12_server.test.fingerprint is deterministic for a fixed cert and well-formed...OK
2021/8732 proto.dtls12_server.test.HelloVerifyRequest cookie round-trip: bare ClientHello elicits a cookie, wrong cookie re-elicits, no session kept...OK
2022/8732 proto.dtls12_server.test.malformed DTLS records are dropped without a trap and never allocate a session...OK
2023/8732 proto.dtls12_server.test.full DTLS-SRTP loopback handshake: both sides derive identical SRTP keys...OK
2024/8732 proto.dtls12_server.test.RFC 8122: an established session with no bound fingerprint exports keys (byte-identical default)...OK
2025/8732 proto.dtls12_server.test.RFC 8122: a matching peer fingerprint verifies and unlocks the SRTP keys...OK
2026/8732 proto.dtls12_server.test.RFC 8122: a mismatched peer fingerprint stays fail-closed (no keys, no profile)...OK
2027/8732 proto.dtls12_server.test.mutual auth: a matching client cert completes the handshake and unlocks SRTP keys...OK
2028/8732 proto.dtls12_server.test.mutual auth: a client cert whose fingerprint mismatches yields NO keys (fail closed)...OK
2029/8732 proto.dtls12_server.test.mutual auth: a client that omits its Certificate is rejected (no completion, no keys)...OK
2030/8732 proto.dtls12_server.test.mutual auth: a tampered CertificateVerify signature is rejected (no completion, no keys)...OK
2031/8732 proto.dtls12_server.test.mutual auth off (server-auth only) is byte-identical to the pre-#64 flight 4...OK
2032/8732 proto.dtls12_server.test.retransmitted second ClientHello resends the cached flight 4 verbatim...OK
2033/8732 proto.dtls13_messages.test.ClientHello13 round-trips cipher, key_share, srtp, dtls13, cookie...OK
2034/8732 proto.dtls13_messages.test.ClientHello13 without cookie parses (empty cookie)...OK
2035/8732 proto.dtls13_messages.test.ServerHello13 round-trips key_share + selected version...OK
2036/8732 proto.dtls13_messages.test.HelloRetryRequest carries the HRR random + cookie...OK
2037/8732 proto.dtls13_messages.test.HelloRetryRequest with group selection carries the selected secp256r1 group...OK
2038/8732 proto.dtls13_messages.test.ClientHello13 leading with a non-P-256 key_share still advertises the group...OK
2039/8732 proto.dtls13_messages.test.EncryptedExtensions round-trips the SRTP profile...OK
2040/8732 proto.dtls13_messages.test.Certificate13 round-trips the leaf DER...OK
2041/8732 proto.dtls13_messages.test.CertificateVerify content + body round-trip...OK
2042/8732 proto.dtls13_messages.test.CertificateRequest13 round-trips empty context + secp256r1 sig alg...OK
2043/8732 proto.dtls13_messages.test.certificateVerifyContentCtx differs between client and server context...OK
2044/8732 proto.dtls13_messages.test.ACK encode / parse round-trip...OK
2045/8732 proto.dtls13_messages.test.parsers reject truncated / malformed input...OK
2046/8732 proto.dtls13_server.test.shares one cert/fingerprint and derives a well-formed SHA-256 fingerprint...OK
2047/8732 proto.dtls13_server.test.bare ClientHello elicits a stateless HelloRetryRequest with a cookie...OK
2048/8732 proto.dtls13_server.test.ClientHello with a forged cookie is dropped and never allocates a session...OK
2049/8732 proto.dtls13_server.test.frameEncHandshake/openEncRecord round-trip (record-number encryption)...OK
2050/8732 proto.dtls13_server.test.malformed DTLS 1.3 datagrams are dropped without a trap or spurious session...OK
2051/8732 proto.dtls13_server.test.full DTLS 1.3 loopback handshake: both sides derive identical SRTP keys, then ACK...OK
2052/8732 proto.dtls13_server.test.full DTLS 1.3 handshake when the client leads with a non-P-256 key_share (HRR group selection)...OK
2053/8732 proto.dtls13_server.test.RFC 8122 (1.3): matching fingerprint unlocks keys; mismatch stays fail-closed...OK
2054/8732 proto.dtls13_server.test.mutual auth off (1.3): server flight is byte-identical to the pre-#64 flight...OK
2055/8732 proto.dtls13_server.test.mutual auth (1.3): a matching client cert completes the handshake and unlocks SRTP keys...OK
2056/8732 proto.dtls13_server.test.mutual auth (1.3): the HRR group-selection path also captures the client cert...OK
2057/8732 proto.dtls13_server.test.mutual auth (1.3): a client cert whose fingerprint mismatches yields NO keys...OK
2058/8732 proto.dtls13_server.test.mutual auth (1.3): a client that omits its Certificate is rejected (no keys)...OK
2059/8732 proto.dtls13_server.test.mutual auth (1.3): a tampered CertificateVerify signature is rejected (no keys)...OK
2060/8732 proto.dtls13_server.test.openEncRecord accepts a length-elided last record (RFC 9147 §4)...OK
2061/8732 proto.dtls13_server.test.offersDtls13 requires secp256r1 support so a P-256-less 1.3 client falls through to 1.2...OK
2062/8732 proto.dtls13_server.test.a P-256-less-group 1.3 ClientHello is dropped by the 1.3 engine (cannot serve)...OK
2063/8732 proto.dtls13_server.test.retransmitted second ClientHello resends the cached server flight verbatim...OK
2064/8732 proto.dtls_fingerprint.test.decodeDigest round-trips a formatted sha-256 fingerprint...OK
2065/8732 proto.dtls_fingerprint.test.decodeDigest is fail-closed on malformed hex...OK
2066/8732 proto.dtls_fingerprint.test.compute sha-256 matches std...OK
2067/8732 proto.dtls_fingerprint.test.format sha-256 has prefix uppercase colon hex and parses back...OK
2068/8732 proto.dtls_fingerprint.test.formatDigest accepts sha-1 digest...OK
2069/8732 proto.dtls_fingerprint.test.parse rejects unsupported token...OK
2070/8732 proto.dtls_fingerprint.test.buffer too small...OK
2071/8732 proto.dtls_handshake.test.header encode/decode round-trip...OK
2072/8732 proto.dtls_handshake.test.fragment 1000-byte body into 300-byte fragments and reassemble...OK
2073/8732 proto.dtls_handshake.test.HelloVerifyRequest cookie round-trip...OK
2074/8732 proto.dtls_handshake.test.Truncated on short buffers...OK
2075/8732 proto.dtls_keyexchange.test.deterministic P-256 ECDH key agreement matches on both sides...OK
2076/8732 proto.dtls_keyexchange.test.master secret is 48 bytes, deterministic, and input-sensitive...OK
2077/8732 proto.dtls_keyexchange.test.verify data is 12 bytes and label-sensitive...OK
2078/8732 proto.dtls_peer_verify.test.certDigest matches std SHA-256...OK
2079/8732 proto.dtls_peer_verify.test.digestEql distinguishes match from a single-bit flip...OK
2080/8732 proto.dtls_peer_verify.test.Bindings: bind, lookup, idempotent update, and clear...OK
2081/8732 proto.dtls_peer_verify.test.Bindings: a full table evicts the stalest binding rather than dropping a new one...OK
2082/8732 proto.dtls_record.test.header encode/decode round-trip — 8-bit seq, no length...OK
2083/8732 proto.dtls_record.test.header encode/decode round-trip — 16-bit seq, with length...OK
2084/8732 proto.dtls_record.test.header decode — invalid fixed bits rejected...OK
2085/8732 proto.dtls_record.test.header decode — truncated buffer rejected...OK
2086/8732 proto.dtls_record.test.header wireLen...OK
2087/8732 proto.dtls_record.test.seq mask apply/remove reversible...OK
2088/8732 proto.dtls_record.test.seq mask — 16-bit seq apply/remove...OK
2089/8732 proto.dtls_record.test.anti-replay — first packet always accepted...OK
2090/8732 proto.dtls_record.test.anti-replay — duplicate rejected...OK
2091/8732 proto.dtls_record.test.anti-replay — in-window new sequence accepted...OK
2092/8732 proto.dtls_record.test.anti-replay — too-old rejected...OK
2093/8732 proto.dtls_record.test.anti-replay — window slides forward...OK
2094/8732 proto.dtls_record.test.anti-replay — large jump clears window...OK
2095/8732 proto.dtls_record.test.buildNonce — known vector...OK
2096/8732 proto.dtls_record.test.buildNonce — XOR with IV...OK
2097/8732 proto.dtls_record.test.AEAD seal/open round-trip...OK
2098/8732 proto.dtls_record.test.AEAD — tampered ciphertext rejected...OK
2099/8732 proto.dtls_record.test.AEAD — tampered tag rejected...OK
2100/8732 proto.dtls_record.test.AEAD — wrong AAD rejected...OK
2101/8732 proto.dtls_record.test.AEAD — wrong seq (nonce mismatch) rejected...OK
2102/8732 proto.dtls_record.test.AEAD — deterministic (same inputs, same output)...OK
2103/8732 proto.dtls_record.test.AES-128-GCM seal/open round-trip...OK
2104/8732 proto.dtls_record.test.AES-128-GCM — tampered ciphertext / wrong AAD / wrong seq rejected...OK
2105/8732 proto.dtls_record.test.deriveAes128GcmKeys is deterministic and input-sensitive...OK
2106/8732 proto.dtls_record.test.record-number encryption round-trips over the on-wire seq bytes...OK
2107/8732 proto.dtls_record.test.reconstructSeq extends truncated wire values and handles wrap...OK
2108/8732 proto.dtls_srtp.test.TLS 1.2 P_SHA256 matches the well-known PRF test vector...OK
2109/8732 proto.dtls_srtp.test.exportSrtpKeys is deterministic and feeds srtp round-trip...OK
2110/8732 proto.dtls_srtp.test.exportSrtpKeysTls13 is deterministic, input-sensitive, and feeds srtp...OK
2111/8732 proto.dtls_srtp.test.use_srtp encode/parse round-trips and offersProfile scans...OK
2112/8732 proto.e2ee_group_control.test.parse bounded commit record without opening its payload...OK
2113/8732 proto.e2ee_group_control.test.parse targeted welcome routing metadata...OK
2114/8732 proto.e2ee_group_control.test.reject malformed, ambiguous, and oversized control records...OK
2115/8732 proto.e2ee_policy.test.encryption policy values and tag validation...OK
2116/8732 proto.e2ee_policy.test.required room tag is exact mls and rejects missing wrong duplicate conflicting...OK
2117/8732 proto.e2ee_policy.test.canonical ONYXROOM1 envelope accepts min and rejects every malformed shape...OK
2118/8732 proto.e2ee_policy.test.daemon-bound room envelope ceiling is canonical at its exact wire limit...OK
2119/8732 proto.e2ee_policy.test.required rooms do not demand a text envelope for tag-only TAGMSG...OK
2120/8732 proto.e2ee_policy.test.device key metadata is bounded and prop-safe...OK
2121/8732 proto.e2ee_policy.test.onyx-ogc1-v1 advertisements are strict and leave legacy algorithms unchanged...OK
2122/8732 proto.ech_config.test.parse a well-formed single-entry ECHConfigList...OK
2123/8732 proto.ech_config.test.selectSupported skips entries with a mismatched KEM or suite...OK
2124/8732 proto.ech_config.test.malformed: truncated list prefix and overrunning length fields...OK
2125/8732 proto.ech_config.test.malformed: cipher_suites not a multiple of 4...OK
2126/8732 proto.ech_config.test.unsupported mandatory ECHConfig extension disqualifies the config...OK
2127/8732 proto.ech_config.test.selectSupported picks the first matching entry across mixed versions...OK
2128/8732 proto.ech_config.test.public_name validation...OK
2129/8732 proto.ech_config.test.config with invalid public_name is skipped by selection...OK
2130/8732 proto.ech.test.CipherSuite encode/decode round-trip...OK
2131/8732 proto.ech.test.ECHConfig encode/decode round-trip...OK
2132/8732 proto.ech.test.ECHConfig with extensions encode/decode...OK
2133/8732 proto.ech.test.ECHConfigList multiple configs encode/decode...OK
2134/8732 proto.ech.test.selectConfig picks supported suite...OK
2135/8732 proto.ech.test.selectConfig rejects when no suite matches...OK
2136/8732 proto.ech.test.selectConfig picks first matching config in order...OK
2137/8732 proto.ech.test.ECHClientHello encode/decode round-trip...OK
2138/8732 proto.ech.test.ECHClientHello empty enc and payload...OK
2139/8732 proto.ech.test.ECHConfig decode rejects unsupported version...OK
2140/8732 proto.ech.test.ECHConfig decode rejects truncated input...OK
2141/8732 proto.ech.test.ECHConfigList decode rejects trailing bytes...OK
2142/8732 proto.ech.test.ECHClientHello decode rejects trailing bytes...OK
2143/8732 proto.ech.test.determinism: repeated encodes produce identical bytes...OK
2144/8732 proto.echo_message.test.echo-message builds tagged privmsg and notice lines...OK
2145/8732 proto.echo_message.test.echo-message builds tagmsg without text or trailing parameter...OK
2146/8732 proto.echo_message.test.echo-message cap gating and recipient sink...OK
2147/8732 proto.echo_message.test.echo-message reports output too small...OK
2148/8732 proto.echo_message.test.echo-message rejects invalid attacker-controlled bytes...OK
2149/8732 proto.ec_pkcs.test.parse SEC1 ECPrivateKey scalar...OK
2150/8732 proto.ec_pkcs.test.rejects non-P256 and malformed...OK
2151/8732 proto.ed25519_pkcs8.test.encode emits known DER for a fixed Ed25519 seed...OK
2152/8732 proto.ed25519_pkcs8.test.parse returns the seed from known DER...OK
2153/8732 proto.ed25519_pkcs8.test.parse and encode round-trip all byte values used by a seed prefix...OK
2154/8732 proto.ed25519_pkcs8.test.parse rejects every truncated prefix of a valid key...OK
2155/8732 proto.ed25519_pkcs8.test.encode reports NoSpaceLeft for caller buffers that are too small...OK
2156/8732 proto.ed25519_pkcs8.test.parse rejects an oversized inner private key...OK
2157/8732 proto.ed25519_pkcs8.test.parse rejects a DER length field wider than usize...OK
2158/8732 proto.ed25519_pkcs8.test.parse rejects unsupported version and algorithm parameters...OK
2159/8732 proto.ed25519_pkcs8.test.parse rejects trailing bytes after the top-level sequence...OK
2160/8732 proto.elist.test.parse user count filters...OK
2161/8732 proto.elist.test.parse created age filters in minutes...OK
2162/8732 proto.elist.test.parse topic age filters in minutes...OK
2163/8732 proto.elist.test.parse include and exclude masks...OK
2164/8732 proto.elist.test.matches user counts and ages...OK
2165/8732 proto.elist.test.matches include mask disjunction and exclude masks...OK
2166/8732 proto.elist.test.combined filters...OK
2167/8732 proto.elist.test.parse params accepts zero or one LIST filter parameter...OK
2168/8732 proto.elist.test.parse params rejects malformed LIST C filter...OK
2169/8732 proto.elist.test.malformed filters are rejected...OK
2170/8732 proto.email_validate.test.isValid accepts ordinary addresses...OK
2171/8732 proto.email_validate.test.validate rejects missing at sign...OK
2172/8732 proto.email_validate.test.validate rejects multiple at signs...OK
2173/8732 proto.email_validate.test.validate rejects empty local part...OK
2174/8732 proto.email_validate.test.validate rejects empty domain...OK
2175/8732 proto.email_validate.test.validate rejects overlong local part...OK
2176/8732 proto.email_validate.test.validate accepts local part at exactly the limit...OK
2177/8732 proto.email_validate.test.validate rejects overlong total length...OK
2178/8732 proto.email_validate.test.validate rejects overlong domain...OK
2179/8732 proto.email_validate.test.validate rejects bad characters in local part...OK
2180/8732 proto.email_validate.test.validate rejects bad characters in domain...OK
2181/8732 proto.email_validate.test.validate rejects bad domain labels...OK
2182/8732 proto.email_validate.test.validate rejects label over 63 bytes...OK
2183/8732 proto.email_validate.test.validate accepts label at exactly 63 bytes...OK
2184/8732 proto.email_validate.test.validate rejects consecutive dots...OK
2185/8732 proto.email_validate.test.validate rejects leading and trailing dots...OK
2186/8732 proto.email_validate.test.splitParts returns halves for a single at sign...OK
2187/8732 proto.email_validate.test.splitParts returns null without exactly one at sign...OK
2188/8732 proto.email_validate.test.splitParts handles empty halves...OK
2189/8732 proto.email_validate.test.boundary: minimal valid address...OK
2190/8732 proto.email_validate.test.byte classifiers behave...OK
2191/8732 proto.email_validate.test.validate uses a leak-free allocator-style harness...OK
2192/8732 proto.entity_prop_event.test.entity prop event set round-trips (user)...OK
2193/8732 proto.entity_prop_event.test.entity prop event set round-trips (member)...OK
2194/8732 proto.entity_prop_event.test.entity prop delete round-trips...OK
2195/8732 proto.entity_prop_event.test.entity prop codec rejects truncated and trailing input...OK
2196/8732 proto.entity_prop_event.test.entity prop codec rejects a bad entity kind byte...OK
2197/8732 proto.entity_prop_event.test.entity prop codec rejects oversized fields...OK
2198/8732 proto.entity_prop_event.test.entity prop event round-trips WITHOUT a signature (legacy unsigned)...OK
2199/8732 proto.entity_prop_event.test.entity prop event round-trips WITH a signature and verifies (user and member)...OK
2200/8732 proto.entity_prop_event.test.entity prop signature is rejected when origin_pubkey does not self-certify origin_node...OK
2201/8732 proto.entity_prop_event.test.entity prop signature is rejected when re-signed with a foreign key...OK
2202/8732 proto.entity_prop_event.test.entity prop tampering with any field after signing fails (incl. kind)...OK
2203/8732 proto.entity_prop_event.test.entity prop signature survives a re-encode/decode round-trip verbatim (multi-hop)...OK
2204/8732 proto.entity_prop_event.test.entity prop signature does NOT validate under the channel-prop domain...OK
2205/8732 proto.entity_prop_event.test.entity prop encode rejects a half-present signature pair...OK
2206/8732 proto.extban_eval.test.evaluates account extban match and no match...OK
2207/8732 proto.extban_eval.test.evaluates realname glob match and no match...OK
2208/8732 proto.extban_eval.test.evaluates channel extban over candidate channel list...OK
2209/8732 proto.extban_eval.test.evaluates hostmask extban against full nick user host mask...OK
2210/8732 proto.extban_eval.test.evaluates host-only fallback when no full hostmask is supplied...OK
2211/8732 proto.extban_eval.test.evaluates country extban match and no match...OK
2212/8732 proto.extban_eval.test.evaluates secure-connection extban...OK
2213/8732 proto.extban_eval.test.evaluates oper-status extban...OK
2214/8732 proto.extban_eval.test.evaluates patterned certfp secure extban with null-certfp safety...OK
2215/8732 proto.extban_eval.test.evaluates patterned oper-class extban...OK
2216/8732 proto.extban_eval.test.evaluates mute extban over hostmask...OK
2217/8732 proto.extban_eval.test.evaluates negated extbans...OK
2218/8732 proto.extban_eval.test.evaluates nested negation...OK
2219/8732 proto.extban_eval.test.malformed parse errors are surfaced before evaluation...OK
2220/8732 proto.extban_eval.test.malformed parsed structure does not match...OK
2221/8732 proto.extban.test.parses each extended ban type...OK
2222/8732 proto.extban.test.matches secure-connection extban...OK
2223/8732 proto.extban.test.parses patterned certfp secure extban...OK
2224/8732 proto.extban.test.matches certfp secure extban only on the exact fingerprint...OK
2225/8732 proto.extban.test.matches negated certfp secure extban...OK
2226/8732 proto.extban.test.matches patterned oper-class extban...OK
2227/8732 proto.extban.test.matches mute extban against host like a plain hostmask...OK
2228/8732 proto.extban.test.matches positive and negative account extbans...OK
2229/8732 proto.extban.test.matches realname country and channel extbans...OK
2230/8732 proto.extban.test.matches negation and nested negation...OK
2231/8732 proto.extban.test.rejects malformed masks...OK
2232/8732 proto.extban.test.plain hostmask fallthrough uses host glob...OK
2233/8732 proto.extban.test.caller can lower nesting capacity at comptime...OK
2234/8732 proto.extban_props.test.parse returns a matcher or typed error for arbitrary attacker bytes...OK
2235/8732 proto.extban_props.test.structured recursive masks stay bounded by matcher depth...OK
2236/8732 proto.extban_props.test.matches is total for random parsed masks and random targets...OK
2237/8732 proto.extban_props.test.successful parses borrow only in-bounds pattern slices...OK
2238/8732 proto.extended_join.test.extended join line build with account...OK
2239/8732 proto.extended_join.test.extended join line build with account sentinel...OK
2240/8732 proto.extended_join.test.plain join line build...OK
2241/8732 proto.extended_join.test.cap-gated recipient selection...OK
2242/8732 proto.extended_join.test.output too small rejected...OK
2243/8732 proto.extended_join.test.too many recipients rejected...OK
2244/8732 proto.extended_join.test.invalid identity fields rejected...OK
2245/8732 proto.extended_join.test.invalid channel account and realname rejected...OK
2246/8732 proto.extended_join.test.custom limits are enforced...OK
2247/8732 proto.extended_monitor.test.extended-monitor selects only monitored targets with event cap...OK
2248/8732 proto.extended_monitor.test.extended-monitor rejects invalid changed target nick...OK
2249/8732 proto.extended_monitor.test.extended-monitor sink reports too many recipients...OK
2250/8732 proto.extended_monitor.test.extended-monitor selects more than the old fixed daemon watcher buffer...OK
2251/8732 proto.extended_monitor.test.generic notification builder emits passthrough line...OK
2252/8732 proto.extended_monitor.test.generic notification builder allows trailing parameters and empty params...OK
2253/8732 proto.extended_monitor.test.generic notification builder reports output too small...OK
2254/8732 proto.extended_monitor.test.generic notification builder rejects invalid input...OK
2255/8732 proto.extended_monitor_store.test.build away-change notifications with exact bytes...OK
2256/8732 proto.extended_monitor_store.test.build account-change notifications with exact bytes...OK
2257/8732 proto.extended_monitor_store.test.watcher filtering omits unmonitored and missing capability watchers...OK
2258/8732 proto.extended_monitor_store.test.line builders cover identity and metadata changes...OK
2259/8732 proto.flexfec.test.recovers one missing payload from three differing lengths...OK
2260/8732 proto.flexfec.test.recover rejects zero missing packets...OK
2261/8732 proto.flexfec.test.recover rejects more than one missing packet...OK
2262/8732 proto.frame.test.frame encode decode round trip...OK
2263/8732 proto.frame.test.hop zero is dropped...OK
2264/8732 proto.frame.test.oversize payloads and buffers are rejected...OK
2265/8732 proto.frame.test.band and priority classification...OK
2266/8732 proto.frame.test.unknown extension frame types are accepted but unknown required types are rejected...OK
2267/8732 proto.frame.test.credit debit and grant threshold behavior...OK
2268/8732 proto.frame.test.pre established gating accepts handshake control mooring ping and credit only...OK
2269/8732 proto.frame_marking.test.1-byte round-trip preserving all flags and tid...OK
2270/8732 proto.frame_marking.test.3-byte extended round-trip with lid and tl0picidx...OK
2271/8732 proto.frame_marking.test.known marking has exact byte0 bit layout...OK
2272/8732 proto.frame_marking.test.decode reports Truncated on empty input...OK
2273/8732 proto.frame_marking.test.isKeyframe requires independent start of frame...OK
2274/8732 proto.frame_props.test.deframer accepts or returns typed errors for arbitrary byte streams...OK
2275/8732 proto.frame_props.test.deframer handles structured corrupt frames without crashing...OK
2276/8732 proto.frame_props.test.frame encode decode round trips random payloads canonically...OK
2277/8732 proto.frame_props.test.one byte fragmentation yields the same frames as whole frame decode...OK
2278/8732 proto.frame_props.test.credit flow accounting never underflows or overflows silently...OK
2279/8732 proto.gcounter.test.init produces an empty counter...OK
2280/8732 proto.gcounter.test.increment and value accumulate per node...OK
2281/8732 proto.gcounter.test.increment by zero still registers the node...OK
2282/8732 proto.gcounter.test.valueForNode returns zero for unknown nodes...OK
2283/8732 proto.gcounter.test.increment overflow is reported and leaves the entry unchanged...OK
2284/8732 proto.gcounter.test.value uses wide accumulation beyond u64 range...OK
2285/8732 proto.gcounter.test.merge takes the elementwise maximum and converges...OK
2286/8732 proto.gcounter.test.merge is commutative: a<-b equals b<-a...OK
2287/8732 proto.gcounter.test.merge is idempotent...OK
2288/8732 proto.gcounter.test.merge is associative regardless of grouping...OK
2289/8732 proto.gcounter.test.merge is monotonic: value never decreases...OK
2290/8732 proto.gcounter.test.clone is independent of the original...OK
2291/8732 proto.gcounter.test.iterator visits every entry exactly once...OK
2292/8732 proto.gcounter.test.eql distinguishes differing state...OK
2293/8732 proto.gcounter.test.three-replica gossip converges to identical state...OK
2294/8732 proto.geo_fetch.test.buildWeatherRequest percent-encodes the location and forces metric...OK
2295/8732 proto.geo_fetch.test.buildWeatherRequest rejects an empty location...OK
2296/8732 proto.geo_fetch.test.parseWeather parses a wttr.in one-line body (metric)...OK
2297/8732 proto.geo_fetch.test.parseWeather handles a negative temperature and missing fields...OK
2298/8732 proto.geo_fetch.test.parseWeather then localize to US imperial round-trips through weather_units...OK
2299/8732 proto.geo_fetch.test.parseRssTitles skips the feed title and returns headlines...OK
2300/8732 proto.geo_fetch.test.httpBody splits on the header terminator...OK
2301/8732 proto.global_notice.test.parse all form with no selector...OK
2302/8732 proto.global_notice.test.parse all form with bare star selector...OK
2303/8732 proto.global_notice.test.parse mask form recognises hostmask punctuation...OK
2304/8732 proto.global_notice.test.parse channel form recognises hash and ampersand...OK
2305/8732 proto.global_notice.test.parse rejects missing and empty text...OK
2306/8732 proto.global_notice.test.parse rejects ambiguous bare selector...OK
2307/8732 proto.global_notice.test.parse rejects too many parameters...OK
2308/8732 proto.global_notice.test.parse enforces text and mask bounds...OK
2309/8732 proto.global_notice.test.parse enforces channel bounds...OK
2310/8732 proto.global_notice.test.inAudience all matches every user...OK
2311/8732 proto.global_notice.test.inAudience mask hits and misses...OK
2312/8732 proto.global_notice.test.inAudience mask is case insensitive...OK
2313/8732 proto.global_notice.test.inAudience mask question mark matches one byte...OK
2314/8732 proto.global_notice.test.inAudience channel membership hit and miss...OK
2315/8732 proto.global_notice.test.formatLine produces expected wire line...OK
2316/8732 proto.global_notice.test.formatLine rejects empty and oversized server name...OK
2317/8732 proto.global_notice.test.formatLine reports output too small...OK
2318/8732 proto.global_notice.test.formatLine enforces text bound...OK
2319/8732 proto.global_notice.test.glob trailing star matches remainder...OK
2320/8732 proto.global_notice.test.end to end parse then audience then format with no leaks...OK
2321/8732 proto.glob_set.test.glob set matches multiple patterns and counts all matching entries...OK
2322/8732 proto.glob_set.test.glob set returns the first matching insertion index...OK
2323/8732 proto.glob_set.test.glob set reports no match for unmatched text...OK
2324/8732 proto.glob_set.test.glob set matching is ASCII case-insensitive...OK
2325/8732 proto.glob_set.test.glob set owns patterns independently from caller storage...OK
2326/8732 proto.glob_set.test.glob set enforces bounds and rejects duplicate folded patterns...OK
2327/8732 proto.glob_set.test.glob set handles empty text and star-only patterns...OK
2328/8732 proto.happy_eyeballs.test.v6/v4 interleaving order keeps family-local order and starts with v6...OK
2329/8732 proto.happy_eyeballs.test.staggered start respects connection attempt delay...OK
2330/8732 proto.happy_eyeballs.test.first success wins and cancels queued and in-flight attempts...OK
2331/8732 proto.happy_eyeballs.test.all fail terminates without winner...OK
2332/8732 proto.happy_eyeballs.test.failing first family falls through to next family immediately...OK
2333/8732 proto.happy_eyeballs.test.schedule is deterministic across identical inputs...OK
2334/8732 proto.happy_eyeballs.test.empty address list is immediately done...OK
2335/8732 proto.help_db.test.known topic returns 704, 705 lines, and 706 with exact bytes...OK
2336/8732 proto.help_db.test.unknown topic returns 524...OK
2337/8732 proto.help_db.test.topic lookup is case-insensitive...OK
2338/8732 proto.hostmask_compile.test.compile and match hostmask hits and misses...OK
2339/8732 proto.hostmask_compile.test.case insensitive matching applies to all three segments...OK
2340/8732 proto.hostmask_compile.test.wildcard segments support star question mark and catch all masks...OK
2341/8732 proto.hostmask_compile.test.precompiled matcher accepts already split parts...OK
2342/8732 proto.hostmask_compile.test.compile rejects malformed masks and invalid bytes...OK
2343/8732 proto.hostmask_compile.test.caller selected limits are enforced during compile...OK
2344/8732 proto.hostmask.test.matchGlob literal exact...OK
2345/8732 proto.hostmask.test.matchGlob star wildcard...OK
2346/8732 proto.hostmask.test.matchGlob question wildcard...OK
2347/8732 proto.hostmask.test.matchGlob ASCII casefold...OK
2348/8732 proto.hostmask.test.matchHostmask components...OK
2349/8732 proto.hostmask.test.splitMask and normalize component fill...OK
2350/8732 proto.hostmask.test.normalize respects buffer bounds...OK
2351/8732 proto.hostmask.test.matchGlob pathological no catastrophic backtracking...OK
2352/8732 proto.hosts_file.test.forward lookup resolves canonical name to its address...OK
2353/8732 proto.hosts_file.test.reverse lookup returns the canonical name for an address...OK
2354/8732 proto.hosts_file.test.aliases resolve forward but do not own the reverse mapping...OK
2355/8732 proto.hosts_file.test.name matching is ASCII case-insensitive...OK
2356/8732 proto.hosts_file.test.IPv6 entry parses with zero-run compression in both directions...OK
2357/8732 proto.hosts_file.test.full uncompressed IPv6 address parses correctly...OK
2358/8732 proto.hosts_file.test.comments and inline comments are ignored...OK
2359/8732 proto.hosts_file.test.malformed lines are skipped without poisoning valid entries...OK
2360/8732 proto.hosts_file.test.missing name returns null for both lookups...OK
2361/8732 proto.hosts_file.test.first binding wins for duplicate names and addresses...OK
2362/8732 proto.hosts_file.test.empty input produces an empty table...OK
2363/8732 proto.http1_client.test.buildRequest GET has no Content-Length...OK
2364/8732 proto.http1_client.test.buildRequest POST with body adds Content-Length...OK
2365/8732 proto.http1_client.test.buildRequest reports NoSpaceLeft when buffer too small...OK
2366/8732 proto.http1_client.test.parseResponse 200 with Content-Length body...OK
2367/8732 proto.http1_client.test.parseResponse decodes chunked body in place (extension + trailer)...OK
2368/8732 proto.http1_client.test.header case-insensitive lookup of nonce and location...OK
2369/8732 proto.http1_client.test.isComplete false on partial then true on full (content-length)...OK
2370/8732 proto.http1_client.test.isComplete chunked false until terminator...OK
2371/8732 proto.http1_client.test.parseResponse truncated and malformed errors...OK
2372/8732 proto.http1.test.parse GET with headers and case-insensitive lookup...OK
2373/8732 proto.http1.test.reject malformed and oversized requests...OK
2374/8732 proto.http1.test.websocket accept matches RFC 6455 example...OK
2375/8732 proto.http1.test.build 200 response...OK
2376/8732 proto.http1.test.build 101 websocket response...OK
2377/8732 proto.http1.test.build 404 response and reject response header injection...OK
2378/8732 proto.http1.test.chunked decode with extension and trailer...OK
2379/8732 proto.http1.test.chunked decode truncation and malformed errors...OK
2380/8732 proto.http2_hpack.test.prefix int round-trip small...OK
2381/8732 proto.http2_hpack.test.prefix int round-trip at boundary...OK
2382/8732 proto.http2_hpack.test.prefix int RFC 7541 C.1.1 value 1337 N=5...OK
2383/8732 proto.http2_hpack.test.prefix int large value round-trip...OK
2384/8732 proto.http2_hpack.test.huffman encode/decode round-trip ASCII...OK
2385/8732 proto.http2_hpack.test.huffman RFC C.4: no-cache encodes to 6 bytes...OK
2386/8732 proto.http2_hpack.test.huffman encode/decode full byte range 0-127...OK
2387/8732 proto.http2_hpack.test.static table lookup...OK
2388/8732 proto.http2_hpack.test.dynamic table add and lookup...OK
2389/8732 proto.http2_hpack.test.dynamic table eviction on size update...OK
2390/8732 proto.http2_hpack.test.dynamic table evict all when entry exceeds max...OK
2391/8732 proto.http2_hpack.test.malformed index 0 rejected...OK
2392/8732 proto.http2_hpack.test.out-of-range dynamic index rejected...OK
2393/8732 proto.http2_hpack.test.decompression bomb guard...OK
2394/8732 proto.http2_hpack.test.encode/decode round-trip incremental indexing no huffman...OK
2395/8732 proto.http2_hpack.test.encode/decode round-trip with huffman...OK
2396/8732 proto.http2_hpack.test.never-indexed does not pollute dynamic table...OK
2397/8732 proto.http2_hpack.test.dynamic table size update instruction in stream...OK
2398/8732 proto.http2_hpack.test.findIndex name-only and full match...OK
2399/8732 proto.http2_hpack.test.RFC C.6 response sequence with evictions on 256-byte table...OK
2400/8732 proto.http3_conn.test.h3 frame codec round-trips DATA/HEADERS/SETTINGS...OK
2401/8732 proto.http3_conn.test.h3 frame codec skips unknown / GREASE frame types...OK
2402/8732 proto.http3_conn.test.h3 frame codec rejects a length running past the buffer...OK
2403/8732 proto.http3_conn.test.settings round-trip includes WT / datagram / connect-protocol settings...OK
2404/8732 proto.http3_conn.test.settings decode ignores unknown settings and reports missing WT support...OK
2405/8732 proto.http3_conn.test.supportsWebTransport accepts an HTTP/3 peer that omits ENABLE_CONNECT_PROTOCOL...OK
2406/8732 proto.http3_conn.test.settings decode rejects a truncated value varint...OK
2407/8732 proto.http3_conn.test.qpack: decodes CONNECT pseudo-headers from the static table + literals...OK
2408/8732 proto.http3_conn.test.qpack: encodes :status=200 decodable with the static table...OK
2409/8732 proto.http3_conn.test.connect request without :protocol=webtransport is not WebTransport...OK
2410/8732 proto.http3_conn.test.wt loopback establishes a WebTransport session over Extended CONNECT...OK
2411/8732 proto.http3_conn.test.wt loopback exchanges a datagram byte-exact in both directions...OK
2412/8732 proto.http3_conn.test.wt loopback exchanges a unidirectional stream byte-exact (client → server)...OK
2413/8732 proto.http3_conn.test.wt loopback exchanges a bidirectional stream byte-exact (client → server)...OK
2414/8732 proto.http3_conn.test.wt loopback rejects a CONNECT without :protocol=webtransport...OK
2415/8732 proto.http3_conn.test.wt malformed HEADERS block on the CONNECT stream errors without panicking...OK
2416/8732 proto.http3_conn.test.h3 plain GET / is answered 200 text/plain with a body, stream finished...OK
2417/8732 proto.http3_conn.test.h3 plain GET of an unknown path is answered 404...OK
2418/8732 proto.http3_qpack.test.prefix integer: single-byte values...OK
2419/8732 proto.http3_qpack.test.prefix integer: multi-byte continuation...OK
2420/8732 proto.http3_qpack.test.prefix integer: boundary values for each prefix width...OK
2421/8732 proto.http3_qpack.test.prefix integer: truncation error...OK
2422/8732 proto.http3_qpack.test.prefix integer: high bits preserved...OK
2423/8732 proto.http3_qpack.test.string literal: round-trip...OK
2424/8732 proto.http3_qpack.test.string literal: empty string...OK
2425/8732 proto.http3_qpack.test.string literal: long string...OK
2426/8732 proto.http3_qpack.test.string literal: truncation...OK
2427/8732 proto.http3_qpack.test.static table: lookup exact...OK
2428/8732 proto.http3_qpack.test.static table: lookup name only...OK
2429/8732 proto.http3_qpack.test.encode/decode: indexed field from static table...OK
2430/8732 proto.http3_qpack.test.encode/decode: literal with name reference...OK
2431/8732 proto.http3_qpack.test.encode/decode: literal with literal name...OK
2432/8732 proto.http3_qpack.test.encode/decode: realistic HTTP/3 request header set...OK
2433/8732 proto.http3_qpack.test.encode/decode: deterministic encoding...OK
2434/8732 proto.http3_qpack.test.decode: truncated payload...OK
2435/8732 proto.http3_qpack.test.decode: invalid dynamic table reference rejected...OK
2436/8732 proto.http3_qpack.test.decode: static index out of range...OK
2437/8732 proto.http3_qpack.test.decode: wire index 0 is :authority (0-based static table)...OK
2438/8732 proto.http3_qpack.test.encode/decode: empty header list...OK
2439/8732 proto.http3_qpack.test.encode/decode: :path with non-default value uses name-ref...OK
2440/8732 proto.humanize.test.bytes: sub-kibibyte values print as plain bytes...OK
2441/8732 proto.humanize.test.bytes: kibibyte boundary and one decimal...OK
2442/8732 proto.humanize.test.bytes: mebibyte and larger...OK
2443/8732 proto.humanize.test.bytes: maximum u64 fits in BYTES_MAX...OK
2444/8732 proto.humanize.test.bytesSI: decimal units...OK
2445/8732 proto.humanize.test.bytesSI: rounding guard promotes near-boundary values...OK
2446/8732 proto.humanize.test.duration: sub-second renders as milliseconds...OK
2447/8732 proto.humanize.test.duration: seconds boundary...OK
2448/8732 proto.humanize.test.duration: two-unit composition picks largest pair...OK
2449/8732 proto.humanize.test.duration: skips zero middle units...OK
2450/8732 proto.humanize.test.duration: large multi-day value fits in DURATION_MAX...OK
2451/8732 proto.humanize.test.count: sub-thousand plain integers...OK
2452/8732 proto.humanize.test.count: compact magnitude suffixes...OK
2453/8732 proto.humanize.test.count: maximum u64 fits in COUNT_MAX...OK
2454/8732 proto.humanize.test.all formatters: undersized buffer yields NoSpace...OK
2455/8732 proto.ice_candidate.test.parse host candidate...OK
2456/8732 proto.ice_candidate.test.parse srflx candidate with related address...OK
2457/8732 proto.ice_candidate.test.build candidate and parse to equality...OK
2458/8732 proto.ice_candidate.test.bad format on missing typ...OK
2459/8732 proto.ice_candidate.test.tolerate optional candidate prefix...OK
2460/8732 proto.ice.test.priority computation matches RFC 8445 formula...OK
2461/8732 proto.ice.test.pair priority ordering uses controlling and controlled roles...OK
2462/8732 proto.ice.test.candidate pair formation filters components and orders checklist by priority...OK
2463/8732 proto.ice.test.check list processes pairs in priority order...OK
2464/8732 proto.ice.test.succeeded nominated pair moves agent to completed...OK
2465/8732 proto.ice.test.succeeded non-nominated pair is connected and regular nomination completes...OK
2466/8732 proto.ice.test.all failed checks move agent to failed...OK
2467/8732 proto.ice.test.ordering is deterministic for equal priorities...OK
2468/8732 proto.idna.test.normalize: simple ascii host is unchanged...OK
2469/8732 proto.idna.test.normalize: folds mixed case to lowercase...OK
2470/8732 proto.idna.test.normalize: digits and hyphens in interior are allowed...OK
2471/8732 proto.idna.test.normalize: single-label host...OK
2472/8732 proto.idna.test.normalize: trailing root dot is stripped...OK
2473/8732 proto.idna.test.normalize: only-root-dot host is empty...OK
2474/8732 proto.idna.test.normalize: empty host rejected...OK
2475/8732 proto.idna.test.normalize: empty interior label rejected...OK
2476/8732 proto.idna.test.normalize: leading dot rejected...OK
2477/8732 proto.idna.test.normalize: trailing empty label (double trailing dot) rejected...OK
2478/8732 proto.idna.test.normalize: leading hyphen in label rejected...OK
2479/8732 proto.idna.test.normalize: trailing hyphen in label rejected...OK
2480/8732 proto.idna.test.normalize: underscore is not LDH...OK
2481/8732 proto.idna.test.normalize: non-ascii byte rejected...OK
2482/8732 proto.idna.test.normalize: space rejected...OK
2483/8732 proto.idna.test.normalize: label of exactly 63 octets accepted...OK
2484/8732 proto.idna.test.normalize: label of 64 octets rejected...OK
2485/8732 proto.idna.test.normalize: host of exactly 255 octets accepted...OK
2486/8732 proto.idna.test.normalize: host over 255 octets rejected...OK
2487/8732 proto.idna.test.normalize: output buffer too small rejected...OK
2488/8732 proto.idna.test.normalize: well-formed xn-- label accepted and folded...OK
2489/8732 proto.idna.test.normalize: xn-- with empty tail rejected...OK
2490/8732 proto.idna.test.validateLabel: well-formed xn-- label with digits passes...OK
2491/8732 proto.idna.test.normalize: xn-- tail with hyphen-only is structurally allowed...OK
2492/8732 proto.idna.test.validateLabel: rejects empty and oversized...OK
2493/8732 proto.idna.test.hasAcePrefix: case-insensitive detection...OK
2494/8732 proto.idna.test.isValidHost: accepts good hosts...OK
2495/8732 proto.idna.test.isValidHost: rejects bad hosts...OK
2496/8732 proto.idna.test.normalize: result fits in a heap-allocated buffer via testing allocator...OK
2497/8732 proto.idna.test.isValidHost via allocator-backed copies of inputs...OK
2498/8732 proto.invite.test.parse invite args...OK
2499/8732 proto.invite.test.malformed invite args are rejected...OK
2500/8732 proto.invite.test.precondition checker allows basic and privileged invites...OK
2501/8732 proto.invite.test.precondition checker denies each failure path...OK
2502/8732 proto.invite.test.success builders format rpl inviting and target invite...OK
2503/8732 proto.invite.test.error numeric builders format each required reply...OK
2504/8732 proto.invite.test.builders reject invalid fields and small buffers...OK
2505/8732 proto.invite.test.length limits reject oversized attacker-controlled fields...OK
2506/8732 proto.invite_notify.test.invite-notify line build...OK
2507/8732 proto.invite_notify.test.rpl inviting numeric build...OK
2508/8732 proto.invite_notify.test.cap and privilege gated recipient selection...OK
2509/8732 proto.invite_notify.test.recipient sink reports overflow...OK
2510/8732 proto.invite_notify.test.builders report output too small...OK
2511/8732 proto.invite_notify.test.invalid attacker-controlled fields rejected...OK
2512/8732 proto.irc_isupport.test.build chunks at the 13-token boundary...OK
2513/8732 proto.irc_isupport.test.round-trip parse of common ISUPPORT tokens...OK
2514/8732 proto.irc_isupport.test.value escape and unescape...OK
2515/8732 proto.irc_isupport.test.negation parses as absent but tracked...OK
2516/8732 proto.irc_isupport.test.missing key typed getters return null...OK
2517/8732 proto.irc_line_props.test.parseLine returns ok or typed errors for deterministic random attacker bytes...OK
2518/8732 proto.irc_line_props.test.parseLine handles structured but corrupt lines without escaping typed errors...OK
2519/8732 proto.irc_line_props.test.tag value unescape and reference re-escape round trip for random raw values...OK
2520/8732 proto.irc_line_props.test.lines longer than MAX_LINE_BODY are rejected instead of silently truncated...OK
2521/8732 proto.ircx_access_store.test.add match precedence and update without leaks...OK
2522/8732 proto.ircx_access_store.test.parse each ACCESS subcommand...OK
2523/8732 proto.ircx_access_store.test.list remove clear and reply builders...OK
2524/8732 proto.ircx_access_store.test.ACCESS timed entry stops matching once its timeout elapses...OK
2525/8732 proto.ircx_access_store.test.ACCESS permanent entries never expire regardless of the clock...OK
2526/8732 proto.ircx_access_store.test.ACCESS pruneExpired reclaims only lapsed entries...OK
2527/8732 proto.ircx_access_store.test.ACCESS re-add refreshes an expired entry's timeout...OK
2528/8732 proto.ircx_access_store.test.validation and bounded outputs...OK
2529/8732 proto.ircx_access_store.test.ACCESS applyRemote converges last-writer-wins on (hlc, origin_node)...OK
2530/8732 proto.ircx_access_store.test.ACCESS tombstone keeps a revoked grant from being resurrected...OK
2531/8732 proto.ircx_access_store.test.ACCESS applyRemote order does not change the converged state...OK
2532/8732 proto.ircx_access_store.test.ACCESS applyRemote enforces field bounds on peer input...OK
2533/8732 proto.ircx_access_store.test.ACCESS listPage walks every entry exactly once...OK
2534/8732 proto.ircx_access_store.test.ACCESS copyFrom seeds a template channel in merge and replace modes...OK
2535/8732 proto.ircx_access_store.test.ACCESS parses the LIST page cursor and COPY subcommand...OK
2536/8732 proto.ircx_auth.test.parse AUTH package forms...OK
2537/8732 proto.ircx_auth.test.GAP-P0c classic IRCX AUTH packages stay an unknown package...GAP-P0c branch=ANON GateKeeper and GateKeeperPassport reply 912 and stay off the SASL list
OK
2538/8732 proto.ircx_auth.test.parse AUTH rejects unknown package...OK
2539/8732 proto.ircx_auth.test.build challenge and ack exact bytes...OK
2540/8732 proto.ircx_auth.test.build unknown package numeric exact bytes...OK
2541/8732 proto.ircx_auth.test.build authentication failure numeric exact bytes...OK
2542/8732 proto.ircx_create_cmd.test.parse CREATE without modes...OK
2543/8732 proto.ircx_create_cmd.test.parse CREATE with modes and iterate changes...OK
2544/8732 proto.ircx_create_cmd.test.parse CREATE with clone source channel...OK
2545/8732 proto.ircx_create_cmd.test.validation rejects malformed CREATE input...OK
2546/8732 proto.ircx_create_cmd.test.reply builders render ack and error bytes...OK
2547/8732 proto.ircx_create_cmd.test.reply builders validate requests and buffer size...OK
2548/8732 proto.ircx_create.test.parse create args without modes...OK
2549/8732 proto.ircx_create.test.parse create args with modes...OK
2550/8732 proto.ircx_create.test.parse create args with clone source...OK
2551/8732 proto.ircx_create.test.invalid create channel is rejected...OK
2552/8732 proto.ircx_create.test.invalid create modes are rejected...OK
2553/8732 proto.ircx_create.test.create line builders format join and initial names replies...OK
2554/8732 proto.ircx_create.test.create error builders format numerics...OK
2555/8732 proto.ircx_create.test.builders reject invalid fields and small buffers...OK
2556/8732 proto.ircx_event_cmd.test.parse ADD maps category code and token to mask...OK
2557/8732 proto.ircx_event_cmd.test.parse DEL maps categories and applies removal...OK
2558/8732 proto.ircx_event_cmd.test.parse LIST accepts optional category filter...OK
2559/8732 proto.ircx_event_cmd.test.draft EVENT category aliases map onto the Event-Spine taxonomy...OK
2560/8732 proto.ircx_event_cmd.test.unknown category handling...OK
2561/8732 proto.ircx_event_cmd.test.list reply bytes...OK
2562/8732 proto.ircx_event_cmd.test.list reply reports output too small...OK
2563/8732 proto.ircx.test.PROP set/get/list round-trip and validation rejects bad names...OK
2564/8732 proto.ircx.test.ACCESS add/remove and hostmask match positive and negative...OK
2565/8732 proto.ircx.test.IRCX enable parse...OK
2566/8732 proto.ircx.test.IRCX numeric metadata includes EVENT numerics...OK
2567/8732 proto.ircx_modex_cmd.test.parse query request...OK
2568/8732 proto.ircx_modex_cmd.test.parse set modes with parameters...OK
2569/8732 proto.ircx_modex_cmd.test.parse unset modes consumes only required parameters...OK
2570/8732 proto.ircx_modex_cmd.test.build reply bytes from supplied state...OK
2571/8732 proto.ircx_modex_cmd.test.public reply is the no-visibility fallback...OK
2572/8732 proto.ircx_modex_cmd.test.validation rejects malformed requests and state...OK
2573/8732 proto.ircx_modex.test_0...OK
2574/8732 proto.ircx_modex.test.name to letter mapping follows IRCX table...OK
2575/8732 proto.ircx_modex.test.letter to name mapping follows IRCX table...OK
2576/8732 proto.ircx_modex.test.parse member +OWNER into normalized change...OK
2577/8732 proto.ircx_modex.test.parse channel query request...OK
2578/8732 proto.ircx_modex.test.query list builders emit 826 and 827...OK
2579/8732 proto.ircx_modex.test.unknown mode name is rejected...OK
2580/8732 proto.ircx_modex.test.member and channel targets reject mismatched mode kinds...OK
2581/8732 proto.ircx_modex.test.empty member mode list can be emitted...OK
2582/8732 proto.ircx_prop_cmd.test.parse each PROP request form...OK
2583/8732 proto.ircx_prop_cmd.test.parse parameters preserves borrowed store payloads...OK
2584/8732 proto.ircx_prop_cmd.test.build LIST reply bytes from store entries...OK
2585/8732 proto.ircx_prop_cmd.test.build GET reply bytes from store entry...OK
2586/8732 proto.ircx_prop_cmd.test.build empty GET reply ends the property list...OK
2587/8732 proto.ircx_prop_cmd.test.parse and build error cases...OK
2588/8732 proto.ircx_prop_providers.test.account provider returns the snapshot account name...OK
2589/8732 proto.ircx_prop_providers.test.member_of provider returns the borrowed membership list...OK
2590/8732 proto.ircx_prop_providers.test.onjoin provider returns the join timestamp or zero...OK
2591/8732 proto.ircx_prop_providers.test.onpart provider returns the part timestamp or zero...OK
2592/8732 proto.ircx_prop_providers.test.opkey provider returns the channel operator key...OK
2593/8732 proto.ircx_prop_providers.test.ownerkey provider returns the channel owner key...OK
2594/8732 proto.ircx_prop_providers.test.user_profile provider builds a deterministic profile string...OK
2595/8732 proto.ircx_prop_providers.test.user_profile provider skips missing and empty fields...OK
2596/8732 proto.ircx_prop_providers.test.user_profile provider includes extended profile fields...OK
2597/8732 proto.ircx_prop_providers.test.user_profile provider reports small caller buffers...OK
2598/8732 proto.ircx_prop_providers.test.user GeoIP providers return snapshot values or empty strings...OK
2599/8732 proto.ircx_prop_providers.test.user ASN provider reports small caller buffers...OK
2600/8732 proto.ircx_prop_providers.test.creation_time provider returns the channel creation timestamp...OK
2601/8732 proto.ircx_prop_providers.test.topic_setter provider returns the borrowed setter name...OK
2602/8732 proto.ircx_prop_providers.test.channel string providers return snapshot text or empty...OK
2603/8732 proto.ircx_prop_providers.test.channel numeric and boolean providers...OK
2604/8732 proto.ircx_prop_providers.test.secret key providers are flagged so callers never emit them...OK
2605/8732 proto.ircx_prop_providers.test.lookup is case-insensitive and returns provider descriptors...OK
2606/8732 proto.ircx_prop_providers.test.query returns UnknownProperty for an unknown name...OK
2607/8732 proto.ircx_prop_providers.test.listForScope filters user and channel providers...OK
2608/8732 proto.ircx_prop_providers.test.listForScope truncates to caller capacity without allocating...OK
2609/8732 proto.ircx_props.test.IRCX command line parser is total over attacker bytes...OK
2610/8732 proto.ircx_props.test.constructed IRCX commands parse and apply independent of case...OK
2611/8732 proto.ircx_props.test.enum token parsers are total and valid tokens round trip...OK
2612/8732 proto.ircx_props.test.entity parser validates arbitrary bytes and returned ids stay in input...OK
2613/8732 proto.ircx_props.test.property keys and store operations round trip constructed values...OK
2614/8732 proto.ircx_props.test.property validation enforces name value entity and output limits...OK
2615/8732 proto.ircx_props.test.property store methods are total over bounded attacker bytes...OK
2616/8732 proto.ircx_props.test.ACCESS store round trips constructed masks and enforces limits...OK
2617/8732 proto.ircx_props.test.ACCESS store methods are total over bounded attacker bytes...OK
2618/8732 proto.ircx_props.test.advertisement writer and numeric lookup are bounded and deterministic...OK
2619/8732 proto.ircx_prop_store.test.set get overwrite delete and list properties...OK
2620/8732 proto.ircx_prop_store.test.user PROP capacity coexists to 128 while channel bound remains 64...OK
2621/8732 proto.ircx_prop_store.test.prepared delete is allocation complete copy safe stale safe and missing inert...OK
2622/8732 proto.ircx_prop_store.test.prepared SET serializes destructive mutations until lifecycle release...OK
2623/8732 proto.ircx_prop_store.test.prepared SET and public channel clone serialize in both directions...OK
2624/8732 proto.ircx_prop_store.test.prepared delete and purge become stale when SET preparation wins...OK
2625/8732 proto.ircx_prop_store.test.prepared delete and purge generation exhaustion is fail closed...OK
2626/8732 proto.ircx_prop_store.test.prepared user prefix purge is exact allocation complete and copy safe...OK
2627/8732 proto.ircx_prop_store.test.prepared user prefix purge preparation is allocation failure atomic...OK
2628/8732 proto.ircx_prop_store.test.128 user properties survive PROP checkpoint round trip...OK
2629/8732 proto.ircx_prop_store.test.global user prefix purge removes every folded and malformed match only...OK
2630/8732 proto.ircx_prop_store.test.global user prefix purge removes empty users and zero match is inert...OK
2631/8732 proto.ircx_prop_store.test.E5E1 global identity purge folds case includes malformed user suffixes and preserves near member channel...OK
2632/8732 proto.ircx_prop_store.test.global user prefix purge preparation is allocation failure atomic...OK
2633/8732 proto.ircx_prop_store.test.allocation-aware prepared set reports OOM while true entity capacity stays LimitReached...OK
2634/8732 proto.ircx_prop_store.test.global user prefix purge serializes prepared lanes and exhausts fail closed...OK
2635/8732 proto.ircx_prop_store.test.parse each PROP request form...OK
2636/8732 proto.ircx_prop_store.test.parse IRCX PROP verb request forms...OK
2637/8732 proto.ircx_prop_store.test.secret channel props stay hidden except raw internal lookup...OK
2638/8732 proto.ircx_prop_store.test.limits and built-in channel property metadata are enforced...OK
2639/8732 proto.ircx_prop_store.test.user profile properties use the profile value limit...OK
2640/8732 proto.ircx_prop_store.test.reply builders and no-leak clear path...OK
2641/8732 proto.ircx_prop_store.test.prepared public channel clone is exact deterministic and independently owned...OK
2642/8732 proto.ircx_prop_store.test.prepared public channel clone rejects same fold and parser members round trip...OK
2643/8732 proto.ircx_prop_store.test.prepared public channel clone secret-only source clears destination exactly...OK
2644/8732 proto.ircx_prop_store.test.prepared public channel clone uses post-purge entity cap math...OK
2645/8732 proto.ircx_prop_store.test.prepared public channel clone is atomic on every allocation boundary...OK
2646/8732 proto.ircx_prop_store.test.prepared public channel clone reserves a fresh target and handles an all-zero plan...OK
2647/8732 proto.ircx_prop_store.test.PROP checkpoint is deterministic complete and independently owned...OK
2648/8732 proto.ircx_prop_store.test.PROP checkpoint replacement is atomic and validates private cached state...OK
2649/8732 proto.ircx_prop_store.test.PROP checkpoint rejects corrupt noncanonical duplicate and out-of-bounds wires...OK
2650/8732 proto.ircx_prop_store.test.PROP checkpoint encode decode and atomic replace exhaust allocation failures...OK
2651/8732 proto.ircx_saccess.test_0...OK
2652/8732 proto.ircx_saccess.test.parse ACCESS star and SACCESS add each server entry type...OK
2653/8732 proto.ircx_saccess.test.ServerAccessStore matches grant deny and gag masks independently...OK
2654/8732 proto.ircx_saccess.test.parse delete list and clear subcommands...OK
2655/8732 proto.ircx_saccess.test.access list builders emit IRCX numerics...OK
2656/8732 proto.ircx_saccess.test.add and delete acknowledgement builders emit IRCX numerics...OK
2657/8732 proto.ircx_saccess.test.malformed access commands are rejected...OK
2658/8732 proto.ircx_saccess.test.builders validate bytes and caller-owned buffer bounds...OK
2659/8732 proto.ison_userhost.test.ISON emits online subset...OK
2660/8732 proto.ison_userhost.test.ISON folds before the configured line limit...OK
2661/8732 proto.ison_userhost.test.USERHOST renders oper and away flags...OK
2662/8732 proto.ison_userhost.test.buffer too small is reported...OK
2663/8732 proto.ison_userhost.test.empty ISON and USERHOST replies are valid...OK
2664/8732 proto.ison_userhost.test.validation rejects control and delimiter bytes...OK
2665/8732 proto.ison_userhost.test.USERHOST enforces five target limit...OK
2666/8732 proto.isupport.test.token map adds replaces and formats tokens...OK
2667/8732 proto.isupport.test.value and valueless tokens emit distinct parameters...OK
2668/8732 proto.isupport.test.negated token formats with leading dash and no value...OK
2669/8732 proto.isupport.test.chunking respects thirteen token limit...OK
2670/8732 proto.isupport.test.chunking respects line length limit...OK
2671/8732 proto.isupport.test.validation rejects malformed tokens and parameters...OK
2672/8732 proto.isupport.test.default tokens are valid and emit multiple bounded lines...OK
2673/8732 proto.isupport_props.test.random valid token sets fold within token and line limits without loss...OK
2674/8732 proto.isupport_props.test.line byte limit forces lossless folding before 512 octets...OK
2675/8732 proto.isupport_props.test.builder reports capacity overflow without silently truncating...OK
2676/8732 proto.isupport_props.test.arbitrary token names and values return typed errors or valid renderings...OK
2677/8732 proto.kick.test.parse kick args with optional reason...OK
2678/8732 proto.kick.test.malformed kick args are rejected...OK
2679/8732 proto.kick.test.privilege ranking requires op and protects higher tiers...OK
2680/8732 proto.kick.test.broadcast format validates prefix target and reason...OK
2681/8732 proto.kick.test.kick error numerics use exact codes and parameter order...OK
2682/8732 proto.kick.test.numeric builders validate attacker controlled bytes and buffer size...OK
2683/8732 proto.kick.test.validators support utf8 policy and length limits...OK
2684/8732 proto.kill_relay.test.encode/decode round-trips a KILL relay...OK
2685/8732 proto.kill_relay.test.decode rejects truncated, trailing, empty, and control-byte payloads...OK
2686/8732 proto.kill_relay.test.encode enforces field bounds...OK
2687/8732 proto.knock.test.parse knock args with optional reason...OK
2688/8732 proto.knock.test.ops notice build includes operator channel target...OK
2689/8732 proto.knock.test.modern knock numeric and knocker ack build...OK
2690/8732 proto.knock.test.failure numeric and fail builders...OK
2691/8732 proto.knock.test.cap-gated operator recipient selection...OK
2692/8732 proto.knock.test.recipient sink reports too many recipients...OK
2693/8732 proto.knock.test.buffer too small reported by builders...OK
2694/8732 proto.knock.test.invalid input rejected...OK
2695/8732 proto.labeled_batch.test.null label passthrough...OK
2696/8732 proto.labeled_batch.test.zero labeled replies emit ACK...OK
2697/8732 proto.labeled_batch.test.one labeled reply is directly tagged...OK
2698/8732 proto.labeled_batch.test.three labeled replies are wrapped in a batch...OK
2699/8732 proto.labeled_batch.test.bad label rejected...OK
2700/8732 proto.labeled_response.test.single tagged line exact bytes...OK
2701/8732 proto.labeled_response.test.multi-line response is wrapped in labeled-response batch...OK
2702/8732 proto.labeled_response.test.empty labeled response emits ACK...OK
2703/8732 proto.labeled_response.test.no-label passthrough is exact...OK
2704/8732 proto.labeled_response.test.existing message tags are preserved after the label or batch tag...OK
2705/8732 proto.labeled_response.test.client-only message tags remain valid when batch-tagged...OK
2706/8732 proto.leet_normalize.test.normalizes repeated leet vowels toward banned word keys...OK
2707/8732 proto.leet_normalize.test.keeps two repeated letters after folding...OK
2708/8732 proto.leet_normalize.test.strips punctuation while folding and lowercasing...OK
2709/8732 proto.leet_normalize.test.folds configured substitutions...OK
2710/8732 proto.leet_normalize.test.retains unmapped digits as alphanumerics...OK
2711/8732 proto.leet_normalize.test.reports OutputTooSmall before partial result escapes...OK
2712/8732 proto.leet_normalize.test.empty and fully stripped inputs normalize to empty slices...OK
2713/8732 proto.levenshtein.test.distance returns known Levenshtein examples...OK
2714/8732 proto.levenshtein.test.transposition is not a single edit...OK
2715/8732 proto.levenshtein.test.withinK accepts close values and rejects rows that exceed the threshold...OK
2716/8732 proto.levenshtein.test.custom length cap rejects overlong inputs without allocating...OK
2717/8732 proto.levenshtein.test.invalid cap is reported for exact distance and rejected for threshold checks...OK
2718/8732 proto.limits_config.test.defaults reproduce historical values...OK
2719/8732 proto.limits_config.test.applyToml overlays known keys and clamps out of range...OK
2720/8732 proto.limits_config.test.fromLimits with default Limits reproduces module Params defaults...OK
2721/8732 proto.limits_config.test.applyToml leaves untouched fields at default and ignores unknown...OK
2722/8732 proto.links_map.test.single-node mesh emits just us for LINKS and MAP...OK
2723/8732 proto.links_map.test.multi-node mesh renders peer metadata and hop indentation...OK
2724/8732 proto.links_map.test.buffer too small is reported without truncation...OK
2725/8732 proto.links_map.test.malformed mesh node is rejected before sink emission...OK
2726/8732 proto.links_map.test.excessive hops are rejected (indent amplification guard)...OK
2727/8732 proto.links_map.test.a single line cannot exceed the protocol limit even with a large scratch...OK
2728/8732 proto.list.test.parse user count filters...OK
2729/8732 proto.list.test.parse topic age filters...OK
2730/8732 proto.list.test.parse mask filters...OK
2731/8732 proto.list.test.parse created age filters...OK
2732/8732 proto.list.test.filter application uses min max users and glob match...OK
2733/8732 proto.list.test.empty result still emits list start and end...OK
2734/8732 proto.list.test.list emission includes matching channels...OK
2735/8732 proto.list.test.malformed filters are rejected...OK
2736/8732 proto.list.test.glob match is ascii case-insensitive...OK
2737/8732 proto.list_props.test.ELIST parser returns requests or typed errors for arbitrary bytes...OK
2738/8732 proto.list_props.test.RPL_LIST builder respects output bounds under generated inputs...OK
2739/8732 proto.list_props.test.channel and topic bytes are validated by RPL_LIST emission...OK
2740/8732 proto.list_props.test.filter matching is total over random channel metadata...OK
2741/8732 proto.listx.test_0...OK
2742/8732 proto.listx.test.parse member count filters...OK
2743/8732 proto.listx.test.LISTX inclusive member-count thresholds parse...OK
2744/8732 proto.listx.test.LISTX inclusive threshold includes the boundary value...OK
2745/8732 proto.listx.test.LISTX inclusive thresholds compose into a closed range...OK
2746/8732 proto.listx.test.LISTX inclusive threshold rejects a missing value...OK
2747/8732 proto.listx.test.LISTX inclusive creation-age thresholds parse...OK
2748/8732 proto.listx.test.LISTX inclusive topic-age thresholds parse...OK
2749/8732 proto.listx.test.LISTX inclusive age threshold includes the boundary and stays byte-identical for strict...OK
2750/8732 proto.listx.test.LISTX inclusive age thresholds reject a missing value...OK
2751/8732 proto.listx.test.LISTX topic-age =mask disambiguation is preserved...OK
2752/8732 proto.listx.test.parse creation age filters...OK
2753/8732 proto.listx.test.parse topic age filters and topic only...OK
2754/8732 proto.listx.test.parse channel mask filter...OK
2755/8732 proto.listx.test.glob match is ascii case-insensitive...OK
2756/8732 proto.listx.test.combined filters match with mask disjunction...OK
2757/8732 proto.listx.test.parse text mask and registered filters...OK
2758/8732 proto.listx.test.text mask and registered filters match channel metadata...OK
2759/8732 proto.listx.test.registered=0 selects only unregistered channels...OK
2760/8732 proto.listx.test.malformed text mask filters are rejected...OK
2761/8732 proto.listx.test.topic filters reject channels without topic metadata...OK
2762/8732 proto.listx.test.malformed filters are rejected...OK
2763/8732 proto.listx.test.parse filters uses caller-owned storage...OK
2764/8732 proto.listx.test.line builders emit LISTX numerics...OK
2765/8732 proto.listx.test.line builders validate attacker bytes and buffer bounds...OK
2766/8732 proto.lotus.test.append evicts oldest and latest returns newest first...OK
2767/8732 proto.lotus.test.latest before and after page visible messages correctly...OK
2768/8732 proto.lotus.test.between window composes after() with an upper-bound filter...OK
2769/8732 proto.lotus.test.timestampOf resolves a msgid to its timestamp...OK
2770/8732 proto.lotus.test.around window composes before() reversed + after() at the pivot...OK
2771/8732 proto.lotus.test.redact hides reads but keeps slot...OK
2772/8732 proto.lotus.test.aggregate counts expose targets entries and tombstones...OK
2773/8732 proto.lotus.test.root is deterministic and changes on edits and tombstones...OK
2774/8732 proto.lotus.test.edit replaces message text...OK
2775/8732 proto.lotus.test.client tags are retained for TAGMSG entries...OK
2776/8732 proto.lotus.test.exact-once ingestion classifies every retained identity field without mutation...OK
2777/8732 proto.lotus.test.exact-once ingestion tracks edited and redacted retained state...OK
2778/8732 proto.lotus.test.exact-once ingestion preserves eviction boundaries and legacy append semantics...OK
2779/8732 proto.lotus.test.exact-once ingestion is atomic across allocation failures and non-inserts allocate nothing...OK
2780/8732 proto.lotus.test.exact-once ingestion classifies repeated msgids restored from legacy append checkpoints...OK
2781/8732 proto.lotus.test.ownership remains leak free across fills evictions edits and deinit...OK
2782/8732 proto.lotus.test.checkpoint round trip is canonical exact and independently owned...OK
2783/8732 proto.lotus.test.checkpoint restores an older smaller text ceiling into a larger Lotus...OK
2784/8732 proto.lotus.test.checkpoint decoder rejects truncation corruption bounds and trailing bytes...OK
2785/8732 proto.lotus.test.checkpoint replacement is atomic across every allocation failure...OK
2786/8732 proto.lotus.test.checkpoint preserves wrapped ring chronology exactly...OK
2787/8732 proto.lotus.test.checkpoint and append bounds fail closed...OK
2788/8732 proto.lotus.test.aggregate checkpoint retention evicts the deterministic global oldest entry...OK
2789/8732 proto.lotus.test.forget drops the row and the checkpoint still round-trips...OK
2790/8732 proto.lusers.test.full LUSERS sequence uses RFC2812 reply text...OK
2791/8732 proto.lusers.test.zero counts still emit the complete sequence...OK
2792/8732 proto.lusers.test.u64 bounds render without overflow...OK
2793/8732 proto.lusers.test.RPL_STATSCONN 250 renders peak and total in the tail...OK
2794/8732 proto.lusers.test.invalid bytes and tight bounds fail before emission...OK
2795/8732 proto.markdown.test.atx headings render emphasized...OK
2796/8732 proto.markdown.test.paragraphs and hard line breaks...OK
2797/8732 proto.markdown.test.unordered and ordered lists render structure...OK
2798/8732 proto.markdown.test.nested lists are preserved...OK
2799/8732 proto.markdown.test.blockquotes prefix rendered lines...OK
2800/8732 proto.markdown.test.fenced code preserves contents verbatim...OK
2801/8732 proto.markdown.test.thematic breaks render as text separators...OK
2802/8732 proto.markdown.test.inline emphasis code and strike render to irc controls...OK
2803/8732 proto.markdown.test.links and autolinks render visibly...OK
2804/8732 proto.markdown.test.round-trip-ish plain strips markers and keeps blocks...OK
2805/8732 proto.media_ws_relay.test.media ws relay encode decode round-trip...OK
2806/8732 proto.media_ws_relay.test.media ws relay rejects empty oversize and truncated input...OK
2807/8732 proto.media_ws_relay.test.media ws relay bounds match WS media ceiling...OK
2808/8732 proto.membership_event.test.membership event round-trips...OK
2809/8732 proto.membership_event.test.empty identity fields round-trip (legacy placeholder producers)...OK
2810/8732 proto.membership_event.test.a part event (present=false) round-trips...OK
2811/8732 proto.membership_event.test.a part event (present=false) carries identity (mesh-host departure fix)...OK
2812/8732 proto.membership_event.test.truncated input is rejected...OK
2813/8732 proto.membership_event.test.trailing bytes are rejected...OK
2814/8732 proto.membership_event.test.account round-trips alongside a setter...OK
2815/8732 proto.membership_event.test.account forces an empty setter slot so it stays the second trailing block...OK
2816/8732 proto.membership_event.test.a lone trailing block decodes as setter, never account (old-peer compat)...OK
2817/8732 proto.membership_event.test.real_host + certfp round-trip and force the earlier optional slots...OK
2818/8732 proto.membership_event.test.real_host without certfp leaves certfp empty; absent both stays old-format...OK
2819/8732 proto.membership_event.test.an over-long real_host / certfp is rejected by encode...OK
2820/8732 proto.membership_event.test.an over-long account is rejected by encode...OK
2821/8732 proto.membership_event.test.setter round-trips and an empty setter stays old-format compatible...OK
2822/8732 proto.membership_event.test.over-long names are rejected by encode and decode...OK
2823/8732 proto.membership_event.test.decode rejects an over-long identity length prefix...OK
2824/8732 proto.membership_event.test.exploit: MEMBERSHIP decode rejects CRLF/NUL/space-smuggled identity fields...OK
2825/8732 proto.membership_event.test.exploit: MEMBERSHIP decode rejects oversize status and empty required names...OK
2826/8732 proto.memo_push_relay.test.memo push relay encode decode round-trip...OK
2827/8732 proto.memo_push_relay.test.memo push relay truncates text preview and rejects malformed input...OK
2828/8732 proto.merkle_tree.test.build returns deterministic root for repeated inputs...OK
2829/8732 proto.merkle_tree.test.proof verifies true for every leaf and false for tampered inputs...OK
2830/8732 proto.merkle_tree.test.single leaf root is the leaf and proof is empty...OK
2831/8732 proto.merkle_tree.test.odd leaf counts carry the final hash and still verify proofs...OK
2832/8732 proto.merkle_tree.test.bounded errors reject empty leaves, too many leaves, bad indexes, and long proofs...OK
2833/8732 proto.mesh_event_log.test.push below capacity stores copied events oldest to newest...OK
2834/8732 proto.mesh_event_log.test.overflow wraps and drops oldest entries...OK
2835/8732 proto.mesh_event_log.test.oversized subject and detail are truncated to inline caps...OK
2836/8732 proto.mesh_event_log.test.render output is ordered oldest to newest with detail only when present...OK
2837/8732 proto.mesh_event_log.test.kindWord covers every mesh event kind...OK
2838/8732 proto.mesh_event_log.test.empty log renders header and footer with zero events...OK
2839/8732 proto.mesh_event_log.test.clear resets length and iteration...OK
2840/8732 proto.mesh_event_log.test.zero capacity log remains empty and renderable...OK
2841/8732 proto.mesh_event_log.test.render strips CR and LF from fields without adding stray carriage returns...OK
2842/8732 proto.meshpass_props.test.trusted roots verify while untrusted roots and realm mismatches are rejected...OK
2843/8732 proto.meshpass_props.test.every single-bit flip in signed body or signature fails closed...OK
2844/8732 proto.meshpass_props.test.expired and invalid validity windows fail closed...OK
2845/8732 proto.meshpass_props.test.decoder accepts arbitrary bytes only as values or typed errors...OK
2846/8732 proto.meshpass_props.test.oversize realm and token inputs fail closed...OK
2847/8732 proto.meshpass_props.test.encode decode round-trip preserves all fields and signatures...OK
2848/8732 proto.mesh_report.test.empty mesh renders header columns and summary...OK
2849/8732 proto.mesh_report.test.multiple peers render aligned state rtt hops byte and age fields...OK
2850/8732 proto.mesh_report.test.formatBytes covers binary unit boundaries...OK
2851/8732 proto.mesh_report.test.peerStateWord returns lowercase state words...OK
2852/8732 proto.mesh_report.test.rendered lines never contain carriage returns from input...OK
2853/8732 proto.message_tags_relay.test.filters and preserves client-only tags...OK
2854/8732 proto.message_tags_relay.test.drops valid non-client tags...OK
2855/8732 proto.message_tags_relay.test.merges server time account and client tags into one segment...OK
2856/8732 proto.message_tags_relay.test.explicit allow list narrows client tags...OK
2857/8732 proto.message_tags_relay.test.rejects malformed client tag segments...OK
2858/8732 proto.message_tags_relay.test.oversize input is rejected...OK
2859/8732 proto.metadata.test.set get and clear metadata...OK
2860/8732 proto.metadata.test.subscriptions feed notification list...OK
2861/8732 proto.metadata.test.key validation and restricted keys...OK
2862/8732 proto.metadata.test.IRCX PROP access shares the metadata store...OK
2863/8732 proto.metadata.test.limits are enforced...OK
2864/8732 proto.metadata.test.clear all and deinit release allocator-owned bytes...OK
2865/8732 proto.metadata_props.test.metadata set get and clear are total over bounded attacker bytes...OK
2866/8732 proto.metadata_props.test.key validation enforces metadata charset and length...OK
2867/8732 proto.metadata_props.test.entity and value limits are enforced without allocator leaks...OK
2868/8732 proto.metadata_props.test.constructed metadata and PROP operations round trip through the same keys...OK
2869/8732 proto.metadata_props.test.restricted keys and visibility remain permission gated...OK
2870/8732 proto.metadata_props.test.SET and batch response rendering stays bounded for generated store views...OK
2871/8732 proto.metadata_props.test.wire response rendering rejects stored CR LF and NUL values...OK
2872/8732 proto.metadata_store.test.set get and overwrite metadata...OK
2873/8732 proto.metadata_store.test.delete removes keys and empty targets...OK
2874/8732 proto.metadata_store.test.list returns key ordered entries...OK
2875/8732 proto.metadata_store.test.limit enforcement...OK
2876/8732 proto.metadata_store.test.key validation follows IRCv3 metadata syntax...OK
2877/8732 proto.metadata_store.test.fill clear and deinit do not leak...OK
2878/8732 proto.mic_relay.test.mic rendering keeps opaque comic prefix...OK
2879/8732 proto.mic_relay.test.irc rendering strips opaque comic prefix...OK
2880/8732 proto.mic_relay.test.noformat strips comic prefix even for mic...OK
2881/8732 proto.mic_relay.test.mic only refuses irc with numeric 900...OK
2882/8732 proto.mid_rid.test.validateMid accepts token values...OK
2883/8732 proto.mid_rid.test.validateMid rejects empty too-long and bad characters...OK
2884/8732 proto.mid_rid.test.validateRid accepts identifier values...OK
2885/8732 proto.mid_rid.test.validateRid rejects empty too-long and bad characters...OK
2886/8732 proto.mid_rid.test.writeMid and writeRid copy validated payload bytes...OK
2887/8732 proto.mid_rid.test.writeMid and writeRid reject too-long and small output buffers...OK
2888/8732 proto.mid_rid.test.Demux put get round-trips MID and RID keys...OK
2889/8732 proto.mid_rid.test.Demux updates existing keys and rejects invalid keys...OK
2890/8732 proto.mime_type.test.fromFilename returns fixed MIME types for common upload extensions...OK
2891/8732 proto.mime_type.test.fromFilename treats extensions case-insensitively...OK
2892/8732 proto.mime_type.test.fromFilename uses the final path segment and final extension...OK
2893/8732 proto.mime_type.test.fromFilename defaults for unknown empty hidden and trailing-dot names...OK
2894/8732 proto.mime_type.test.classification helpers identify image video and audio filenames...OK
2895/8732 proto.mime_type.test.MimeTypeMap supports a caller-selected default MIME type...OK
2896/8732 proto.mode_lock.test.parse format round trip keeps locked on and locked off sets...OK
2897/8732 proto.mode_lock.test.evaluate forbids locked transitions...OK
2898/8732 proto.mode_lock.test.evaluate allows free and idempotent mode transitions...OK
2899/8732 proto.mode_lock.test.enforce filters forbidden changes and emits forced corrections...OK
2900/8732 proto.mode_lock.test.enforce deduplicates repeated requested corrections...OK
2901/8732 proto.mode_lock.test.parse rejects malformed specifications...OK
2902/8732 proto.mode_lock.test.format reports output buffer limits...OK
2903/8732 proto.mode_lock.test.enforce reports output buffer limits and invalid requested letters...OK
2904/8732 proto.monitor.test.add remove and list monitor targets...OK
2905/8732 proto.monitor.test.online transition notifies only watching clients...OK
2906/8732 proto.monitor.test.silent online restore and occupancy transition preserve exact monitor state...OK
2907/8732 proto.monitor.test.online transition reservation covers replacement and missing case-only display...OK
2908/8732 proto.monitor.test.online transition reservation is the only allocation before live mutation...OK
2909/8732 proto.monitor.test.watchersOf lists the clients monitoring a nick (case-insensitive)...OK
2910/8732 proto.monitor.test.watchersOf can return more than the old fixed fanout buffer...OK
2911/8732 proto.monitor.test.offline transition notifies watchers...OK
2912/8732 proto.monitor.test.list full emits ERR_MONLISTFULL without adding overflow target...OK
2913/8732 proto.monitor.test.per-class override tightens the monitor cap below the store-wide limit...OK
2914/8732 proto.monitor.test.per-class override loosens the monitor cap above the store-wide limit...OK
2915/8732 proto.monitor.test.targetsInto enumerates and restoreTarget silently rebuilds a watch list (Helix)...OK
2916/8732 proto.monitor_props.test.MONITOR subcommand and parameter parsing is total over attacker bytes...OK
2917/8732 proto.monitor_props.test.add remove operations keep monitor set consistent with reference model...OK
2918/8732 proto.monitor_props.test.duplicate adds are idempotent and preserve target count...OK
2919/8732 proto.monitor_props.test.monitor list respects capacity limit and does not overflow...OK
2920/8732 proto.monitor_props.test.online offline notification selection matches watched nick set...OK
2921/8732 proto.mooring.test.in-order seal/open round-trip...OK
2922/8732 proto.mooring.test.reordered frames within the 256 window recover...OK
2923/8732 proto.mooring.test.replayed and too-old frames are rejected...OK
2924/8732 proto.mooring.test.AEAD failure leaves recv state unchanged...OK
2925/8732 proto.mooring.test.counter exhaustion forces rekey signal...OK
2926/8732 proto.mooring.test.max counter frame replay is rejected after successful open...OK
2927/8732 proto.mooring.test.forward gap larger than MOORING_MAX_SKIP is rejected without commit...OK
2928/8732 proto.mooring.test.AAD binds frame kind generation and counter...OK
2929/8732 proto.mooring.test.rekey schedule hooks signal frame and epoch rotation...OK
2930/8732 proto.mooring.test.MOORING key fields use canonical inline-array Secret...OK
2931/8732 proto.mooring.test_0...OK
2932/8732 proto.mooring_props.test.KAT fixed initial seal output and open recovery...OK
2933/8732 proto.mooring_props.test.in-order bidirectional seal open recovers plaintext across many frames...OK
2934/8732 proto.mooring_props.test.chain keys advance per frame and frame N fails under frame N plus one key...OK
2935/8732 proto.mooring_props.test.out of order frames inside max skip open and beyond max skip fails closed...OK
2936/8732 proto.mooring_props.test.tampered ciphertext tag nonce base and outer header fail authentication...OK
2937/8732 proto.mooring_props.test.replay of already opened in order frame fails closed...OK
2938/8732 proto.mooring_props.test.open returns typed errors or valid plaintext for arbitrary attacker frame bytes...OK
2939/8732 proto.mooring_props.test_0...OK
2940/8732 proto.motd.test.multi-line MOTD emits start body lines and end...OK
2941/8732 proto.motd.test.empty MOTD emits ERR_NOMOTD only...OK
2942/8732 proto.motd.test.single-line builders use exact numeric formats...OK
2943/8732 proto.motd.test.long MOTD text is folded to configured line limit...OK
2944/8732 proto.motd.test.present empty text line is not absent MOTD...OK
2945/8732 proto.motd.test.invalid bytes and capacity failures are explicit...OK
2946/8732 proto.motd_template.test.substitutes known variables...OK
2947/8732 proto.motd_template.test.unknown keys and braces are left verbatim...OK
2948/8732 proto.motd_template.test.weather and news substitute, with conditional gating on presence...OK
2949/8732 proto.motd_template.test.greeting reflects the hour...OK
2950/8732 proto.motd_template.test.account substitutes name or * when absent...OK
2951/8732 proto.motd_template.test.if:oper selects branch...OK
2952/8732 proto.motd_template.test.if:account with else...OK
2953/8732 proto.motd_template.test.nested conditionals expand the right branches...OK
2954/8732 proto.motd_template.test.reports a too-small output buffer...OK
2955/8732 proto.motd_template.test.malformed (unterminated) if is reported...OK
2956/8732 proto.motd_template.test.stray else and endif emit verbatim outside a block...OK
2957/8732 proto.msgedit.test.reply and reaction tag round-trip...OK
2958/8732 proto.msgedit.test.typing tag round-trip...OK
2959/8732 proto.msgedit.test.redact parse and authorization-key msgid check...OK
2960/8732 proto.msgedit.test.edit command parse...OK
2961/8732 proto.msgedit.test.edit references are keyed by msgid...OK
2962/8732 proto.msgedit.test.malformed interactions are rejected...OK
2963/8732 proto.msgedit_store.test.parse redact and edit requests...OK
2964/8732 proto.msgedit_store.test.apply edit and redact over caller records...OK
2965/8732 proto.msgedit_store.test.build notification bytes...OK
2966/8732 proto.msgedit_store.test.reject malformed requests and notifications...OK
2967/8732 proto.msgedit_store.test.permission denied does not mutate records...OK
2968/8732 proto.msgid.test.ids are fixed length and valid msgids...OK
2969/8732 proto.msgid.test.ids are unique across a long run...OK
2970/8732 proto.msgid.test.different seeds yield different id streams...OK
2971/8732 proto.msgid.test.mesh event ids are deterministic and bind both origin and hlc...OK
2972/8732 proto.msgid.test.stable ids render byte-exact deterministic valid msgids...OK
2973/8732 proto.msgtags.test.server-time is emitted only when negotiated...OK
2974/8732 proto.msgtags.test.msgid is fixed-width base62...OK
2975/8732 proto.msgtags.test.label echo is gated and escaped...OK
2976/8732 proto.msgtags.test.escapes semicolon space CR LF and backslash...OK
2977/8732 proto.msgtags.test.multiple tags have deterministic ordering...OK
2978/8732 proto.msgtags.test.rejects attacker-controlled invalid bytes and small outputs...OK
2979/8732 proto.msgtags_props.test.composeOutbound returns only slices or typed errors for bounded random tags...OK
2980/8732 proto.msgtags_props.test.escaped tag values match reference escaping and round trip through unescape...OK
2981/8732 proto.msgtags_props.test.all escaped outbound tag value fields use IRCv3 escapes...OK
2982/8732 proto.msgtags_props.test.server-time and msgid emissions are fixed width and line safe...OK
2983/8732 proto.msgtags_props.test.tag section respects caller enforced 8191 byte line limit...OK
2984/8732 proto.msgtags_props.test.small output slices report OutputTooSmall and do not write past the slice...OK
2985/8732 proto.msgtags_props.test.NUL tag values are rejected and never leak into successful output...OK
2986/8732 proto.multiline_assembler.test.assemble concat vs newline chunks...OK
2987/8732 proto.multiline_assembler.test.overflow rejection...OK
2988/8732 proto.multiline_assembler.test.abort frees...OK
2989/8732 proto.multiline_assembler.test.multiple concurrent batches...OK
2990/8732 proto.multiline.test.GAP-P0c draft/multiline reassembles inbound and leaves the value as one message...GAP-P0c branch=inbound multiline reassembles to one value and a server reply stays one line
OK
2991/8732 proto.multiline.test.assembles newline joins and concat joins...OK
2992/8732 proto.multiline.test.enforces max byte and max line limits...OK
2993/8732 proto.multiline.test.allows blank interior lines but rejects empty and blank-only batches...OK
2994/8732 proto.multiline.test.rejects malformed batches and disallowed inner commands...OK
2995/8732 proto.multiline.test.rejects invalid tags and targets inside the batch...OK
2996/8732 proto.multiline_props.test.generated multiline parts concatenate exactly within the byte cap...OK
2997/8732 proto.multiline_props.test.line and byte accounting is exact and failed appends do not advance state...OK
2998/8732 proto.multiline_props.test.oversize arithmetic reports errors instead of overflowing counters...OK
2999/8732 proto.multiline_props.test.arbitrary attacker bytes return only messages or multiline errors...OK
3000/8732 proto.names_format.test.member token formats all recipient capability combinations...OK
3001/8732 proto.names_reply.test.member token cap gating...OK
3002/8732 proto.names_reply.test.names replies fold complete 353 lines and append 366...OK
3003/8732 proto.names_reply.test.names replies use bare nicks without IRCv3 caps...OK
3004/8732 proto.names_reply.test.empty member list emits only end of names...OK
3005/8732 proto.names_reply.test.output and line sink capacity errors are reported...OK
3006/8732 proto.names_reply.test.token too long for configured line size is skipped rather than aborting NAMES...OK
3007/8732 proto.names_reply.test.a single malformed remote host is skipped so the rest of NAMES still lands...OK
3008/8732 proto.names_reply.test.writeNamReplyLines streams 353s without a trailing 366 so callers can chunk...OK
3009/8732 proto.names_reply.test.invalid attacker controlled bytes are rejected...OK
3010/8732 proto.names_reply.test.exploit: NAMES rejects CRLF/NUL-smuggled member fields (no wire injection)...OK
3011/8732 proto.names_reply.test.exploit: partial 353 fold always terminates with exactly one 366 (or errors fail-closed)...OK
3012/8732 proto.netsplit_batch.test.netsplit batch wraps several QUIT lines with exact envelope bytes...OK
3013/8732 proto.netsplit_batch.test.netjoin batch wraps JOIN lines with exact envelope bytes...OK
3014/8732 proto.news_sources.test.sourceByKey resolves a known source case-insensitively...OK
3015/8732 proto.news_sources.test.defaultSource is a valid configured source...OK
3016/8732 proto.news_sources.test.countryFeed maps ISO codes to feeds...OK
3017/8732 proto.news_sources.test.usesImperial matches the imperial set...OK
3018/8732 proto.news_sources.test.every source and country feed has an https url...OK
3019/8732 proto.nickdelay.test.holdQuit sets a hold that expires after the configured window...OK
3020/8732 proto.nickdelay.test.holdChange uses the change_delay window...OK
3021/8732 proto.nickdelay.test.isHeld respects now for active versus expired holds...OK
3022/8732 proto.nickdelay.test.explicit hold stores reason note and until...OK
3023/8732 proto.nickdelay.test.holdExplicit replaces an existing hold without leaking...OK
3024/8732 proto.nickdelay.test.release removes a hold and reports prior existence...OK
3025/8732 proto.nickdelay.test.release frees an expired but unswept hold...OK
3026/8732 proto.nickdelay.test.sweepExpired frees only expired holds...OK
3027/8732 proto.nickdelay.test.sweepExpired on empty store reaps nothing...OK
3028/8732 proto.nickdelay.test.lookups are case insensitive across the API...OK
3029/8732 proto.nickdelay.test.max_holds limit is enforced with a typed error...OK
3030/8732 proto.nickdelay.test.invalid and oversized inputs are rejected...OK
3031/8732 proto.nickdelay.test.clear empties the store without leaking...OK
3032/8732 proto.nick_event.test.nick event round-trips with identity...OK
3033/8732 proto.nick_event.test.nick event round-trips with empty identity...OK
3034/8732 proto.nick_event.test.nick event rejects malformed input...OK
3035/8732 proto.nick_event.test.nick event round-trips an account, and omits it when empty (old-peer compat)...OK
3036/8732 proto.nick_event.test.nick event enforces bounds...OK
3037/8732 proto.numeric_range.test.parse single value...OK
3038/8732 proto.numeric_range.test.parse comma list...OK
3039/8732 proto.numeric_range.test.parse inclusive range...OK
3040/8732 proto.numeric_range.test.parse mixed list and ranges...OK
3041/8732 proto.numeric_range.test.parse overlap is de-duplicated...OK
3042/8732 proto.numeric_range.test.parse duplicate singles collapse...OK
3043/8732 proto.numeric_range.test.parse single-element range...OK
3044/8732 proto.numeric_range.test.parse rejects reversed range...OK
3045/8732 proto.numeric_range.test.parse rejects empty input...OK
3046/8732 proto.numeric_range.test.parse rejects empty item in list...OK
3047/8732 proto.numeric_range.test.parse rejects trailing comma...OK
3048/8732 proto.numeric_range.test.parse rejects leading comma...OK
3049/8732 proto.numeric_range.test.parse rejects missing range sides...OK
3050/8732 proto.numeric_range.test.parse rejects garbage characters...OK
3051/8732 proto.numeric_range.test.parse rejects u32 overflow...OK
3052/8732 proto.numeric_range.test.parse accepts u32 max...OK
3053/8732 proto.numeric_range.test.parse caps at buffer length...OK
3054/8732 proto.numeric_range.test.parse cap does not count duplicates...OK
3055/8732 proto.numeric_range.test.parse with std.testing.allocator-backed buffer...OK
3056/8732 proto.numeric_range.test.contains membership without expansion...OK
3057/8732 proto.numeric_range.test.contains handles huge ranges without buffer...OK
3058/8732 proto.numeric_range.test.contains propagates parse errors...OK
3059/8732 proto.numeric_range.test.RangeIter yields source-order pairs...OK
3060/8732 proto.numeric_range.test.RangeIter does not sort or dedupe...OK
3061/8732 proto.numeric_range.test.Range count and contains helpers...OK
3062/8732 proto.observe_event.test.observe event round-trips with an account...OK
3063/8732 proto.observe_event.test.null account survives the round-trip distinct from empty...OK
3064/8732 proto.observe_event.test.truncated input is rejected at every prefix...OK
3065/8732 proto.observe_event.test.trailing bytes rejected...OK
3066/8732 proto.observe_event.test.over-long fields rejected by encode...OK
3067/8732 proto.observe_event.test.control bytes and empty nick/origin rejected by decode...OK
3068/8732 proto.ocsp.test.parseResponseStatus returns successful from OCSPResponse with responseBytes...OK
3069/8732 proto.ocsp.test.parseResponseStatus returns try_later from status-only OCSPResponse...OK
3070/8732 proto.ocsp.test.parseResponseStatus rejects malformed OCSPResponse status tag...OK
3071/8732 proto.ocsp.test.parseResponseStatus rejects truncated OCSPResponse length...OK
3072/8732 proto.ocsp.test.classifyCertStatusTag maps good choice tag...OK
3073/8732 proto.ocsp.test.classifyCertStatusTag maps revoked choice tag...OK
3074/8732 proto.ocsp.test.classifyCertStatusTag maps unknown choice tag...OK
3075/8732 proto.oper_event.test.oper event legacy v1 round-trips only through explicit compatibility codec...OK
3076/8732 proto.oper_event.test.oper event legacy v1 rejects every truncation trailing bytes and controls...OK
3077/8732 proto.oper_event.test.oper event signed v2 is canonical deterministic and derives one origin time...OK
3078/8732 proto.oper_event.test.oper event origin short id exactly matches daemon NodeIdentity...OK
3079/8732 proto.oper_event.test.oper event signed v2 rejects every truncated prefix...OK
3080/8732 proto.oper_event.test.oper event signed v2 rejects reserved version trailing and duplicate documents...OK
3081/8732 proto.oper_event.test.oper event signed v2 mutation invalidates the origin signature...OK
3082/8732 proto.oper_event.test.oper event signed v2 rejects origin substitution and malformed identity...OK
3083/8732 proto.oper_motd.test.numeric code and formatting are exact...OK
3084/8732 proto.oper_motd.test.setFromText splits owns and round trips line slices...OK
3085/8732 proto.oper_motd.test.setFromText replaces old lines and frees prior allocation...OK
3086/8732 proto.oper_motd.test.empty text clears store and drives empty error reply path...OK
3087/8732 proto.oper_motd.test.formatting builds start body and end replies...OK
3088/8732 proto.oper_motd.test.limits reject too many lines and oversize line bytes...OK
3089/8732 proto.oper_motd.test.formatting validates line context and output capacity...OK
3090/8732 proto.oper_motd.test.all reply builders work with empty body line and no leaks...OK
3091/8732 proto.oper_privs.test.class resolution returns operator privilege set...OK
3092/8732 proto.oper_privs.test.GRANT parse and build use nick plus privilege-set class...OK
3093/8732 proto.oper_privs.test.RPL_PRIVS bytes list client privileges...OK
3094/8732 proto.oper_privs.test.unknown class reject...OK
3095/8732 proto.opus_packet.test.parse TOC byte exposes config stereo frame count and config metadata...OK
3096/8732 proto.opus_packet.test.configuration table reports samples bandwidth and mode...OK
3097/8732 proto.opus_packet.test.code 0 parses one frame from remaining payload...OK
3098/8732 proto.opus_packet.test.code 1 parses two equal-size frames...OK
3099/8732 proto.opus_packet.test.code 2 parses two unequal frames with one-byte length...OK
3100/8732 proto.opus_packet.test.code 2 parses a two-byte frame length...OK
3101/8732 proto.opus_packet.test.code 3 CBR parses signaled number of equal frames...OK
3102/8732 proto.opus_packet.test.code 3 VBR parses explicit lengths and implicit final frame...OK
3103/8732 proto.opus_packet.test.code 3 CBR parses optional padding and ignores padding bytes...OK
3104/8732 proto.opus_packet.test.malformed packets violating RFC requirements are rejected...OK
3105/8732 proto.opus_packet.test.truncated headers are rejected...OK
3106/8732 proto.opus_packet.test.implicit frame lengths above 1275 bytes are rejected...OK
3107/8732 proto.orset.test.add then contains, unknown element absent...OK
3108/8732 proto.orset.test.add is idempotent for repeated element/tag pairs...OK
3109/8732 proto.orset.test.remove tombstones observed tags and clears membership...OK
3110/8732 proto.orset.test.remove does not resurrect under an old tag but a fresh tag re-adds...OK
3111/8732 proto.orset.test.concurrent add wins over concurrent remove (add-wins)...OK
3112/8732 proto.orset.test.merge converges and is commutative by example...OK
3113/8732 proto.orset.test.merge is idempotent...OK
3114/8732 proto.orset.test.merge is associative by example...OK
3115/8732 proto.orset.test.elements returns only live members and detects small buffers...OK
3116/8732 proto.orset.test.byte-equal string keys, not pointer identity...OK
3117/8732 proto.orset.test.no leak across heavy add/remove/merge churn...OK
3118/8732 proto.pem.test.encode then decode round-trips DER bytes...OK
3119/8732 proto.pem.test.decode parses a realistic CERTIFICATE block...OK
3120/8732 proto.pem.test.decode tolerates CRLF line endings and inner whitespace...OK
3121/8732 proto.pem.test.decode returns BeginNotFound when label is absent...OK
3122/8732 proto.pem.test.decode returns EndNotFound when terminator is missing...OK
3123/8732 proto.pem.test.decode rejects invalid base64 body...OK
3124/8732 proto.pem.test.decode returns NoSpaceLeft when output buffer is too small...OK
3125/8732 proto.pem.test.decodeFirst captures label and DER of the first block...OK
3126/8732 proto.pem.test.encode wraps base64 at 64 characters per line...OK
3127/8732 proto.pem.test.encodedLen matches the actual encoded length...OK
3128/8732 proto.pem.test.encode then decodeFirst round-trips with an arbitrary label...OK
3129/8732 proto.percent_encode.test.round trip encodes escaped bytes and decodes original input...OK
3130/8732 proto.percent_encode.test.reserved characters are escaped by the unreserved set...OK
3131/8732 proto.percent_encode.test.path and query component encoders preserve component delimiters...OK
3132/8732 proto.percent_encode.test.malformed percent triplets are rejected...OK
3133/8732 proto.percent_encode.test.plus is decoded literally and not as a space...OK
3134/8732 proto.percent_encode.test.small output buffers return OutputTooSmall...OK
3135/8732 proto.percent_encode.test.codec options can emit lowercase hexadecimal digits...OK
3136/8732 proto.permessage_deflate.test.compress then decompress round-trips the original payload...OK
3137/8732 proto.permessage_deflate.test.compression actually shrinks repetitive data...OK
3138/8732 proto.permessage_deflate.test.compressed output never ends with the RFC 7692 sync marker...OK
3139/8732 proto.permessage_deflate.test.decompress re-appends the tail to inflate a marker-stripped stream...OK
3140/8732 proto.permessage_deflate.test.empty payload survives a compress/decompress round trip...OK
3141/8732 proto.permessage_deflate.test.negotiateResponse accepts a bare permessage-deflate offer...OK
3142/8732 proto.permessage_deflate.test.negotiateResponse accepts an offer carrying parameters...OK
3143/8732 proto.permessage_deflate.test.negotiateResponse picks permessage-deflate from a multi-extension offer...OK
3144/8732 proto.permessage_deflate.test.negotiateResponse is case-insensitive on the extension token...OK
3145/8732 proto.permessage_deflate.test.negotiateResponse returns null when the extension is absent...OK
3146/8732 proto.pkcs8.test.parse returns fields from known Ed25519 PrivateKeyInfo DER...OK
3147/8732 proto.pkcs8.test.wrap reproduces known Ed25519 PrivateKeyInfo DER...OK
3148/8732 proto.pkcs8.test.wrap then parse round-trips RSA with NULL parameters...OK
3149/8732 proto.pkcs8.test.wrap then parse round-trips EC with named-curve parameters...OK
3150/8732 proto.pkcs8.test.parse accepts RFC 5958 version one with public key trailer...OK
3151/8732 proto.pkcs8.test.parse reports truncation for shortened wrapper...OK
3152/8732 proto.pkcs8.test.parse reports oversize input before reading DER...OK
3153/8732 proto.pkcs8.test.wrap reports NoSpaceLeft for undersized caller buffer...OK
3154/8732 proto.pkcs8.test.parse rejects non-canonical and malformed wrapper fields...OK
3155/8732 proto.playout_delay.test.encode and decode round trips...OK
3156/8732 proto.playout_delay.test.known wire encoding...OK
3157/8732 proto.playout_delay.test.encode rejects out of range values...OK
3158/8732 proto.playout_delay.test.encode reports small output buffer...OK
3159/8732 proto.playout_delay.test.decode reports truncated input...OK
3160/8732 proto.pli_fir.test.buildPli round-trips through parse...OK
3161/8732 proto.pli_fir.test.buildFir with two entries round-trips and zeroes media SSRC on the wire...OK
3162/8732 proto.pli_fir.test.parse returns Truncated on a cut buffer...OK
3163/8732 proto.pli_fir.test.parse returns BadFormat on wrong PT or version...OK
3164/8732 proto.pli_fir.test.parse returns TooMany when fir_out is too small...OK
3165/8732 proto.pli_fir.test.non-PLI/FIR PSFB classifies as other...OK
3166/8732 proto.protocol_inventory.test.isupport tokens are well-formed key[=value] pairs...OK
3167/8732 proto.protocol_inventory.test.chanmodes token has the four comma-separated classes...OK
3168/8732 proto.proxy_protocol.test.v1 TCP4 round-trip...OK
3169/8732 proto.proxy_protocol.test.v1 TCP6 round-trip...OK
3170/8732 proto.proxy_protocol.test.v2 TCP4 round-trip...OK
3171/8732 proto.proxy_protocol.test.v2 TCP6 round-trip...OK
3172/8732 proto.proxy_protocol.test.v2 LOCAL command ignores payload...OK
3173/8732 proto.proxy_protocol.test.bad signatures and truncation are rejected...OK
3174/8732 proto.proxy_protocol.test.v1 UNKNOWN is accepted and deterministic...OK
3175/8732 proto.proxy_protocol.test.invalid v1 fields are rejected...OK
3176/8732 proto.punycode.test.encode converts known RFC and IDN labels...OK
3177/8732 proto.punycode.test.decode converts known RFC and IDN labels...OK
3178/8732 proto.punycode.test.codec methods round trip mixed labels...OK
3179/8732 proto.punycode.test.encode rejects invalid UTF-8 and label separators...OK
3180/8732 proto.punycode.test.decode rejects malformed payloads...OK
3181/8732 proto.punycode.test.caller output buffers are bounded...OK
3182/8732 proto.punycode.test.compile-time scalar limit is enforced...OK
3183/8732 proto.quic_conn.test.quic conn loopback completes the handshake and both sides are established...OK
3184/8732 proto.quic_conn.test.quic conn loopback delivers byte-exact application data in both directions...OK
3185/8732 proto.quic_conn.test.quic amplification — a single client Initial cannot make the server emit > 3x received before validation...OK
3186/8732 proto.quic_conn.test.quic amplification — receiving a Handshake packet lifts the cap and the handshake completes...OK
3187/8732 proto.quic_conn.test.quic amplification — a token-validated server is unmetered from the first send...OK
3188/8732 proto.quic_conn.test.quic conn key update — self-initiated rotation delivers byte-exact app data and both sides reach phase 1...OK
3189/8732 proto.quic_conn.test.quic conn key update — peer-initiated update is detected via the phase bit and committed...OK
3190/8732 proto.quic_conn.test.quic conn key update — a reordered old-phase packet still decrypts within retention, a forged flip is dropped...OK
3191/8732 proto.quic_conn.test.quic conn key update — rapid peer-driven updates are rate-limited (§6.6 anti-DoS)...OK
3192/8732 proto.quic_conn.test.quic conn key update — a key+nonce pair is never reused across an update (fresh key, advancing pn)...OK
3193/8732 proto.quic_conn.test.quic conn RFC 9002 — handshake completes over a lossy reordering channel via retransmission...OK
3194/8732 proto.quic_conn.test.quic conn RFC 9002 — application stream survives loss + reorder byte-exact, cwnd/rtt evolve...OK
3195/8732 proto.quic_conn.test.quic conn parses a coalesced Initial+Handshake datagram from the server...OK
3196/8732 proto.quic_conn.test.quic conn produces an ACK for an ack-eliciting packet and stops retransmitting after it...OK
3197/8732 proto.quic_conn.test.quic conn recovers a dropped client Initial via onTimeout retransmission...OK
3198/8732 proto.quic_conn.test.quic conn pads the client Initial datagram to at least 1200 bytes...OK
3199/8732 proto.quic_conn.test.quic conn buffers a packet whose keys are not yet installed without faulting...OK
3200/8732 proto.quic_conn.test.quic conn drops malformed datagrams without panicking or faulting...OK
3201/8732 proto.quic_conn.test.quic conn graceful close emits CONNECTION_CLOSE the peer observes...OK
3202/8732 proto.quic_conn.test.quic conn idle timeout fires after the configured bound...OK
3203/8732 proto.quic_conn.test.quic migration — off-path 1-RTT packet triggers a PATH_CHALLENGE to the new address, 3x-limited...OK
3204/8732 proto.quic_conn.test.quic migration — a valid PATH_RESPONSE migrates the primary path and app data keeps flowing byte-exact...OK
3205/8732 proto.quic_conn.test.quic migration — an off-path/spoofed packet cannot hijack the connection (no migration without a valid PATH_RESPONSE)...OK
3206/8732 proto.quic_conn.test.quic migration — a PATH_RESPONSE with the wrong bytes or from the wrong address does not migrate...OK
3207/8732 proto.quic_conn.test.quic migration — an inbound PATH_CHALLENGE is answered with a PATH_RESPONSE echoing its data...OK
3208/8732 proto.quic_conn.test.quic migration — onPathMigration resets cwnd/rtt to defaults (RFC 9000 §9.4)...OK
3209/8732 proto.quic_conn.test.quic migration — no-address (loopback) recv never migrates (back-compat)...OK
3210/8732 proto.quic_conn_state.test.quic stream id classification — initiator and directionality bits...OK
3211/8732 proto.quic_conn_state.test.quic packet-number spaces are independent and largest_acked monotonic...OK
3212/8732 proto.quic_conn_state.test.ack generation — received {0,1,2,5,6,9} yields largest=9 ranges [9],[5..6],[0..2]...OK
3213/8732 proto.quic_conn_state.test.ack generation — single contiguous run collapses to one range...OK
3214/8732 proto.quic_conn_state.test.ack processing — newly acked is reported once, duplicates yield none...OK
3215/8732 proto.quic_conn_state.test.ack processing — multi-range ack and malformed-range rejection...OK
3216/8732 proto.quic_conn_state.test.crypto reassembly — gap fills before bytes emerge; overlap and dup tolerated...OK
3217/8732 proto.quic_conn_state.test.crypto reassembly — exceeding the buffer cap errors...OK
3218/8732 proto.quic_conn_state.test.crypto send buffer — fragments handshake bytes within a max payload...OK
3219/8732 proto.quic_conn_state.test.stream reassembly — out of order plus fin; read stops at the gap...OK
3220/8732 proto.quic_conn_state.test.stream reassembly — final size violations are rejected...OK
3221/8732 proto.quic_conn_state.test.stream flow control — data beyond MAX_STREAM_DATA is a flow-control error...OK
3222/8732 proto.quic_conn_state.test.engine intake — crypto + ping + ack in one packet, ack obligation tracked...OK
3223/8732 proto.quic_conn_state.test.engine intake — stream frame feeds per-stream reassembly and conn flow control...OK
3224/8732 proto.quic_conn_state.test.engine intake — connection close is surfaced and not ack-eliciting...OK
3225/8732 proto.quic_conn_state.test.range set coalesces and tolerates duplicates...OK
3226/8732 proto.quic_datagram.test.WebTransport datagram round-trips over QUIC packets on a loopback...OK
3227/8732 proto.quic_datagram.test.parsePacket recovers the WT session id and payload...OK
3228/8732 proto.quic_datagram.test.header protection apply/remove is reversible...OK
3229/8732 proto.quic_frame.test.varint round-trip for all four lengths...OK
3230/8732 proto.quic_frame.test.varint rejects non-minimal encodings...OK
3231/8732 proto.quic_frame.test.padding frame round-trip...OK
3232/8732 proto.quic_frame.test.ping frame round-trip...OK
3233/8732 proto.quic_frame.test.ack frame round-trip...OK
3234/8732 proto.quic_frame.test.crypto frame round-trip...OK
3235/8732 proto.quic_frame.test.stream frame round-trip...OK
3236/8732 proto.quic_frame.test.datagram frame round-trip...OK
3237/8732 proto.quic_frame.test.connection close frame round-trip...OK
3238/8732 proto.quic_frame.test.path challenge frame round-trip...OK
3239/8732 proto.quic_frame.test.path response frame round-trip...OK
3240/8732 proto.quic_frame.test.path frames echo: a response carries the challenge bytes verbatim...OK
3241/8732 proto.quic_frame.test.path challenge decode rejects a truncated value...OK
3242/8732 proto.quic_frame.test.multi-frame payload round-trip...OK
3243/8732 proto.quic_frame.test.decode rejects truncation and trailing bytes...OK
3244/8732 proto.quic_frame.test.packet number truncation encoding and reconstruction...OK
3245/8732 proto.quic_handshake.test.quic handshake loopback completes for TLS_AES_128_GCM_SHA256 with matching 1-RTT keys...OK
3246/8732 proto.quic_handshake.test.quic handshake loopback agrees on keys for ChaCha20-Poly1305-SHA256...OK
3247/8732 proto.quic_handshake.test.quic handshake loopback agrees on keys for AES-256-GCM-SHA384...OK
3248/8732 proto.quic_handshake.test.quic handshake negotiates ALPN and exchanges transport parameters...OK
3249/8732 proto.quic_handshake.test.quic handshake surfaces peer transport params on both sides...OK
3250/8732 proto.quic_handshake.test.quic handshake rejects a ClientHello with no transport parameters...OK
3251/8732 proto.quic_handshake.test.quic handshake client rejects a tampered server Finished...OK
3252/8732 proto.quic_handshake.test.quic handshake server rejects a tampered client Finished...OK
3253/8732 proto.quic_handshake.test.quic handshake feeds a ClientHello split across two CRYPTO chunks...OK
3254/8732 proto.quic_handshake.test.quic handshake accepts an X25519MLKEM768 hybrid key_share and emits a hybrid server share...OK
3255/8732 proto.quic_handshake.test_0...OK
3256/8732 proto.quic_packet.test.long header round-trip is deterministic...OK
3257/8732 proto.quic_packet.test.short header round-trip carries spin key phase dcid and packet number...OK
3258/8732 proto.quic_packet.test.packet-number length encoding supports one through four bytes...OK
3259/8732 proto.quic_packet.test.header protection is reversible for long and short headers...OK
3260/8732 proto.quic_packet.test.truncation and invalid header errors are explicit...OK
3261/8732 proto.quic_protect.test.RFC 9001 A.2 — client Initial seal reproduces the protected header+pn+sample...OK
3262/8732 proto.quic_protect.test.RFC 9001 A.2 — client Initial seal→open recovers frames and packet number...OK
3263/8732 proto.quic_protect.test.RFC 9001 A.3 — server Initial seal reproduces the protected packet...OK
3264/8732 proto.quic_protect.test.RFC 9001 A.3 — server Initial open recovers frames and packet number...OK
3265/8732 proto.quic_protect.test.seal/open round-trips an arbitrary payload...OK
3266/8732 proto.quic_protect.test.open fails when a ciphertext byte is flipped (no plaintext leaks)...OK
3267/8732 proto.quic_protect.test.open fails when the auth tag is flipped...OK
3268/8732 proto.quic_protect.test.open fails or mis-decodes pn when a header-protected byte is corrupted...OK
3269/8732 proto.quic_protect.test.nonce XORs the packet number into the low IV bytes...OK
3270/8732 proto.quic_protect.test.sampleForHeaderProtection rejects a too-short packet...OK
3271/8732 proto.quic_protect.test.sealPacket rejects an inconsistent packet-number length...OK
3272/8732 proto.quic_protect.test.openPacket rejects a packet too short for the AEAD tag...OK
3273/8732 proto.quic_protect.test.RFC 9001 A.5 quic — chacha20 derivePacketKeys matches key/iv/hp...OK
3274/8732 proto.quic_protect.test.RFC 9001 A.5 chacha — header-protection mask matches...OK
3275/8732 proto.quic_protect.test.RFC 9001 A.5 chacha — seal reproduces the protected packet byte-for-byte...OK
3276/8732 proto.quic_protect.test.RFC 9001 A.5 chacha — open recovers pn=654360564 and the PING frame...OK
3277/8732 proto.quic_protect.test.RFC 9001 A.5 chacha — full pn 654360564 round-trips with a real decoder...OK
3278/8732 proto.quic_protect.test.RFC 9001 quic key update — quic ku rolls the 1-RTT secret...OK
3279/8732 proto.quic_protect.test.quic protect — AES-256-GCM seal/open round-trips frames and pn...OK
3280/8732 proto.quic_protect.test.quic protect — AES-256-GCM open rejects a flipped ciphertext byte...OK
3281/8732 proto.quic_protect.test.quic protect — AES-256-GCM open rejects a flipped tag byte...OK
3282/8732 proto.quic_protect.test.quic protect — ChaCha20-Poly1305 arbitrary round-trip + tamper reject...OK
3283/8732 proto.quic_protect.test.quic KeySet — Initial level derives client/server keys (RFC 9001 A.1)...OK
3284/8732 proto.quic_protect.test.quic KeySet — handshake/1-RTT derives from traffic secrets per suite...OK
3285/8732 proto.quic_recovery.test.recovery RTT — first sample initializes smoothed and rttvar per §5.2...OK
3286/8732 proto.quic_recovery.test.recovery RTT — subsequent samples apply 7/8 and 3/4 EWMA (§5.3)...OK
3287/8732 proto.quic_recovery.test.recovery RTT — ack_delay subtracted but min_rtt floor respected (§5.3)...OK
3288/8732 proto.quic_recovery.test.recovery RTT — ack_delay capped at max_ack_delay once handshake confirmed (§5.3)...OK
3289/8732 proto.quic_recovery.test.recovery PTO — formula and exponential backoff (§6.2.1)...OK
3290/8732 proto.quic_recovery.test.recovery PTO — a new RTT sample resets pto_count...OK
3291/8732 proto.quic_recovery.test.recovery loss — packet threshold: acking N+3 declares N lost (§6.1.1)...OK
3292/8732 proto.quic_recovery.test.recovery loss — time threshold declares an old packet lost (§6.1.2)...OK
3293/8732 proto.quic_recovery.test.recovery NewReno — slow start grows window by acked bytes (§7.3.1)...OK
3294/8732 proto.quic_recovery.test.recovery NewReno — loss halves to ssthresh and clamps to min window (§7.3.2)...OK
3295/8732 proto.quic_recovery.test.recovery NewReno — congestion avoidance grows by max_datagram*acked/cwnd (§7.3.1)...OK
3296/8732 proto.quic_recovery.test.recovery NewReno — canSend gates on bytes_in_flight vs window (§7)...OK
3297/8732 proto.quic_recovery.test.recovery — discardSpace removes in-flight bytes and clears the registry (§6.4)...OK
3298/8732 proto.quic_recovery.test.recovery persistent congestion — a long loss burst collapses cwnd to min and re-enters slow start (§7.6)...OK
3299/8732 proto.quic_recovery.test.recovery persistent congestion — a single loss only halves, never collapses (§7.6 vs §7.3.2)...OK
3300/8732 proto.quic_recovery.test.recovery persistent congestion — a short burst under the duration does not collapse (§7.6)...OK
3301/8732 proto.quic_recovery.test.recovery — sent registry bounds and drops oldest on overflow...OK
3302/8732 proto.quic_retry.test.RFC 9001 A.4 — Retry integrity tag matches the published vector...OK
3303/8732 proto.quic_retry.test.encodeRetry produces a packet whose tag verifies against the pseudo-packet...OK
3304/8732 proto.quic_retry.test.Retry token round-trips: seal then verify for the same IP and DCID...OK
3305/8732 proto.quic_retry.test.Retry token verify — rejects a different client IP (AddressMismatch)...OK
3306/8732 proto.quic_retry.test.Retry token verify — rejects an expired token...OK
3307/8732 proto.quic_retry.test.Retry token verify — rejects a forged tag; recovers the bound DCID intact...OK
3308/8732 proto.quic_retry.test.ReplayCache — a token is accepted once and rejected on replay...OK
3309/8732 proto.quic_retry.test.Version Negotiation — encodes 0x00000000 version and lists v1, swaps CIDs...OK
3310/8732 proto.quic_retry.test.Version Negotiation never amplifies relative to a 1200-byte trigger...OK
3311/8732 proto.quic_retry.test.statelessResetToken — deterministic per key+CID, differs across CIDs and keys...OK
3312/8732 proto.quic_retry.test.encodeStatelessReset embeds the token in the trailing 16 bytes and looks 1-RTT...OK
3313/8732 proto.quic_tls.test.RFC 9001 Appendix A — initial secrets...OK
3314/8732 proto.quic_tls.test.RFC 9001 Appendix A — client key/iv/hp...OK
3315/8732 proto.quic_tls.test.RFC 9001 Appendix A — server key/iv/hp...OK
3316/8732 proto.quic_tls.test.RFC 9001 Appendix A — client header-protection mask...OK
3317/8732 proto.quic_tls.test.RFC 9001 Appendix A — server header-protection mask...OK
3318/8732 proto.quic_tls.test.hkdfExpandLabel — output length changes the derived key...OK
3319/8732 proto.quic_tls.test.hkdfExpandLabel — deterministic...OK
3320/8732 proto.quic_tls.test.hkdfExpandLabel — label sensitivity...OK
3321/8732 proto.quic_tls.test.hkdfExtract — RFC 5869 A.1 vector...OK
3322/8732 proto.quic_tls.test.headerProtectionMask — deterministic...OK
3323/8732 proto.quic_tls.test.headerProtectionMask — key sensitivity...OK
3324/8732 proto.quic_tls.test.headerProtectionMask — sample sensitivity...OK
3325/8732 proto.quic_tls.test.fromHexAlloc — round-trip via testing.allocator...OK
3326/8732 proto.quic_tls.test.RFC 9001 A.5 quic — chacha20 quic key/iv/hp from the 1-RTT secret...OK
3327/8732 proto.quic_tls.test.RFC 9001 A.5 chacha — header-protection mask (quic_tls primitive)...OK
3328/8732 proto.quic_tls.test.RFC 9001 quic — quic ku rolls the 1-RTT secret deterministically...OK
3329/8732 proto.quic_tls.test.quic CipherSuite — key/hp lengths per suite...OK
3330/8732 proto.quic_tls.test.quic AES-256 header-protection mask is deterministic and key-sensitive...OK
3331/8732 proto.quic_tls.test.quic derivePacketKeys — AES-128 path matches deriveEndpointKeys...OK
3332/8732 proto.quic_transport_params.test.transport_param round-trip of a full server parameter set...OK
3333/8732 proto.quic_transport_params.test.transport_param omitted fields are not emitted and stay absent...OK
3334/8732 proto.quic_transport_params.test.transport_param decode ignores unknown ids...OK
3335/8732 proto.quic_transport_params.test.transport_param empty body decodes to all-absent params...OK
3336/8732 proto.quic_transport_params.test.transport_param decode rejects a truncated value run...OK
3337/8732 proto.quic_transport_params.test.transport_param decode rejects an integer value whose length disagrees...OK
3338/8732 proto.quic_transport_params.test.transport_param decode rejects an over-long connection id...OK
3339/8732 proto.quic_transport_params.test.transport_param encode rejects an over-long connection id...OK
3340/8732 proto.quic_transport_params.test.transport_param flag parameter must be zero length...OK
3341/8732 proto.quic_transport_params.test_0...OK
3342/8732 proto.quorum.test.majority quorum is reached once more than half of members vote...OK
3343/8732 proto.quorum.test.majority quorum is not reached below threshold...OK
3344/8732 proto.quorum.test.two thirds quorum rounds up for partial thirds...OK
3345/8732 proto.quorum.test.duplicate votes are deduped without changing tally...OK
3346/8732 proto.quorum.test.dynamic membership changes quorum and removes departed votes...OK
3347/8732 proto.quorum.test.unknown and invalid node ids are rejected...OK
3348/8732 proto.quorum.test.all quorum requires every current member vote...OK
3349/8732 proto.read_marker.test.set and get round-trip with response emission...OK
3350/8732 proto.read_marker.test.backward update is ignored...OK
3351/8732 proto.read_marker.test.unset marker returns star...OK
3352/8732 proto.read_marker.test.malformed commands are rejected...OK
3353/8732 proto.read_marker.test.bounded targets and fixed marker capacity...OK
3354/8732 proto.read_marker_store.test.set advances only forward and get returns latest...OK
3355/8732 proto.read_marker_store.test.parse GET SET and malformed MARKREAD...OK
3356/8732 proto.read_marker_store.test.builder exact bytes...OK
3357/8732 proto.read_marker_store.test.bounded store and no leak after clear...OK
3358/8732 proto.remb.test.build and parse REMB packet...OK
3359/8732 proto.remb.test.parse rejects truncated packet...OK
3360/8732 proto.remb.test.parse rejects non-REMB tag...OK
3361/8732 proto.rendezvous_hash.test.rendezvous pick is deterministic for the same key and nodes...OK
3362/8732 proto.rendezvous_hash.test.rendezvous removal only reassigns keys owned by the removed node...OK
3363/8732 proto.rendezvous_hash.test.rendezvous topN returns descending scores with pick first...OK
3364/8732 proto.rendezvous_hash.test.rendezvous topN truncates count to available nodes...OK
3365/8732 proto.rendezvous_hash.test.rendezvous validation rejects unusable inputs...OK
3366/8732 proto.reservoir_sample.test.offer fills reservoir until it reaches k...OK
3367/8732 proto.reservoir_sample.test.offer keeps every item when k is at least the stream length...OK
3368/8732 proto.reservoir_sample.test.offer replaces the newest item at roughly uniform probability...OK
3369/8732 proto.reservoir_sample.test.offer reports replacements and skips after reservoir is full...OK
3370/8732 proto.reservoir_sample.test.clear removes retained samples and restarts stream accounting...OK
3371/8732 proto.reservoir_sample.test.offer rejects stream counter overflow...OK
3372/8732 proto.reservoir_sample.test.offer result codes round-trip known values...OK
3373/8732 proto.resolv_conf.test.parse collects multiple IPv4 nameservers in order...OK
3374/8732 proto.resolv_conf.test.parse caps nameservers at max_nameservers...OK
3375/8732 proto.resolv_conf.test.parse handles an IPv6 nameserver with compression...OK
3376/8732 proto.resolv_conf.test.parse reads full IPv6 loopback ::1...OK
3377/8732 proto.resolv_conf.test.parse builds the search list and exposes slices...OK
3378/8732 proto.resolv_conf.test.domain directive replaces the search list with one entry...OK
3379/8732 proto.resolv_conf.test.options parse ndots timeout attempts and rotate...OK
3380/8732 proto.resolv_conf.test.options use defaults when unspecified...OK
3381/8732 proto.resolv_conf.test.parse tolerates comments blank lines and garbage...OK
3382/8732 proto.resolv_conf.test.parseIp rejects malformed IPv4 octet counts and ranges...OK
3383/8732 proto.resolv_conf.test.parseIp rejects malformed IPv6 double compression...OK
3384/8732 proto.ripple_report.test.healthWord maps every node health state...OK
3385/8732 proto.ripple_report.test.formatAge humanizes milliseconds and second boundaries...OK
3386/8732 proto.ripple_report.test.formatAge humanizes minute hour and day boundaries...OK
3387/8732 proto.ripple_report.test.renderHealth renders a single-node mesh without witnesses...OK
3388/8732 proto.ripple_report.test.renderHealth renders mixed alive suspect dead and left rows...OK
3389/8732 proto.ripple_report.test.renderHealth renders witness list when present...OK
3390/8732 proto.ripple_report.test.renderHealth keeps output lf-only...OK
3391/8732 proto.route_report.test.renderRoutes: empty table...OK
3392/8732 proto.route_report.test.renderRoutes: multi-hop, unreachable marked, summary correct...OK
3393/8732 proto.route_report.test.renderNickRoute: found local, found remote, not found...OK
3394/8732 proto.route_report.test.renderNickRoute: singular hop wording and unreachable note...OK
3395/8732 proto.route_report.test.renderChannelRoute: spread across three nodes, and empty...OK
3396/8732 proto.route_report.test.CR/LF in names never breaks framing...OK
3397/8732 proto.rsa_pkcs.test.parse accepts PKCS#1 RSAPrivateKey DER...OK
3398/8732 proto.rsa_pkcs.test.parse accepts PKCS#8 PrivateKeyInfo wrapping RSA...OK
3399/8732 proto.rsa_pkcs.test.parse rejects malformed RSA private keys...OK
3400/8732 proto.rtcp_compound.test.receiver report with two report blocks round-trips through iterator...OK
3401/8732 proto.rtcp_compound.test.bye with reason round-trips through iterator...OK
3402/8732 proto.rtcp_compound.test.compound buffer iterates receiver report then bye...OK
3403/8732 proto.rtcp_compound.test.truncated cut buffer returns Truncated...OK
3404/8732 proto.rtcp_compound.test.bad version returns BadVersion...OK
3405/8732 proto.rtcp_translate.test.PLI built by pli_fir classifies as keyframe_request with media_ssrc...OK
3406/8732 proto.rtcp_translate.test.FIR classifies as keyframe_request using the FCI target SSRC...OK
3407/8732 proto.rtcp_translate.test.RTPFB Generic NACK parses pid=1000 blp=0b101 into {1000,1001,1003}...OK
3408/8732 proto.rtcp_translate.test.NACK with empty BLP yields just the PID...OK
3409/8732 proto.rtcp_translate.test.NACK with all BLP bits set yields 17 sequence numbers...OK
3410/8732 proto.rtcp_translate.test.Sender Report (PT=200) classifies as other...OK
3411/8732 proto.rtcp_translate.test.buildKeyframeRequest round-trips through parse...OK
3412/8732 proto.rtcp_translate.test.buildKeyframeRequest returns BufferTooSmall for a short buffer...OK
3413/8732 proto.rtcp_translate.test.buildNack round-trips through parse...OK
3414/8732 proto.rtcp_translate.test.parse returns Truncated on a short packet...OK
3415/8732 proto.rtcp_translate.test.parse returns BadFormat on bad version...OK
3416/8732 proto.rtcp_translate.test.parse returns BadFormat on NACK FCI not a multiple of 4...OK
3417/8732 proto.rtcp_translate.test.parse returns TooMany when seq_out cannot hold all NACK seqs...OK
3418/8732 proto.rtcp_translate.test.RTCP compound RR then PLI resolves keyframe_request...OK
3419/8732 proto.rtcp_translate.test.RTCP compound SR then NACK resolves nack with FCI delimited by length...OK
3420/8732 proto.rtcp_translate.test.RTCP compound with only reports yields other...OK
3421/8732 proto.rtcp_translate.test.RTCP compound single reduced-size PLI resolves without a leading report...OK
3422/8732 proto.rtcp_translate.test.RTCP compound rejects a sub-packet whose declared length overruns the datagram...OK
3423/8732 proto.rtcp_translate.test.RTCP compound rejects a bad RTCP version in a sub-packet...OK
3424/8732 proto.rtcp_translate.test.NACK PID near wraparound wraps in 16-bit sequence space...OK
3425/8732 proto.rtcp_xr.test.receiver reference time round-trip...OK
3426/8732 proto.rtcp_xr.test.dlrr two sub-blocks round-trip...OK
3427/8732 proto.rtcp_xr.test.compound xr iterates receiver reference time then dlrr...OK
3428/8732 proto.rtcp_xr.test.truncated packet and block cuts...OK
3429/8732 proto.rtcp_xr.test.bad version...OK
3430/8732 proto.rtp_ext.test.build and round-trip a one-byte extension via iterator...OK
3431/8732 proto.rtp_ext.test.find and typed helpers read transport-cc and abs-send-time...OK
3432/8732 proto.rtp_ext.test.packet without X bit returns null from parse...OK
3433/8732 proto.rtp_ext.test.truncated extension block (claims more words than present)...OK
3434/8732 proto.rtp_ext.test.bad profile is rejected...OK
3435/8732 proto.rtp_ext.test.two-byte form iterates and find returns null...OK
3436/8732 proto.rtp_ext.test.one-byte iterator skips padding and stops at id 15...OK
3437/8732 proto.rtp_ext.test.buildOneByteExtension rejects invalid ids and oversized data...OK
3438/8732 proto.rtp_ext.test.buildOneByteExtension reports Truncated when out is too small...OK
3439/8732 proto.rtp_ext.test.readTransportSeq/readAbsSendTime reject wrong data length...OK
3440/8732 proto.rtp_profile.test.header round-trip...OK
3441/8732 proto.rtp_profile.test.packet framing round-trip preserves payload slice...OK
3442/8732 proto.rtp_profile.test.sequence-number cycle handling in expected math...OK
3443/8732 proto.rtp_profile.test.jitter estimate follows RFC 3550 recurrence...OK
3444/8732 proto.rtp_profile.test.fraction-lost and cumulative-loss under drops...OK
3445/8732 proto.rtp_profile.test.sender report round-trip...OK
3446/8732 proto.rtp_profile.test.receiver report round-trip...OK
3447/8732 proto.rtp_profile.test.stats tracker builds receiver report block...OK
3448/8732 proto.rtp_profile.test.truncation and validation errors are deterministic...OK
3449/8732 proto.rtp_red.test.encode then decode round-trips 2 redundant + primary...OK
3450/8732 proto.rtp_red.test.primary-only payload decodes to 1 block...OK
3451/8732 proto.rtp_red.test.Truncated when header claims more length than present...OK
3452/8732 proto.rtp_red.test.BadFormat when redundant block exceeds 1023 bytes...OK
3453/8732 proto.rtp_red.test.BufferTooSmall when out buffer cannot hold output...OK
3454/8732 proto.rtp_red.test.TooManyBlocks when blocks_out too small on decode...OK
3455/8732 proto.rtt_estimator.test.first sample sets srtt and sane rto...OK
3456/8732 proto.rtt_estimator.test.stable samples converge srtt and shrink rttvar...OK
3457/8732 proto.rtt_estimator.test.latency spike raises rto then decays as samples stabilize...OK
3458/8732 proto.rtt_estimator.test.min rtt tracks the lowest sample and measure uses timestamps...OK
3459/8732 proto.rtt_estimator.test.rto clamps to bounds...OK
3460/8732 proto.rtx.test.wrap and unwrap RTX packet...OK
3461/8732 proto.rtx.test.short input is truncated...OK
3462/8732 proto.s2s_frame.test.encode/decode round-trip each type...OK
3463/8732 proto.s2s_frame.test.partial streamed decode reassembles frames...OK
3464/8732 proto.s2s_frame.test.multiple complete frames drain in order...OK
3465/8732 proto.s2s_frame.test.oversize rejected...OK
3466/8732 proto.s2s_frame.test.truncated handled...OK
3467/8732 proto.s2s_frame.test.unknown frame type is skipped, not fatal (forward compatibility)...OK
3468/8732 proto.s2s_frame.test.encode rejects undersized output buffer...OK
3469/8732 proto.s2s_frame.test.no leak when accumulator owns partial bytes...OK
3470/8732 proto.s2s_frame.test.capability catalog exposes stable wire bits...OK
3471/8732 proto.s2s_frame.test.frame catalog covers every known tag exactly once...OK
3472/8732 proto.s2s_frame.test.repair frames are capability catalog gated...OK
3473/8732 proto.s2s_frame.test.session replica v2 frames are secured and capability gated...OK
3474/8732 proto.s2s_frame.test.secure relay v2 frame is secured and capability gated...OK
3475/8732 proto.s2s_frame.test.event spine v2 frame is secured and capability gated...OK
3476/8732 proto.s2s_frame.test.media ws datagram frame is secured media family...OK
3477/8732 proto.s2s_frame.test.E2EE group frames are secured and base-transport gated without a new capability bit...OK
3478/8732 proto.sasl_anonymous.test.parse empty trace returns null and allocates nothing...OK
3479/8732 proto.sasl_anonymous.test.parse valid trace returns borrowed slice...OK
3480/8732 proto.sasl_anonymous.test.parse valid utf8 trace accepts non ascii text...OK
3481/8732 proto.sasl_anonymous.test.parse rejects control characters...OK
3482/8732 proto.sasl_anonymous.test.parse rejects invalid utf8...OK
3483/8732 proto.sasl_anonymous.test.parse rejects oversize trace...OK
3484/8732 proto.sasl_anonymous.test.step disabled policy fails...OK
3485/8732 proto.sasl_anonymous.test.step enabled policy accepts empty trace as guest...OK
3486/8732 proto.sasl_anonymous.test.step enabled policy accepts trace and borrows caller buffer...OK
3487/8732 proto.sasl_anonymous.test.step applies custom max trace bytes...OK
3488/8732 proto.sasl_anonymous.test.all declarations are referenced...OK
3489/8732 proto.sasl_external.test.empty authzid round-trip...OK
3490/8732 proto.sasl_external.test.explicit authzid round-trip...OK
3491/8732 proto.sasl_external.test.chunking long response into authenticate lines and reassembly...OK
3492/8732 proto.sasl_external.test.exact 400-byte base64 chunk gets terminal empty payload...OK
3493/8732 proto.sasl_external.test.server accepts matching identity and rejects mismatch...OK
3494/8732 proto.sasl_external.test.base64 correctness...OK
3495/8732 proto.sasl_external_verify.test.EXTERNAL accept with matching certfp...OK
3496/8732 proto.sasl_external_verify.test.EXTERNAL reject mismatch with timing-safe certfp compare...OK
3497/8732 proto.sasl_external_verify.test.empty authzid uses cert identity...OK
3498/8732 proto.sasl_external_verify.test_0...OK
3499/8732 proto.sasl_mechrouter.test.PLAIN accepts and rejects through router...OK
3500/8732 proto.sasl_mechrouter.test.router enforces configured decoded message limit...OK
3501/8732 proto.sasl_mechrouter.test.SCRAM-SHA-256 round trip accepts and rejects tampered proof through router...OK
3502/8732 proto.sasl_mechrouter.test.EXTERNAL accepts through router...OK
3503/8732 proto.sasl_mechrouter.test.SESSION-TOKEN accepts and rejects through router callback...OK
3504/8732 proto.sasl_mechrouter.test.OAUTHBEARER accepts and rejects through router callback...OK
3505/8732 proto.sasl_mechrouter.test.ANONYMOUS is default gated and succeeds as guest when enabled...OK
3506/8732 proto.sasl_mechrouter.test.SCRAM PLUS mechanisms require tls exporter through router...OK
3507/8732 proto.sasl_mechrouter.test.unknown mechanism rejects...OK
3508/8732 proto.sasl_mechrouter.test.mechanism list string advertises supported mechanisms...OK
3509/8732 proto.sasl_mechrouter.test.exploit: SASL router grants nothing on out-of-order / malformed / oversized input...OK
3510/8732 proto.sasl_mechrouter.test.exploit: SASL abort resets the exchange (no lingering authenticated state)...OK
3511/8732 proto.sasl_mechrouter.test.exploit: SASL success cannot be replayed for a second grant...OK
3512/8732 proto.sasl_mechrouter.test.exploit: SASL EXTERNAL is unavailable without a bound certfp (no spoof)...OK
3513/8732 proto.sasl_mechrouter.test_0...OK
3514/8732 proto.sasl_oauthbearer.test.parse valid initial response with token only...OK
3515/8732 proto.sasl_oauthbearer.test.parse valid initial response with authzid...OK
3516/8732 proto.sasl_oauthbearer.test.parse valid initial response with host and port...OK
3517/8732 proto.sasl_oauthbearer.test.parse rejects malformed messages and bad key-value fields...OK
3518/8732 proto.sasl_oauthbearer.test.step returns verifier account on successful token check...OK
3519/8732 proto.sasl_oauthbearer.test.step formats invalid token JSON on failed token check...OK
3520/8732 proto.sasl_oauthbearer.test.format failure returns empty slice when output is too small...OK
3521/8732 proto.sasl_oauthbearer.test_0...OK
3522/8732 proto.sasl_props.test.mechanism parser is total over attacker bytes and names round trip...OK
3523/8732 proto.sasl_props.test.PLAIN parser is total over random bytes and successful slices stay in input...OK
3524/8732 proto.sasl_props.test.PLAIN structured credentials reject embedded NULs beyond the two separators...OK
3525/8732 proto.sasl_props.test.base64 authenticate payloads fail cleanly through dispatcher decoding...OK
3526/8732 proto.sasl_props.test.SCRAM client-first parser is total over base64-wrapped random bytes...OK
3527/8732 proto.sasl_props.test.SCRAM rejects malformed nonce salt iteration and final-message fields...OK
3528/8732 proto.sasl_props.test.SCRAM client-final parser is total over random proof-bearing bytes...OK
3529/8732 proto.sasl_props.test.SCRAM valid exchange serializes canonical server messages and rejects bad proof...OK
3530/8732 proto.sasl.test.mechanismIsKnowledgeFactor classifies every SASL mechanism...OK
3531/8732 proto.sasl.test.PLAIN parses credentials and dispatcher accepts or rejects...OK
3532/8732 proto.sasl.test.EXTERNAL accepts and rejects certfp identity...OK
3533/8732 proto.sasl.test.SCRAM-SHA-256 full handshake accepts correct proof and rejects wrong proof...OK
3534/8732 proto.sasl.test_0...OK
3535/8732 proto.sasl_scram512_server.test.SCRAM-SHA-512 round trip accepts proof and computes server signature...OK
3536/8732 proto.sasl_scram512_server.test.SCRAM-SHA-512-PLUS requires tls-exporter channel binding...OK
3537/8732 proto.sasl_scram512_server.test.SCRAM-SHA-512 round trip rejects a tampered proof...OK
3538/8732 proto.sasl_scram512_server.test.defensive parser rejects malformed SCRAM-SHA-512 attributes...OK
3539/8732 proto.sasl_scram512_server.test_0...OK
3540/8732 proto.sasl_scram.test.RFC 7677 SCRAM-SHA-256 vector accepts proof and computes server signature...OK
3541/8732 proto.sasl_scram.test.full exchange authenticates with right password and rejects wrong stored password...OK
3542/8732 proto.sasl_scram.test.channel-binding n,, gs2 header is echoed by client-final c=biws...OK
3543/8732 proto.sasl_scram.test.server first concatenates client and server nonce...OK
3544/8732 proto.sasl_scram.test.tampered proof is rejected...OK
3545/8732 proto.sasl_scram.test.defensive parser rejects malformed SCRAM attributes...OK
3546/8732 proto.sasl_scram.test_0...OK
3547/8732 proto.sasl_scram_server.test.RFC 7677 SCRAM-SHA-256 vector accepts proof and computes server signature...OK
3548/8732 proto.sasl_scram_server.test.SCRAM-SHA-256-PLUS requires tls-exporter channel binding...OK
3549/8732 proto.sasl_scram_server.test.RFC 7677 SCRAM-SHA-256 vector rejects a tampered proof...OK
3550/8732 proto.sasl_scram_server.test.defensive parser rejects malformed SCRAM attributes...OK
3551/8732 proto.sasl_scram_server.test_0...OK
3552/8732 proto.sctp_chunk.test.common header and DATA chunk round trip...OK
3553/8732 proto.sctp_chunk.test.crc32c known vector...OK
3554/8732 proto.sctp_chunk.test.setChecksum writes the packet crc with checksum field zeroed...OK
3555/8732 proto.sctp_chunk.test.truncated buffers are rejected...OK
3556/8732 proto.sdp.test.descriptor encode/decode round-trip...OK
3557/8732 proto.sdp.test.offer/answer intersects codecs in offerer order and picks common FEC...OK
3558/8732 proto.sdp.test.direction reconciliation matches sendonly with recvonly...OK
3559/8732 proto.sdp.test.offer/answer rejects no common codec...OK
3560/8732 proto.sdp.test.band below 64 rejected by encoder and decoder...OK
3561/8732 proto.sdp.test.truncated descriptor returns truncation error...OK
3562/8732 proto.sdp_session.test.parse realistic minimal WebRTC audio offer...OK
3563/8732 proto.sdp_session.test.build and parse round trip key fields...OK
3564/8732 proto.sdp_session.test.parse LF line endings and ignore unknown attributes...OK
3565/8732 proto.secure_fns.test.ctEq returns true for byte-identical equal-length slices...OK
3566/8732 proto.secure_fns.test.ctEq returns false when a single byte differs...OK
3567/8732 proto.secure_fns.test.ctEq returns false for different lengths even when prefix matches...OK
3568/8732 proto.secure_fns.test.ctEq treats two empty slices as equal...OK
3569/8732 proto.secure_fns.test.secureZero clears every byte of a buffer...OK
3570/8732 proto.secure_fns.test.secureZero on an empty slice is a no-op and does not crash...OK
3571/8732 proto.secure_fns.test.ctSelect returns the first argument when cond is true...OK
3572/8732 proto.secure_fns.test.ctSelect returns the second argument when cond is false...OK
3573/8732 proto.secure_fns.test.randomLessThan always returns a value strictly below the bound...OK
3574/8732 proto.secure_fns.test.randomLessThan covers both low and high values of its range...OK
3575/8732 proto.secure_fns.test.randomBytes produces differing output across two draws...OK
3576/8732 proto.secure_fns.test.randomU64 produces differing values across two draws...OK
3577/8732 proto.semver.test.parse accepts core prerelease and build metadata...OK
3578/8732 proto.semver.test.parse accepts release version without optional suffixes...OK
3579/8732 proto.semver.test.parse rejects malformed semantic versions...OK
3580/8732 proto.semver.test.parse enforces caller supplied length limits...OK
3581/8732 proto.semver.test.compare follows semantic version prerelease precedence order...OK
3582/8732 proto.semver.test.compare ignores build metadata and orders numeric core fields...OK
3583/8732 proto.semver.test.satisfies evaluates minimal comparator ranges...OK
3584/8732 proto.semver.test.satisfies treats prerelease as lower than release...OK
3585/8732 proto.semver.test.parseComparator accepts whitespace around one comparator...OK
3586/8732 proto.server_about.test.formatUptime drops leading zero units...OK
3587/8732 proto.server_about.test.renderInfo includes identity, build, and uptime...OK
3588/8732 proto.server_about.test.renderInfo omits the build parens when no build info is present...OK
3589/8732 proto.serverinfo.test.VERSION builds RPL_VERSION 351...OK
3590/8732 proto.serverinfo.test.VERSION includes optional branding tag...OK
3591/8732 proto.serverinfo.test.TIME builds RPL_TIME 391...OK
3592/8732 proto.serverinfo.test.ADMIN builds RPL_ADMINME and configured detail replies...OK
3593/8732 proto.serverinfo.test.ADMIN can build individual detail replies...OK
3594/8732 proto.serverinfo.test.ADMIN line ceiling is checked per reply, not per batch...OK
3595/8732 proto.serverinfo.test.validation rejects control bytes before output...OK
3596/8732 proto.serverinfo.test.small buffers and line ceilings return typed errors...OK
3597/8732 proto.server_time_skew.test.first next adopts the wall clock verbatim...OK
3598/8732 proto.server_time_skew.test.next is strictly non-decreasing under a backward jump...OK
3599/8732 proto.server_time_skew.test.next passes through normal forward progress unchanged...OK
3600/8732 proto.server_time_skew.test.repeated identical wall clock still advances by one ms...OK
3601/8732 proto.server_time_skew.test.negative wall clock is clamped to zero...OK
3602/8732 proto.server_time_skew.test.skew is zero before any emission...OK
3603/8732 proto.server_time_skew.test.skew is zero when the wall clock is ahead of the floor...OK
3604/8732 proto.server_time_skew.test.skew reports backward drift as negative...OK
3605/8732 proto.server_time_skew.test.tick reports drift and emitted together...OK
3606/8732 proto.server_time_skew.test.alarm trips on large backward jump...OK
3607/8732 proto.server_time_skew.test.alarm trips on large forward jump...OK
3608/8732 proto.server_time_skew.test.alarm honors threshold boundary...OK
3609/8732 proto.server_time_skew.test.isAlarming with zero threshold flags any nonzero drift...OK
3610/8732 proto.server_time_skew.test.formatServerTime renders the canonical ISO-8601 value...OK
3611/8732 proto.server_time_skew.test.formatServerTime renders the Unix epoch...OK
3612/8732 proto.server_time_skew.test.formatServerTime keeps fractional milliseconds zero-padded...OK
3613/8732 proto.server_time_skew.test.formatServerTime rejects negative and out-of-range times...OK
3614/8732 proto.server_time_skew.test.formatServerTime rejects an undersized buffer...OK
3615/8732 proto.server_time_skew.test.guarded stream feeds straight into the formatter...OK
3616/8732 proto.server_time_skew.test.max value is renderable and at the year boundary...OK
3617/8732 proto.services_alias.test.resolve services command aliases...OK
3618/8732 proto.services_alias.test.resolve services target nicks...OK
3619/8732 proto.services_alias.test.unknown aliases pass through as null...OK
3620/8732 proto.services_alias.test.routed message builders emit exact bytes...OK
3621/8732 proto.services_alias.test.builders are bounded and validate message bytes...OK
3622/8732 proto.session_portability.test.portable snapshot ceiling reserves the rolling-old envelope...OK
3623/8732 proto.session_reclaim_attachment.test.SRM2 deterministic claim and consume vectors round trip...OK
3624/8732 proto.session_reclaim_attachment.test.SRM2 tamper detached wire and cross domain fail closed...OK
3625/8732 proto.session_reclaim_attachment.test.SRM2 create and exact restore never fall through and SRM1 is rejected...OK
3626/8732 proto.session_reclaim_attachment.test.SRM2 strict decode rejects truncation trailing malformed and zero fields...OK
3627/8732 proto.session_reclaim_attachment.test.SRM2 account time lifetime and skew boundaries are exact...OK
3628/8732 proto.session_reclaim_attachment.test.SRM2 replay key isolates attachments and conflict permutations converge...OK
3629/8732 proto.session_reclaim_attachment.test.SRM2 replay capacity and allocation failure never burn a consume...OK
3630/8732 proto.session_reclaim_mesh.test.round-trip seal then open recovers all fields...OK
3631/8732 proto.session_reclaim_mesh.test.consume notice round-trips local and portable claims...OK
3632/8732 proto.session_reclaim_mesh.test.consume notice decoder requires one canonical exact wire image...OK
3633/8732 proto.session_reclaim_mesh.test.seal is deterministic for identical inputs...OK
3634/8732 proto.session_reclaim_mesh.test.sealedLen matches bytes actually written...OK
3635/8732 proto.session_reclaim_mesh.test.seal rejects an out buffer that is too small...OK
3636/8732 proto.session_reclaim_mesh.test.tampering with one body byte yields BadMac...OK
3637/8732 proto.session_reclaim_mesh.test.tampering with a tag byte yields BadMac...OK
3638/8732 proto.session_reclaim_mesh.test.opening with the wrong key yields BadMac...OK
3639/8732 proto.session_reclaim_mesh.test.open rejects an expired token with Expired...OK
3640/8732 proto.session_reclaim_mesh.test.open accepts a token exactly at expiry boundary...OK
3641/8732 proto.session_reclaim_mesh.test.truncated input yields BadFormat...OK
3642/8732 proto.session_reclaim_mesh.test.empty / too-short buffer yields BadFormat...OK
3643/8732 proto.session_reclaim_mesh.test.bad magic yields BadFormat...OK
3644/8732 proto.session_reclaim_mesh.test.a declared field length overrunning the buffer yields BadFormat...OK
3645/8732 proto.session_reclaim_mesh.test.empty string fields round-trip...OK
3646/8732 proto.session_reclaim_mesh.test.decide grant_local when this node holds the session...OK
3647/8732 proto.session_reclaim_mesh.test.decide grant_redirect to origin when held elsewhere...OK
3648/8732 proto.session_reclaim_mesh.test.decide deny_expired takes precedence over everything...OK
3649/8732 proto.session_reclaim_mesh.test.decide deny_replay when nonce already seen...OK
3650/8732 proto.session_reclaim_mesh.test.decide deny_unknown when origin is self but session is gone...OK
3651/8732 proto.session_reclaim_mesh.test.decide reports an unreachable origin as retryable, not unknown...OK
3652/8732 proto.session_reclaim_mesh.test.ReplayRing detects a replayed nonce...OK
3653/8732 proto.session_reclaim_mesh.test.ReplayRing contains is pure: probing never records the nonce...OK
3654/8732 proto.session_reclaim_mesh.test.ReplayRing record is idempotent and does not double-fill slots...OK
3655/8732 proto.session_reclaim_mesh.test.non-consuming decisions do not burn the nonce for a later consume...OK
3656/8732 proto.session_reclaim_mesh.test.ReplayRing evicts oldest when capacity is exceeded...OK
3657/8732 proto.session_reclaim_mesh.test.full pipeline: seal, open, replay-track, decide...OK
3658/8732 proto.session_resume_credential.test.session resume credential local form round-trips canonically...OK
3659/8732 proto.session_resume_credential.test.session resume credential mesh form preserves existing sealed hex exactly...OK
3660/8732 proto.session_resume_credential.test.session resume credential rejects malformed trailing noncanonical and zero fields...OK
3661/8732 proto.session_resume_credential.test.session resume credential encoders reject reserved identities and undersized output...OK
3662/8732 proto.session_replica_frame.test.session replica transport OFFER ACK REVOKE and attachment lease round-trip...OK
3663/8732 proto.session_replica_frame.test.attachment session replica transport round-trips every v3 object kind...OK
3664/8732 proto.session_replica_frame.test.session replica transport never guesses or falls back across v2 and v3...OK
3665/8732 proto.session_replica_frame.test.attachment session replica transport binds distinct inner objects to outer kind...OK
3666/8732 proto.session_replica_frame.test.attachment session replica transport rejects all truncation and trailing bytes...OK
3667/8732 proto.session_replica_frame.test.attachment session replica transport rejects malformed identity status and lengths...OK
3668/8732 proto.session_replica_frame.test.session replica transport binds inner object to outer kind...OK
3669/8732 proto.session_replica_frame.test.session replica transport rejects every truncation and trailing bytes...OK
3670/8732 proto.session_replica_frame.test.session replica transport rejects malformed headers lengths and payloads...OK
3671/8732 proto.session_replica_frame.test.session replica transport enforces frame-size bound before allocation or parse...OK
3672/8732 proto.session_replica_frame.test.session replica transport OFFER declared fields are strict and bounded...OK
3673/8732 proto.setname_chghost_notify.test.setname notification exact bytes and cap gating...OK
3674/8732 proto.setname_chghost_notify.test.chghost notification exact bytes and cap gating...OK
3675/8732 proto.setname_chghost_notify.test.account-notify notification exact bytes and cap gating...OK
3676/8732 proto.setname_chghost_notify.test.validation rejects malformed fields...OK
3677/8732 proto.setname_chghost_notify.test.bounded sink reports capacity failures...OK
3678/8732 proto.sframe.test.derive protect unprotect and authenticate...OK
3679/8732 proto.sframe.test.short header encodes and decodes kid and counter...OK
3680/8732 proto.sframe.test.short buffers are rejected...OK
3681/8732 proto.sframe.test.bad and unsupported headers are rejected...OK
3682/8732 proto.signed_delta.test.sign and verify round-trip...OK
3683/8732 proto.signed_delta.test.tampered op hlc and scope fail verification...OK
3684/8732 proto.signed_delta.test.cid is stable and canonical...OK
3685/8732 proto.signed_delta.test.batch verify accepts all valid and rejects any invalid...OK
3686/8732 proto.signed_delta.test.authorizedFor predicate gates apply...OK
3687/8732 proto.signed_delta.test.wire round-trip preserves a verifiable signed delta...OK
3688/8732 proto.signed_delta.test.wire decode reverification rejects tampering and forgery...OK
3689/8732 proto.signed_delta.test.wire decode rejects malformed buffers...OK
3690/8732 proto.signed_delta.test.encodeSigned reports an undersized buffer...OK
3691/8732 proto.signed_delta.test_0...OK
3692/8732 proto.signed_object.test.sign/verify round-trip and signer pinning...OK
3693/8732 proto.signed_object.test.signature is stable across map key ordering...OK
3694/8732 proto.signed_object.test.tampered canonical bytes fail verification...OK
3695/8732 proto.signed_object.test.decodeValue recovers the signed object...OK
3696/8732 proto.silence.test.add remove and list bytes...OK
3697/8732 proto.silence.test.glob silence match is case-insensitive...OK
3698/8732 proto.silence.test.parse plus and minus forms...OK
3699/8732 proto.silence.test.numeric builders emit silence replies...OK
3700/8732 proto.silence.test.limit and buffer bounds...OK
3701/8732 proto.silence.test.addWithLimit overrides the store-wide silence cap per call...OK
3702/8732 proto.silence.test.owner key is case-insensitive so nick-case cannot bypass the ignore...OK
3703/8732 proto.silence.test.no leak after owner removal...OK
3704/8732 proto.silence.test.masksInto enumerates an owner's masks for the Helix upgrade seal...OK
3705/8732 proto.skiplist.test.ordered iteration returns keys in ascending order...OK
3706/8732 proto.skiplist.test.get and remove find existing keys and ignore missing keys...OK
3707/8732 proto.skiplist.test.duplicate key insert updates value without growing map...OK
3708/8732 proto.skiplist.test.clear and deinit release owned nodes without leaks...OK
3709/8732 proto.skiplist.test.max item limit rejects new keys but allows duplicate updates...OK
3710/8732 proto.smtp_client.test.full STARTTLS happy path drives the whole conversation...OK
3711/8732 proto.smtp_client.test.implicit TLS path skips STARTTLS and AUTH...OK
3712/8732 proto.smtp_client.test.AUTH PLAIN base64 is the exact encoding of NUL user NUL pass...OK
3713/8732 proto.smtp_client.test.dot-stuffing doubles a leading dot in a body line...OK
3714/8732 proto.smtp_client.test.auth rejection and rcpt rejection both fail...OK
3715/8732 proto.smtp_client.test.partial reply returns need_more then advances when completed...OK
3716/8732 proto.smtp_client.test.message past the size cap fails instead of truncating...OK
3717/8732 proto.smtp_client.test.oversized chunk that cannot hold a reply fails cleanly...OK
3718/8732 proto.sni.test.returns host_name when server_name extension is present...OK
3719/8732 proto.sni.test.returned slice aliases the input buffer rather than copying...OK
3720/8732 proto.sni.test.returns none when no server_name extension is present...OK
3721/8732 proto.sni.test.returns none when the extensions field is entirely absent...OK
3722/8732 proto.sni.test.finds server_name when it is not the first extension...OK
3723/8732 proto.sni.test.malformed for every truncation length, never panics or reads OOB...OK
3724/8732 proto.sni.test.malformed when input is not a handshake record...OK
3725/8732 proto.sni.test.malformed on empty input...OK
3726/8732 proto.sni.test.accepts a bare handshake message without record framing...OK
3727/8732 proto.sni.test.returns none when host_name length is zero...OK
3728/8732 proto.sni.test.malformed when extension length overruns the buffer...OK
3729/8732 proto.snowflake_id.test.next returns strictly increasing ids across increasing timestamps...OK
3730/8732 proto.snowflake_id.test.next guards against backward timestamps by advancing sequence...OK
3731/8732 proto.snowflake_id.test.next rolls sequence overflow into the next millisecond...OK
3732/8732 proto.snowflake_id.test.parse round-trips generated timestamp node and sequence fields...OK
3733/8732 proto.snowflake_id.test.init rejects node ids outside the encoded field...OK
3734/8732 proto.snowflake_id.test.next reports timestamp overflow before mutating state...OK
3735/8732 proto.socks5.test.greeting and method selection encode decode...OK
3736/8732 proto.socks5.test.username password auth exchange encode decode...OK
3737/8732 proto.socks5.test.connect request round trips ipv4 ipv6 and domain...OK
3738/8732 proto.socks5.test.reply success and failure codes encode decode...OK
3739/8732 proto.socks5.test.truncation and bad versions are rejected...OK
3740/8732 proto.socks5.test.greeting rejects truncation bad version and invalid method counts...OK
3741/8732 proto.srtcp.test.protect then unprotect round-trips the RTCP packet...OK
3742/8732 proto.srtcp.test.unprotect rejects a tampered ciphertext byte...OK
3743/8732 proto.srtcp.test.protect leaves the first 8 RTCP bytes unchanged...OK
3744/8732 proto.srtp.test.KDF matches RFC 3711 Appendix B.3 test vectors...OK
3745/8732 proto.srtp.test.protect then unprotect round-trips the RTP packet...OK
3746/8732 proto.srtp.test.unprotect rejects a tampered packet...OK
3747/8732 proto.standard_replies_emit.test.emit typed FAIL line with context params...OK
3748/8732 proto.standard_replies_emit.test.emit WARN exact bytes...OK
3749/8732 proto.standard_replies_emit.test.append body omits CRLF for caller-framed sinks...OK
3750/8732 proto.standard_replies_emit.test.enforce body length bound...OK
3751/8732 proto.standard_replies_emit.test.validate code tokens without requiring catalog spelling...OK
3752/8732 proto.standard_replies_emit.test.validate command context and strict description...OK
3753/8732 proto.standard_replies_props.test.FAIL and WARN builders return typed errors or valid bounded lines for arbitrary bytes...OK
3754/8732 proto.standard_replies_props.test.caller buffers are respected while enforcing the 512 octet IRC line limit...OK
3755/8732 proto.standard_replies_props.test.valid structured replies parse back to the original command code contexts and rendered description...OK
3756/8732 proto.standard_replies_props.test.catalog code tokens round trip through parseCatalogCode and remain well formed...OK
3757/8732 proto.standard_replies.test.builds FAIL and WARN replies...OK
3758/8732 proto.standard_replies.test.builds replies with context params...OK
3759/8732 proto.standard_replies.test.escapes description controls and enforces length...OK
3760/8732 proto.standard_replies.test.validates command code and context tokens...OK
3761/8732 proto.standard_replies.test.code catalog round-trip...OK
3762/8732 proto.standard_replies.test.caller-owned buffer path uses std.testing.allocator without leaks...OK
3763/8732 proto.state_forge.test.IRC registration follows the legal path...OK
3764/8732 proto.state_forge.test.illegal registration jumps return null...OK
3765/8732 proto.state_forge.test.terminal detection marks states without outgoing transitions...OK
3766/8732 proto.state_forge.test.unreachable states are reported...OK
3767/8732 proto.sts_policy.test.build sts cap value for tls and plaintext redirect forms...OK
3768/8732 proto.sts_policy.test.build sts cap ls token exact bytes...OK
3769/8732 proto.sts_policy.test.parse server sts config into cap value exact bytes...OK
3770/8732 proto.sts_policy.test.parse config validates required policy parts...OK
3771/8732 proto.sts.test.build and parse value round trip...OK
3772/8732 proto.sts.test.policy expiry removes upgrade requirement...OK
3773/8732 proto.sts.test.upgrade decision when policy is present...OK
3774/8732 proto.sts.test.malformed value rejected...OK
3775/8732 proto.sts.test.server advertisement helper writes cap token...OK
3776/8732 proto.sts.test.secure duration zero clears policy...OK
3777/8732 proto.sts.test.unknown tokens are ignored...OK
3778/8732 proto.sts.test.fixed policy store supports comptime capacities...OK
3779/8732 proto.stun_ice_attrs.test.PRIORITY encodes and decodes u32...OK
3780/8732 proto.stun_ice_attrs.test.ICE-CONTROLLING and ICE-CONTROLLED round-trip u64 tie-breakers...OK
3781/8732 proto.stun_ice_attrs.test.USE-CANDIDATE encodes a zero-length attribute...OK
3782/8732 proto.stun_ice_attrs.test.computePriority matches RFC formula for host component one...OK
3783/8732 proto.stun_ice_attrs.test.findAttr locates PRIORITY in a synthesized STUN message...OK
3784/8732 proto.stun_ice_attrs.test.short fixed-width values are truncated...OK
3785/8732 proto.stun.test.header round-trip...OK
3786/8732 proto.stun.test.XOR-MAPPED-ADDRESS encode/decode for IPv4 verifies transform...OK
3787/8732 proto.stun.test.XOR-MAPPED-ADDRESS encode/decode for IPv6 verifies transform...OK
3788/8732 proto.stun.test.attribute padding is encoded and skipped...OK
3789/8732 proto.stun.test.MESSAGE-INTEGRITY compute and verify rejects tampering...OK
3790/8732 proto.stun.test.FINGERPRINT compute and verify rejects tampering...OK
3791/8732 proto.stun.test.truncation and bad-cookie errors...OK
3792/8732 proto.supported_groups.test.build then parse round-trips common TLS groups in order...OK
3793/8732 proto.supported_groups.test.known answer vector encodes RFC named group registry values...OK
3794/8732 proto.supported_groups.test.offers finds an offered group and misses an unoffered one...OK
3795/8732 proto.supported_groups.test.selectPreferred returns the first server preference present in client list...OK
3796/8732 proto.supported_groups.test.selectPreferred returns null when no server preference is offered...OK
3797/8732 proto.supported_groups.test.parse rejects a declared length mismatch...OK
3798/8732 proto.supported_groups.test.parse rejects an odd-length group list...OK
3799/8732 proto.supported_groups.test.parse rejects a truncated block with no full length prefix...OK
3800/8732 proto.supported_groups.test.unknown group code is preserved through parse and offers...OK
3801/8732 proto.supported_groups.test.iterator remaining counts groups without advancing...OK
3802/8732 proto.supported_groups.test.build reports NoSpaceLeft when the buffer is too small...OK
3803/8732 proto.supported_groups.test.build reports TooManyGroups for an oversized list...OK
3804/8732 proto.supported_groups.test.offers and selectPreferred return falsey results on malformed blocks...OK
3805/8732 proto.supported_groups.test.empty group list round-trips...OK
3806/8732 proto.supported_groups.test.NamedGroup enum values match their wire codes...OK
3807/8732 proto.tls12_extensions.test.ec_point_formats round-trips multiple format octets in order...OK
3808/8732 proto.tls12_extensions.test.ec_point_formats known vector for uncompressed only...OK
3809/8732 proto.tls12_extensions.test.supportsUncompressed accepts only well-formed blocks containing format zero...OK
3810/8732 proto.tls12_extensions.test.ec_point_formats rejects empty list, truncation, trailing data, and oversize build...OK
3811/8732 proto.tls12_extensions.test.renegotiation_info initial handshake known vector parses as empty verify bytes...OK
3812/8732 proto.tls12_extensions.test.renegotiation_info round-trips verify bytes...OK
3813/8732 proto.tls12_extensions.test.renegotiation_info builds the empty initial-handshake vector...OK
3814/8732 proto.tls12_extensions.test.renegotiation_info rejects truncation, trailing data, oversize, and short output...OK
3815/8732 proto.tls12_extensions.test.SessionTicket round-trips an opaque ticket body...OK
3816/8732 proto.tls12_extensions.test.SessionTicket encodes and parses the empty signalling body...OK
3817/8732 proto.tls12_extensions.test.SessionTicket build reports NoSpaceLeft when the output is too small...OK
3818/8732 proto.tls12_handshake.test.parseClientHello aliases vectors and iterates suites and extensions...OK
3819/8732 proto.tls12_handshake.test.encodeServerHello round trips through parser and extension iterator...OK
3820/8732 proto.tls12_handshake.test.encodeCertificate writes known body bytes and parser iterates entries...OK
3821/8732 proto.tls12_handshake.test.server hello done and finished encode known message bodies...OK
3822/8732 proto.tls12_handshake.test.new_session_ticket round-trips lifetime and opaque ticket...OK
3823/8732 proto.tls12_handshake.test.new_session_ticket parser rejects truncation and trailing bytes...OK
3824/8732 proto.tls12_handshake.test.wrapHandshake and parseHandshakeHeader round trip known vector...OK
3825/8732 proto.tls12_handshake.test.parsers reject truncation, trailing bytes, and malformed vector lengths...OK
3826/8732 proto.tls12_handshake.test.encoders report NoSpaceLeft and oversize inputs...OK
3827/8732 proto.tls12_key_exchange.test.ServerKeyExchange encode -> parse round-trip...OK
3828/8732 proto.tls12_key_exchange.test.ClientKeyExchange encode -> parse round-trip...OK
3829/8732 proto.tls12_key_exchange.test.signedParams layout has client_random first then server_random...OK
3830/8732 proto.tls12_key_exchange.test.truncated ServerKeyExchange yields error.Truncated...OK
3831/8732 proto.tls12_key_exchange.test.truncated ClientKeyExchange yields error.Truncated...OK
3832/8732 proto.tls12_key_exchange.test.non-named curve_type is rejected...OK
3833/8732 proto.tls12_key_exchange.test.builders report NoSpaceLeft when buffer is too small...OK
3834/8732 proto.tls12_prf.test.prfSha256 fills the requested output length exactly...OK
3835/8732 proto.tls12_prf.test.P_SHA256 A() iteration matches a raw-HMAC re-derivation...OK
3836/8732 proto.tls12_prf.test.prfSha384 single-block output equals one raw HMAC-SHA384 block...OK
3837/8732 proto.tls12_prf.test.masterSecret produces 48 bytes and is deterministic...OK
3838/8732 proto.tls12_prf.test.masterSecret equals direct PRF("master secret", cr||sr)...OK
3839/8732 proto.tls12_prf.test.keyBlock fills an arbitrary length and uses server||client seed order...OK
3840/8732 proto.tls12_prf.test.verifyData is deterministic and differs for client vs server label...OK
3841/8732 proto.tls12_record.test.AES-GCM round-trip recovers plaintext for both key sizes...OK
3842/8732 proto.tls12_record.test.AES-128-GCM explicit-nonce framing is correct...OK
3843/8732 proto.tls12_record.test.AES-128-GCM tampered tag yields AuthFailed...OK
3844/8732 proto.tls12_record.test.AES-128-GCM sequence-number mismatch yields AuthFailed...OK
3845/8732 proto.tls12_record.test.ChaCha20-Poly1305 round-trip with no explicit nonce on the wire...OK
3846/8732 proto.tls12_record.test.ChaCha20-Poly1305 content-type mismatch yields AuthFailed...OK
3847/8732 proto.tls12_record.test.nonce derivation: AES-GCM is salt||explicit and ChaCha is IV xor seq...OK
3848/8732 proto.tls_alert.test.encode then parse round-trips a warning close_notify...OK
3849/8732 proto.tls_alert.test.encode then parse round-trips a fatal handshake_failure...OK
3850/8732 proto.tls_alert.test.encode reports NoSpaceLeft when the output buffer is too small...OK
3851/8732 proto.tls_alert.test.parse rejects input that is not exactly two bytes...OK
3852/8732 proto.tls_alert.test.parse rejects an unrecognised level byte...OK
3853/8732 proto.tls_alert.test.parse maps an unknown description code to the unknown variant without crashing...OK
3854/8732 proto.tls_alert.test.isUnknown is false for every named description...OK
3855/8732 proto.tls_alert.test.isFatal is true for fatal-level alerts...OK
3856/8732 proto.tls_alert.test.isFatal is true for close_notify even at warning level...OK
3857/8732 proto.tls_alert.test.isFatal is false for a non-close warning alert...OK
3858/8732 proto.tls_alpn.test.Builder round-trips a two-name list parsed back by Iterator...OK
3859/8732 proto.tls_alpn.test.wire layout matches RFC 7301 framing...OK
3860/8732 proto.tls_alpn.test.contains reports membership and non-membership...OK
3861/8732 proto.tls_alpn.test.empty and oversized names are rejected by the Builder...OK
3862/8732 proto.tls_alpn.test.an empty name on the wire is rejected by the Iterator...OK
3863/8732 proto.tls_alpn.test.truncated body yields Truncated from fromBlock...OK
3864/8732 proto.tls_alpn.test.name running past the body yields Truncated from next...OK
3865/8732 proto.tls_alpn.test.buildSingle rejects an empty name...OK
3866/8732 proto.tls_alpn.test.Builder reports NoSpaceLeft when the buffer is exhausted...OK
3867/8732 proto.tls_cert_message.test.encodeCertificate writes known server certificate message bytes...OK
3868/8732 proto.tls_cert_message.test.parseCertificate iterates DER slices and skips entry extensions...OK
3869/8732 proto.tls_cert_message.test.encodeCertificate and parseCertificate round trip empty and non-empty chains...OK
3870/8732 proto.tls_cert_message.test.parseCertificate rejects top-level truncation and trailing bytes...OK
3871/8732 proto.tls_cert_message.test.CertificateIterator rejects truncated entry fields...OK
3872/8732 proto.tls_cert_message.test.encodeCertificate reports small output and oversized vectors...OK
3873/8732 proto.tls_cert_message.test.encodeCertificateVerify writes known bytes and parser aliases signature...OK
3874/8732 proto.tls_cert_message.test.parseCertificateVerify rejects truncation and trailing bytes...OK
3875/8732 proto.tls_cert_message.test.encodeCertificateVerify reports small output and oversized signature...OK
3876/8732 proto.tls_cert_message.test.signedContent builds known server and client inputs...OK
3877/8732 proto.tls_cert_message.test.signedContent reports NoSpaceLeft...OK
3878/8732 proto.tls_cookie.test.parse returns cookie from known-answer extension data...OK
3879/8732 proto.tls_cookie.test.build writes known-answer extension data...OK
3880/8732 proto.tls_cookie.test.build and parse round trip empty cookie...OK
3881/8732 proto.tls_cookie.test.build and parse round trip maximum-length cookie...OK
3882/8732 proto.tls_cookie.test.parse rejects missing or partial length prefix...OK
3883/8732 proto.tls_cookie.test.parse rejects truncated cookie body...OK
3884/8732 proto.tls_cookie.test.parse rejects trailing bytes after declared cookie...OK
3885/8732 proto.tls_cookie.test.build rejects output buffer with no room for length prefix...OK
3886/8732 proto.tls_cookie.test.build rejects output buffer too small for cookie body...OK
3887/8732 proto.tls_cookie.test.build rejects cookie longer than uint16 vector limit...OK
3888/8732 proto.tls_extension.test.Builder round-trips two extensions parsed back by Iterator...OK
3889/8732 proto.tls_extension.test.find locates supported_versions and returns null for absent type...OK
3890/8732 proto.tls_extension.test.truncated block returns error from Iterator.fromBlock...OK
3891/8732 proto.tls_extension.test.truncated entry data inside a valid-length block errors on next...OK
3892/8732 proto.tls_extension.test.empty block yields zero iterations...OK
3893/8732 proto.tls_extension.test.unknown extension type is preserved as a raw u16...OK
3894/8732 proto.tls_extension.test.Builder reports NoSpaceLeft when buffer is exhausted...OK
3895/8732 proto.tls_extension.test.fromInt and isKnown agree for named and unnamed types...OK
3896/8732 proto.tls_extension.test.certificate_type extension types are named and known (RFC 7250)...OK
3897/8732 proto.tls_extension.test.certificate_type offer list round-trips through the list parser...OK
3898/8732 proto.tls_extension.test.parseSelectedCertType reads one server selection and rejects bad framing...OK
3899/8732 proto.tls_extension.test.buildCertTypeList and parseCertTypeList are fail-closed on empty and mismatched lengths...OK
3900/8732 proto.tls_extension.test.buildCertTypeList reports NoSpaceLeft when the buffer cannot hold the vector...OK
3901/8732 proto.tls_finished.test.finishedKey is deterministic for a fixed input...OK
3902/8732 proto.tls_finished.test.finishedKey differs from the base key it is derived from...OK
3903/8732 proto.tls_finished.test.finishedKey reuses the shared key schedule primitive...OK
3904/8732 proto.tls_finished.test.SHA-384 Finished surface produces 48-byte verify_data...OK
3905/8732 proto.tls_finished.test.verifyData round-trips with verify returning true...OK
3906/8732 proto.tls_finished.test.tampered MAC fails verification...OK
3907/8732 proto.tls_finished.test.verify rejects a wrong-length received MAC...OK
3908/8732 proto.tls_finished.test.verifyData changes when the transcript hash changes...OK
3909/8732 proto.tls_finished.test.verify uses a constant-time comparison...OK
3910/8732 proto.tls_keyshare.test.client list round-trip with two entries...OK
3911/8732 proto.tls_keyshare.test.server share round-trip...OK
3912/8732 proto.tls_keyshare.test.truncated inputs yield error.Truncated...OK
3913/8732 proto.tls_keyshare.test.unknown group preserved as raw u16...OK
3914/8732 proto.tls_keyshare.test.builder reports NoSpaceLeft when buffer is too small...OK
3915/8732 proto.tls_key_update.test.encode produces the canonical 5-byte not_requested message...OK
3916/8732 proto.tls_key_update.test.encode produces the canonical 5-byte requested message...OK
3917/8732 proto.tls_key_update.test.encode round-trips both variants through parse...OK
3918/8732 proto.tls_key_update.test.encode rejects an undersized output buffer...OK
3919/8732 proto.tls_key_update.test.parse rejects a wrong msg_type...OK
3920/8732 proto.tls_key_update.test.parse rejects a wrong length...OK
3921/8732 proto.tls_key_update.test.parse rejects a truncated message...OK
3922/8732 proto.tls_key_update.test.parse rejects an out-of-range request byte...OK
3923/8732 proto.tls_key_update.test.parse ignores trailing bytes after the message...OK
3924/8732 proto.tls_key_update.test.nextApplicationSecret is deterministic for a fixed input...OK
3925/8732 proto.tls_key_update.test.nextApplicationSecret matches the HKDF-Expand-Label definition...OK
3926/8732 proto.tls_key_update.test.nextApplicationSecret changes the secret and ratchets forward...OK
3927/8732 proto.tls_psk.test.known-answer client pre_shared_key payload parses and exposes binder offset...OK
3928/8732 proto.tls_psk.test.buildClientPsk round-trips multiple identities and binders...OK
3929/8732 proto.tls_psk.test.parseClientPsk rejects every truncation of a non-empty payload...OK
3930/8732 proto.tls_psk.test.parseClientPsk rejects malformed identity and binder list bodies...OK
3931/8732 proto.tls_psk.test.parseClientPsk rejects trailing bytes after binder list...OK
3932/8732 proto.tls_psk.test.buildClientPsk reports caller buffer and vector size errors...OK
3933/8732 proto.tls_psk.test.buildClientPsk reports aggregate identity and binder list overflow...OK
3934/8732 proto.tls_psk.test.known-answer server pre_shared_key payload builds and parses selected identity...OK
3935/8732 proto.tls_psk.test.server pre_shared_key parser and builder reject bad lengths...OK
3936/8732 proto.tls_session_ticket.test.encode and parse round trip preserves all NewSessionTicket fields...OK
3937/8732 proto.tls_session_ticket.test.parse rejects every truncation of a non-empty NewSessionTicket...OK
3938/8732 proto.tls_session_ticket.test.parse accepts empty ticket_nonce and extensions...OK
3939/8732 proto.tls_session_ticket.test.encode writes empty ticket_nonce and extensions with zero lengths...OK
3940/8732 proto.tls_session_ticket.test.encode rejects an output buffer without enough space...OK
3941/8732 proto.tls_session_ticket.test.parse rejects trailing bytes after extensions vector...OK
3942/8732 proto.tls_session_ticket.test.obfuscatedAge adds modulo 2 to the 32nd power...OK
3943/8732 proto.tls_session_ticket.test.obfuscatedAge uses low 32 bits of large millisecond ages...OK
3944/8732 proto.tls_signature_scheme.test.build then parse round-trips [ed25519, ecdsa] in order...OK
3945/8732 proto.tls_signature_scheme.test.offers finds an offered scheme and misses an unoffered one...OK
3946/8732 proto.tls_signature_scheme.test.parse rejects a declared length mismatch...OK
3947/8732 proto.tls_signature_scheme.test.parse rejects an odd-length scheme list...OK
3948/8732 proto.tls_signature_scheme.test.parse rejects a truncated block with no full length prefix...OK
3949/8732 proto.tls_signature_scheme.test.unknown scheme code is preserved through parse...OK
3950/8732 proto.tls_signature_scheme.test.build reports NoSpaceLeft when the buffer is too small...OK
3951/8732 proto.tls_signature_scheme.test.offers returns false on a malformed block...OK
3952/8732 proto.tls_signature_scheme.test.empty scheme list round-trips...OK
3953/8732 proto.tls_signature_scheme.test.SignatureScheme enum values match the IANA wire codes...OK
3954/8732 proto.tls_supported_versions.test.client list round-trips [tls13, tls12] in order...OK
3955/8732 proto.tls_supported_versions.test.clientOffers finds tls13 and misses an unoffered version...OK
3956/8732 proto.tls_supported_versions.test.server single version round-trips...OK
3957/8732 proto.tls_supported_versions.test.iterator remaining counts versions without advancing...OK
3958/8732 proto.tls_supported_versions.test.parseClient rejects a length mismatch...OK
3959/8732 proto.tls_supported_versions.test.parseClient rejects an odd-length version list...OK
3960/8732 proto.tls_supported_versions.test.parseClient rejects an empty block (no length byte)...OK
3961/8732 proto.tls_supported_versions.test.parseServer rejects a body that is not exactly two bytes...OK
3962/8732 proto.tls_supported_versions.test.buildClient reports NoSpaceLeft when the buffer is too small...OK
3963/8732 proto.tls_supported_versions.test.buildServer reports NoSpaceLeft when the buffer is too small...OK
3964/8732 proto.tls_supported_versions.test.clientOffers returns false on a malformed block...OK
3965/8732 proto.tls_transcript.test.hashOf of messages equals Sha256 of their concatenation...OK
3966/8732 proto.tls_transcript.test.incremental update + current() at two points matches hashOf of the prefix...OK
3967/8732 proto.tls_transcript.test.current() does not disturb later updates...OK
3968/8732 proto.tls_transcript.test.empty transcript current() equals Sha256 of empty input...OK
3969/8732 proto.tls_transcript.test.current() is repeatable and idempotent...OK
3970/8732 proto.topic_event.test.topic event round-trips a set topic...OK
3971/8732 proto.topic_event.test.topic event round-trips a cleared topic...OK
3972/8732 proto.topic_event.test.topic event rejects malformed input...OK
3973/8732 proto.topic_event.test.topic event enforces bounds...OK
3974/8732 proto.topic_tag.test.validateLabel accepts sane labels and rejects hostile ones...OK
3975/8732 proto.topic_tag.test.rawValue / present find the topic tag in a client-only segment...OK
3976/8732 proto.topic_tag.test.labelFromTags decodes escapes, validates, and bounds length...OK
3977/8732 proto.topic_tag.test.stripTag removes only the topic tag and preserves order...OK
3978/8732 proto.topic_tag.test.registry add/list is bounded and idempotent...OK
3979/8732 proto.topic_tag.test.registry label-count cap rejects overflow...OK
3980/8732 proto.topic_tag.test.validRegistryValue mirrors label validation and bounds...OK
3981/8732 proto.trace.test.TRACE class lines and end...OK
3982/8732 proto.trace.test.ETRACE line...OK
3983/8732 proto.trace.test.TRACE client and server lines...OK
3984/8732 proto.trace.test.TRACE rejects unsafe params...OK
3985/8732 proto.twcc_feedback.test.build then parse round-trips header fields...OK
3986/8732 proto.twcc_feedback.test.iterator yields sequence, status, and quantized deltas...OK
3987/8732 proto.twcc_feedback.test.mixed run of received and not-received...OK
3988/8732 proto.twcc_feedback.test.long run-length chunk exceeding pending buffer...OK
3989/8732 proto.twcc_feedback.test.parse rejects truncated buffer...OK
3990/8732 proto.twcc_feedback.test.build rejects bad format and insufficient deltas...OK
3991/8732 proto.twcc_feedback.test.build rejects undersized output buffer...OK
3992/8732 proto.url_parse.test.parse full https URL with all components...OK
3993/8732 proto.url_parse.test.parse scheme and host only...OK
3994/8732 proto.url_parse.test.parse explicit port...OK
3995/8732 proto.url_parse.test.parse bracketed IPv6 host without port...OK
3996/8732 proto.url_parse.test.parse bracketed IPv6 host with port...OK
3997/8732 proto.url_parse.test.parse IPv4 literal host...OK
3998/8732 proto.url_parse.test.parse query without fragment...OK
3999/8732 proto.url_parse.test.parse fragment without query...OK
4000/8732 proto.url_parse.test.parse fragment containing question mark stays in fragment...OK
4001/8732 proto.url_parse.test.parse userinfo without password...OK
4002/8732 proto.url_parse.test.parse empty query and fragment markers...OK
4003/8732 proto.url_parse.test.scheme comparison and defaults are case-insensitive...OK
4004/8732 proto.url_parse.test.effectivePort prefers explicit port over default...OK
4005/8732 proto.url_parse.test.effectivePort falls back to scheme default...OK
4006/8732 proto.url_parse.test.defaultPort known and unknown schemes...OK
4007/8732 proto.url_parse.test.borrowed slices point into the original input...OK
4008/8732 proto.url_parse.test.error: missing scheme separator...OK
4009/8732 proto.url_parse.test.error: empty scheme...OK
4010/8732 proto.url_parse.test.error: scheme starting with digit...OK
4011/8732 proto.url_parse.test.error: scheme with illegal character...OK
4012/8732 proto.url_parse.test.error: empty host...OK
4013/8732 proto.url_parse.test.error: empty host before port...OK
4014/8732 proto.url_parse.test.error: illegal character in host...OK
4015/8732 proto.url_parse.test.error: unterminated IPv6 bracket...OK
4016/8732 proto.url_parse.test.error: bracketed host without colon is not IPv6...OK
4017/8732 proto.url_parse.test.error: junk between IPv6 bracket and port...OK
4018/8732 proto.url_parse.test.error: non-numeric port...OK
4019/8732 proto.url_parse.test.error: empty port...OK
4020/8732 proto.url_parse.test.error: port out of range...OK
4021/8732 proto.url_parse.test.port at the u16 boundary is accepted...OK
4022/8732 proto.url_parse.test.error: input exceeding max length...OK
4023/8732 proto.url_parse.test.input at exactly max length is allowed...OK
4024/8732 proto.url_parse.test.userinfo with multiple @ uses the last as delimiter...OK
4025/8732 proto.url_parse.test.host-only authority with trailing query...OK
4026/8732 proto.userip.test.USERIP builds reply bytes...OK
4027/8732 proto.userip.test.USERIP renders oper and away flags...OK
4028/8732 proto.userip.test.USERIP builds multi-nick reply...OK
4029/8732 proto.userip.test.USERIP parses command target list...OK
4030/8732 proto.userip.test.USERIP parser accepts bare arg list and enforces five targets...OK
4031/8732 proto.userip.test.USERIP rejects invalid identities and tiny output...OK
4032/8732 proto.usermode.test.parse and apply mixed add remove mode string...OK
4033/8732 proto.usermode.test.reject setting read-only modes from client...OK
4034/8732 proto.usermode.test.serialize round-trip...OK
4035/8732 proto.usermode.test.bot mode reflected in set and serialized output...OK
4036/8732 proto.usermode.test.no-forward umode (+Q) round-trips and is client-writable...OK
4037/8732 proto.usermode.test.media user modes expose server-managed transmit deny and client privacy...OK
4038/8732 proto.usermode.test.override user mode uses non-colliding +j catalog letter...OK
4039/8732 proto.usermode.test.unknown mode rejected...OK
4040/8732 proto.usermode.test.output and change buffers are bounded...OK
4041/8732 proto.utf8_guard.test.valid utf8 message bodies pass...OK
4042/8732 proto.utf8_guard.test.invalid bytes are rejected and fail bytes are built...OK
4043/8732 proto.utf8_guard.test.isupport token...OK
4044/8732 proto.utf8_only.test.validates one parameter and a parameter set...OK
4045/8732 proto.utf8_only.test.rejects malformed utf8 parameters...OK
4046/8732 proto.utf8_only.test.parameter limits apply...OK
4047/8732 proto.utf8_only.test.builds isupport utf8only token...OK
4048/8732 proto.utf8_only.test.isupport token builder reports output too small...OK
4049/8732 proto.utf8_only.test.builds invalid utf8 fail with default description...OK
4050/8732 proto.utf8_only.test.builds invalid utf8 fail with custom description and wildcard command...OK
4051/8732 proto.utf8_only.test.fail builder reports output too small...OK
4052/8732 proto.utf8_only.test.fail builder validates command and description...OK
4053/8732 proto.utf8_only.test.cap-gated standard-replies recipient selection...OK
4054/8732 proto.utf8_only.test.recipient sink reports too many recipients...OK
4055/8732 proto.utf8_width.test.ascii codepoints and strings are width one per char...OK
4056/8732 proto.utf8_width.test.nul codepoint is width zero...OK
4057/8732 proto.utf8_width.test.combining marks are width zero...OK
4058/8732 proto.utf8_width.test.cjk and emoji codepoints are width two...OK
4059/8732 proto.utf8_width.test.mixed-width string measurement...OK
4060/8732 proto.utf8_width.test.truncation cuts on codepoint boundary...OK
4061/8732 proto.utf8_width.test.wide codepoint never split at the limit...OK
4062/8732 proto.utf8_width.test.combining marks do not consume truncation budget...OK
4063/8732 proto.utf8_width.test.invalid bytes count as width one...OK
4064/8732 proto.utf8_width.test.truncation with invalid bytes stays on byte boundary...OK
4065/8732 proto.utf8_width.test.range tables remain sorted and non-overlapping...OK
4066/8732 proto.uuid.test.format and parse round trip for generated v4 canonical text...OK
4067/8732 proto.uuid.test.parse accepts uppercase input and format canonicalizes lowercase...OK
4068/8732 proto.uuid.test.generation sets version and variant bits for v4 and v7...OK
4069/8732 proto.uuid.test.v7 timestamp order sorts by raw bytes and canonical text...OK
4070/8732 proto.uuid.test.parse rejects malformed canonical text...OK
4071/8732 proto.uuid.test.generation rejects wrong random byte counts and oversized v7 timestamp...OK
4072/8732 proto.uuid.test.format returns output too small without writing past caller storage...OK
4073/8732 proto.varint.test.encodedLenU64 matches known boundaries...OK
4074/8732 proto.varint.test.unsigned round-trips at canonical boundaries...OK
4075/8732 proto.varint.test.encodeU64 produces expected bytes for 0 127 128 300...OK
4076/8732 proto.varint.test.maxInt(u64) occupies exactly max_len bytes...OK
4077/8732 proto.varint.test.decodeU64 ignores trailing bytes and reports consumed length...OK
4078/8732 proto.varint.test.decodeU64 rejects truncated input...OK
4079/8732 proto.varint.test.decodeU64 rejects overlong encodings...OK
4080/8732 proto.varint.test.decodeU64 accepts boundary 10-byte encoding of maxInt...OK
4081/8732 proto.varint.test.encodeU64 rejects buffers that are too small...OK
4082/8732 proto.varint.test.zigzag mapping matches the canonical small-magnitude ordering...OK
4083/8732 proto.varint.test.signed round-trips across positives negatives and extremes...OK
4084/8732 proto.varint.test.small negatives encode compactly via zigzag...OK
4085/8732 proto.varint.test.minInt(i64) encodes to max_len bytes and round-trips...OK
4086/8732 proto.varint.test.decodeI64 propagates truncation and overflow errors...OK
4087/8732 proto.vp8_payload.test.minimal descriptor – no extension, no S bit...OK
4088/8732 proto.vp8_payload.test.minimal descriptor – S=1, PID=3...OK
4089/8732 proto.vp8_payload.test.minimal descriptor round-trip...OK
4090/8732 proto.vp8_payload.test.extended descriptor – 7-bit PictureID round-trip...OK
4091/8732 proto.vp8_payload.test.extended descriptor – 15-bit PictureID round-trip...OK
4092/8732 proto.vp8_payload.test.extended descriptor – PictureID boundary values...OK
4093/8732 proto.vp8_payload.test.extended descriptor – TL0PICIDX + TID/Y/KEYIDX round-trip...OK
4094/8732 proto.vp8_payload.test.extended descriptor – TID only, no PictureID or TL0PICIDX...OK
4095/8732 proto.vp8_payload.test.S bit and PID field...OK
4096/8732 proto.vp8_payload.test.keyframe detection – keyframe (P=0)...OK
4097/8732 proto.vp8_payload.test.keyframe detection – interframe (P=1)...OK
4098/8732 proto.vp8_payload.test.keyframe detection – non-zero PID, not a key check point...OK
4099/8732 proto.vp8_payload.test.keyframe detection – S=0, returns false regardless...OK
4100/8732 proto.vp8_payload.test.keyframe detection – with extended descriptor...OK
4101/8732 proto.vp8_payload.test.truncation – empty input...OK
4102/8732 proto.vp8_payload.test.truncation – X set but no extension byte...OK
4103/8732 proto.vp8_payload.test.truncation – I set but no PictureID byte...OK
4104/8732 proto.vp8_payload.test.truncation – 15-bit PictureID missing second byte...OK
4105/8732 proto.vp8_payload.test.truncation – L set but no TL0PICIDX byte...OK
4106/8732 proto.vp8_payload.test.truncation – T/K set but no TID byte...OK
4107/8732 proto.vp8_payload.test.keyframe detection – payload truncated after descriptor...OK
4108/8732 proto.vp8_payload.test.reserved bit in mandatory byte – bit 6...OK
4109/8732 proto.vp8_payload.test.reserved bit in mandatory byte – bit 3...OK
4110/8732 proto.vp8_payload.test.reserved bits in extension byte...OK
4111/8732 proto.vp8_payload.test.build – output buffer too small...OK
4112/8732 proto.vp8_payload.test.deterministic – same input gives same output...OK
4113/8732 proto.vp8_payload.test.full round-trip – all fields present...OK
4114/8732 proto.weather_units.test.country code maps to the right unit system...OK
4115/8732 proto.weather_units.test.temperature renders per system...OK
4116/8732 proto.weather_units.test.wind renders per system, including the UK mph quirk...OK
4117/8732 proto.weather_units.test.precip renders per system...OK
4118/8732 proto.weather_units.test.renderLine produces a localized one-liner...OK
4119/8732 proto.weather_units.test.renderLine omits an empty description...OK
4120/8732 proto.weather_units.test.resolveSystem honors override then country...OK
4121/8732 proto.weather_units.test.parseForecast reads key=value source and renders localized...OK
4122/8732 proto.websocket_props.test.handshake accepts canonical request and rejects malformed requests with typed errors...OK
4123/8732 proto.websocket_props.test.frame parser accepts arbitrary bytes or returns typed errors...OK
4124/8732 proto.websocket_props.test.masked client frames round trip generated payloads...OK
4125/8732 proto.websocket_props.test.incremental prefixes are truncated until they match whole-frame decode...OK
4126/8732 proto.websocket_props.test.fragmented message frames decode identically when bytes arrive incrementally...OK
4127/8732 proto.websocket_props.test.oversized and unmasked client frames reject without crashing...OK
4128/8732 proto.websocket_props.test.decoded payload slices stay within input or caller output buffers...OK
4129/8732 proto.websocket.test.canonical RFC 6455 handshake example...OK
4130/8732 proto.websocket.test.handshake selects text.ircv3.net from comma and OWS protocol offers...OK
4131/8732 proto.websocket.test.handshake never echoes absent or unrelated valid subprotocol offers...OK
4132/8732 proto.websocket.test.handshake rejects malformed subprotocol lists...OK
4133/8732 proto.websocket.test.handshake recognizes text.ircv3.net across repeated protocol headers...OK
4134/8732 proto.websocket.test.handshake selects the first supported offered subprotocol...OK
4135/8732 proto.websocket.test.handshake selects Onyx media when the client offers it first...OK
4136/8732 proto.websocket.test.handshake rejects malformed and missing required headers...OK
4137/8732 proto.websocket.test.known RFC masked frame decodes expected payload...OK
4138/8732 proto.websocket.test.masked and unmasked frames round trip...OK
4139/8732 proto.websocket.test.extended length frame round trips...OK
4140/8732 proto.websocket.test.oversize truncated and unmasked client frames are rejected...OK
4141/8732 proto.websocket.test.invalid control and length encodings are rejected...OK
4142/8732 proto.websocket.test.deframer reassembles a frame split across arbitrary feeds...OK
4143/8732 proto.websocket.test.deframer pops multiple frames from one feed and tracks fragmentation...OK
4144/8732 proto.websocket.test.deframer rejects fragmentation-state violations and unmasked frames...OK
4145/8732 proto.websocket.test.deframer surfaces close and pong and rejects oversize declared frames...OK
4146/8732 proto.websocket.test.deframer accepts a large binary media frame above the IRC-line limit...OK
4147/8732 proto.websocket.test.irc line helper extracts complete lines only...OK
4148/8732 proto.webtransport.test.QUIC varint canonical encoding is deterministic...OK
4149/8732 proto.webtransport.test.QUIC varint rejects non-minimal and oversized forms...OK
4150/8732 proto.webtransport.test.QUIC varint reports truncation and trailing bytes...OK
4151/8732 proto.webtransport.test.HTTP capsules round-trip individual records and sequences...OK
4152/8732 proto.webtransport.test.HTTP capsules reject malformed lengths and trailing records...OK
4153/8732 proto.webtransport.test.WebTransport datagram framing round-trips quarter-stream id and payload...OK
4154/8732 proto.webtransport.test.Session id model maps to and from quarter-stream ids...OK
4155/8732 proto.webtransport.test.Session datagram framing round-trips through the session model...OK
4156/8732 proto.webtransport.test.Stream signal framing encodes and decodes known stream types...OK
4157/8732 proto.webtransport.test.Stream signal framing rejects truncation trailing bytes and invalid sessions...OK
4158/8732 proto.whisper_cmd.test.parse single target WHISPER command...OK
4159/8732 proto.whisper_cmd.test.parse multi target WHISPER command...OK
4160/8732 proto.whisper_cmd.test.build relay bytes for each target...OK
4161/8732 proto.whisper_cmd.test.malformed WHISPER commands are rejected...OK
4162/8732 proto.whisper.test.parse multi-recipient whisper args...OK
4163/8732 proto.whisper.test.malformed whisper args and attacker bytes are rejected...OK
4164/8732 proto.whisper.test.nowhisper denied before recipient selection...OK
4165/8732 proto.whisper.test.sender must be on channel...OK
4166/8732 proto.whisper.test.non-member recipient skipped...OK
4167/8732 proto.whisper.test.whisper line format...OK
4168/8732 proto.whisper.test.numeric builders emit required codes...OK
4169/8732 proto.whisper.test.builders validate bytes and output size...OK
4170/8732 proto.whisper.test.recipient and text limits are enforced...OK
4171/8732 proto.whisper.test.member tiers preserve Onyx Server ordering...OK
4172/8732 proto.whois_extra.test.builds WHOIS secure 671...OK
4173/8732 proto.whois_extra.test.builds WHOIS secure 671 with negotiated cipher...OK
4174/8732 proto.whois_extra.test.builds WHOIS certfp 276...OK
4175/8732 proto.whois_extra.test.builds WHOIS actually 338...OK
4176/8732 proto.whois_extra.test.builds WHOIS idle 317...OK
4177/8732 proto.who_props.test.WHOX selector parser returns selectors or typed errors for arbitrary bytes...OK
4178/8732 proto.who_props.test.valid WHOX selectors preserve field order and query slices...OK
4179/8732 proto.who_props.test.WHO reply builders respect buffer bounds for deterministic generated contexts...OK
4180/8732 proto.who_props.test.WHO flags render H or G, oper marker, and channel prefixes exactly...OK
4181/8732 proto.who_props.test.parsed request slices stay within caller input tokens...OK
4182/8732 proto.whowas_reply.test.single entry emits 314 optional 312 and 369...OK
4183/8732 proto.whowas_reply.test.multi entry response is capped in caller order...OK
4184/8732 proto.whowas_reply.test.no history emits 406 and 369...OK
4185/8732 proto.whowas_reply.test.individual line format matches WHOWAS numerics...OK
4186/8732 proto.whowas_reply.test.invalid bytes and limits are rejected without panic...OK
4187/8732 proto.who.test.classic WHO 352 format...OK
4188/8732 proto.who.test.WHOX field selection 354...OK
4189/8732 proto.who.test.flags include away oper and channel prefix...OK
4190/8732 proto.who.test.flags omit hidden oper marker when oper flag is false...OK
4191/8732 proto.who.test.end-of-who...OK
4192/8732 proto.who.test.bad selector rejected...OK
4193/8732 proto.who.test.comptime selector matches runtime field order...OK
4194/8732 proto.whox.test.parse selector with token...OK
4195/8732 proto.whox.test.parse selector without token...OK
4196/8732 proto.whox.test.build full requested-order 354 line...OK
4197/8732 proto.whox.test.build subset 354 line...OK
4198/8732 proto.whox.test.build subset preserves requested order...OK
4199/8732 proto.whox.test.ip and oper-level fields emit caller supplied visible values...OK
4200/8732 proto.whox.test.ip and oper-level fields emit masked caller supplied values...OK
4201/8732 proto.whox.test.reject malformed selectors...OK
4202/8732 proto.wildcard_limit.test.countWildcards counts stars questions and literals...OK
4203/8732 proto.wildcard_limit.test.countWildcards on all-wildcard mask...OK
4204/8732 proto.wildcard_limit.test.countWildcards on empty mask...OK
4205/8732 proto.wildcard_limit.test.countWildcards treats escaped wildcards as literals...OK
4206/8732 proto.wildcard_limit.test.countWildcards treats lone trailing backslash as literal...OK
4207/8732 proto.wildcard_limit.test.countWildcards treats backslash before ordinary byte as literal...OK
4208/8732 proto.wildcard_limit.test.isTooBroad flags *!*@*...OK
4209/8732 proto.wildcard_limit.test.isTooBroad accepts a specific mask...OK
4210/8732 proto.wildcard_limit.test.isTooBroad flags all-wildcard mask...OK
4211/8732 proto.wildcard_limit.test.isTooBroad min-non-wildcard threshold...OK
4212/8732 proto.wildcard_limit.test.isTooBroad star count cap...OK
4213/8732 proto.wildcard_limit.test.isTooBroad respects escaped wildcards as specificity...OK
4214/8732 proto.word_wrap.test.empty input yields no lines...OK
4215/8732 proto.word_wrap.test.whitespace-only input yields no lines...OK
4216/8732 proto.word_wrap.test.short text fits on a single line...OK
4217/8732 proto.word_wrap.test.text exactly at the column budget stays on one line...OK
4218/8732 proto.word_wrap.test.greedy wrap across multiple lines...OK
4219/8732 proto.word_wrap.test.no emitted line exceeds the column budget...OK
4220/8732 proto.word_wrap.test.long unbreakable word is hard-split at the budget...OK
4221/8732 proto.word_wrap.test.hard-split word interleaves with normal words...OK
4222/8732 proto.word_wrap.test.leading and trailing spaces are trimmed...OK
4223/8732 proto.word_wrap.test.multiple internal spaces are collapsed at break points...OK
4224/8732 proto.word_wrap.test.internal spaces preserved when words share a line...OK
4225/8732 proto.word_wrap.test.zero column budget is normalized to one...OK
4226/8732 proto.word_wrap.test.countLines matches collected line count for mixed input...OK
4227/8732 proto.word_wrap.test.single word equal to budget is not split...OK
4228/8732 proto.word_wrap.test.single word one over budget is hard-split into two...OK
4229/8732 proto.x509_name.test.encodeName writes known DER for a single commonName RDN...OK
4230/8732 proto.x509_name.test.parseName returns borrowed OID and value slices for multiple RDNs...OK
4231/8732 proto.x509_name.test.encodeName and parseName handle DER long-form lengths...OK
4232/8732 proto.x509_name.test.parseName rejects truncated DER...OK
4233/8732 proto.x509_name.test.encodeName reports NoSpaceLeft when caller buffer is too small...OK
4234/8732 proto.x509_name.test.parseName reports NoSpaceLeft when output RDN buffer is too small...OK
4235/8732 proto.x509_name.test.parseName rejects over-sized DER length octet counts...OK
4236/8732 proto.x509_name.test.parseName rejects invalid UTF8String bytes...OK
4237/8732 proto.x509_name.test.commonNameOf returns null when the name has no commonName RDN...OK
4238/8732 proto.x509_selfsign.test.buildSelfSigned returns a self-signed DER certificate with matching issuer subject and signature...OK
4239/8732 proto.x509_selfsign.test.buildSelfSigned encodes UTCTime and GeneralizedTime boundaries...OK
4240/8732 proto.x509_selfsign.test.buildSelfSigned reports truncation and oversized inputs with typed errors...OK
4241/8732 proto.x509_selfsign.test.buildSelfSigned emits SAN dnsNames + CA basic-constraints parseable by x509...OK
4242/8732 proto.x509_selfsign.test.basicConstraints pathLenConstraint round-trips through x509 parse...OK
4243/8732 proto.x509_selfsign.test.x509 exposes subject_der + raw subject_public_key (OCSP CertID inputs)...OK
4244/8732 proto.x509_selfsign.test.x509 extracts AIA OCSP responder URL + must-staple flag...OK
4245/8732 proto.x509_selfsign.test.buildSelfSignedEcdsaP256 emits P-256 SPKI and ECDSA-SHA256 signature...OK
4246/8732 proto.x509_selfsign.test.buildSelfSignedRsa emits rsaEncryption SPKI and sha256WithRSAEncryption signature...OK
4247/8732 proto.x509_selfsign.test.buildSelfSignedRsa with sig_sha384 emits sha384WithRSA + verifies under SHA-384...OK
4248/8732 proto.x509_selfsign.test.buildSelfSignedRsa with sig_pss emits id-RSASSA-PSS and verifies through x509_verify...OK
4249/8732 proto.x509_selfsign.test.buildSelfSignedEcdsaP384 emits ecdsa-with-SHA384 over a P-384 key and verifies through x509_verify...OK
4250/8732 proto.x509_selfsign.test.x509_verify rejects ecdsa-with-SHA384 over a non-P-384 (P-256) issuer key, fail-closed...OK
4251/8732 proto.x509_selfsign.test.buildSelfSigned rejects malformed SAN dnsNames...OK
4252/8732 proto.x509_selfsign.test.buildSelfSigned has stable DER known-answer prefix for deterministic inputs...OK
4253/8732 proto.x509.test.parse minimal DER certificate extracts CN validity and SPKI digest...OK
4254/8732 proto.x509.test.reader accepts explicit version and generalized time fields...OK
4255/8732 proto.x509.test.bounds and DER errors are rejected without allocation ownership...OK
4256/8732 proto.x509.test.subject common name validation reports missing and oversized values...OK
4257/8732 proto.x509.test.time parser rejects malformed dates...OK
4258/8732 proto.x509.test_0...OK
4259/8732 crypto.ecdsa_p256.test.sign then verify round-trips to true...OK
4260/8732 crypto.ecdsa_p256.test.verifyPrehashed agrees with verify over the same message...OK
4261/8732 crypto.ecdsa_p256.test.verify of a tampered message returns false...OK
4262/8732 crypto.ecdsa_p256.test.DER encode then decode round-trips a signature...OK
4263/8732 crypto.ecdsa_p256.test.DER codec handles a high-bit scalar with sign-bit padding...OK
4264/8732 crypto.ecdsa_p256.test.signatureToDer reports NoSpaceLeft on a short buffer...OK
4265/8732 crypto.ecdsa_p256.test.signatureFromDer rejects malformed encodings...OK
4266/8732 crypto.ecdsa_p256.test.SEC1 parse accepts a generated key's uncompressed point...OK
4267/8732 crypto.ecdsa_p256.test.parsePublicKeySec1 rejects a bad prefix...OK
4268/8732 crypto.ecdsa_p256.test.parsePublicKeySec1 rejects a wrong length...OK
4269/8732 crypto.x509_verify.test.enforcePathLen: pathLenConstraint bounds intermediates below a CA...OK
4270/8732 crypto.x509_verify.test.dnsConstraintMatches follows RFC 5280 subtree rules...OK
4271/8732 crypto.x509_verify.test.enforceNameConstraints applies permitted + excluded dNSName subtrees...OK
4272/8732 crypto.x509_verify.test.exploit: NameConstraints with an unenforced name form fail closed...OK
4273/8732 crypto.x509_verify.test.certfp of known DER and constant-time compare...OK
4274/8732 crypto.x509_verify.test.validity window pass and fail...OK
4275/8732 crypto.x509_verify.test.self-signed certificate is accepted structurally...OK
4276/8732 crypto.x509_verify.test.valid Ed25519 two-cert chain (leaf signed by self-signed root) verifies...OK
4277/8732 crypto.x509_verify.test.valid ECDSA-P256 self-signed root verifies and a flipped signature byte is rejected...OK
4278/8732 crypto.x509_verify.test.valid RSA-SHA256 self-signed root verifies...OK
4279/8732 crypto.x509_verify.test.chain where leaf signature is corrupted is rejected...OK
4280/8732 crypto.x509_verify.test.chain where leaf was signed by a different key than the issuer SPKI is rejected...OK
4281/8732 crypto.x509_verify.test.unsupported signature algorithm is rejected with UnsupportedSigAlg...OK
4282/8732 crypto.x509_verify.test.exploit: sha1WithRSAEncryption certificate signatures are rejected...OK
4283/8732 crypto.x509_verify.test.expired certificate is rejected by verifySimpleChainAt...OK
4284/8732 crypto.x509_verify.test.bootstrapped Ed25519 self-signed leaf still validates with real signature checks...OK
4285/8732 crypto.x509_verify.test.verifyCertSignature accepts RSASSA-PSS over SHA-256/384/512 and rejects a flipped byte...OK
4286/8732 crypto.x509_verify.test.verifyCertSignature accepts RSASSA-PSS whose hash AlgorithmIdentifiers omit the NULL params...OK
4287/8732 crypto.x509_verify.test.verifyCertSignature rejects RSASSA-PSS when the declared hash differs from the signed hash...OK
4288/8732 crypto.x509_verify.test.verifyCertSignature rejects RSASSA-PSS with a missing/oversized salt (fail-closed cap)...OK
4289/8732 crypto.x509_verify.test.parsePssParams accepts the three supported hashes with matching MGF1...OK
4290/8732 crypto.x509_verify.test.parsePssParams is fail-closed on SHA-1, MGF/hash mismatch, oversized salt, trailer, and malformed input...OK
4291/8732 crypto.x509.test.GAP-K14 a critical CRL distribution point or SCT list is rejected...GAP-K14 branch=a critical CRL distribution point or SCT list is rejected
OK
4292/8732 crypto.x509.test.derIntegerToU32 decodes small path-length integers...OK
4293/8732 crypto.x509.test.parse embedded certificate and compute certfp...OK
4294/8732 crypto.x509.test.DER reader rejects malformed TLVs...OK
4295/8732 crypto.x509.test.malformed certificates and PEM are rejected...OK
4296/8732 crypto.x509.test.extractPublicKey recovers the Ed25519 key from the embedded SPKI...OK
4297/8732 crypto.x509.test.extractPublicKey rejects a truncated SPKI...OK
4298/8732 crypto.x509.test.parseSctList peels the inner OCTET STRING to the raw TLS list bytes...OK
4299/8732 crypto.x509.test.parseSctList rejects a non-OCTET-STRING wrapper and trailing bytes...OK
4300/8732 crypto.x509.test.findSctListExtension returns the TLS list bytes for an embedded SCT extension...OK
4301/8732 crypto.x509.test.findSctListExtension returns null when the SCT extension is absent...OK
4302/8732 crypto.x509.test.findSctListExtension fails closed on malformed certificate DER...OK
4303/8732 crypto.x509.test.unknown critical extension fails closed during extension scan...OK
4304/8732 crypto.x509.test.non-critical unknown extension is ignored during extension scan...OK
4305/8732 crypto.x509.test.buildPrecertTbs reproduces the exact TBS with only the SCT extension removed...OK
4306/8732 crypto.x509.test.buildPrecertTbs strips the SCT whether first or last, preserving order...OK
4307/8732 crypto.x509.test.buildPrecertTbs re-encodes lengths across the long-form DER boundary...OK
4308/8732 crypto.x509.test.buildPrecertTbs errors when the certificate carries no SCT extension...OK
4309/8732 crypto.x509.test.buildPrecertTbs reports OutputTooSmall and fails closed on malformed DER...OK
4310/8732 crypto.x509.test.parseCrlDistributionPoint extracts fullName URI GeneralNames...OK
4311/8732 crypto.x509.test.parseCrlDistributionPoint returns empty when the extension is absent...OK
4312/8732 crypto.x509.test.parseCrlDistributionPoint ignores unrelated extensions...OK
4313/8732 crypto.x509.test.exploit: NameConstraints iPAddress and non-zero minimum set unsupported form...OK
4314/8732 crypto.ml_dsa.test.ml-dsa parameter and NTT self-consistency (all sets)...OK
4315/8732 crypto.slh_dsa.test.slh-dsa parameter and structural self-consistency across all sets...OK
4316/8732 crypto.rsa_verify.test.mulAddWord asm path agrees with portable u128 fallback...OK
4317/8732 crypto.rsa_verify.test.modExp matches the textbook RSA example (65^17 mod 3233 = 2790, back to 65)...OK
4318/8732 crypto.rsa_verify.test.verifyPkcs1v15 round-trips a self-signed EM and rejects tampering...OK
4319/8732 crypto.rsa_verify.test.verifyPss round-trips a self-encoded EM and rejects tampering...OK
4320/8732 crypto.rsa_verify.test.verifyPss accepts a real 2048-bit RSASSA-PSS-SHA256 signature (OpenSSL vector)...OK
4321/8732 crypto.rsa_verify.test.publicKeyIsAcceptable rejects a weak exponent or a sub-floor modulus...OK
4322/8732 crypto.rsa_verify.test.verifyPkcs1v15 and verifyPss fail closed on a sub-floor modulus regardless of the signature...OK
4323/8732 crypto.rsa_verify.test.verifyPkcs1v15 and verifyPss reject a non-canonical signature representative (s >= n)...OK
4324/8732 crypto.rsa_verify.test.fromBytesBE / toBytesBE round-trip...OK
4325/8732 daemon.tls_certs.test.loadOrBootstrap: no paths mints a verifiable self-signed leaf for dns_name...OK
4326/8732 daemon.tls_certs.test.loadOrBootstrap: bootstrap keypairs differ across calls...OK
4327/8732 daemon.tls_certs.test.loadOrBootstrap: disabled with no paths reports NothingToLoad...OK
4328/8732 daemon.tls_certs.test.loadOrBootstrap: a lone cert_path is rejected...OK
4329/8732 daemon.tls_certs.test.loadOrBootstrap: PEM round-trip from disk decodes cert + key...OK
4330/8732 daemon.tls_certs.test.loadOrBootstrap: raw DER files (no PEM armor) load directly...OK
4331/8732 daemon.tls_certs.test.loadCertChain: allocation failure at any point is leak-clean (dupe/append boundary)...OK
4332/8732 daemon.tls_certs.test_0...OK
4333/8732 crypto.random.test.getrandom fills a buffer...OK
4334/8732 crypto.random.test.DRBG emits distinct consecutive outputs...OK
4335/8732 crypto.random.test.reseed changes the stream...OK
4336/8732 crypto.random.test.snapshot pid mismatch forces reseed before output...OK
4337/8732 crypto.random.test.fillSecret writes through Secret backing storage...OK
4338/8732 crypto.random.test.randomU64 produces changing values...OK
4339/8732 crypto.random.test.boundedInt validates range and stays within bound...OK
4340/8732 crypto.random.test.boundedInt has no visible modulo bias on small ranges...OK
4341/8732 crypto.random.test.rangeLessThan handles signed ranges...OK
4342/8732 crypto.random.test_0...OK
4343/8732 crypto.rsa_sign.test.signPkcs1v15 with a real RSA-2048 key verifies and rejects tampering...OK
4344/8732 crypto.rsa_sign.test.signPss with a real RSA-2048 key and fixed salt verifies and rejects tampering...OK
4345/8732 crypto.rsa_sign.test.blinded PKCS1 signing verifies across many random blinding bases and stays deterministic...OK
4346/8732 crypto.rsa_sign.test.signPss random salts: exactly k bytes with strict 32-byte-salt PSS structure...OK
4347/8732 crypto.rsa_sign.test.modular inverse returns rinv where r * rinv mod n is one...OK
4348/8732 crypto.hkdf_tls13.test.RFC 8448 HKDF-Expand-Label derives TLS 1.3 derived secret...OK
4349/8732 crypto.hkdf_tls13.test.RFC 8448 Derive-Secret publishes handshake traffic secrets...OK
4350/8732 crypto.hkdf_tls13.test.RFC 8448 early handshake master chain over caller transcript hashes...OK
4351/8732 crypto.hkdf_tls13.test.TLS 1.3 schedule rejects malformed transcript hashes...OK
4352/8732 crypto.hkdf_tls13.test.RFC 8448 schedule exports RFC 9266 tls-exporter channel binding...OK
4353/8732 crypto.hkdf_tls13.test_0...OK
4354/8732 daemon.attachment_id.test.attachment id has exact stable widths...OK
4355/8732 daemon.attachment_id.test.attachment id parses case-insensitively and renders canonical lowercase...OK
4356/8732 daemon.attachment_id.test.attachment id rejects malformed and zero text...OK
4357/8732 daemon.attachment_id.test.attachment id accepts non-zero boundary values...OK
4358/8732 daemon.attachment_id.test.attachment id mint retries zero and fails a permanently zero source...OK
4359/8732 daemon.attachment_id.test.presence and route derivation are deterministic and domain separated...OK
4360/8732 daemon.attachment_id.test.derived identities do not collapse sibling attachments or tokens...OK
4361/8732 daemon.attachment_id.test.derivation rejects reserved token and attachment ids...OK
4362/8732 substrate.undertow.signed_frame.test.wrap/unwrap round-trips and verifies...OK
4363/8732 substrate.undertow.signed_frame.test.empty payload round-trips...OK
4364/8732 substrate.undertow.signed_frame.test.tampered payload fails verification...OK
4365/8732 substrate.undertow.signed_frame.test.wrong frame type fails verification (type is bound)...OK
4366/8732 substrate.undertow.signed_frame.test.tampered signature fails verification...OK
4367/8732 substrate.undertow.signed_frame.test.truncated input is rejected...OK
4368/8732 substrate.undertow.signed_frame.test.wrap rejects an undersized buffer...OK
4369/8732 substrate.undertow.signed_frame.test.originShortId is stable and matches node_identity derivation...OK
4370/8732 substrate.undertow.signed_frame.test.distinct keys give distinct origin short ids (no forgery by key swap)...OK
4371/8732 substrate.undertow.signed_frame.test.a forged envelope (attacker key) has a wrong origin short id...OK
4372/8732 substrate.undertow.mesh_clock.test.stamp packs physical high, seq low...OK
4373/8732 substrate.undertow.mesh_clock.test.stamp never regresses across a wall-clock step-back...OK
4374/8732 substrate.undertow.mesh_clock.test.later wall time always out-ranks earlier...OK
4375/8732 substrate.undertow.mesh_clock.test.recency decides across nodes, not uptime...OK
4376/8732 substrate.undertow.mesh_clock.test.same millisecond orders by seq...OK
4377/8732 substrate.undertow.mesh_clock.test.more than one full sequence lane in one millisecond never repeats or regresses...OK
4378/8732 substrate.undertow.mesh_clock.test.counter reset at the physical high-water mark still advances...OK
4379/8732 substrate.undertow.mesh_clock.test.checked observation makes the next local stamp causally newer...OK
4380/8732 substrate.undertow.mesh_clock.test.checked observation rejects future and maximum poison without mutation...OK
4381/8732 substrate.undertow.mesh_clock.test.checked observation reports an already exhausted local clock...OK
4382/8732 crypto.kx.test.X25519 ECDH agreement...OK
4383/8732 crypto.kx.test.X25519 all-zero shared secret is rejected...OK
4384/8732 crypto.kx.test.HybridKx X25519 plus ML-KEM-768 agreement...OK
4385/8732 crypto.kx.test.key-schedule determinism...OK
4386/8732 crypto.kx.test.key-schedule domain separation...OK
4387/8732 crypto.kx.test_0...OK
4388/8732 daemon.chanmode.test.parse apply and echo mixed channel modes...OK
4389/8732 daemon.chanmode.test.parse serialize round-trip with params and flags...OK
4390/8732 daemon.chanmode.test.list add remove and serializer include caller-owned entries...OK
4391/8732 daemon.chanmode.test.type b and c parameter removal semantics...OK
4392/8732 daemon.chanmode.test.member prefix ranking and multi-prefix list...OK
4393/8732 daemon.chanmode.test.invalid input rejected before channel mutation...OK
4394/8732 daemon.chanmode.test.bounded output and list storage...OK
4395/8732 daemon.chanmode.test.member tier rank ordering gates privilege (founder>owner>op>voice)...OK
4396/8732 daemon.chanmode.test.oper-only and admin-only channel modes round-trip...OK
4397/8732 daemon.chanmode.test.cascade: deop strips the higher tiers it carries...OK
4398/8732 daemon.chanmode.test.cascade: higher-tier removal demotes exactly one rank...OK
4399/8732 daemon.chanmode.test.cascade: promotion moves the single tier...OK
4400/8732 daemon.chanmode.test.cascade: no-op and independent voice...OK
4401/8732 daemon.chanmode.test.cascade: required rank is the highest tier touched...OK
4402/8732 proto.e2ee_device_directory.test.ODD1 cross-language KAT pins exact canonical wire and device id...OK
4403/8732 proto.e2ee_device_directory.test.ODD1 binary is magic suite Ed25519 signer and uncompressed P-256 wrap...OK
4404/8732 proto.e2ee_device_directory.test.ODD1 canonical encoding is exactly 136 unpadded base64url chars...OK
4405/8732 proto.e2ee_device_directory.test.ODD1 device id is ogc1- plus first 22 base64url SHA-256 chars...OK
4406/8732 proto.e2ee_device_directory.test.ODD1 rejects wrong magic suite compressed wrap and noncanonical text...OK
4407/8732 substrate.undertow.anti_entropy.test.reciprocal planner pulls and pushes exactly the changed keys...OK
4408/8732 substrate.undertow.anti_entropy.test.planner returns asymmetric pull and push key ownership without leaks...OK
4409/8732 substrate.undertow.anti_entropy.test.identical lanes produce an empty plan...OK
4410/8732 substrate.undertow.anti_entropy.test.strategy selector picks full resync past threshold...OK
4411/8732 substrate.undertow.anti_entropy.test.causal stability watermark is the min across peer frontiers...OK
4412/8732 substrate.undertow.anti_entropy.test.StrategyConfig.applyToml overlays mesh.antientropy keys...OK
4413/8732 substrate.undertow.anti_entropy_repair.test.two divergent replicas repair to identical state exchanging only diffs...OK
4414/8732 substrate.undertow.anti_entropy_repair.test.no-op when already equal...OK
4415/8732 substrate.undertow.anti_entropy_repair.test.idempotent re-apply...OK
4416/8732 substrate.undertow.anti_entropy_repair.test.multi-round convergence...OK
4417/8732 substrate.undertow.anti_entropy_repair.test.summarize and repair a member whose context exceeds the dense cap...OK
4418/8732 substrate.undertow.burst.test.round-trip serialize deserialize merge yields converged state...OK
4419/8732 substrate.undertow.burst.test.applying a burst twice is idempotent...OK
4420/8732 substrate.undertow.burst.test.two nodes bursting to each other converge...OK
4421/8732 substrate.undertow.burst.test.Undertow mesh burst: small members stay dense so legacy peers still parse...OK
4422/8732 substrate.undertow.burst.test.Undertow mesh burst: member past dense context cap round-trips via compact fallback...OK
4423/8732 substrate.undertow.burst.test.Limits.applyToml overlays mesh.link burst keys...OK
4424/8732 substrate.undertow.burst.test.exploit: burst record length near usize-max is rejected fail-closed (no OOB slice)...OK
4425/8732 substrate.undertow.channel_crdt.test.merge exceeding the version-vector cap leaves self unchanged and does not advance hlc...OK
4426/8732 substrate.undertow.channel_crdt.test.merge exceeding a single member's context cap fails closed with self unchanged...OK
4427/8732 substrate.undertow.channel_crdt.test.merge at exactly the version-vector cap converges and is idempotent on replay...OK
4428/8732 substrate.undertow.channel_crdt.test.merge commutativity and idempotence on deterministic random ops...OK
4429/8732 substrate.undertow.channel_crdt.test.three replicas converge after disjoint op sets and all merge orders...OK
4430/8732 substrate.undertow.channel_crdt.test.add wins when observed part races with rejoin...OK
4431/8732 substrate.undertow.channel_crdt.test.netsplit and heal converge channel membership and modes...OK
4432/8732 substrate.undertow.channel_sim.test.random churn converges under reordered delivery...OK
4433/8732 substrate.undertow.channel_sim.test.clean two-way partition heals after independent channel ops...OK
4434/8732 substrate.undertow.channel_sim.test.concurrent contradictory ops converge with add-wins and LWW tie-break...OK
4435/8732 substrate.undertow.channel_sim.test.multi-seed channel simulator loop converges...OK
4436/8732 substrate.undertow.clock.test.HLC local events are monotonic across stable and regressing physical time...OK
4437/8732 substrate.undertow.clock.test.HLC receive merges local physical and remote observations...OK
4438/8732 substrate.undertow.clock.test.HLC receive tie-breaking bumps the maximum logical counter...OK
4439/8732 substrate.undertow.clock.test.HLC guards logical and wall-time overflow...OK
4440/8732 substrate.undertow.clock.test.version vector increment and contains dots...OK
4441/8732 substrate.undertow.clock.test.version vector merge and dominance use pointwise maxima...OK
4442/8732 substrate.undertow.clock.test.version vector detects concurrency after divergent dots...OK
4443/8732 substrate.undertow.clock.test.version vector mergedLen predicts merge capacity without mutating...OK
4444/8732 substrate.undertow.clock.test.version vector reports capacity and counter overflow explicitly...OK
4445/8732 substrate.undertow.concord.test.or-set merge is commutative by example...OK
4446/8732 substrate.undertow.concord.test.or-set merge is associative by example...OK
4447/8732 substrate.undertow.concord.test.or-set merge is idempotent by example...OK
4448/8732 substrate.undertow.concord.test.or-set converges for observed remove and concurrent add in different orders...OK
4449/8732 substrate.undertow.concord.test.or-set unobserved remove does not erase concurrent add...OK
4450/8732 substrate.undertow.concord.test.lww register uses timestamp then replica tiebreak...OK
4451/8732 substrate.undertow.concord.test.lww register merge obeys semilattice laws by example...OK
4452/8732 substrate.undertow.concord_props.test.causal context randomized merge laws...OK
4453/8732 substrate.undertow.concord_props.test.or-set randomized merge laws across replicas...OK
4454/8732 substrate.undertow.concord_props.test.or-set deltas converge in randomized exchange order...OK
4455/8732 substrate.undertow.concord_props.test.or-set remove only cancels observed adds and re-add after remove wins...OK
4456/8732 substrate.undertow.concord_props.test.lww register randomized merge laws...OK
4457/8732 substrate.undertow.concord_props.test.lww register deltas converge in randomized exchange order...OK
4458/8732 substrate.undertow.concord_props.test.lww register timestamp then replica tiebreak is deterministic...OK
4459/8732 substrate.undertow.concord_sync.test.overlapping divergent stores converge through bounded pump loop...OK
4460/8732 substrate.undertow.concord_sync.test.identical stores exchange zero bytes...OK
4461/8732 substrate.undertow.concord_sync.test.invalid signed delta is rejected and not applied...OK
4462/8732 substrate.undertow.concord_sync.test.applyVerified processes every good pending delta even when one fails verify...OK
4463/8732 substrate.undertow.concord_sync.test.signed channel delta survives a wire crossing and applies on the peer...OK
4464/8732 substrate.undertow.concord_sync.test.Config.applyToml overlays mesh.antientropy sync keys...OK
4465/8732 substrate.undertow.conflict_resolver.test.concurrent +l with different values resolves identically on both sides...OK
4466/8732 substrate.undertow.conflict_resolver.test.concurrent op grant vs deop resolves by tier and HLC...OK
4467/8732 substrate.undertow.conflict_resolver.test.commutative regardless of arg order...OK
4468/8732 substrate.undertow.convergence.test.convergence with no partition over random workloads...OK
4469/8732 substrate.undertow.convergence.test.convergence after partition and heal over random workloads...OK
4470/8732 substrate.undertow.convergence.test.nick collision across partitions converges by rename to UID...OK
4471/8732 substrate.undertow.convergence.test.redelivering the same delta set twice is idempotent...OK
4472/8732 substrate.undertow.convergence.test.state hash includes equal-cardinality key value content...OK
4473/8732 substrate.undertow.convergence.test.anti-entropy repair uses delta replay pull and push keys...OK
4474/8732 substrate.undertow.convergence.test.anti-entropy repair uses merkle range diff key sets...OK
4475/8732 substrate.undertow.convergence.test.anti-entropy repair uses full resync only when planned...OK
4476/8732 substrate.undertow.convergence.test.Undertow mesh converges after partition heal across a seed campaign...OK
4477/8732 substrate.undertow.convergence.test.Undertow mesh merge is order-independent and idempotent across a seed campaign...OK
4478/8732 substrate.undertow.convergence.test.Undertow mesh partition-heal convergence replays byte-for-byte from its seed...OK
4479/8732 substrate.undertow.delta_codec.test.encode decode merge equals direct merge for add and remove deltas...OK
4480/8732 substrate.undertow.delta_codec.test.truncation oversize and non canonical varint are rejected...OK
4481/8732 substrate.undertow.delta_codec.test.canonical stability after decode and re-encode...OK
4482/8732 substrate.undertow.delta_codec.test.empty delta round trips without changing merge target...OK
4483/8732 substrate.undertow.delta_journal.test.append then replay decodes and re-verifies every delta...OK
4484/8732 substrate.undertow.delta_journal.test.a torn tail record is detected by CRC and dropped, not applied...OK
4485/8732 substrate.undertow.delta_journal.test.snapshot + truncate + recover reconstructs state plus tail...OK
4486/8732 substrate.undertow.eg_walker.test.two replicas insert concurrently then merge to identical order...OK
4487/8732 substrate.undertow.eg_walker.test.concurrent inserts at the same position do not interleave...OK
4488/8732 substrate.undertow.eg_walker.test.delete then concurrent insert keeps child content and converges...OK
4489/8732 substrate.undertow.eg_walker.test.idempotent re-merge does not duplicate operations...OK
4490/8732 substrate.undertow.e2ee_group_relay.test.E2EEGROUP signed relay kinds round-trip canonically...OK
4491/8732 substrate.undertow.e2ee_group_relay.test.E2EEGROUP signature binds routing identity kind clock and payload...OK
4492/8732 substrate.undertow.e2ee_group_relay.test.E2EEGROUP targeting and origin identity fail closed...OK
4493/8732 substrate.undertow.e2ee_group_relay.test.E2EEGROUP decoder rejects missing unknown and wrong-type fields...OK
4494/8732 substrate.undertow.e2ee_group_relay.test.E2EEGROUP decoder rejects oversized wire before allocation...OK
4495/8732 substrate.undertow.e2ee_group_relay.test.E2EEGROUP decode and verification are leak-free across allocation failure...OK
4496/8732 substrate.undertow.gossip_round.test.a round propagates a join to all nodes within log(n) rounds...OK
4497/8732 substrate.undertow.gossip_round.test.suspicion reports transition to confirmed dead deterministically...OK
4498/8732 substrate.undertow.gossip_round.test.single dead witness does not evict active peer before quorum...OK
4499/8732 substrate.undertow.gossip_round.test.rounds are deterministic with the same seed...OK
4500/8732 substrate.undertow.gossip_round.test.Config/RippleConfig applyToml overlay mesh.gossip + mesh.ripple keys...OK
4501/8732 substrate.undertow.gossip_round.test.witness_quorum floors to 2 so a single witness never buries a peer...OK
4502/8732 substrate.undertow.gossip_views.test.active view caps and passive promotion on failure...OK
4503/8732 substrate.undertow.gossip_views.test.broadcast eager builds tree lazy graft recovers and prune sheds duplicate...OK
4504/8732 substrate.undertow.gossip_views.test.Config/BroadcastConfig applyToml overlay mesh.gossip keys...OK
4505/8732 substrate.undertow.gossip_views.test.GAP-M2 a raised passive view keeps the 65th node...GAP-M2 branch=raised ceilings store the 65th node and still evict only when full
OK
4506/8732 substrate.undertow.link_session.test.two link sessions exchange initial burst and converge channel CRDT state...OK
4507/8732 substrate.undertow.link_session.test.partition drops traffic then heal converges through anti entropy repair...OK
4508/8732 substrate.undertow.link_session.test.link session convergence is deterministic with seed...OK
4509/8732 substrate.undertow.link_session.test.Config.applyToml overlays mesh.link session + delegates to sub-configs...OK
4510/8732 substrate.undertow.media.test.join and leave roster state...OK
4511/8732 substrate.undertow.media.test.SFU forward set excludes source and muted publisher...OK
4512/8732 substrate.undertow.media.test.simulcast layer selection chooses best layer under constraints...OK
4513/8732 substrate.undertow.media.test.codec negotiation selects mutual local preference...OK
4514/8732 substrate.undertow.media.test.ABR hint lowers bitrate on congestion...OK
4515/8732 substrate.undertow.media.test.allocator-backed forward clone has no leaks...OK
4516/8732 substrate.undertow.media.test.applyTomlVideo defaults match historical 4K@60 guards...OK
4517/8732 substrate.undertow.media.test.applyTomlVideo overlays media.video and drives SimulcastLayer guards...OK
4518/8732 substrate.undertow.media.test.applyTomlAbr defaults match historical AbrConfig...OK
4519/8732 substrate.undertow.media.test.abrHint behavior with defaults is unchanged after lifting...OK
4520/8732 substrate.undertow.media.test.applyTomlAbr overlays media.abr and changes abrHint thresholds...OK
4521/8732 substrate.undertow.member_compact.test.Undertow mesh member_compact round-trips context frontier and adds...OK
4522/8732 substrate.undertow.member_compact.test.Undertow mesh member_compact rejects malformed frames fail-closed...OK
4523/8732 substrate.undertow.member_compact.test.Undertow mesh member_compact encode is canonical regardless of input order...OK
4524/8732 substrate.undertow.member_compact.test.Undertow mesh member_compact decode rejects non-canonical order...OK
4525/8732 substrate.undertow.member_compact.test.Undertow mesh member_compact encode rejects oversize context and adds...OK
4526/8732 substrate.undertow.member_compact.test.GAP-M1 65 replicas merge and round-trip member_compact...GAP-M1 branch=65 replicas merge and round-trip member_compact
OK
4527/8732 substrate.undertow.membership_burst.test.dedup keeps higher status...OK
4528/8732 substrate.undertow.membership_burst.test.ordering is stable...OK
4529/8732 substrate.undertow.membership_burst.test.max_events truncates...OK
4530/8732 substrate.undertow.membership_burst.test.empty input returns empty slice...OK
4531/8732 substrate.undertow.membership_view.test.active view stays bounded and demotes overflow into passive...OK
4532/8732 substrate.undertow.membership_view.test.passive shuffle learns remote candidates and excludes active peers...OK
4533/8732 substrate.undertow.membership_view.test.active-member failure promotes from passive...OK
4534/8732 substrate.undertow.membership_view.test.membership decisions are deterministic for a seed...OK
4535/8732 substrate.undertow.membership_view.test.invalid input is rejected without changing the view...OK
4536/8732 substrate.undertow.membership_view.test.Config.applyToml overlays mesh.gossip bounded-view keys...OK
4537/8732 substrate.undertow.membership_view.test.GAP-M2 a raised passive capacity keeps the 65th node...GAP-M2 branch=raised ceilings store the 65th node and still evict only when full
OK
4538/8732 substrate.undertow.merkle.test.equal content has equal root regardless of insertion order...OK
4539/8732 substrate.undertow.merkle.test.single key divergence detected...OK
4540/8732 substrate.undertow.merkle.test.empty tree root is stable...OK
4541/8732 substrate.undertow.merkle.test.diff returns exactly the changed keys...OK
4542/8732 substrate.undertow.merkle_props.test.same key value set has equal root hashes...OK
4543/8732 substrate.undertow.merkle_props.test.single key or value difference changes the root hash...OK
4544/8732 substrate.undertow.merkle_props.test.diff returns exactly changed keys for equal keyspaces...OK
4545/8732 substrate.undertow.merkle_props.test.diff is symmetric for changed values...OK
4546/8732 substrate.undertow.merkle_props.test.building survives adversarial bounded inputs...OK
4547/8732 substrate.undertow.mesh.test.join bootstrap forms a connected overlay and floods a broadcast to all...OK
4548/8732 substrate.undertow.mesh.test.witnessed Ripple converges on a dead peer and evicts it from the overlay...OK
4549/8732 substrate.undertow.mesh.test.GRAFT repair delivers a lazily-announced broadcast...OK
4550/8732 substrate.undertow.mesh.test.Config.applyToml composite delegates to views/broadcaster/ripple and rng_seed...OK
4551/8732 substrate.undertow.mesh_topology.test.linear chain next hop and distance...OK
4552/8732 substrate.undertow.mesh_topology.test.partitioned component is detected...OK
4553/8732 substrate.undertow.mesh_topology.test.tie break chooses lowest next hop deterministically...OK
4554/8732 substrate.undertow.mesh_topology.test.unreachable destination returns null...OK
4555/8732 substrate.undertow.message_relay.test.semantic validation rejects CR LF NUL and controls in every rendered field...OK
4556/8732 substrate.undertow.message_relay.test.semantic validation allows mIRC formatting controls in message text only...OK
4557/8732 substrate.undertow.message_relay.test.semantic validation enforces full prefix target and tag grammar...OK
4558/8732 substrate.undertow.message_relay.test.semantic validation enforces verb-specific fields...OK
4559/8732 substrate.undertow.message_relay.test.semantic validation enforces hard field bounds...OK
4560/8732 substrate.undertow.message_relay.test.semantic validation preserves supported UTF8 IRCX and prefix forms...OK
4561/8732 substrate.undertow.message_relay.test.relay messages round-trip for each verb...OK
4562/8732 substrate.undertow.message_relay.test.decode rejects truncated and garbage buffers...OK
4563/8732 substrate.undertow.message_relay.test.seen set detects repeats and evicts oldest...OK
4564/8732 substrate.undertow.message_relay.test.unsigned dedup cannot poison the authenticated event namespace...OK
4565/8732 substrate.undertow.message_relay.test.relay message round-trips WITH a signature...OK
4566/8732 substrate.undertow.message_relay.test.relay message round-trips WITHOUT a signature (legacy unsigned)...OK
4567/8732 substrate.undertow.message_relay.test.a signed relay message verifies...OK
4568/8732 substrate.undertow.message_relay.test.a forged signature (valid structure, wrong key) is rejected...OK
4569/8732 substrate.undertow.message_relay.test.a pubkey whose originShortId != origin_node is rejected...OK
4570/8732 substrate.undertow.message_relay.test.tampering with text after signing fails verification...OK
4571/8732 substrate.undertow.message_relay.test.tampering with target after signing fails verification...OK
4572/8732 substrate.undertow.message_relay.test.re-forward preserves the signature: a relayed copy still verifies...OK
4573/8732 substrate.undertow.message_relay.test.mutable fields (min_rank, tags, msgid) do not invalidate the signature...OK
4574/8732 substrate.undertow.message_relay.test.decode rejects a wrong-width origin_pubkey...OK
4575/8732 substrate.undertow.message_relay_v2.test.secure relay v2 signed channel and direct scopes round-trip...OK
4576/8732 substrate.undertow.message_relay_v2.test.secure relay v2 signs immutable scope route policy and rendering fields...OK
4577/8732 substrate.undertow.message_relay_v2.test.secure relay v2 channel whisper signs display channel and exact recipient route...OK
4578/8732 substrate.undertow.message_relay_v2.test.secure relay v2 scope and mandatory signature are strict...OK
4579/8732 substrate.undertow.message_relay_v2.test.secure relay v2 peer loop cache is bounded and eviction is not replay authority...OK
4580/8732 substrate.undertow.message_relay_v2.test.secure relay v2 route identifiers are deterministic non-bearer digests...OK
4581/8732 substrate.undertow.message_relay_v2.test.secure relay v2 origin stamping rejects a mismatched self-certified node...OK
4582/8732 substrate.undertow.message_relay_v2.test.secure relay v2 verify-and-id rejects forgery before exposing a cache key...OK
4583/8732 substrate.undertow.message_relay_v2.test.secure relay v2 relay id and canonical bytes survive decode re-encode...OK
4584/8732 substrate.undertow.message_relay_v2.test.secure relay v2 decoder rejects missing unknown and wrong-width fields...OK
4585/8732 substrate.undertow.nick_claim.test.concurrent claims pick a stable winner by HLC then UID...OK
4586/8732 substrate.undertow.nick_claim.test.loser renames to UID and release exposes remaining winner...OK
4587/8732 substrate.undertow.nick_claim.test.merge is commutative and idempotent...OK
4588/8732 substrate.undertow.nick_collision.test.candidateWins: higher hlc wins...OK
4589/8732 substrate.undertow.nick_collision.test.candidateWins: hlc tie breaks by higher node id...OK
4590/8732 substrate.undertow.nick_collision.test.candidateWins: same node is never a self-collision...OK
4591/8732 substrate.undertow.nick_collision.test.higherPriority is a strict total order including same-node refreshes...OK
4592/8732 substrate.undertow.nick_collision.test.loserUid: stable, node-scoped, and per-nick distinct...OK
4593/8732 substrate.undertow.partition_detector.test.SeenSet: observe inserts, refreshes, and dedupes...OK
4594/8732 substrate.undertow.partition_detector.test.SeenSet: prune drops entries past the TTL, keeps fresh ones...OK
4595/8732 substrate.undertow.partition_detector.test.SeenSet: a dropped node stays known until it ages out, then heals...OK
4596/8732 substrate.undertow.partition_detector.test.analyze: lone node is fully reachable, no partition...OK
4597/8732 substrate.undertow.partition_detector.test.analyze: star of direct peers is one reachable component...OK
4598/8732 substrate.undertow.partition_detector.test.analyze: multi-hop chain counts transitively reachable nodes...OK
4599/8732 substrate.undertow.partition_detector.test.analyze: an island the local node cannot reach is partitioned...OK
4600/8732 substrate.undertow.partition_detector.test.analyze: duplicate topology entries from multiple peers dedupe...OK
4601/8732 substrate.undertow.partition_detector.test.fully-connected mesh: not partitioned, single component, quorum...OK
4602/8732 substrate.undertow.partition_detector.test.reachableFrom returns sorted full set on a chain a-b-c-d...OK
4603/8732 substrate.undertow.partition_detector.test.cut isolating a node: partitioned, two components, minority loses quorum...OK
4604/8732 substrate.undertow.partition_detector.test.even split denies quorum to both halves...OK
4605/8732 substrate.undertow.partition_detector.test.dead node is excluded from counts, components, and quorum...OK
4606/8732 substrate.undertow.partition_detector.test.suspect nodes still participate in the graph...OK
4607/8732 substrate.undertow.partition_detector.test.step reports split then heal across successive views...OK
4608/8732 substrate.undertow.partition_detector.test.diff is stateless and matches step semantics...OK
4609/8732 substrate.undertow.partition_detector.test.empty / unknown local edge cases...OK
4610/8732 substrate.undertow.partition_detector.test.input validation rejects bad views...OK
4611/8732 substrate.undertow.peer_link.test.handshake transitions idle handshaking established...OK
4612/8732 substrate.undertow.peer_link.test.credit exhaustion blocks send then resumes on ack...OK
4613/8732 substrate.undertow.peer_link.test.out of window and replayed frames are rejected...OK
4614/8732 substrate.undertow.peer_link.test.resumeEstablished continues the exact seq/epoch stream the peer expects...OK
4615/8732 substrate.undertow.peer_link.test.heartbeat and timeout are deterministic with caller supplied clock...OK
4616/8732 substrate.undertow.peer_link.test_0...OK
4617/8732 substrate.undertow.peer_link.test.Config.applyToml overlays mesh.link transport keys...OK
4618/8732 substrate.undertow.prolly.test.same set in any insert order has identical root...OK
4619/8732 substrate.undertow.prolly.test.differing sets have different roots...OK
4620/8732 substrate.undertow.prolly.test.divergence localization returns differing key range...OK
4621/8732 substrate.undertow.prolly.test.insert remove round trip and contains...OK
4622/8732 substrate.undertow.residence_trust_dst.test.Undertow mesh residence-trust DST: sticky trust + F1 fail-closed hold across a seeded fault campaign...OK
4623/8732 substrate.undertow.riblt.test.reconcile sets differing by 1...OK
4624/8732 substrate.undertow.riblt.test.reconcile sets differing by 100...OK
4625/8732 substrate.undertow.riblt.test.identical sets need zero symbols...OK
4626/8732 substrate.undertow.riblt.test.asymmetric diffs recover exact sides...OK
4627/8732 substrate.undertow.ripple_dst.test.Undertow RIPPLE mesh never declares DEAD without a witness quorum under lossy links...OK
4628/8732 substrate.undertow.ripple_dst.test.Undertow RIPPLE a fully-reachable cluster with no loss never suspects or kills a node...OK
4629/8732 substrate.undertow.ripple_dst.test.Undertow RIPPLE a hard-partitioned node is declared DEAD only on a witness quorum...OK
4630/8732 substrate.undertow.ripple_dst.test.Undertow RIPPLE partition detection replays byte-for-byte from its seed...OK
4631/8732 substrate.undertow.ripple.test.healthy node stays alive...OK
4632/8732 substrate.undertow.ripple.test.missed acks transition alive to suspect and request witnesses...OK
4633/8732 substrate.undertow.ripple.test.quorum of witnesses transitions suspect to dead...OK
4634/8732 substrate.undertow.ripple.test.single accuser cannot force dead...OK
4635/8732 substrate.undertow.ripple.test.newer incarnation refutes stale suspicion...OK
4636/8732 substrate.undertow.ripple.test.Config.applyToml overlays mesh.ripple keys and leaves missing at defaults...OK
4637/8732 substrate.undertow.route_table.test.nick routing...OK
4638/8732 substrate.undertow.route_table.test.mesh route_table renameNick keeps nick_count consistent and never clobbers a foreign target...OK
4639/8732 substrate.undertow.route_table.test.mesh route_table renameNick rejects hijacking a nick homed on another node...OK
4640/8732 substrate.undertow.route_table.test.mesh route_table PART cannot delete another origin's exact nick...OK
4641/8732 substrate.undertow.route_table.test.mesh route_table rename refuses an occupied generated UID target...OK
4642/8732 substrate.undertow.route_table.test.mesh route_table renameNick allows same-node rename but not cross-node roster hijack...OK
4643/8732 substrate.undertow.route_table.test.channel fan-out node set...OK
4644/8732 substrate.undertow.route_table.test.node removal purges its nicks...OK
4645/8732 substrate.undertow.route_table.test.setChannelNodePresence is idempotent by liveness and refcount-agnostic...OK
4646/8732 substrate.undertow.route_table.test.no leak across clear, remove, and deinit paths...OK
4647/8732 substrate.undertow.route_table.test.applyMembership tracks remote channel members with last-writer-wins...OK
4648/8732 substrate.undertow.route_table.test.applyMembership stores and LWW-updates the propagated identity...OK
4649/8732 substrate.undertow.route_table.test.session token metadata is receiver-owned, LWW copied, and explicitly rebound...OK
4650/8732 substrate.undertow.route_table.test.rebindSessionToken follows receiver-derived collision UID aliases...OK
4651/8732 substrate.undertow.route_table.test.Store-authorized untagged rename binds every row and is retry-safe...OK
4652/8732 substrate.undertow.route_table.test.reconcileSessionToken replaces stale nick rows within desired channels without touching decoys...OK
4653/8732 substrate.undertow.route_table.test.reconcileSessionToken rehomes a shared nick route to the best surviving claim...OK
4654/8732 substrate.undertow.route_table.test.reconcileSessionToken canonicalizes an uncontested receiver-derived collision alias...OK
4655/8732 substrate.undertow.route_table.test.reconcileSessionToken removes remote UID beside exact-token local canonical nick with observed PART...OK
4656/8732 substrate.undertow.route_table.test.reconcileSessionToken retains remote UID when local canonical nick has a different token...OK
4657/8732 substrate.undertow.route_table.test.reconcileSessionToken removes a UID duplicate when canonical row has the same token...OK
4658/8732 substrate.undertow.route_table.test.applyMembership stores the oper-info real_host + certfp (remote WHOIS 338/276/320)...OK
4659/8732 substrate.undertow.route_table.test.findMember locates a roster member case-insensitively with its node...OK
4660/8732 substrate.undertow.route_table.test.applyMembership part removes a member and prunes an empty channel...OK
4661/8732 substrate.undertow.route_table.test.applyMembership part removes a collision-renamed UID member...OK
4662/8732 substrate.undertow.route_table.test.channelNames enumerates channels with a live remote roster (LIST union input)...OK
4663/8732 substrate.undertow.route_table.test.applyMembership maintains the nick->node routing index for PRIVMSG relay...OK
4664/8732 substrate.undertow.route_table.test.pruneStale reaps members whose local last-seen aged past the window...OK
4665/8732 substrate.undertow.route_table.test.pruneStaleObserved queues each client-visible departure before mutation...OK
4666/8732 substrate.undertow.route_table.test.pruneStaleObserved preserves a row when its departure cannot be retained...OK
4667/8732 substrate.undertow.route_table.test.pruneStaleObserved completes earlier rows when a later observer allocation fails...OK
4668/8732 substrate.undertow.route_table.test.pruneStale keeps a route while the nick remains fresh in another channel...OK
4669/8732 substrate.undertow.route_table.test.pruneStale uses the local last-seen stamp, not the announcer's wire hlc (cross-skew regression)...OK
4670/8732 substrate.undertow.route_table.test.mesh route_table re-affirming a present member refreshes local last-seen so pruneStale never reaps a live member (roster-decay regression)...OK
4671/8732 substrate.undertow.route_table.test.mesh route_table pruneStale still reaps a member whose re-affirmation genuinely stopped (zombie-reap intent preserved)...OK
4672/8732 substrate.undertow.route_table.test.applyChannelList tracks list masks with last-writer-wins tombstones...OK
4673/8732 substrate.undertow.route_table.test.removeNode evicts that node's remote members (netsplit hygiene)...OK
4674/8732 substrate.undertow.route_table.test.applyChannelModeFlags tracks aggregate flags with last-writer-wins...OK
4675/8732 substrate.undertow.route_table.test.Config.applyToml overlays mesh.routing route-table keys...OK
4676/8732 substrate.undertow.route_table.test.resolveIncomingNick keeps an uncontested nick...OK
4677/8732 substrate.undertow.route_table.test.bestNickClaim is case-insensitive and independent of roster iteration order...OK
4678/8732 substrate.undertow.route_table.test.bestNickClaim incrementally raises a claim and ignores stale reaffirmation...OK
4679/8732 substrate.undertow.route_table.test.bestNickClaim falls back deterministically as claims part...OK
4680/8732 substrate.undertow.route_table.test.bestNickClaim bounded overflow degrades to scans and a rebuild recovers...OK
4681/8732 substrate.undertow.route_table.test.bestNickClaim scans route-table-only nicks beyond the S2S wire bound...OK
4682/8732 substrate.undertow.route_table.test.bestNickClaim rename reselects old and contested new normalized keys...OK
4683/8732 substrate.undertow.route_table.test.bestNickClaim partial rename OOM reflects both actual roster names...OK
4684/8732 substrate.undertow.route_table.test.bestNickClaim prune survives claim-index rebuild OOM...OK
4685/8732 substrate.undertow.route_table.test.bestNickClaim removeNode reselects a surviving claimant...OK
4686/8732 substrate.undertow.route_table.test.bestNickClaim OOM dirties incremental insert and rebuild then recovers...OK
4687/8732 substrate.undertow.route_table.test.resolveIncomingNick renames a remote nick that collides with a LOCAL one...OK
4688/8732 substrate.undertow.route_table.test.resolveIncomingNick reconciles a same-account remote collision with a LOCAL holder...OK
4689/8732 substrate.undertow.route_table.test.resolveIncomingNick retires a STALE local session for a strictly-newer same-account claim...OK
4690/8732 substrate.undertow.route_table.test.resolveIncomingNick renames a newcomer that loses a cross-node remote contest...OK
4691/8732 substrate.undertow.route_table.test.resolveIncomingNick collapses a same-account cross-node collision via keep (no UID)...OK
4692/8732 substrate.undertow.route_table.test.resolveIncomingNick: an UNTRUSTED account never unlocks a same-identity short-circuit (mesh F1)...OK
4693/8732 substrate.undertow.route_table.test.resolveIncomingNick sticky trust: an ESTABLISHED member's re-affirm is keep, independent of account trust (mesh R1)...OK
4694/8732 substrate.undertow.route_table.test.resolveIncomingNick breaks an HLC tie by higher node id...OK
4695/8732 substrate.undertow.route_table.test.incumbentLoserUid derives a stable, owner-scoped fallback...OK
4696/8732 substrate.undertow.route_table.test.exploit: membership reorder converges (PART-before-JOIN cannot resurrect)...OK
4697/8732 substrate.undertow.route_table.test.exploit: Byzantine cross-origin PART cannot delete another node's member...OK
4698/8732 substrate.undertow.route_table.test.exploit: stale JOIN after PART tombstone cannot resurrect into NAMES...OK
4699/8732 substrate.undertow.route_table.test.mesh NAMES projection converges after late partial membership burst + catch-up...OK
4700/8732 substrate.undertow.route_table.test.same-HLC re-burst after PART tombstone does not resurrect a departed member into NAMES...OK
4701/8732 substrate.undertow.route_table.test.GAP-M2 a raised channel ceiling stores the 65th node...GAP-M2 branch=raised ceilings store the 65th node and still evict only when full
OK
4702/8732 substrate.undertow.s2s_peer.test.ChannelClockSet enforces LWW per channel and rejects stale/equal clocks...OK
4703/8732 substrate.undertow.s2s_peer.test.ChannelClockSet is bounded and FIFO-evicts the oldest channel under a name flood...OK
4704/8732 substrate.undertow.s2s_peer.test.ChannelClockSet observe under allocation failure fails closed, never leaks, stays in lockstep...OK
4705/8732 substrate.undertow.s2s_peer.test.identity transition queue preserves mixed order and legacy drains discard matching markers...OK
4706/8732 substrate.undertow.s2s_peer.test.two s2s peer drivers handshake and converge channel CRDT state...OK
4707/8732 substrate.undertow.s2s_peer.test.refreshChannelRoute scopes to the control-channel node-set and never wipes the authoritative roster...OK
4708/8732 substrate.undertow.s2s_peer.test.refreshChannelRoute is a clean no-op on an origin-less (remote_node_id==0) link...OK
4709/8732 substrate.undertow.s2s_peer.test.forged mesh shadow facts never reach the authoritative roster (Byzantine tripwire)...OK
4710/8732 substrate.undertow.s2s_peer.test.remoteDescription resolves the peer description by name across the node-id split...OK
4711/8732 substrate.undertow.s2s_peer.test.two s2s peer drivers repair divergent state without explicit delta send...OK
4712/8732 substrate.undertow.s2s_peer.test.malformed repair frames are dropped without closing the peer driver...OK
4713/8732 substrate.undertow.s2s_peer.test.s2s peer resume header preserves repair capability...OK
4714/8732 substrate.undertow.s2s_peer.test.PING emits matching PONG...OK
4715/8732 substrate.undertow.s2s_peer.test.timestamped RTT probe samples PING to PONG latency...OK
4716/8732 substrate.undertow.s2s_peer.test.partial inbound bytes are buffered until complete frame...OK
4717/8732 substrate.undertow.s2s_peer.test.SESSION_MIGRATE frame is dispatched and staged for the daemon to drain...OK
4718/8732 substrate.undertow.s2s_peer.test.SESSION_MIGRATE_CONSUMED is dispatched to its convergence queue...OK
4719/8732 substrate.undertow.s2s_peer.test.SESSION_MIGRATE from an unknown origin is rejected, not staged...OK
4720/8732 substrate.undertow.s2s_peer.test.Config.applyToml consolidated EFFECTIVE prod path overlay...OK
4721/8732 substrate.undertow.s2s_peer.test.E2EEGROUP negotiation gates valid canonical receive and rejects unsigned tampered wire...OK
4722/8732 substrate.undertow.s2s_peer.test.E2EEGROUP forwarding is byte-identical across transit and queue backpressure is retryable...OK
4723/8732 substrate.undertow.s2s_peer.test.E2EEGROUP ACK is domain separated authenticated deduplicated bounded and capability gated...OK
4724/8732 substrate.undertow.s2s_peer.test.secure relay v2 negotiates only on secured peers and round-trips once...OK
4725/8732 substrate.undertow.s2s_peer.test.secure relay v2 ACK is authenticated deduplicated bounded and capability gated...OK
4726/8732 substrate.undertow.s2s_peer.test.secure relay v2 preserves the original signature across pure transit A B C...OK
4727/8732 substrate.undertow.s2s_peer.test.secure relay v2 forged input cannot poison dedup and queue bound fails closed...OK
4728/8732 substrate.undertow.s2s_peer.test.secure relay v2 keyed plaintext and rolling-old peers stay inert...OK
4729/8732 substrate.undertow.s2s_peer.test.event spine v2 preserves exact wire through non-clique A B C and never reflects...OK
4730/8732 substrate.undertow.s2s_peer.test.event spine v2 tamper and unnegotiated traffic cannot poison reflection state...OK
4731/8732 substrate.undertow.s2s_peer.test.event spine v2 resume header preserves negotiated capability...OK
4732/8732 substrate.undertow.s2s_peer.test.session replica v3 negotiates one strict attachment schema per secured link...OK
4733/8732 substrate.undertow.s2s_peer.test.session replica v3 probe leaves a rolling v2 peer on v2...OK
4734/8732 substrate.undertow.s2s_peer.test.session replica v2 inner peer transports offers acks revokes and attachment leases...OK
4735/8732 substrate.undertow.s2s_peer.test.session replica v2 rolling old and plaintext peers stay inert...OK
4736/8732 substrate.undertow.s2s_peer.test.session replica v2 hot resume preserves negotiated capability...OK
4737/8732 substrate.undertow.s2s_peer.test.session attachment lease capability refreshes across staggered preserved upgrades...OK
4738/8732 substrate.undertow.s2s_peer.test.session replica v2 malformed cross-tag and bounded queue input fail closed...OK
4739/8732 substrate.undertow.s2s_peer.test.signing peers negotiate frame_signing and a signed CHANNEL_PROP round-trips...OK
4740/8732 substrate.undertow.s2s_peer.test.signing peers round-trip a signed ENTITY_PROP (user and member)...OK
4741/8732 substrate.undertow.s2s_peer.test.signing peers round-trip a signed MEMBERSHIP frame...OK
4742/8732 substrate.undertow.s2s_peer.test.signing peer rejects an unsigned MEMBERSHIP_SYNC completion marker...OK
4743/8732 substrate.undertow.s2s_peer.test.MEMBERSHIP_SYNC same-millisecond boundary never false-parts a later PRESENT...OK
4744/8732 substrate.undertow.s2s_peer.test.session token resolver rejects or binds channel-aware membership before route mutation...OK
4745/8732 substrate.undertow.s2s_peer.test.session token reconcile revoke queues one PART and a later wire PART is unchanged...OK
4746/8732 substrate.undertow.s2s_peer.test.session token reconcile and NICKCHANGE honor Store-selected nick authority...OK
4747/8732 substrate.undertow.s2s_peer.test.session token reconcile allocation failure retains old identity for retry...OK
4748/8732 substrate.undertow.s2s_peer.test.exact-token collision rename is atomic across both identities and deltas on allocation failure...OK
4749/8732 substrate.undertow.s2s_peer.test.session token revoke allocation failure retains membership for retry...OK
4750/8732 substrate.undertow.s2s_peer.test.rejected downgraded MEMBERSHIP creates no UID route delta or roster entry...OK
4751/8732 substrate.undertow.s2s_peer.test.negotiated-v2 rowless untrusted MEMBERSHIP keeps its route delta and roster entry...OK
4752/8732 substrate.undertow.s2s_peer.test.v2 residence barrier applies OFFER-visible trust before wire-ordered NICK and MEMBERSHIP...OK
4753/8732 substrate.undertow.s2s_peer.test.v2 residence barrier overflow discards the correlated sidecar batch...OK
4754/8732 substrate.undertow.s2s_peer.test.same-account MEMBERSHIP short-circuits require a VERIFIED residence proof (F1: no verifier ⇒ UID)...OK
4755/8732 substrate.undertow.s2s_peer.test.a strictly-newer same-account MEMBERSHIP surfaces a ghost_reclaim for the stale local session...OK
4756/8732 substrate.undertow.s2s_peer.test.a same-account MEMBERSHIP that is NOT newer keeps the live local session (no reclaim)...OK
4757/8732 substrate.undertow.s2s_peer.test.P2 (F1): an UNTRUSTED MEMBERSHIP keeps display account without collision trust...OK
4758/8732 substrate.undertow.s2s_peer.test.P2 (F1): a TRUSTED MEMBERSHIP is STORED with the real account (verified ⇒ preserved)...OK
4759/8732 substrate.undertow.s2s_peer.test.P2 (F1): a forged UNTRUSTED incumbent grants NO coexistence to a later TRUSTED newcomer...OK
4760/8732 substrate.undertow.s2s_peer.test.signing peers round-trip a signed KILL frame...OK
4761/8732 substrate.undertow.s2s_peer.test.signing peers round-trip a signed WARD frame...OK
4762/8732 substrate.undertow.s2s_peer.test.signing peers round-trip a signed MEMO_PUSH frame...OK
4763/8732 substrate.undertow.s2s_peer.test.signing peers round-trip a signed MEDIA_WS_DATAGRAM frame...OK
4764/8732 substrate.undertow.s2s_peer.test.MEDIA_WS_DATAGRAM queue is fail-closed at max_media_ws_datagrams...OK
4765/8732 substrate.undertow.s2s_peer.test.a forged frame (wrong signature) is rejected and counted...OK
4766/8732 substrate.undertow.s2s_peer.test.a forged frame (attacker key, origin mismatch) is rejected and counted...OK
4767/8732 substrate.undertow.s2s_peer.test.exploit: Byzantine MEMBERSHIP with spoofed origin_node is rejected (no NAMES entry)...OK
4768/8732 substrate.undertow.s2s_peer.test.exploit: reordered MEMBERSHIP frames over the link converge to the same roster...OK
4769/8732 substrate.undertow.s2s_peer.test.a signing peer rejects a non-signing peer by default...OK
4770/8732 substrate.undertow.s2s_peer.test.explicitly-permitted non-signing peers still interoperate unsigned...OK
4771/8732 substrate.undertow.s2s_peer.test.keyless node fails CLOSED: require_signed_frames rejects an unsigned in-scope frame...OK
4772/8732 substrate.undertow.s2s_peer.test.keyless node with require_signed_frames disabled still accepts an unsigned in-scope frame...OK
4773/8732 substrate.undertow.s2s_peer.test.a signing peer's UNSIGNED in-scope frame is rejected...OK
4774/8732 substrate.undertow.s2s_peer.test.exploit: s2s frame dispatch survives hostile payloads for every frame type (fail-closed)...OK
4775/8732 substrate.undertow.server_registry.test.add update and list known nodes...OK
4776/8732 substrate.undertow.server_registry.test.render LINKS and MAP numeric lines...OK
4777/8732 substrate.undertow.server_registry.test.remove on split detaches children without leaks...OK
4778/8732 substrate.undertow.server_registry.test.topology view gives parent indexes...OK
4779/8732 substrate.undertow.server_registry.test.bounds and validation reject bad input...OK
4780/8732 substrate.undertow.server_registry.test.Config.applyToml overlays mesh.routing server-registry keys...OK
4781/8732 substrate.undertow.state_props.test.network state randomized full-state merge laws...OK
4782/8732 substrate.undertow.state_props.test.network state sparse deltas converge in randomized exchange order...OK
4783/8732 substrate.undertow.state_props.test.membership tombstones suppress observed adds but not causal re-adds...OK
4784/8732 substrate.undertow.state_props.test.observable fingerprint changes for same-cardinality differing content...OK
4785/8732 substrate.undertow.state_props.test.adversarial generated deltas do not panic or leak...OK
4786/8732 substrate.undertow.state.test.network state converges when replicas apply operations in different orders...OK
4787/8732 substrate.undertow.state.test.nick collision resolves by rename to UID instead of kill...OK
4788/8732 substrate.undertow.state.test.channel birth timestamp converges to minimum HLC...OK
4789/8732 substrate.undertow.state.test.channel birth HLC tie converges by authority and node id...OK
4790/8732 substrate.undertow.state.test.param mode equal writer conflicts converge by value bytes...OK
4791/8732 substrate.undertow.state.test.ban add and remove use observed-remove semantics...OK
4792/8732 substrate.undertow.uid_alloc.test.uniqueness across a sequence...OK
4793/8732 substrate.undertow.uid_alloc.test.round-trip parse...OK
4794/8732 substrate.undertow.uid_alloc.test.two nodes never collide...OK
4795/8732 substrate.undertow.uid_alloc.test.format and length bounds...OK
4796/8732 substrate.io.buf_ring.test.lease then recycle...OK
4797/8732 substrate.io.buf_ring.test.double-recycle rejected...OK
4798/8732 substrate.io.buf_ring.test.pool exhaustion...OK
4799/8732 substrate.io.buf_ring.test.replenish wraps correctly...OK
4800/8732 substrate.io.buf_ring.test.lease validation rejects malformed completions...OK
4801/8732 substrate.io.buf_ring.test_0...OK
4802/8732 substrate.io.ring.test.encode/decode user_data round-trips for every op kind...OK
4803/8732 substrate.io.ring.test.encodeUserData rejects out-of-range slot and gen...OK
4804/8732 substrate.io.ring.test.decodeUserData rejects unknown op kind...OK
4805/8732 substrate.io.ring.test.user_data fields do not bleed into each other...OK
4806/8732 substrate.io.ring.test.FdToken generation rejects stale completions...OK
4807/8732 substrate.io.ring.test.RingFeatures.setupFlags maps features to io_uring flags...OK
4808/8732 substrate.io.ring.test.RingFeatures.narrow fails closed against capabilities...OK
4809/8732 substrate.io.ring.test.RingFeatures.narrow preserves buf_ring invariant for multishot recv...OK
4810/8732 substrate.io.ring.test.decodeCompletion produces typed events with flags...OK
4811/8732 substrate.io.ring.test.decodeCompletion skips corrupt CQE via error...OK
4812/8732 substrate.io.ring.test.SendEvent.bufferReleased reports only zero-copy notification release...OK
4813/8732 substrate.io.ring.test.reapCompletions skipped-count observes undecodable CQEs...OK
4814/8732 substrate.io.ring.test.ring init/deinit and nop completion round-trip...OK
4815/8732 substrate.io.ring.test.submitSend uses copy path and submitSendZc is feature gated...OK
4816/8732 substrate.io.ring.test.submitTimeout fires and decodes as a timeout completion...OK
4817/8732 substrate.io.ring.test_0...OK
4818/8732 daemon.ocg2_transaction_dst.test.S6C6 only live configured-local root can mint...OK
4819/8732 daemon.ocg2_transaction_dst.test.S6C6 OCG1 remote carried and OCG2-granted cannot delegate...OK
4820/8732 daemon.ocg2_transaction_dst.test.S6C6 no reply session prefix event or mesh before durable commit...OK
4821/8732 daemon.ocg2_transaction_dst.test.S6C6 preadmission faults yield zero external effects...OK
4822/8732 daemon.ocg2_transaction_dst.test.S6C6 reserve and wire cuts split definite write from ambiguous sync...OK
4823/8732 daemon.ocg2_transaction_dst.test.S6C6 replay of identical revision is idempotent no-op...OK
4824/8732 daemon.ocg2_transaction_dst.test.S6C6 stale lower revision is idempotent no-op...OK
4825/8732 daemon.ocg2_transaction_dst.test.S6C6 same-revision divergent bytes is durable equivocation...OK
4826/8732 daemon.ocg2_transaction_dst.test.S6C6 expiry schedules reinspect without mutating cached privilege...OK
4827/8732 daemon.ocg2_transaction_dst.test.S6C6 expiry reconciliation traverses reinspect reconcile decide...OK
4828/8732 daemon.ocg2_transaction_dst.test.S6C6 reinspect faults fail closed without OCG1 cached or predecessor fallback...OK
4829/8732 daemon.ocg2_transaction_dst.test.S6C6 configured-local outranks active tombstoned expired and equivocated OCG2...OK
4830/8732 daemon.ocg2_transaction_dst.test.S6C6 zero one and many attachments share one account-wide decision...OK
4831/8732 daemon.ocg2_transaction_dst.test.S6C6 shared and distinct display nicks...OK
4832/8732 daemon.ocg2_transaction_dst.test.S6C6 replay cannot resurrect expired tombstoned or equivocated records...OK
4833/8732 daemon.ocg2_transaction_dst.test.S6C6 concurrent switch logout and successor adoption fail closed...OK
4834/8732 daemon.ocg2_transaction_dst.test.S6C6 happy-path phase order is authorize through decide...OK
4835/8732 daemon.ocg2_transaction_dst.test.S6C6 crash reopen reserved revision is consumed and never reused...OK
4836/8732 daemon.ocg2_transaction_dst.test.S6C6 recovery from an ambiguous reserve cut never reuses that revision...OK
4837/8732 daemon.ocg2_transaction_dst.test.S6C6 ambiguous wire cut keeps revision_reserved and blocks ordinary retry...OK
4838/8732 daemon.ocg2_transaction_dst.test.S6C6 reserved recovery requires identical wire...OK
4839/8732 daemon.ocg2_transaction_dst.test.S6C6 reserved recovery divergent wire is exhaustive fail-closed...OK
4840/8732 daemon.ocg2_transaction_dst.test.S6C6 login preserves live-root and logout or switch invalidates it...OK
4841/8732 daemon.ocg2_transaction_dst.test.S6C6 reactors and interleave change attachment order not decision count...OK
4842/8732 daemon.ocg2_transaction_dst.test.S6C6 competing grant revoke serialize to one exact-wire winner...OK
4843/8732 daemon.ocg2_transaction_dst.test.S6C6 exhaustive transition properties...OK
4844/8732 daemon.ocg2_transaction_dst.test.S6C6 covering array pairwise concurrency and recovery...OK
4845/8732 daemon.ocg2_transaction_dst.test.S6C6 public surface is sealed...OK
4846/8732 daemon.ocg2_transaction_dst.test.S6C6 step and run are allocation-free...OK
4847/8732 daemon.ocg2_reconcile_workset.test.OCG2WORK empty inventories are complete and write nothing...OK
4848/8732 daemon.ocg2_reconcile_workset.test.OCG2WORK initial baseline emits inventory_added for every entry including terminals...OK
4849/8732 daemon.ocg2_reconcile_workset.test.OCG2WORK unchanged tuple emits no work and acknowledges candidates...OK
4850/8732 daemon.ocg2_reconcile_workset.test.OCG2WORK exact issue and expiry are temporal transitions...OK
4851/8732 daemon.ocg2_reconcile_workset.test.OCG2WORK direct not_yet_valid to expired is temporal...OK
4852/8732 daemon.ocg2_reconcile_workset.test.OCG2WORK same identity may become equivocation without digest change...OK
4853/8732 daemon.ocg2_reconcile_workset.test.OCG2WORK same revision changed identity is valid only as equivocation...OK
4854/8732 daemon.ocg2_reconcile_workset.test.OCG2WORK higher revision grant narrow tombstone and new equivocation...OK
4855/8732 daemon.ocg2_reconcile_workset.test.OCG2WORK successor after terminal phases...OK
4856/8732 daemon.ocg2_reconcile_workset.test.OCG2WORK security-time rollback is fail-closed...OK
4857/8732 daemon.ocg2_reconcile_workset.test.OCG2WORK lower revision is rejected...OK
4858/8732 daemon.ocg2_reconcile_workset.test.OCG2WORK removal is an invariant failure...OK
4859/8732 daemon.ocg2_reconcile_workset.test.OCG2WORK malformed noncanonical duplicate and permuted names fail closed...OK
4860/8732 daemon.ocg2_reconcile_workset.test.OCG2WORK zero revision fails closed...OK
4861/8732 daemon.ocg2_reconcile_workset.test.OCG2WORK invalid previous and current phase deadlines fail closed...OK
4862/8732 daemon.ocg2_reconcile_workset.test.OCG2WORK later invalid entry is failure-atomic...OK
4863/8732 daemon.ocg2_reconcile_workset.test.OCG2WORK invalid wins over undersized outputs...OK
4864/8732 daemon.ocg2_reconcile_workset.test.OCG2WORK aliasing wins over undersized outputs...OK
4865/8732 daemon.ocg2_reconcile_workset.test.OCG2WORK exact over and under output capacities...OK
4866/8732 daemon.ocg2_reconcile_workset.test.OCG2WORK output tails stay untouched...OK
4867/8732 daemon.ocg2_reconcile_workset.test.OCG2WORK full 256 inventory and over-capacity...OK
4868/8732 daemon.ocg2_reconcile_workset.test.OCG2WORK now at zero and maxInt stay exact...OK
4869/8732 daemon.ocg2_reconcile_workset.test.OCG2WORK input output aliasing is rejected...OK
4870/8732 daemon.ocg2_reconcile_workset.test.OCG2WORK inline copies are independent of inputs...OK
4871/8732 daemon.ocg2_reconcile_workset.test.OCG2WORK C2 to C3 to C4 integration...OK
4872/8732 daemon.ocg2_reconcile_workset.test.OCG2WORK C3 boundary rebuild integration...OK
4873/8732 daemon.ocg2_reconcile_workset.test.OCG2WORK null previous time only with empty previous...OK
4874/8732 daemon.ocg2_reconcile_workset.test.OCG2WORK illegal same-identity phase transitions fail closed...OK
4875/8732 daemon.ocg2_reconcile_workset.test.OCG2WORK build never allocates...OK
4876/8732 daemon.ocg2_reconcile_workset.test.OCG2WORK reflection and import boundary stay advisory only...OK
4877/8732 daemon.durable_oper_authority.test.OCG2AUTH merge order converges higher successor tombstone floor and expired retention...OK
4878/8732 daemon.durable_oper_authority.test.OCG2PROV future-skew admission never serves early and survives restore...OK
4879/8732 daemon.durable_oper_authority.test.OCG2AUTH replay equivocation persists fail closed and strictly higher clears...OK
4880/8732 daemon.durable_oper_authority.test.OCG2AUTH all merge permutations converge to one canonical snapshot...OK
4881/8732 daemon.durable_oper_authority.test.OCG2AUTH canonical snapshot restart marker corruption authority and framing fail closed...OK
4882/8732 daemon.durable_oper_authority.test.OCG2AUTH prepared revision is invisible until commit and survives restart...OK
4883/8732 daemon.durable_oper_authority.test.OCG2AUTH prepare and decode are allocation failure atomic...OK
4884/8732 daemon.durable_oper_authority.test.OCG2AUTH decoder rejects count over capacity before records...OK
4885/8732 daemon.durable_oper_authority.test.OCG2CLOCK reservation rollback extension and restart restore...OK
4886/8732 daemon.durable_oper_authority.test.OCG2CLOCK strict v1 and v2 migrate inactive until explicit reservation cut...OK
4887/8732 daemon.durable_oper_authority.test.OCG2CLOCK reservation preparation is allocation-failure atomic...OK
4888/8732 daemon.durable_oper_authority.test.S6C2 copyTransactions empty exact over and under leave dest untouched...OK
4889/8732 daemon.durable_oper_authority.test.S6C2 copyTransactions lists every latest kind in canonical order with exact fields...OK
4890/8732 daemon.durable_oper_authority.test.S6C2 copyTransactions copies outlive state and share no borrowed slices...OK
4891/8732 daemon.durable_oper_authority.test.S6C2 copyTransactions rejects internal corruption without partial writes...OK
4892/8732 daemon.durable_oper_authority.test.S6C2 copyTransactions is allocation-free...OK
4893/8732 daemon.ocg2_reconcile_schedule.test.OCG2SCHED empty inventory is complete and writes nothing...OK
4894/8732 daemon.ocg2_reconcile_schedule.test.OCG2SCHED grant phases use inclusive issue and exclusive expiry...OK
4895/8732 daemon.ocg2_reconcile_schedule.test.OCG2SCHED tombstone and equivocation are terminal with equivocation precedence...OK
4896/8732 daemon.ocg2_reconcile_schedule.test.OCG2SCHED mixed inventory reports exact earliest transition without arithmetic...OK
4897/8732 daemon.ocg2_reconcile_schedule.test.OCG2SCHED rejects duplicates and permutations without sorting...OK
4898/8732 daemon.ocg2_reconcile_schedule.test.OCG2SCHED account bounds and noncanonical names fail closed before slicing...OK
4899/8732 daemon.ocg2_reconcile_schedule.test.OCG2SCHED zero revision and malformed authority fail closed...OK
4900/8732 daemon.ocg2_reconcile_schedule.test.OCG2SCHED malformed wire bounds and truncated frames fail closed...OK
4901/8732 daemon.ocg2_reconcile_schedule.test.OCG2SCHED signature and field mismatches fail closed...OK
4902/8732 daemon.ocg2_reconcile_schedule.test.OCG2SCHED digest mismatch covers BLAKE3 and exact-wire SHA-256...OK
4903/8732 daemon.ocg2_reconcile_schedule.test.OCG2SCHED temporal tuple rejects inverted equal and oversize deadlines...OK
4904/8732 daemon.ocg2_reconcile_schedule.test.OCG2SCHED equivocation tuple requires distinct nonzero conflict digest...OK
4905/8732 daemon.ocg2_reconcile_schedule.test.OCG2SCHED preserves grant and tombstone policy without privilege leakage...OK
4906/8732 daemon.ocg2_reconcile_schedule.test.OCG2SCHED invalid later record is failure-atomic for earlier valid copies...OK
4907/8732 daemon.ocg2_reconcile_schedule.test.OCG2SCHED insufficient output reports required count and leaves dest untouched...OK
4908/8732 daemon.ocg2_reconcile_schedule.test.OCG2SCHED invalid inventory wins over insufficient output...OK
4909/8732 daemon.ocg2_reconcile_schedule.test.OCG2SCHED consumes accepted C2 copyTransactions inventory...OK
4910/8732 daemon.ocg2_reconcile_schedule.test.OCG2SCHED now at zero and maxInt stay exact...OK
4911/8732 daemon.ocg2_reconcile_schedule.test.OCG2SCHED build never allocates...OK
4912/8732 daemon.ocg2_reconcile_schedule.test.OCG2SCHED reflection and import boundary stay advisory only...OK
4913/8732 daemon.ocg2_reconcile_schedule.test.OCG2SCHED hints copy account bytes and share no input pointers...OK
4914/8732 daemon.ocg2_reconcile_schedule.test.OCG2SCHED future issue bound uses caller now not record issued...OK
4915/8732 daemon.ocg2_reconcile_schedule.test.OCG2SCHED future issue bound is overflow-safe at u64 max...OK
4916/8732 daemon.ocg2_reconcile_schedule.test.OCG2SCHED expired grants remain classifiable and schedulable...OK
4917/8732 daemon.ocg2_authority_issuer.test.OCG2ISSUER authority construction rejects disabled mismatch and unreserved images...OK
4918/8732 daemon.ocg2_authority_issuer.test.OCG2ISSUER grant request validation rejects privileges text ttl and revalidates mutation...OK
4919/8732 daemon.ocg2_authority_issuer.test.OCG2ISSUER grant narrow revoke and regrant advance exact revisions...OK
4920/8732 daemon.ocg2_authority_issuer.test.OCG2ISSUER rollback monotonic horizon and overflow allocate nothing...OK
4921/8732 daemon.ocg2_authority_issuer.test.OCG2ISSUER committed receipt hashes wire and signature are exact...OK
4922/8732 daemon.ocg2_authority_issuer.test.OCG2ISSUER cut failed short sync and crash reopen never reuse a revision...OK
4923/8732 daemon.ocg2_authority_issuer.test.OCG2ISSUER preadmission OOM capacity busy and exhaustion burn nothing extra...OK
4924/8732 daemon.ocg2_authority_issuer.test.OCG2ISSUER replay stale equivocation and postcommit mismatch poison...OK
4925/8732 daemon.ocg2_authority_issuer.test.OCG2ISSUER signing failure after a burned revision poisons fail-closed...OK
4926/8732 daemon.ocg2_authority_issuer.test.OCG2ISSUER concurrent grants serialize without precommit receipt or callback...OK
4927/8732 daemon.ocg2_authority_issuer.test.OCG2ISSUER WAL and receipt never persist the node seed...OK
4928/8732 daemon.ocg2_authority_issuer.test.OCG2ISSUER create and grant remain allocation-failure atomic...OK
4929/8732 daemon.ocg2_authority_issuer.test.OCG2ISSUER mutated account class title lengths are preadmission not traps...OK
4930/8732 daemon.ocg2_authority_issuer.test.OCG2ISSUER destroy is single-owner after in-flight transactions join...OK
4931/8732 daemon.ocg2_authority_issuer.test.OCG2ISSUER handle reflection is opaque in-module...OK
4932/8732 daemon.ocg2_authority_issuer.test.OCG2ISSUER executeAuthorized live permit commits exact grant and revoke...OK
4933/8732 daemon.ocg2_authority_issuer.test.OCG2ISSUER executeAuthorized stale REHASH permit allocates nothing...OK
4934/8732 daemon.ocg2_authority_issuer.test.OCG2ISSUER executeAuthorized account mismatch and missing oper_grant allocate nothing...OK
4935/8732 daemon.ocg2_authority_issuer.test.OCG2ISSUER executeAuthorized rejects OCG2 OCG1 snapshot remote nonoper fabrication before revision...OK
4936/8732 daemon.ocg2_authority_issuer.test.OCG2ISSUER public surface is only executeAuthorized...OK
4937/8732 daemon.ocg2_authority_issuer.test.OCG2ISSUER executeAuthorized survives REHASH of identical bindings on the bound registry...OK
4938/8732 daemon.ocg2_authority_issuer.test.OCG2ISSUER executeAuthorized attacker registry with identical bindings is unauthorized...OK
4939/8732 daemon.ocg2_authority_issuer.test.OCG2ISSUER executeAuthorized mutated max+1 permit fields are unauthorized...OK
4940/8732 daemon.kernel_other.test.GAP-X3 FreeBSD Capsicum and SO_REUSEPORT_LB, OpenBSD pledge, and a Windows job fail closed...OK
4941/8732 daemon.kernel_other.test.GAP-X3 FreeBSD kernel TLS fails closed off FreeBSD...GAP-X3 branch=freebsd kernel TLS uses TCP_TXTLS_ENABLE and struct tls_enable; this host did not execute setsockopt; windows RIO stays unmet
OK
4942/8732 daemon.openbsd_sandbox.test.OpenBSD confinement plan merges exact paths and unwinds owned names...OK
4943/8732 daemon.os_runtime.test.native runtime descriptors retain CLOEXEC and reject retired handles...OK
4944/8732 daemon.native_network.test.OpenBSD native worker TCP connects both families and bounds idle receives...OK
4945/8732 daemon.io_backend.test.GAP-X1 IoBackend queues accept recv send poll cancel and timeout on the linux ring and iocp and kqueue fail closed...SKIP
4946/8732 daemon.io_backend.test.kqueue: full change batch preserves the armed buffer and permits retry...OK
4947/8732 daemon.io_backend.test.kqueue: dual poll allocation failure is atomic...OK
4948/8732 daemon.io_backend.test.kqueue: colliding poll token cannot replace or cancel the original registration...OK
4949/8732 daemon.io_backend.test.BSD kqueue: poll recv cancel and timeout preserve operation identities...OK
4950/8732 daemon.io_backend.test.BSD kqueue: interrupted wait preserves armed buffer and original completion...OK
4951/8732 daemon.io_backend.test.BSD kqueue: broken-peer send survives default SIGPIPE disposition...OK
4952/8732 daemon.io_backend.test.BSD kqueue: accepted socket is nonblocking and close-on-exec...OK
4953/8732 daemon.io_backend.test.GAP-X3 Windows RIO fails closed off Windows...GAP-X3 branch=windows RIO loads the function table with WSAIoctl SIO 0xC8000024 and GUID 8509e081-96dd-4005-b165-9e2ee8c79e3f on a WSA_FLAG_REGISTERED_IO socket during Iocp.open; dequeueRegistered calls that stored table; off Windows it returns stage off-windows before any pointer call; a null or short table is MissingOp and the port is closed; recv and send on the IOCP path are IOCTL_AFD_RECEIVE and IOCTL_AFD_SEND; this host did not execute WSAIoctl or RIODequeueCompletion; heading stays unmarked; whole-accept not claimed
OK
4954/8732 daemon.io_backend.test.kqueue: full-runtime canceled original is reserved before successful delete publication...OK
4955/8732 daemon.io_backend.test.BSD full reactor: connect accept exact cancel and refused connect preserve original outcomes...OK
4956/8732 daemon.io_backend.test.BSD full reactor: mixed delete receipt failure closes queue before cancellation publication...OK
4957/8732 daemon.foreign_kernel_exec.test.GAP-X1 FreeBSD kqueue executes on this kernel...SKIP
4958/8732 daemon.foreign_kernel_exec.test.GAP-X3 FreeBSD kernel TLS executes on this kernel...SKIP
4959/8732 daemon.foreign_kernel_exec.test.GAP-X3 OpenBSD pledge executes on this kernel...GAP-X3 openbsd path /etc present=true
GAP-X3 openbsd path /usr present=true
GAP-X3 openbsd path /var present=true
GAP-X3 openbsd path /tmp present=true
GAP-X3 openbsd pledge result=ok errno=0
OK
4960/8732 daemon.foreign_kernel_exec.test.GAP-X1 Windows IOCP and RIO executes on this kernel...SKIP
4961/8732 daemon.modules.manifest.test_0...OK
4962/8732 daemon.key_transparency.test.GAP-K2 a signed head round-trips and a stale head does not hide a revocation...OK
4963/8732 daemon.key_transparency.test_0...OK
4964/8732 daemon.key_transparency.test.KEYTRANS appends credential events and verifies inclusion...OK
4965/8732 daemon.key_transparency.test.KEYTRANS event digest is length framed...OK
4966/8732 daemon.key_transparency.test.KEYTRANS event digest domain-separates E2EE device and identity credentials...OK
4967/8732 daemon.key_transparency.test.KEYTRANS canonical event codec round-trips and rejects non-canonical input...OK
4968/8732 daemon.key_transparency.test.KEYTRANS log retains bodies and locates latest account+kind+key_id...OK
4969/8732 daemon.key_transparency.test.KEYTRANS checkpoint comparison requires a stored checkpoint and is not a consistency proof...OK
4970/8732 daemon.key_transparency.test.KEYTRANS fact tombstone hash is deterministic and domain-separated...OK
4971/8732 daemon.key_transparency.test.KEYTRANS exact fact identity binds action material HLC and origin...OK
4972/8732 daemon.key_transparency.test.KEYTRANS exact fact identity domain-separates account kind and key_id...OK
4973/8732 daemon.key_transparency.test.KEYTRANS exact fact replay dedups and different origin appends...OK
4974/8732 daemon.key_transparency.test.KEYTRANS exact fact identity distinguishes bind from delete of same material...OK
4975/8732 daemon.key_transparency.test.KEYTRANS unusable log rejects append proof and latest lookup...OK
4976/8732 daemon.key_transparency.test.KEYTRANS latestEvent rejects invalid account and key id...OK
4977/8732 daemon.key_transparency.test.KEYTRANS reset clears digest index but keeps unusable...OK
4978/8732 daemon.key_transparency.test.KEYTRANS encodeOwned rejects a too-small buffer...OK
4979/8732 daemon.key_transparency.test.KEYTRANS OwnedEvent eql requires matching leaf and fields...OK
4980/8732 daemon.key_transparency.test.KEYTRANS empty log root is stable...OK
4981/8732 daemon.key_transparency.test.KEYTRANS compareCheckpoint current size root mismatch is corrupt...OK
4982/8732 daemon.key_transparency.test.KEYTRANS credential kind and action wire names...OK
4983/8732 daemon.key_transparency.test.KEYTRANS fact identity empty pubkey differs from missing material...OK
4984/8732 daemon.key_transparency.test.KEYTRANS fact canonical hash uses tombstone only for delete...OK
4985/8732 daemon.key_transparency.test.KEYTRANS fact identity same origin different action appends two leaves...OK
4986/8732 daemon.key_transparency.test.KEYTRANS latestDeviceObservation is kind scoped...OK
4987/8732 daemon.key_transparency.test.KEYTRANS validateAccount rejects punctuation and uppercase...OK
4988/8732 daemon.key_transparency.test.KEYTRANS validateKeyId rejects controls and empty...OK
4989/8732 daemon.key_transparency.test.KEYTRANS decodeEvent rejects unknown kind and action...OK
4990/8732 daemon.key_transparency.test.KEYTRANS eventAt rejects an out of range position...OK
4991/8732 daemon.key_transparency.test.KEYTRANS fact identity different HLC with same origin appends...OK
4992/8732 daemon.key_transparency.test.KEYTRANS duplicate digest does not grow the log...OK
4993/8732 daemon.key_transparency.test.KEYTRANS append allocation failure is atomic...OK
4994/8732 daemon.durable_credential_props.test.DPROP1 empty image has deterministic framing and KAT...OK
4995/8732 daemon.durable_credential_props.test.DPROP1 empty state exposes exact immutable local origin...OK
4996/8732 daemon.durable_credential_props.test.DPROP1 integration API exposes exact store bounds and bounded factAt...OK
4997/8732 daemon.durable_credential_props.test.DPROP1 signed facts round-trip sorted and restore max HLC...OK
4998/8732 daemon.durable_credential_props.test.DPROP1 validates legacy and folded stored-key ODD1 device material...OK
4999/8732 daemon.durable_credential_props.test.DPROP1 LWW stale replay and equivocation outcomes...OK
5000/8732 daemon.durable_credential_props.test.DPROP1 tombstone replaces and rejects nonempty delete...OK
5001/8732 daemon.durable_credential_props.test.DPROP1 malformed prefix trailing checksum and canonical inputs fail closed...OK
5002/8732 daemon.durable_credential_props.test.DPROP1 rejects noncredential namespace and unsigned event...OK
5003/8732 daemon.durable_credential_props.test.DPROP1 prepared update is invisible until commit and abort is exact...OK
5004/8732 daemon.durable_credential_props.test.DPROP1 decoder rejects duplicate, unsorted, proper-prefix, and trailing records...OK
5005/8732 daemon.durable_credential_props.test.DPROP1 decoder enforces count bound before body allocation...OK
5006/8732 daemon.durable_credential_props.test.DPROP1 enforces the per-account cap but permits replacement at cap...OK
5007/8732 daemon.durable_credential_props.test.DPROP1 rejects zero local-origin configuration...OK
5008/8732 daemon.durable_credential_props.test.DPROP1 tombstones prevent stale resurrection and reject foreign origin...OK
5009/8732 daemon.durable_credential_props.test.DPROP1 signed fact validation is fail-closed for clock account owner origin and tamper...OK
5010/8732 daemon.durable_credential_props.test.DPROP1 decode is allocation-failure atomic...OK
5011/8732 daemon.durable_credential_props.test.DPROP1 prepare is allocation-failure atomic...OK
5012/8732 daemon.durable_credential_props_boot.test.DPROP boot validates authority and authoritative opened-store bounds...OK
5013/8732 daemon.durable_credential_props_boot.test.DPROP boot restores a valid owned snapshot and missing is empty...OK
5014/8732 daemon.durable_credential_props_boot.test.DPROP boot propagates corruption foreign origin and bad signature...OK
5015/8732 daemon.durable_credential_props_boot.test.DPROP boot allocation failure cleans partial restore...OK
5016/8732 daemon.durable_oper_authority_boot.test.OCG2AUTH boot initialization restart and strict missing partial wrong authority corruption...OK
5017/8732 daemon.durable_oper_authority_boot.test.OCG2AUTH boot rejects corrupt marker and snapshot plus undersized stores...OK
5018/8732 daemon.oper_session_provenance.test.OCG2PROV reconciliation is synchronous and local binding is live...OK
5019/8732 daemon.oper_session_provenance.test.OCG2PROV by-value OperGrant compatibility field fails closed...OK
5020/8732 daemon.oper_session_provenance.test.OCG2PROV lookup states clear and unavailable through visitor...OK
5021/8732 daemon.oper_session_provenance.test.OCG2PROV exact signed wire and projection fields are reverified...OK
5022/8732 daemon.oper_session_provenance.test.OCG2PROV mint permit requires live configured-local oper_grant...OK
5023/8732 daemon.oper_session_provenance.test.OCG2PROV mint permit rejects stale REHASH binding...OK
5024/8732 daemon.oper_session_provenance.test.OCG2PROV mint permit rejects account mismatch...OK
5025/8732 daemon.oper_session_provenance.test.OCG2PROV mint permit rejects missing oper_grant...OK
5026/8732 daemon.oper_session_provenance.test.OCG2PROV mint permit rejects OCG2 OCG1 snapshot remote nonoper and fabrication...OK
5027/8732 daemon.oper_session_provenance.test.OCG2PROV mint permit rejects attacker registry with identical bindings...OK
5028/8732 daemon.oper_session_provenance.test.OCG2PROV mint permit rejects mutated max+1 field lengths...OK
5029/8732 daemon.ocg2_runtime.test.OCG2 runtime handle is opaque and private state is inaccessible...OK
5030/8732 daemon.ocg2_runtime.test.OCG2 runtime observe establishes an empty durable horizon...OK
5031/8732 daemon.ocg2_runtime.test.OCG2 runtime stable inventory produces no repeated work and temporal work is observed...OK
5032/8732 daemon.ocg2_runtime.test.OCG2 runtime disabled and unavailable Services fail once and stay failed...OK
5033/8732 daemon.ocg2_runtime.test.OCG2 runtime monotonic rollback and overflow fail closed...OK
5034/8732 daemon.ocg2_runtime.test.OCG2 runtime integration rollback poisons its own Services image...OK
5035/8732 daemon.ocg2_runtime.test.OCG2 runtime authority unavailable failure poisons a serving Services image...OK
5036/8732 daemon.ocg2_runtime.test.OCG2 runtime retries first horizon preadmission without consuming zero elapsed...OK
5037/8732 daemon.ocg2_runtime.test.OCG2 runtime classifies a superseded inspect race as retryable...OK
5038/8732 daemon.ocg2_runtime.test.OCG2 runtime public surface forbids projection and mutation capabilities...OK
5039/8732 daemon.ocg2_projection_runtime.test.OCG2 projection runtime default construction and public values are bounded...OK
5040/8732 daemon.ocg2_projection_runtime.test.OCG2 projection runtime initial inventory is unacked until drained and acknowledged...OK
5041/8732 daemon.ocg2_projection_runtime.test.OCG2 projection runtime abort retains baseline and retry emits by-value item...OK
5042/8732 daemon.ocg2_projection_runtime.test.OCG2 projection runtime handles zero, one, and the frozen 256-record inventory...OK
5043/8732 daemon.ocg2_projection_runtime.test.OCG2 projection runtime busy and stale generations cannot mutate baseline...OK
5044/8732 daemon.ocg2_projection_runtime.test.OCG2 projection runtime busy retry preserves the acknowledged baseline...OK
5045/8732 daemon.ocg2_projection_runtime.test.OCG2 projection runtime fail-closed mappings cover invariant generation and clock overflow...OK
5046/8732 daemon.ocg2_projection_runtime.test.OCG2 projection runtime retryable and store/restart mapping taxonomy is explicit...OK
5047/8732 daemon.ocg2_projection_runtime.test.OCG2 projection runtime terminal phases and synchronous inspection share security clock...OK
5048/8732 daemon.ocg2_projection_runtime.test.OCG2 projection runtime store unavailability is terminal and representable...OK
5049/8732 daemon.ocg2_projection_runtime.test.OCG2 projection runtime monotonic rollback and first-sample clock rules fail closed...OK
5050/8732 daemon.ocg2_projection_runtime.test.OCG2 projection runtime construction reports allocator OOM before authority use...OK
5051/8732 daemon.account_verify.test.issue then confirm verifies and removes pending entry...OK
5052/8732 daemon.account_verify.test.wrong token returns bad token and increments attempts...OK
5053/8732 daemon.account_verify.test.wrong token locks after max attempts...OK
5054/8732 daemon.account_verify.test.expired token is reported without consuming pending entry...OK
5055/8732 daemon.account_verify.test.issuing again replaces the prior pending token and metadata...OK
5056/8732 daemon.account_verify.test.sweep expired frees only expired pending entries...OK
5057/8732 daemon.account_verify.test.cancel removes pending entry and all owned memory...OK
5058/8732 daemon.account_verify.test.bounds reject invalid issue inputs without leaks...OK
5059/8732 daemon.acme_cli.test.parseArgs requires domain and out, toggles prod...OK
5060/8732 daemon.acme_cli.test.deriveKeyPath swaps .pem for .key.pem, else appends .key...OK
5061/8732 daemon.acme_cli.test.loadTrustAnchors decodes multiple CERTIFICATE blocks...OK
5062/8732 daemon.acme_cli.test.applyToml overlays acme keys and leaves absent keys at defaults...OK
5063/8732 daemon.acme_cli.test.applyToml is a no-op when the acme table is absent...OK
5064/8732 daemon.acme_cli.test.applyToml overlays prod_directory_url only on prod runs...OK
5065/8732 daemon.acme_cli.test.applyToml rejects out-of-range challenge_port and zero max bytes...OK
5066/8732 daemon.acme_cli.test_0...OK
5067/8732 daemon.acme_client.test.full http-01 issuance flow drives machine to done and emits effects...OK
5068/8732 daemon.acme_client.test.badNonce on newAccount is retried with the fresh nonce then succeeds...OK
5069/8732 daemon.acme_client.test.stepping a terminal machine returns error.Terminal...OK
5070/8732 daemon.acme_http01_listener.test.ChallengeServer serves a stored token over loopback...OK
5071/8732 daemon.acme_http01_listener.test.ChallengeServer returns 404 for unknown token...OK
5072/8732 daemon.acme_http01_listener.test.Config.applyToml overlays listener tunables and skips bind address...OK
5073/8732 daemon.acme_http01_listener.test.Config.applyToml leaves defaults when keys absent...OK
5074/8732 daemon.acme_http01_listener.test.initWithConfig honors a custom backlog and read timeout...OK
5075/8732 daemon.acme_http01_listener.test_0...OK
5076/8732 daemon.acme_http01_server.test.TokenStore put stores owned key authorization...OK
5077/8732 daemon.acme_http01_server.test.TokenStore put replaces existing value...OK
5078/8732 daemon.acme_http01_server.test.TokenStore remove clears owned entry...OK
5079/8732 daemon.acme_http01_server.test.TokenStore rejects empty and traversal-shaped tokens...OK
5080/8732 daemon.acme_http01_server.test.handleRequest returns 200 for known challenge token...OK
5081/8732 daemon.acme_http01_server.test.handleRequest returns 404 for unknown token...OK
5082/8732 daemon.acme_http01_server.test.handleRequest returns 404 for other methods and paths...OK
5083/8732 daemon.acme_http01_server.test.handleRequest rejects traversal and extra path segments...OK
5084/8732 daemon.acme_http01_server.test.handleRequest returns NoSpaceLeft when output buffer is too small...OK
5085/8732 daemon.acme_renewal.test.shouldRenew: due inside threshold and at the boundary...OK
5086/8732 daemon.acme_renewal.test.shouldRenew: expired leaves are due...OK
5087/8732 daemon.acme_renewal.test.shouldRenew: handles large timestamps without addition overflow...OK
5088/8732 daemon.acme_renewal.test.certFileLeafNotAfterUnix reads the leaf expiry from a PEM certificate file...OK
5089/8732 daemon.acme_renewal.test_0...OK
5090/8732 daemon.acme_runner.test.Url.parse extracts host, default port, and path...OK
5091/8732 daemon.acme_runner.test.Url.parse honors explicit port and bare authority...OK
5092/8732 daemon.acme_runner.test.Url.parse rejects non-https and empty authority...OK
5093/8732 daemon.acme_runner.test.frameRecordLen needs a full record...OK
5094/8732 daemon.acme_runner.test.consumePrefix shifts remaining bytes down...OK
5095/8732 daemon.acme_runner.test.acme writeKeyAtomic writes the TLS private key owner-only (0o600)...OK
5096/8732 daemon.acme_runner.test.acme writeCertAtomic leaves the public cert chain default-readable...OK
5097/8732 daemon.acme_runner.test.applyToml overlays runner acme tunables...OK
5098/8732 daemon.acme_runner.test.applyToml leaves runner defaults when acme table absent...OK
5099/8732 daemon.acme_runner.test.v6 nameserver sockaddr is built with INET6 family, big-endian port, and raw bytes...OK
5100/8732 daemon.acme_runner.test.udpSocket opens an AF_INET6 datagram socket...OK
5101/8732 daemon.acme_runner.test.queryOneServer6 round-trips an A record against a ::1 DNS responder...OK
5102/8732 daemon.acme_runner.test_0...OK
5103/8732 daemon.activity_subscriptions.test.subscribe is idempotent and reflected by isSubscribed...OK
5104/8732 daemon.activity_subscriptions.test.unsubscribe removes and prunes empty channels...OK
5105/8732 daemon.activity_subscriptions.test.removeClient drops the client from every channel...OK
5106/8732 daemon.activity_subscriptions.test.per-channel subscriber cap is enforced...OK
5107/8732 daemon.activity_subscriptions.test.reaction tally is stored with no subscribers and read after subscribe...OK
5108/8732 daemon.announce_board.test.publish and active filter by scope and global...OK
5109/8732 daemon.announce_board.test.expiry: active skips expired and expireSweep frees them...OK
5110/8732 daemon.announce_board.test.dismiss and isDismissed track per-account state...OK
5111/8732 daemon.announce_board.test.cap eviction drops oldest FIFO when full...OK
5112/8732 daemon.announce_board.test.publish rejects invalid fields...OK
5113/8732 daemon.announce_board.test.Config defaults preserve historical limits...OK
5114/8732 daemon.announce_board.test.Config.applyToml overlays [bouncer] announce keys...OK
5115/8732 daemon.announce_board.test.initWithConfig enforces a smaller board cap...OK
5116/8732 daemon.attachment_delivery_spool.test.attachment delivery spool batch reservation is atomic under OOM and capacity...OK
5117/8732 daemon.attachment_delivery_spool.test.attachment delivery spool prepared batch abort is byte exact and commit cannot fail...OK
5118/8732 daemon.attachment_delivery_spool.test.attachment delivery spool retains a slow client while healthy clients drain fairly...OK
5119/8732 daemon.attachment_delivery_spool.test.attachment delivery spool fair page reaches client thirty three...OK
5120/8732 daemon.attachment_delivery_spool.test.attachment delivery spool transfers detached resume atomically...OK
5121/8732 daemon.attachment_delivery_spool.test.prepared attachment transfer abort leaves spool byte-identical...OK
5122/8732 daemon.attachment_delivery_spool.test.prepared attachment transfer conflict leaves spool byte-identical...OK
5123/8732 daemon.attachment_delivery_spool.test.prepared attachment transfer OOM leaves spool byte-identical...OK
5124/8732 daemon.attachment_delivery_spool.test.prepared attachment transfer commit moves old rows to new exactly...OK
5125/8732 daemon.attachment_delivery_spool.test.prepared attachment transfer merges one duplicate event exactly once...OK
5126/8732 daemon.attachment_delivery_spool.test.attachment delivery spool discard is no-fail complete and preserves unrelated FIFO...OK
5127/8732 daemon.attachment_delivery_spool.test.attachment delivery spool collects unique clients without advancing fairness...OK
5128/8732 daemon.attachment_delivery_spool.test.attachment delivery spool empty remap is a no-op only for empty authority...OK
5129/8732 daemon.attachment_delivery_spool.test.attachment delivery spool simultaneous remap supports two and three cycles...OK
5130/8732 daemon.attachment_delivery_spool.test.attachment delivery spool remap merges equivalents and rejects incomplete conflicting maps atomically...OK
5131/8732 daemon.attachment_delivery_spool.test.attachment delivery spool remap OOM is byte exact...OK
5132/8732 daemon.attachment_delivery_spool.test.attachment delivery spool duplicate is idempotent and differing bytes equivocate...OK
5133/8732 daemon.attachment_delivery_spool.test.attachment delivery spool checkpoint round trip corruption and OOM are strict...OK
5134/8732 daemon.attachment_delivery_spool.test.attachment delivery spool checkpoint normalizes sequence gaps but preserves authority...OK
5135/8732 daemon.attachment_delivery_spool.test.attachment delivery spool large canonical checkpoint validation is linear...OK
5136/8732 daemon.audit_trail.test.AuditTrail appends records with increasing sequences...OK
5137/8732 daemon.audit_trail.test.AuditTrail returns records after sequence...OK
5138/8732 daemon.audit_trail.test.AuditTrail ring keeps newest records...OK
5139/8732 daemon.autojoin.test.add stores channels for an account and list returns owned entries...OK
5140/8732 daemon.autojoin.test.add rejects duplicate channels case-insensitively...OK
5141/8732 daemon.autojoin.test.contains matches account and channel case-insensitively...OK
5142/8732 daemon.autojoin.test.remove deletes a channel and prunes empty account state...OK
5143/8732 daemon.autojoin.test.remove reports missing accounts and channels with typed errors...OK
5144/8732 daemon.autojoin.test.bounds reject too many accounts and too many channels...OK
5145/8732 daemon.autojoin.test.input validation rejects empty and oversized account or channel values...OK
5146/8732 daemon.autojoin.test.numeric tags are exhaustively mapped...OK
5147/8732 daemon.bot_registry.test.register / isBot / info...OK
5148/8732 daemon.bot_registry.test.mayAnnounce scope and verification gating...OK
5149/8732 daemon.bot_registry.test.rate limiter trips at per_hour and recovers after window...OK
5150/8732 daemon.bot_registry.test.unregister...OK
5151/8732 daemon.certfp_bind.test.bind then lookup returns the bound account...OK
5152/8732 daemon.certfp_bind.test.rebinding a fingerprint replaces the owner...OK
5153/8732 daemon.certfp_bind.test.rejects malformed fingerprints and oversize accounts...OK
5154/8732 daemon.certfp_bind.test.unbind removes a present binding...OK
5155/8732 daemon.certfp_bind.test.repeated lookups of the same bound fingerprint do not grow memory...OK
5156/8732 daemon.certfp_bind.test.CertfpBindStore concurrent writers and readers preserve bindings...OK
5157/8732 daemon.chanstats.test.records messages, words, hour buckets, and per-user behaviour metrics...OK
5158/8732 daemon.chanstats.test.ophion parity: CTCP ACTION, ignore list, peak members...OK
5159/8732 daemon.chanstats.test.records membership events and topic history...OK
5160/8732 daemon.chanstats.test.syncTopic repairs a tracked current topic without inventing an event...OK
5161/8732 daemon.chanstats.test.writeJson prunes channels that no longer exist (unregistered + empty)...OK
5162/8732 daemon.chanstats.test.distinct-channel count is capped against a unique-name burst...OK
5163/8732 daemon.chanstats.test.writeJson without an exists_fn prunes nothing (backward compatible)...OK
5164/8732 daemon.chanstats.test.publicSummary mirrors public index threshold and recent activity...OK
5165/8732 daemon.chanstats.test.slugify strips the channel prefix and neutralises unsafe / traversal bytes...OK
5166/8732 daemon.chanstats.test.writeJsonString escapes control + quote characters...OK
5167/8732 daemon.chanstats.test.renderChannel emits valid JSON matching the dashboard contract...OK
5168/8732 daemon.chanstats.test.snapshot serialize/deserialize round-trips the full aggregate...OK
5169/8732 daemon.client.test.generational id reuse rejects stale handles...OK
5170/8732 daemon.client.test.basic client and channel create lookup free...OK
5171/8732 daemon.client.test.fixed strings reject oversize values...OK
5172/8732 daemon.clone_detect.test.clone limit triggers at N concurrent...OK
5173/8732 daemon.clone_detect.test.throttle triggers on rapid reconnects...OK
5174/8732 daemon.clone_detect.test.releases on disconnect...OK
5175/8732 daemon.clone_detect.test.concurrent dimension disabled leaves a pure rate throttle...OK
5176/8732 daemon.clone_detect.test.state is bounded and prunes empty expired IPs...OK
5177/8732 daemon.clone_detect.test.no leak across denied connects and deinit...OK
5178/8732 daemon.clone_limit.test.register succeeds while under the per-ip limit...OK
5179/8732 daemon.clone_limit.test.register at the per-ip limit returns error and does not increment...OK
5180/8732 daemon.clone_limit.test.release decrements and frees the entry when it reaches zero...OK
5181/8732 daemon.clone_limit.test.per-/24 aggregation across distinct ips trips TooManyPerNet...OK
5182/8732 daemon.clone_limit.test.different /24 networks are accounted separately...OK
5183/8732 daemon.clone_limit.test.per-/64 aggregation across distinct ipv6 hosts trips TooManyPerNet...OK
5184/8732 daemon.clone_limit.test.ipv6 hosts in different /64 prefixes do not aggregate together...OK
5185/8732 daemon.clone_limit.test.release of an unknown address is a no-op...OK
5186/8732 daemon.clone_limit.test.per-ip rejection does not consume per-net capacity...OK
5187/8732 daemon.clone_limit.test.release decrements both per-ip and per-net dimensions...OK
5188/8732 daemon.commands.test.join names privmsg part mode and errors...OK
5189/8732 daemon.command_usage.test.records distinct verbs and accumulates counts and bytes...OK
5190/8732 daemon.command_usage.test.rejects empty and control-laden verbs...OK
5191/8732 daemon.command_usage.test.table saturates without overflow...OK
5192/8732 daemon.config_boot.test.parseIp4Host parses loopback and rejects junk...OK
5193/8732 daemon.config_boot.test.MESSAGE_V2 activation fields map without reparsing deployment identities...OK
5194/8732 daemon.config_boot.test.MESSAGE_V2 empty projection cannot downgrade a base plan...OK
5195/8732 daemon.config_boot.test.GAP-X1 portable preflight refuses unsupported listener intent...OK
5196/8732 daemon.config_boot.test.config text overlays the server config...OK
5197/8732 daemon.config_boot.test.io defer_taskrun and sqpoll project onto Loaded.io and Config.features without touching cqe_batch default...OK
5198/8732 daemon.config_boot.test.config check rejects sqpoll plus defer_taskrun with the kernel EINVAL reason...GAP-A5 branch=refuse io.sqpoll + io.defer_taskrun rejected: kernel returns EINVAL for IORING_SETUP_SQPOLL|IORING_SETUP_DEFER_TASKRUN|IORING_SETUP_SINGLE_ISSUER
OK
5199/8732 daemon.config_boot.test.config check rejects ktls txrx footgun and resolveKtlsOffload keeps RX off...GAP-A6 branch=footgun rx=off ktls-stays-tx
OK
5200/8732 daemon.config_boot.test.config check GAP-A2 refuses a mesh peer without require_secured and keeps compat...GAP-A2 branch=check-config refuse unsecured mesh.connect; compat default
OK
5201/8732 daemon.config_boot.test.config check GAP-A7 refuses a listener add or remove with cold restart required...GAP-A7 branch=check-config refuse listener add/remove; cold boot of webtransport stays valid
OK
5202/8732 daemon.config_boot.test.config GAP-V1 hold-off: media.dtls13 defaults off...GAP-V1 branch=hold-off dtls13=off caveat=kept
OK
5203/8732 daemon.config_boot.test.media listen overlays media port and candidate host...OK
5204/8732 daemon.config_boot.test.webhook section overlays the server config and parses the bind address...OK
5205/8732 daemon.config_boot.test.webhook omitted keeps the feature off (byte-identical default)...OK
5206/8732 daemon.config_boot.test.GAP-O11 allow_private_targets reaches the server config without enabling inbound...OK
5207/8732 daemon.config_boot.test.media enabled maps to server gate and disabled feature...OK
5208/8732 daemon.config_boot.test.media dtls_srtp maps to the server config gate...OK
5209/8732 daemon.config_boot.test.media dtls13 maps to the server config gate independently...OK
5210/8732 daemon.config_boot.test.media stun server overlays discovery config...OK
5211/8732 daemon.config_boot.test.limits durations overlay timeout knobs...OK
5212/8732 daemon.config_boot.test.limits overlay clone caps...OK
5213/8732 daemon.config_boot.test.wasm plugin_dir maps into the live config...OK
5214/8732 daemon.config_boot.test.limits overlay reputation knobs...OK
5215/8732 daemon.config_boot.test.num_shards lifts onto the boot config and defaults to 1...OK
5216/8732 daemon.config_boot.test.acme section lifts onto the boot config...OK
5217/8732 daemon.config_boot.test.oper groups project configured privileges and titles...OK
5218/8732 daemon.config_boot.test.oper certfp seeds the bind store at boot (string + array, normalized, malformed skipped)...OK
5219/8732 daemon.config_boot.test.GAP-O3 trace file overlays the flight recorder path...OK
5220/8732 daemon.config_boot.test.minimal config: unspecified optional fields keep defaults...OK
5221/8732 daemon.config_boot.test.[sessions] registry and composite issuance project onto boot config...OK
5222/8732 daemon.config_boot.test.tls section projects onto the boot tls config...OK
5223/8732 daemon.config_boot.test.tls sni entries surface on the boot tls projection...OK
5224/8732 daemon.config_boot.test.tls omitted keeps sni empty on the boot projection...OK
5225/8732 daemon.config_boot.test.tls omitted keeps boot defaults...OK
5226/8732 daemon.config_boot.test.sts boot projection maps the parsed [sts] section...OK
5227/8732 daemon.config_boot.test.sts boot projection defaults when [sts] omitted...OK
5228/8732 daemon.config_boot.test.missing required [node].id is rejected...OK
5229/8732 daemon.config_boot.test.OCG2 config boot mapping exposes disabled observe project and mint modes...OK
5230/8732 daemon.config_boot.test.OCG2 runtime support predicate admits disabled observe project and mint...OK
5231/8732 daemon.config_boot.test.DST GAP-A1 mint stays on the authority node and a private key in TOML is refused...GAP-A1 branch=mint authority only and toml private key refused
OK
5232/8732 daemon.config_boot.test.OCG2 boot identity classification keeps receivers public-only and exact authority full-key bound...OK
5233/8732 daemon.config_boot.test.OCG2 config boot permits projection on both roles and restricts minting to authority...OK
5234/8732 daemon.config_boot.test.OCG2 store activation cold restores and rejects key change and partial state...OK
5235/8732 daemon.config_boot.test.[class.*] parses into the connection-class registry with v4/v6 + TLS match...OK
5236/8732 daemon.config_format.test.parseToml: core sections project onto Config...OK
5237/8732 daemon.config_format.test.parseToml: [limits] keylen round-trips and rejects out-of-range...OK
5238/8732 daemon.config_format.test.GAP-O3 trace file is the operator path...OK
5239/8732 daemon.config_format.test.parseToml: backup section projects directory and cadence...OK
5240/8732 daemon.config_format.test.parseToml: network discoverable defaults private and parses opt-in...OK
5241/8732 daemon.config_format.test.parseToml: network name defaults to Onyx and parses an override...OK
5242/8732 daemon.config_format.test.parseToml: wasm allowed_caps parses hostcall policy and rejects unknown tokens...OK
5243/8732 daemon.config_format.test.parseToml: [[opers]] array-of-tables + trust_roots list...OK
5244/8732 daemon.config_format.test.parseToml: [[opers]] certfp accepts a single string or an array...OK
5245/8732 daemon.config_format.test.parseToml: [dnsbl] enabled + zones + action project onto Config...OK
5246/8732 daemon.config_format.test.parseToml: [dnsbl] defaults are disabled, no zones, refuse...OK
5247/8732 daemon.config_format.test.parseToml: listen proxy protocol and SASL enabled gate project...OK
5248/8732 daemon.config_format.test.GAP-O11 outbound webhook private targets default off and parse on...OK
5249/8732 daemon.config_format.test.GAP-O9 two-person rule defaults off and parses on...OK
5250/8732 daemon.config_format.test.GAP-P0b OAuth auto provision config defaults false and accepts true...OK
5251/8732 daemon.config_format.test.OCG2 config freezes exact public authority tuple and account store dependency...OK
5252/8732 daemon.config_format.test.parseToml: OCG2 activation flags default off and accept staged projection and minting...OK
5253/8732 daemon.config_format.test.parseToml: OCG2 activation flags reject unsafe combinations types and unknown fields...OK
5254/8732 daemon.config_format.test.parseToml: [accounts] pbkdf2 rounds project with bounded policy range...OK
5255/8732 daemon.config_format.test.parseToml: [bouncer] memo limits project with bounded policy ranges...OK
5256/8732 daemon.config_format.test.parseToml: [sessions] registry and composite issuance parse with safe defaults...OK
5257/8732 daemon.config_format.test.parseToml: [filter] koshi limits project with bounded policy ranges...OK
5258/8732 daemon.config_format.test.parseToml: [history.search] limits project with bounded policy ranges...OK
5259/8732 daemon.config_format.test.parseToml: [ircv3] multiline limits project with bounded policy ranges...OK
5260/8732 daemon.config_format.test.parseToml: [storage] store limits project with bounded policy ranges...OK
5261/8732 daemon.config_format.test.parseToml: [sasl] rejects multiple OAuth key sources...OK
5262/8732 daemon.config_format.test.parseToml: [mesh].require_secured projects onto Config and defaults false...OK
5263/8732 daemon.config_format.test.parseToml: MESSAGE_V2 activation plan is explicit complete and type-strict...OK
5264/8732 daemon.config_format.test.parseToml: MESSAGE_V2 activation plan survives every allocation failure...OK
5265/8732 daemon.config_format.test.parseToml: live mesh S2S sub-sections project onto peer driver config...OK
5266/8732 daemon.config_format.test.parseToml: mesh.ripple only (no Japanese sazanami alias)...OK
5267/8732 daemon.config_format.test.parseToml: env: indirection resolves through the Resolver...OK
5268/8732 daemon.config_format.test.parseToml: [cloak] mode and account_cloak parse...OK
5269/8732 daemon.config_format.test.parseToml: [cloak] anon_epoch_secs parses and 0 disables rotation...OK
5270/8732 daemon.config_format.test.parseToml: required fields and ranges are enforced...OK
5271/8732 daemon.config_format.test.parseToml: [io] / [reputation] / sweep_interval lift...OK
5272/8732 daemon.config_format.test.parseToml: num_shards lifts and defaults to 1...OK
5273/8732 daemon.config_format.test.parseToml: minimal config keeps defaults...OK
5274/8732 daemon.config_format.test.parseToml: media.dtls_srtp defaults off and lifts when set...OK
5275/8732 daemon.config_format.test.parseToml: media.dtls13 defaults off and lifts independently of dtls_srtp...OK
5276/8732 daemon.config_format.test.GAP-V4 config refuses a hidden recorder...OK
5277/8732 daemon.config_format.test.parseToml: media sizing keys default, lift, and validate ranges...OK
5278/8732 daemon.config_format.test.parseToml: [tls] section projects onto Config...OK
5279/8732 daemon.config_format.test.parseToml: [[tls.ech_keys]] rejects malformed private key...OK
5280/8732 daemon.config_format.test.GAP-K6 parseToml: [[tls.sni]] is the operator certificate list...OK
5281/8732 daemon.config_format.test.parseToml: [[tls.sni]] projects additional SNI certs onto Config...OK
5282/8732 daemon.config_format.test.parseToml: [[tls.sni]] absent keeps sni empty (byte-identical default path)...OK
5283/8732 daemon.config_format.test.parseToml: a [[tls.sni]] entry missing required keys is rejected...OK
5284/8732 daemon.config_format.test.parseToml: ktls mode parses txrx and rejects an unknown value...OK
5285/8732 daemon.config_format.test.parseToml: [tls] omitted keeps secure defaults...OK
5286/8732 daemon.config_format.test.parseToml: [acme] section projects onto Config...OK
5287/8732 daemon.config_format.test.parseToml: [acme] omitted keeps renewal disabled defaults and validates ranges...OK
5288/8732 daemon.config_format.test.parseToml: [sts] section projects onto Config...OK
5289/8732 daemon.config_format.test.parseToml: [sts] omitted keeps secure defaults...OK
5290/8732 daemon.config_format.test.parseToml: [webauthn] section projects rp_id + origins...OK
5291/8732 daemon.config_format.test.parseToml: [webauthn] require_uv + require_attestation project when set...OK
5292/8732 daemon.config_format.test.parseToml: [webauthn] omitted leaves the feature inert...OK
5293/8732 daemon.config_format.test.meshCloakSecretMissing: cloak federation guard flags meshed node with no shared secret...OK
5294/8732 daemon.config_format.test_0...OK
5295/8732 daemon.conn_class.test.parseSize: bytes, K/M/G, trailing B, case-insensitive...OK
5296/8732 daemon.conn_class.test.parseDurationMs: ms, s/m/h/d...OK
5297/8732 daemon.conn_class.test.globMatch: stars and question marks, case-insensitive...OK
5298/8732 daemon.conn_class.test.registry: built-ins synthesized, server link -> server, IP+TLS custom match...OK
5299/8732 daemon.conn_class.test.registry: config may override a built-in's policy; duplicate rejected...OK
5300/8732 daemon.conn_class.test.registry: criterion-less custom class never auto-matches...OK
5301/8732 daemon.content_filter.test.add/match/remove round-trip (case-insensitive)...OK
5302/8732 daemon.content_filter.test.dedup and empty/oversize rejected...OK
5303/8732 daemon.content_filter.test.multiple patterns match independently...OK
5304/8732 daemon.content_filter.test.Config defaults preserve historical limits...OK
5305/8732 daemon.content_filter.test.Config.applyToml overlays [filter] koshi keys...OK
5306/8732 daemon.content_filter.test.initWithConfig enforces a smaller pattern cap...OK
5307/8732 daemon.cooldown.test.new key is allowed and armed...OK
5308/8732 daemon.cooldown.test.key is denied until the interval elapses...OK
5309/8732 daemon.cooldown.test.elapsed key is rearmed from the current time...OK
5310/8732 daemon.cooldown.test.caps and invalid intervals are rejected...OK
5311/8732 daemon.cross_shard_smoke.test.two reactors deliver cross-shard messages exactly once with no buffer leak...SKIP
5312/8732 daemon.deliver_handle.test.DeliverPool acquire copies bytes and release reuses a free slot...OK
5313/8732 daemon.deliver_handle.test.DeliverPool returns null when exhausted or bytes are too long...OK
5314/8732 daemon.deliver_handle.test.DeliverPool retain release frees only at zero...OK
5315/8732 daemon.deliver_handle.test.DeliverPool threaded acquire release stress leaves every slot free...OK
5316/8732 daemon.dispatch.test.session snapshot -> encode -> decode -> restore round-trips...OK
5317/8732 daemon.dispatch.test.restore carries client umodes; a forged +a on a non-oper snapshot is stripped...OK
5318/8732 daemon.dispatch.test.full registration handshake emits welcome numerics...OK
5319/8732 daemon.dispatch.test.CAP negotiation holds registration until CAP END...OK
5320/8732 daemon.dispatch.test.default config never advertises the sts cap...OK
5321/8732 daemon.dispatch.test.enabled sts policy advertises a well-formed value...OK
5322/8732 daemon.dispatch.test.CAP LS gates sasl on configured session mechanisms...OK
5323/8732 daemon.dispatch.test.GAP-P0b advertises IDENTIFY for 2FA before AUTHENTICATE...GAP-P0b branch=cap onyx/2fa=IDENTIFY before AUTHENTICATE
OK
5324/8732 daemon.dispatch.test.GAP-P0c cap-notify is static and whoami file-upload and oper stay off the live list...GAP-P0c branch=cap-notify is advertised from a static set and CAP NEW DEL whoami file-upload and oper stay off
OK
5325/8732 daemon.dispatch.test.CAP LS advertises configured draft/multiline limits...OK
5326/8732 daemon.dispatch.test.CAP REQ accepts bare and value-bearing tokens...OK
5327/8732 daemon.dispatch.test.CAP REQ accepts onyx discovery caps...OK
5328/8732 daemon.dispatch.test.CAP REQ accepts SASL EXTERNAL value when available...OK
5329/8732 daemon.dispatch.test.CAP LIST reports negotiated capabilities after ACK...OK
5330/8732 daemon.dispatch.test.NICK rejects nicks longer than the configured NICKLEN...OK
5331/8732 daemon.dispatch.test.clearOper revokes operator status, privileges, and class...OK
5332/8732 daemon.dispatch.test.OCG2PROV session authority clears on account switch guest and logout...OK
5333/8732 daemon.dispatch.test.OCG2PROV configured authority requires live registry capability...OK
5334/8732 daemon.dispatch.test.event subject masks: default wildcard, set/overwrite/clear lifecycle...OK
5335/8732 daemon.dispatch.test.IRCX EVENT subscriptions: per-type mask lifecycle...OK
5336/8732 daemon.dispatch.test.short parameters emit ERR_NEEDMOREPARAMS...OK
5337/8732 daemon.dispatch.test.unknown command emits ERR_UNKNOWNCOMMAND...OK
5338/8732 daemon.dispatch.test.malformed text line is dropped without replies...OK
5339/8732 daemon.dispatch.test.NICK containing a control byte is rejected...OK
5340/8732 daemon.dispatch.test.sasl PLAIN exchange logs in and exposes the account...OK
5341/8732 daemon.dispatch.test.sasl PLAIN rejects bad credentials and stays logged out...OK
5342/8732 daemon.dispatch.test.sasl too-long authenticate chunk emits 905...OK
5343/8732 daemon.dispatch.test.sasl unsupported mechanism emits 908 then 904...OK
5344/8732 daemon.dispatch.test.sasl reauth after registration emits 907...OK
5345/8732 daemon.dispatch.test.ISUPPORT CHANMODES token is honest: every advertised letter is enforced...OK
5346/8732 daemon.dispatch.test.parseLine captures and unescapes the @label tag value...OK
5347/8732 daemon.dispatch.test.parseLine ignores other tags and reports no label when absent...OK
5348/8732 daemon.dispatch.test.bare PING with no origin returns 409 ERR_NOORIGIN...OK
5349/8732 daemon.dispatch.test.bare PONG with no origin returns 409 ERR_NOORIGIN...OK
5350/8732 daemon.dispatch.test.PING with origin still answers PONG (no 409)...OK
5351/8732 daemon.dispatch.test.no-implicit-names is dual-advertised under the draft token...OK
5352/8732 daemon.dispatch.test.REQ of draft/no-implicit-names is ACKed...OK
5353/8732 daemon.dispatch.test.labeled single-line reply echoes @label on the one line...OK
5354/8732 daemon.dispatch.test.labeled multi-line reply is wrapped in a labeled-response BATCH...OK
5355/8732 daemon.dispatch.test.labeled no-output command emits a bare labeled ACK...OK
5356/8732 daemon.dispatch.test.label is ignored when the labeled-response cap is not negotiated...OK
5357/8732 daemon.dispatch.test.sasl EXTERNAL logs in via matching certfp through the router...OK
5358/8732 daemon.dispatch.test.sasl EXTERNAL fails closed when no client certificate is present...OK
5359/8732 daemon.dispatch.test.sasl SCRAM-SHA-256 full handshake through the router logs in...OK
5360/8732 daemon.dispatch.test.GAP-P0b OAuth refuses unknown account unless oauth_auto_provision...GAP-P0b branch=oauth refuses unknown account unless oauth_auto_provision
OK
5361/8732 daemon.dispatch.test.SASL SCRAM success is refused for a suspended account via the account gate...OK
5362/8732 daemon.dispatch.test.sasl advertises SCRAM-SHA-512 in 908 list only when provisioned...OK
5363/8732 daemon.dispatch.test.sasl CAP LS sasl= value and 908 list agree on SCRAM-SHA-512...OK
5364/8732 daemon.dispatch.test.sasl CAP and 908 gate SESSION-TOKEN OAUTHBEARER ANONYMOUS and SCRAM-SHA-512-PLUS...OK
5365/8732 daemon.dispatch.test.sasl SCRAM-SHA-512 full handshake through the router logs in...OK
5366/8732 daemon.dispatch.test.host accessor prefers visible host, falls back to real then empty...OK
5367/8732 daemon.dispatch.test.umodeString renders catalog letters for every settable mode, incl R/p/Q/H...OK
5368/8732 daemon.dnsbl.test.reverseNameV4 reverses octets before the zone...OK
5369/8732 daemon.dnsbl.test.reverseNameV6 nibble-reverses the address...OK
5370/8732 daemon.dnsbl.test.classify reports a 127.0.0.x answer as listed...OK
5371/8732 daemon.dnsbl.test.classify treats no answers as not listed...OK
5372/8732 daemon.dnsbl.test.classify ignores non-127 answers...OK
5373/8732 daemon.dnsbl.test.reverseNameV4 rejects an undersized output buffer...OK
5374/8732 daemon.dnsbl_resolver.test.request enqueues; lookup misses until a verdict is stored...OK
5375/8732 daemon.dnsbl_resolver.test.request de-dupes and the job ring stays bounded...OK
5376/8732 daemon.dualstack_udp.test.isV4Mapped recognises ::ffff:0:0/96 and rejects native v6...OK
5377/8732 daemon.dualstack_udp.test.round-trip: a v4-mapped sockaddr_in6 surfaces as an ipv4 TransportAddress and back...OK
5378/8732 daemon.dualstack_udp.test.round-trip: a native v6 sockaddr_in6 surfaces as an ipv6 TransportAddress and back...OK
5379/8732 daemon.dualstack_udp.test.round-trip: ::1 loopback surfaces as a 16-byte ipv6 TransportAddress...OK
5380/8732 daemon.dualstack_udp.test.toSockaddrIn6 drops a TransportAddress with an unexpected ip_len...OK
5381/8732 daemon.dualstack_udp.test.dualstack socket: bind on [::], ephemeral port, clean shutdown, v4 receive...OK
5382/8732 daemon.dualstack_udp.test.dualstack socket: IPv6 loopback receive (skips if no v6 loopback)...OK
5383/8732 daemon.dualstack_udp.test.dualstack socket: native paired families share a port and preserve both queued datagrams...OK
5384/8732 daemon.e2ee_group_dst.test.E2EEGROUP DST three-node partition heal and Helix adopt converge exactly once...OK
5385/8732 daemon.e2ee_group_mesh_authority.test.E2EEGROUP mesh authority authenticateRecord ignores wall clock; verifyRecord still skews...OK
5386/8732 daemon.e2ee_group_mesh_authority.test.E2EEGROUP mesh authority identity probe is non-mutating across unseen duplicate equivocation retired...OK
5387/8732 daemon.e2ee_group_mesh_authority.test.E2EEGROUP mesh authority accepts with multi-peer custody atomically...OK
5388/8732 daemon.e2ee_group_mesh_authority.test.E2EEGROUP mesh authority duplicate never adds newly eligible peers...OK
5389/8732 daemon.e2ee_group_mesh_authority.test.E2EEGROUP mesh authority equivocation and never-admitted retired abort custody...OK
5390/8732 daemon.e2ee_group_mesh_authority.test.E2EEGROUP mesh authority rejects RelayId and wire mismatches before mutation...OK
5391/8732 daemon.e2ee_group_mesh_authority.test.E2EEGROUP mesh authority ACK removes exact peer and relay id...OK
5392/8732 daemon.e2ee_group_mesh_authority.test.E2EEGROUP mesh authority allocation-failure never publishes guard-only acceptance...OK
5393/8732 daemon.e2ee_group_mesh_authority.test.E2EEGROUP mesh authority checkpoint requires empty custody and restores metadata only...OK
5394/8732 daemon.e2ee_group_mesh_authority.test.E2EEGROUP mesh authority checkpoint restores pending exact after window eviction...OK
5395/8732 daemon.e2ee_group_mesh_authority.test.E2EEGROUP mesh authority pending capacity fails closed before custody publish...OK
5396/8732 daemon.e2ee_group_mesh_authority.test.E2EEGROUP mesh authority corrupt and config-mismatch replacement is atomic...OK
5397/8732 daemon.e2ee_group_mesh_authority.test.E2EEGROUP mesh authority accepted peers B/C ACK then duplicate B/C/D publishes zero custody...OK
5398/8732 daemon.e2ee_group_mesh_authority.test.E2EEGROUP mesh authority concurrent-style second prepared duplicate cannot add peers...OK
5399/8732 daemon.e2ee_group_mesh_authority.test.E2EEGROUP mesh authority lost ACK remains proven after more than one replay window...OK
5400/8732 daemon.e2ee_group_mesh_authority.test.E2EEGROUP mesh authority receipt retry attempt API saturates and matches exactly...OK
5401/8732 daemon.e2ee_group_mesh_authority.test.E2EEGROUP mesh authority OOM around first admit and duplicate ingress leaves state identical...OK
5402/8732 daemon.e2ee_group_mesh_authority.test.E2EEGROUP mesh authority healthy traffic exceeds 10x pending cap without pending pressure...OK
5403/8732 daemon.e2ee_group_mesh_authority.test.E2EEGROUP mesh authority pendingLen reports unsettled identities only...OK
5404/8732 daemon.e2ee_group_mesh_authority.test.E2EEGROUP mesh authority lost ACK_CONFIRM remains proven beyond replay window...OK
5405/8732 daemon.e2ee_group_mesh_authority.test.E2EEGROUP mesh authority temporary partition capacity recovers after settle...OK
5406/8732 daemon.e2ee_group_mesh_authority.test.E2EEGROUP mesh authority allocation-free settlement via known ACK and ACK_CONFIRM...OK
5407/8732 daemon.e2ee_group_mesh_authority.test.E2EEGROUP mesh authority first admit OOM sweep leaves byte-identical empty state...OK
5408/8732 daemon.e2ee_group_mesh_authority.test.E2EEGROUP mesh authority duplicate new-ingress OOM never publishes custody or partial receipt...OK
5409/8732 daemon.e2ee_group_mesh_authority.test.E2EEGROUP mesh authority non-known ACK and confirm release pending allocation-free...OK
5410/8732 daemon.e2ee_group_outbox.test.E2EEGROUP outbox prepare commits deduplicated multi-peer exact wires...OK
5411/8732 daemon.e2ee_group_outbox.test.E2EEGROUP outbox is idempotent and rejects id mismatch and equivocation...OK
5412/8732 daemon.e2ee_group_outbox.test.E2EEGROUP outbox rejects noncanonical and wrong-origin wires before reservation...OK
5413/8732 daemon.e2ee_group_outbox.test.E2EEGROUP outbox ACK removes only the exact peer and relay id...OK
5414/8732 daemon.e2ee_group_outbox.test.E2EEGROUP outbox capacity fails closed and exact duplicates still fit...OK
5415/8732 daemon.e2ee_group_outbox.test.E2EEGROUP outbox abort leaves live storage and obligations unchanged...OK
5416/8732 daemon.e2ee_group_outbox.test.E2EEGROUP outbox serializes prepare through commit or abort...OK
5417/8732 daemon.e2ee_group_outbox.test.E2EEGROUP outbox prepare is allocation-failure atomic and leak free...OK
5418/8732 daemon.e2ee_group_outbox.test.E2EEGROUP outbox retry snapshot preserves opaque exact wire independently...OK
5419/8732 daemon.e2ee_group_outbox.test.E2EEGROUP outbox first prepareWithIngress commits custody and receipt...OK
5420/8732 daemon.e2ee_group_outbox.test.E2EEGROUP outbox commitDuplicate publishes receipt only never custody...OK
5421/8732 daemon.e2ee_group_outbox.test.E2EEGROUP outbox first prepare OOM is allocation-failure atomic...OK
5422/8732 daemon.e2ee_group_outbox.test.E2EEGROUP outbox duplicate prepare OOM leaves prior custody and receipts intact...OK
5423/8732 daemon.e2ee_group_outbox.test.E2EEGROUP outbox receipt capacity fails closed and recovers after confirm...OK
5424/8732 daemon.e2ee_group_outbox.test.E2EEGROUP outbox lost ACK_CONFIRM keeps receipt until exact-peer confirm...OK
5425/8732 daemon.e2ee_group_outbox.test.E2EEGROUP outbox collectDueReceipts is round-robin fair across cursor...OK
5426/8732 daemon.e2ee_group_outbox.test.E2EEGROUP outbox snapshotReceipts and replaceReceipts are canonical and OOM-atomic...OK
5427/8732 daemon.e2ee_group_outbox.test.E2EEGROUP outbox settled recovery releases isUnsettled after ack and confirm...OK
5428/8732 daemon.e2ee_group_outbox.test.E2EEGROUP outbox hard_max_receipts is u16-coherent and boundary-checked...OK
5429/8732 daemon.e2ee_group_outbox.test.E2EEGROUP outbox abort drops staged receipt without live mutation...OK
5430/8732 daemon.e2ee_group_replay_guard.test.E2EEGROUP replay guard detects duplicates equivocation retirement and capacity...OK
5431/8732 daemon.e2ee_group_replay_guard.test.E2EEGROUP pending exact prepare commits and proves after window eviction...OK
5432/8732 daemon.e2ee_group_replay_guard.test.E2EEGROUP pending capacity fails closed without mutation...OK
5433/8732 daemon.e2ee_group_replay_guard.test.E2EEGROUP admission verifies before reserving replay state...OK
5434/8732 daemon.e2ee_group_replay_guard.test.E2EEGROUP checkpoint seals pending and receipts only...OK
5435/8732 daemon.e2ee_group_replay_guard.test.E2EEGROUP checkpoint rejects pending without receipt...OK
5436/8732 daemon.e2ee_group_replay_guard.test.E2EEGROUP pending prepare abort is allocation-free and leaves guard unchanged...OK
5437/8732 daemon.e2ee_group_replay_guard.test.E2EEGROUP pending prepare is OOM-atomic and retry succeeds...OK
5438/8732 daemon.e2ee_group_replay_guard.test.E2EEGROUP authorization precedes replay mutation and future clocks fail closed...OK
5439/8732 daemon.e2ee_group_replay_guard.test.E2EEGROUP checkpoint config checksum and exact_history mismatch fail closed...OK
5440/8732 daemon.e2ee_group_replay_guard.test.E2EEGROUP checkpoint allocation paths are leak-free and replacement is atomic...OK
5441/8732 daemon.e2ee_group_replay_guard.test.E2EEGROUP encode rejects receipt count above u16 without trap...OK
5442/8732 daemon.e2ee_group_replay_guard.test.E2EEGROUP multi-origin aggregate pending above 4096 roundtrips and adopts...OK
5443/8732 daemon.e2ee_group_replay_guard.test.E2EEGROUP checkpoint rejects malformed cross-section and within-origin RelayId duplicates...OK
5444/8732 daemon.e2ee_group_replay_guard.test.E2EEGROUP checkpoint join work is linear at 65535 rows across many origins...OK
5445/8732 daemon.event_spine.test.category masks add remove and combine categories...OK
5446/8732 daemon.event_spine.test.EventCategory.parse resolves real categories but NOT IRCX draft aliases...OK
5447/8732 daemon.event_spine.test.EventSeverity.parse and ordering supports a min-severity filter...OK
5448/8732 daemon.event_spine.test.event spine severity threshold predicate atLeast follows the low->high order...OK
5449/8732 daemon.event_spine.test.IRCX event types parse from a bare token...OK
5450/8732 daemon.event_spine.test.IRCX event type classification from a message body routes by leading token...OK
5451/8732 daemon.event_spine.test.IRCX event mask tracks distinct subscription bits...OK
5452/8732 daemon.event_spine.test.multi-subscriber fan-out preserves subscription order...OK
5453/8732 daemon.event_spine.test.unsubscribe removes selected categories and drops empty subscribers...OK
5454/8732 daemon.event_spine.test.tagged render prepends an IRCv3 message-tag block; empty tags degrade to plain...OK
5455/8732 daemon.event_spine.test.render output is a chatsvc-faithful raw EVENT line (per-recipient target)...OK
5456/8732 daemon.event_spine.test.render carries a structured body with a trailing reason verbatim...OK
5457/8732 daemon.event_spine.test.publish with no matching subscribers returns empty selection...OK
5458/8732 daemon.event_spine.test.publish reports too-small sinks before partial fan-out...OK
5459/8732 daemon.event_spine.test.renderer validates unsafe wire text and caller-owned output size...OK
5460/8732 daemon.event_spine_replay_guard.test.event spine replay guard rejects duplicates equivocation and future skew before delivery...OK
5461/8732 daemon.event_spine_replay_guard.test.event spine replay guard verifies before admission so forgery cannot poison a valid event...OK
5462/8732 daemon.event_spine_replay_guard.test.event spine replay guard permanently retires evictions across checkpoint restore...OK
5463/8732 daemon.event_spine_replay_guard.test.event spine replay checkpoint is deterministic typed and strict...OK
5464/8732 daemon.event_spine_replay_guard.test.event spine replay guard allocation sweeps are leak-free and transactional...OK
5465/8732 daemon.flood_guard.test.a valid config passes validation...OK
5466/8732 daemon.flood_guard.test.burst then throttle then recover...OK
5467/8732 daemon.flood_guard.test.keep-alives are never metered...OK
5468/8732 daemon.flood_guard.test.command weighting makes PRIVMSG cost more...OK
5469/8732 daemon.flood_guard.test.distinct-target spread throttles...OK
5470/8732 daemon.flood_guard.test.disabled dimension never blocks...OK
5471/8732 daemon.flood_guard.test.threshold zero throttles forever but never disconnects...OK
5472/8732 daemon.flood_guard.test.excess accumulation eventually disconnects...OK
5473/8732 daemon.flood_guard.test.reconfigure clamps tokens and retunes live...OK
5474/8732 daemon.flood_guard.test.deterministic for identical inputs...OK
5475/8732 daemon.flood_guard.test.invalid config rejected...OK
5476/8732 daemon.flood_guard.test.PRIVMSG charge is all-or-nothing across dimensions...OK
5477/8732 daemon.flood_guard.test.same-target PRIVMSG burst does not trip spread throttle...OK
5478/8732 daemon.flood_guard.test.production-like class rate admits normal PRIVMSG chat...OK
5479/8732 daemon.flood_guard.test.throttle never remembers a new target (no partial target charge)...OK
5480/8732 daemon.flood_guard.test.NOTICE is weighted like PRIVMSG but skips target tracking...OK
5481/8732 daemon.flood_guard.test.exploit: PRIVMSG flood recovers after window (no permanent brick)...OK
5482/8732 daemon.flood_guard.test.exploit: PRIVMSG flood is bounded work per classify (no unbounded growth)...OK
5483/8732 daemon.gag_set.test.add records an ip; contains matches case-insensitively...OK
5484/8732 daemon.gag_set.test.add is idempotent...OK
5485/8732 daemon.gag_set.test.remove clears only the named ip...OK
5486/8732 daemon.gag_set.test.validation: empty, too long, and capacity...OK
5487/8732 daemon.geo_services.test.newsUrlForKey resolves source and country keys...OK
5488/8732 daemon.geo_services.test.cache miss enqueues and reports not-ready...OK
5489/8732 daemon.geo_services.test.ready weather entry is served and localized by caller...OK
5490/8732 daemon.geo_services.test.ready news entry returns its headlines...OK
5491/8732 daemon.guise.test.grant stores multiple named personas; find + remove...OK
5492/8732 daemon.guise.test.grant replaces same-named persona without leaking...OK
5493/8732 daemon.guise.test.offers: add/list/match glob; claim self-services a matching host...OK
5494/8732 daemon.guise.test.duplicate offer rejected; removeOffer works...OK
5495/8732 daemon.guise.test.limits enforced...OK
5496/8732 daemon.guise.test.vhost claim binds host leading-label to the caller's account...OK
5497/8732 daemon.guise.test.vhost claim rejects a host already worn by another account...OK
5498/8732 daemon.guise.test.vhost claim sanitizes account and label apples-to-apples...OK
5499/8732 daemon.guise.test.no leak under churn...OK
5500/8732 daemon.helix.root.test_0...OK
5501/8732 daemon.helix.root.test.section 10 drops unused memo away and ratelimit codecs...section 10 branch=stop maintaining memo_capsule away_capsule and ratelimit_capsule; CapsuleKind stays 1 through 17; ban_capsule stays
OK
5502/8732 daemon.host_request.test.submit then get returns the stored pending request...OK
5503/8732 daemon.host_request.test.vhost validation accepts allowed bytes and rejects bad bytes...OK
5504/8732 daemon.host_request.test.vhost validation enforces configured length bounds...OK
5505/8732 daemon.host_request.test.approve transitions pending request and records decision timestamp...OK
5506/8732 daemon.host_request.test.deny transitions pending request stores reason and records timestamp...OK
5507/8732 daemon.host_request.test.pending list returns only pending requests...OK
5508/8732 daemon.host_request.test.pending list reports output too small...OK
5509/8732 daemon.host_request.test.replacement frees old request and keeps one entry...OK
5510/8732 daemon.host_request.test.account keys are matched case insensitively...OK
5511/8732 daemon.host_request.test.configured limits reject excessive account reason and request counts...OK
5512/8732 daemon.host_request.test.take transfers ownership and clear removes stored requests...OK
5513/8732 daemon.http_fetch.test.parseUrl splits scheme/host/port/path with defaults...OK
5514/8732 daemon.http_fetch.test.http_fetch Options default CT and CRL policy is fail-open...OK
5515/8732 daemon.http_fetch.test.GAP-K6 CRL and CT callers pass DER and the fetch defaults stay fail-open...OK
5516/8732 daemon.http_fetch.test.http_fetch native loopback request timeout entropy and descriptor failure...OK
5517/8732 daemon.http_fetch.test.http_fetch native DNS UDP transport binds replies to query identity...OK
5518/8732 daemon.ip_reputation.test.penalize raises the decayed score by the points applied...OK
5519/8732 daemon.ip_reputation.test.score decays to roughly half after one half-life...OK
5520/8732 daemon.ip_reputation.test.reward offsets a prior penalty...OK
5521/8732 daemon.ip_reputation.test.shouldRefuse trips above threshold and clears after decay...OK
5522/8732 daemon.ip_reputation.test.shouldRefuse never trips on a reward-driven negative score...OK
5523/8732 daemon.ip_reputation.test.sweep evicts entries whose decayed magnitude is negligible...OK
5524/8732 daemon.ip_reputation.test.unknown address scores zero and does not refuse...OK
5525/8732 daemon.ip_reputation.test.ipv4 and ipv6 keys do not alias...OK
5526/8732 daemon.ip_reputation.test.init rejects a zero half-life...OK
5527/8732 daemon.ip_reputation.test.backward clock does not increase decay...OK
5528/8732 daemon.ktls.test.cipher geometry matches the Linux UAPI sizes...OK
5529/8732 daemon.ktls.test.seqToBytes encodes big-endian...OK
5530/8732 daemon.ktls.test.encode lays out AES-GCM-128 exactly as the kernel struct...OK
5531/8732 daemon.ktls.test.encode rejects mismatched component lengths and a short buffer...OK
5532/8732 daemon.ktls.test.tls13CryptoInfo splits the AES-GCM static IV into salt(4)+iv(8)...OK
5533/8732 daemon.ktls.test.tls13CryptoInfo gives ChaCha20-Poly1305 no salt and the full 12-byte IV...OK
5534/8732 daemon.ktls.test.tls13CryptoInfo rejects a wrong IV or key length...OK
5535/8732 daemon.ktls.test.ulpAvailable matches the tls ULP token exactly...OK
5536/8732 daemon.ktls.test.parseRecordTypeCmsg reads the TLS_GET_RECORD_TYPE content byte...OK
5537/8732 daemon.ktls.test.parseRecordTypeCmsg rejects a data-less matching cmsg instead of reading the next header...OK
5538/8732 daemon.ktls.test.cmsg geometry matches the LP64 CMSG_* macros...OK
5539/8732 daemon.ktls.test.kernel accepts our encoded crypto_info via TLS_TX (validates layout vs real kernel)...SKIP
5540/8732 daemon.link_health.test.EWMA converges toward a steady RTT...OK
5541/8732 daemon.link_health.test.EWMA seeds on first sample then smooths a step...OK
5542/8732 daemon.link_health.test.snapshotRtt is zero before any sample...OK
5543/8732 daemon.link_health.test.state transitions update since and reset the timer...OK
5544/8732 daemon.link_health.test.since guards against a backwards clock...OK
5545/8732 daemon.link_health.test.byte counters accumulate independently...OK
5546/8732 daemon.link_health.test.jitter is zero for constant samples and positive for varying ones...OK
5547/8732 daemon.link_health.test.jitter ring is bounded and wraps...OK
5548/8732 daemon.link_health.test.registry upsert returns same record and is idempotent...OK
5549/8732 daemon.link_health.test.registry get and remove...OK
5550/8732 daemon.link_health.test.registry owns name bytes copied from transient slices...OK
5551/8732 daemon.link_health.test.registry grows past the old 64-peer ceiling and keeps the full name...OK
5552/8732 daemon.link_health.test.registry remove drops one peer and leaves the rest...OK
5553/8732 daemon.link_health.test.GAP-O2 peer facts stay distinct and a stale HLC still counts as present...GAP-O2 branch=peer rtt backlog anti-entropy partitioned-vs-down; hlc does not gate liveness
OK
5554/8732 daemon.mail_sender.test.DST GAP-D7 configured relay with a trust store records a durable delivery failure...GAP-D7 branch=configured relay with a non-empty trust store records a durable delivery failure; empty trust still refuses remote AUTH; live mail stays off
OK
5555/8732 daemon.mail_sender.test.enqueue copies the three strings; the ring holds the owned copy...OK
5556/8732 daemon.mail_sender.test.the ring is bounded: overflow is dropped without crashing...OK
5557/8732 daemon.mail_sender.test.deinit frees queued (un-sent) jobs with no leak...OK
5558/8732 daemon.mail_sender.test.buildMessage emits well-formed headers and truncates an over-long body...OK
5559/8732 daemon.mail_sender.test.buildMessage refuses a CRLF in a header field (header-injection guard)...OK
5560/8732 daemon.mail_sender.test.isLoopback detects 127.0.0.0/8 and ::1, rejects public addresses...OK
5561/8732 daemon.media_bridge.test.crossTargets returns only opposite-leg members, excluding the sender...OK
5562/8732 daemon.media_bridge.test.upgrade continuity: ChannelBridge is ready again after its roster empties...OK
5563/8732 daemon.media_bridge.test.unregister drops a member; register updates in place...OK
5564/8732 daemon.media_bridge.test.fanout gates cross-leg frames on the shared Causeway codec...OK
5565/8732 daemon.media_bridge.test.fanout translates native stream id to RTP ssrc through ssrc_map...OK
5566/8732 daemon.media_bridge.test.fanout translates RTP ssrc to native stream id through ssrc_map...OK
5567/8732 daemon.media_bridge.test.fanout honors causeway_session connected target policy...OK
5568/8732 daemon.media_bridge.test.feedback translates WebRTC PLI to native keyframe request...OK
5569/8732 daemon.media_bridge.test.RTCP compound feedback (RR then PLI) translates to a native keyframe request...OK
5570/8732 daemon.media_bridge.test.feedback translates WebRTC NACK to native NACK...OK
5571/8732 daemon.media_bridge.test.feedback translates authenticated native keyframe request to WebRTC PLI...OK
5572/8732 daemon.media_bridge.test.feedback translates authenticated native NACK to WebRTC NACK...OK
5573/8732 daemon.media_bridge.test.feedback rejects native NACK sequences outside RTP range...OK
5574/8732 daemon.media_bridge.test.rewrap native datagram -> RTP -> native preserves codec/payload/keyframe...OK
5575/8732 daemon.media_bridge.test.rewrap rejects an unknown payload type...OK
5576/8732 daemon.media_plane.test.MediaPlane: threaded pump answers a STUN check and binds the peer...OK
5577/8732 daemon.media_plane.test.upgrade continuity: MediaPlane ignores idle socket and gates live transport state...OK
5578/8732 daemon.media_plane.test.MediaPlane: start/shutdown is clean and re-startable port is reported...OK
5579/8732 daemon.media_plane.test.MediaPlane: offered-fingerprint registry stores, reports, and drops (no leak)...OK
5580/8732 daemon.media_plane.test.MediaPlane: DTLS off leaves the pump with no terminator and no fingerprint...OK
5581/8732 daemon.media_plane.test.MediaPlane: DTLS-enabled pump demultiplexes a ClientHello into a HelloVerifyRequest...OK
5582/8732 daemon.media_plane.test.MediaPlane: DTLS-SRTP on but dtls13 off leaves the 1.3 engine down (1.2-only)...OK
5583/8732 daemon.media_plane.test.DTLS-SRTP GAP-V1 hold-off: dtls13 off still answers a DTLS 1.2 ClientHello...GAP-V1 branch=hold-off dtls13=off caveat=kept dtls12=HelloVerifyRequest
OK
5584/8732 daemon.media_plane.test.MediaPlane: version seam routes a DTLS 1.3 ClientHello to the 1.3 engine (HRR)...OK
5585/8732 daemon.media_plane.test.MediaPlane: RTCP feedback sink receives canonical feedback for a bound WebRTC peer...OK
5586/8732 daemon.media_plane.test.MediaPlane: cross-thread RTCP egress is direct when DTLS is off and queued when on...OK
5587/8732 daemon.media_plane.test.MediaPlane e2e: DTLS-SRTP media forwards A->B, decrypted then re-encrypted per peer...OK
5588/8732 daemon.media_plane.test.MediaPlane e2e: queued RTCP egress is SRTCP protected for DTLS recipient...OK
5589/8732 daemon.media_room.test.join/roster/leave lifecycle prunes empty rooms...OK
5590/8732 daemon.media_room.test.upgrade continuity: MediaRooms is ready only without live control state...OK
5591/8732 daemon.media_room.test.call profile persists then clears when the call ends...OK
5592/8732 daemon.media_room.test.participant codec profile stores and clears on leave...OK
5593/8732 daemon.media_room.test.mute and speaking state track per kind...OK
5594/8732 daemon.media_room.test.breakout assignment defaults to main and clears on leave...OK
5595/8732 daemon.media_room.test.GAP-V4 recording starts only when every member consented...OK
5596/8732 daemon.media_room.test.GAP-V5 quality sample is per member and clears on leave...OK
5597/8732 daemon.media_room.test.GAP-V6 speaking queue keeps raise order and drops on leave...OK
5598/8732 daemon.media_room.test.spatial position defaults to origin and clears on leave...OK
5599/8732 daemon.media_room.test.raise-hand toggles and clears on leave...OK
5600/8732 daemon.media_room.test.parseKind accepts aliases and rejects junk...OK
5601/8732 daemon.media_room.test.applyToml defaults match historical constants...OK
5602/8732 daemon.media_room.test.applyToml overlays media participant and sfu breakout caps...OK
5603/8732 daemon.media_room.test.applyToml clamps max_participants into the valid range...OK
5604/8732 daemon.media_room.test.join refuses new participants at runtime cap...OK
5605/8732 daemon.memo_group.test.nick group add sets primary and list preserves insertion order...OK
5606/8732 daemon.memo_group.test.nick group set primary and remove reassigns primary...OK
5607/8732 daemon.memo_group.test.nick group enforces per-account limit...OK
5608/8732 daemon.memo_group.test.nick group normalizes account keys case-insensitively...OK
5609/8732 daemon.memo_group.test.memo box send list read unread count and delete...OK
5610/8732 daemon.memo_group.test.memo box rejects full accounts instead of dropping oldest memo...OK
5611/8732 daemon.memo_group.test.memo box normalizes account keys case-insensitively...OK
5612/8732 daemon.memo_group.test.memo box enforces output and validation limits...OK
5613/8732 daemon.memo_group.test.store deinit releases grouped nicks and memos together...OK
5614/8732 daemon.mesh_clones.test.counts codec round-trips a batch...OK
5615/8732 daemon.mesh_clones.test.counts codec rejects malformed input...OK
5616/8732 daemon.mesh_clones.test.hashIp is stable and IP-distinct under a shared key...OK
5617/8732 daemon.mesh_clones.test.local add/remove counts and removal at zero...OK
5618/8732 daemon.mesh_clones.test.networkCount aggregates local plus all peer contributions...OK
5619/8732 daemon.mesh_clones.test.dropNode removes exactly that node's contributions...OK
5620/8732 daemon.metrics_http.test.MetricsSnapshot set/copyInto round-trips owned text...OK
5621/8732 daemon.metrics_http.test.MetricsSnapshot set replaces and frees the prior buffer...OK
5622/8732 daemon.metrics_http.test.MetricsSnapshot copyInto reports NoSpaceLeft when body exceeds buffer...OK
5623/8732 daemon.metrics_http.test.handleRequest serves the snapshot for GET /metrics with the prom content type...OK
5624/8732 daemon.metrics_http.test.handleRequest accepts a query string on /metrics...OK
5625/8732 daemon.metrics_http.test.handleRequest returns 404 for other paths...OK
5626/8732 daemon.metrics_http.test.handleRequest returns 405 for non-GET on /metrics...OK
5627/8732 daemon.metrics_http.test.handleRequest serves a never-refreshed (empty) snapshot as a 200 with zero body...OK
5628/8732 daemon.metrics_http.test.MetricsServer serves the snapshot over loopback...OK
5629/8732 daemon.metrics_http.test.initWithConfig honors a custom backlog and read timeout...OK
5630/8732 daemon.metrics_http.test_0...OK
5631/8732 daemon.webhook.test.parseTarget extracts id and token...OK
5632/8732 daemon.webhook.test.parseTarget ignores a query string and tolerates a trailing slash...OK
5633/8732 daemon.webhook.test.parseTarget rejects malformed targets fail-closed...OK
5634/8732 daemon.webhook.test.create mints unique credentials and verify matches the token...OK
5635/8732 daemon.webhook.test.create rejects an id collision without mutating the original binding...OK
5636/8732 daemon.webhook.test.verify rejects a wrong token and an unknown id fail-closed...OK
5637/8732 daemon.webhook.test.rate limit exhausts the burst then returns a retry-after...OK
5638/8732 daemon.webhook.test.rate limit disabled when per_min is zero...OK
5639/8732 daemon.webhook.test.per-channel and global caps fail closed...OK
5640/8732 daemon.webhook.test.remove deletes by id and list filters by channel...OK
5641/8732 daemon.webhook.test.channelOf returns the bound channel for the DELETE op check...OK
5642/8732 daemon.webhook.test.persistence round-trips bindings and verify still succeeds after reload...OK
5643/8732 daemon.webhook.test.persistence serialization is allocation-failure safe and unlocks the store...OK
5644/8732 daemon.webhook.test.load atomically skips uppercase and duplicate ids including repeated loads...OK
5645/8732 daemon.webhook.test.load enforces the channel cap and leaves an exact encodable image...OK
5646/8732 daemon.webhook.test.Helix checkpoint round-trips bindings and live rate buckets exactly...OK
5647/8732 daemon.webhook.test.Helix checkpoint rejects truncation trailing bytes and duplicate ids...OK
5648/8732 daemon.webhook.test.Helix checkpoint rejects non-canonical binding order...OK
5649/8732 daemon.webhook.test.Helix checkpoint publication preserves live mutex ownership...OK
5650/8732 daemon.webhook.test.Helix encoder rejects impossible live images before allocation...OK
5651/8732 daemon.webhook.test.Helix encode is allocation-failure safe and leaves the store usable...OK
5652/8732 daemon.webhook.test.load skips malformed lines fail-closed...OK
5653/8732 daemon.webhook.test.PendingPost accessors clamp to inline capacity...OK
5654/8732 daemon.webhook.test_0...OK
5655/8732 daemon.webhook_render.test.render maps content to the body and username to a bot nick...OK
5656/8732 daemon.webhook_render.test.render falls back to the binding name when username is absent...OK
5657/8732 daemon.webhook_render.test.CRLF in content becomes separate lines, never a second wire line...OK
5658/8732 daemon.webhook_render.test.control characters are stripped from the body...OK
5659/8732 daemon.webhook_render.test.embeds render as compact title/description/field lines...OK
5660/8732 daemon.webhook_render.test.embeds render author title URL and footer metadata...OK
5661/8732 daemon.webhook_render.test.components render button and select fallbacks...OK
5662/8732 daemon.webhook_render.test.components are sanitized before text fallback rendering...OK
5663/8732 daemon.webhook_render.test.blocks render section context and action fallbacks...OK
5664/8732 daemon.webhook_render.test.blocks sanitize interactive fallback text...OK
5665/8732 daemon.webhook_render.test.plain webhook payloads do not emit block-kit tags...OK
5666/8732 daemon.webhook_render.test.content plus embed both render...OK
5667/8732 daemon.webhook_render.test.empty payload (no content, no usable embed) is rejected...OK
5668/8732 daemon.webhook_render.test.invalid JSON is rejected fail-closed...OK
5669/8732 daemon.webhook_render.test.sanitizeNick neutralises wire-hostile usernames...OK
5670/8732 daemon.webhook_render.test.sanitizeLine strips control bytes and trims trailing spaces...OK
5671/8732 daemon.webhook_render.test_0...OK
5672/8732 daemon.webhook_http.test.handleRequest returns 204 and enqueues a post on a valid request...OK
5673/8732 daemon.webhook_http.test.handleRequest 404 for unknown id, 401 for bad token...OK
5674/8732 daemon.webhook_http.test.handleRequest 400 for bad JSON and empty payload...OK
5675/8732 daemon.webhook_http.test.handleRequest 411 when a POST body has no Content-Length...OK
5676/8732 daemon.webhook_http.test.handleRequest 411 rejects an unparseable Content-Length on a POST body...OK
5677/8732 daemon.webhook_http.test.handleRequest still returns 204 for a well-formed POST with Content-Length...OK
5678/8732 daemon.webhook_http.test.handleRequest 405 for a bodiless non-POST is not masked by the 411 gate...OK
5679/8732 daemon.webhook_http.test.handleRequest 405 for a non-POST method on a valid webhook path...OK
5680/8732 daemon.webhook_http.test.handleRequest 413 when the declared body exceeds the cap...OK
5681/8732 daemon.webhook_http.test.handleRequest 429 with Retry-After when rate limited...OK
5682/8732 daemon.webhook_http.test.handleRequest 429 server busy when the sink is full...OK
5683/8732 daemon.webhook_http.test.contentLength parses case-insensitively...OK
5684/8732 daemon.webhook_http.test.WebhookServer installs finite lifecycle timeouts even when configured zero...OK
5685/8732 daemon.webhook_http.test.WebhookServer transient accept errors use bounded exponential backoff...OK
5686/8732 daemon.webhook_http.test.WebhookServer serves a POST over loopback and enqueues a post...OK
5687/8732 daemon.webhook_http.test.WebhookServer pause and resume retain the port and handle each POST once...OK
5688/8732 daemon.webhook_http.test.WebhookServer concurrent pause and resume never leave a duplicate producer...OK
5689/8732 daemon.webhook_http.test.WebhookServer answers 411 promptly for a length-less POST body over loopback...OK
5690/8732 daemon.webhook_http.test_0...OK
5691/8732 daemon.webhook_http.test.WebhookServer pause and whole request deadline stop an active dribble before publication...OK
5692/8732 daemon.module_bus.test.emit delivers in priority order...OK
5693/8732 daemon.module_bus.test.a quiet veto is final — the late approver never runs...OK
5694/8732 daemon.module_bus.test.approve fails closed when a subscriber errors...OK
5695/8732 daemon.module_bus.test.emit isolates a faulting subscriber and keeps delivering...OK
5696/8732 daemon.module_bus.test.an unsubscribed hook still counts the emit and reports no subscribers...OK
5697/8732 daemon.module_bus.test.equal-priority subscribers run in dependency order, not manifest order...OK
5698/8732 daemon.module_bus.test.bindings partition the hook table by id...OK
5699/8732 daemon.module_lifecycle.test.phases advance a healthy module to ready and deinit stops it...OK
5700/8732 daemon.module_lifecycle.test.a failed init is recorded and later phases skip that module...OK
5701/8732 daemon.module_lifecycle.test.health reports comptime metadata alongside runtime state...OK
5702/8732 daemon.module_lifecycle.test.load order is a permutation and positionOf agrees with it...OK
5703/8732 daemon.module_harness.test.harness: lifecycle phases run in dependency order, not manifest order...OK
5704/8732 daemon.module_harness.test.harness: teardown runs in reverse dependency order...OK
5705/8732 daemon.module_harness.test.harness: a failed on_init marks only that module degraded and is excluded from REHASH...OK
5706/8732 daemon.module_harness.test.harness: a clean REHASH reloads every module in load order...OK
5707/8732 daemon.module_harness.test.harness: a mid-sweep REHASH failure restores config then rewinds LIFO...OK
5708/8732 daemon.module_harness.test.harness: a rewind that itself fails is reported without abandoning the rest...OK
5709/8732 daemon.module_harness.test.harness: REHASH without a restore hook reports restore_invoked=false...OK
5710/8732 daemon.module_harness.test.harness: bus delivers an informational hook in priority order...OK
5711/8732 daemon.module_harness.test.harness: an informational hook error is counted and delivery continues...OK
5712/8732 daemon.module_harness.test.harness: a .stop return halts the chain...OK
5713/8732 daemon.module_harness.test.harness: a veto is final even when the vetoing hook returns continue...OK
5714/8732 daemon.module_harness.test.harness: an unvetoed veto-capable chain approves and runs every subscriber...OK
5715/8732 daemon.module_harness.test.harness: a failing hook on a veto-capable chain fails CLOSED...OK
5716/8732 daemon.module_harness.test.harness: a hook with no subscribers is a no-op that still counts...OK
5717/8732 daemon.module_harness.test.harness: probe order() refuses to truncate rather than pass on a prefix...OK
5718/8732 daemon.native_media_link.test.inbound forwards a base-layer frame to the other registered addresses...OK
5719/8732 daemon.native_media_link.test.inbound drops an unknown stream_id...OK
5720/8732 daemon.native_media_link.test.spatial ceiling drops higher band but keyframes always pass...OK
5721/8732 daemon.native_media_link.test.GAP-V3 native receivers keep different spatial ceilings...OK
5722/8732 daemon.native_media_link.test.unregister removes a participant from the forward set...OK
5723/8732 daemon.native_media_link.test.register refuses new native participants at runtime cap...OK
5724/8732 daemon.native_media_link.test.inboundFrom learns the publisher's address and still forwards to others...OK
5725/8732 daemon.native_media_link.test.inboundFrom rejects a bound stream_id from a different source address...OK
5726/8732 daemon.native_media_link.test.stats meter received frames against the publisher...OK
5727/8732 daemon.native_media_link.test.updateAddress redirects a receiver's copies...OK
5728/8732 daemon.native_media_transport.test.NativeMediaTransport: pump learns sender + forwards an cadence frame to the receiver...OK
5729/8732 daemon.native_media_transport.test.upgrade continuity: NativeMediaTransport ignores idle socket and gates registrations...OK
5730/8732 daemon.native_media_transport.test.NativeMediaTransport: required MAC drops untagged and accepts valid tagged datagrams...OK
5731/8732 daemon.native_media_transport.test.NativeMediaTransport: MAC flag off preserves untagged datagram behavior...OK
5732/8732 daemon.native_media_transport.test.NativeMediaTransport: media never crosses channels...OK
5733/8732 daemon.native_media_transport.test.NativeMediaTransport: setSelection drops higher layers over the wire...OK
5734/8732 daemon.native_media_transport.test.NativeMediaTransport: unregister drops the channel and frees its index...OK
5735/8732 daemon.native_media_transport.test.NativeMediaTransport: register enforces runtime participant cap...OK
5736/8732 daemon.native_media_transport.test.NativeMediaTransport: pump bridges a native frame to a WebRTC member as RTP...OK
5737/8732 daemon.native_media_transport.test.NativeMediaTransport: pump accepts authenticated native feedback envelope...OK
5738/8732 daemon.native_media_transport.test.NativeMediaTransport: pump rejects native feedback with a bad tag...OK
5739/8732 daemon.native_media_transport.test.NativeMediaTransport: forged feedback with a bad tag does not rebind the victim address...OK
5740/8732 daemon.native_media_transport.test.NativeMediaTransport: valid feedback from the correct source still binds and is processed...OK
5741/8732 daemon.native_media_transport.test.NativeMediaTransport: start/shutdown is clean and re-startable...OK
5742/8732 daemon.netsplit_batch.test.netsplit batch wraps two ghost quits...OK
5743/8732 daemon.netsplit_batch.test.netjoin batch wraps two ghost joins...OK
5744/8732 daemon.netsplit_batch.test.plain quit/join lines carry no batch framing...OK
5745/8732 daemon.netsplit_batch.test.tiny output buffer reports OutputTooSmall...OK
5746/8732 daemon.netsplit_batch.test.batch references are deterministic and fit caller storage...OK
5747/8732 daemon.nick_delay.test.held nick is reported within the window and evicted after it lapses...OK
5748/8732 daemon.nick_delay.test.owner account is recorded and returned for reclaim checks...OK
5749/8732 daemon.nick_delay.test.explicit release drops the hold immediately...OK
5750/8732 daemon.nick_delay.test.hold replaces a prior entry and frees the old owner...OK
5751/8732 daemon.nick_delay.test.sweep evicts only the expired entries...OK
5752/8732 daemon.nick_enforcement.test.guestNick: formats a Guest nick from the seed...OK
5753/8732 daemon.nick_enforcement.test.guestNick: reports NoSpaceLeft when the buffer is too small...OK
5754/8732 daemon.node_keyfile.test.parseSeedHex accepts a hex seed with surrounding whitespace...OK
5755/8732 daemon.node_keyfile.test.parseSeedHex rejects wrong lengths and non-hex input...OK
5756/8732 daemon.node_keyfile.test.derivePath places the keyfile next to the config, or in the CWD...OK
5757/8732 daemon.node_keyfile.test.loadOrCreate generates once, persists 0600, and reloads the same seed...OK
5758/8732 daemon.node_keyfile.test.loadOrCreate refuses to clobber a corrupt keyfile...OK
5759/8732 daemon.node_keyfile.test.activation preflight binds public key to an existing persisted seed...OK
5760/8732 daemon.oauth_jwt.test.HS256 OAuth verifier accepts issuer audience and subject...OK
5761/8732 daemon.oauth_jwt.test.OAuth verifier rejects expired and mismatched audience tokens...OK
5762/8732 daemon.oauth_jwt.test.JWKS EC key parses and verifies ES256 token...OK
5763/8732 daemon.oauth_jwt.test_0...OK
5764/8732 daemon.observe.test.action token round-trips and bits are distinct...OK
5765/8732 daemon.observe.test.glob matches nick!user@host case-insensitively...OK
5766/8732 daemon.observe.test.set/get/clear with owned masks and no leak...OK
5767/8732 daemon.observe.test.matches gates on action bit and mask...OK
5768/8732 daemon.observe.test.set enforces limits...OK
5769/8732 daemon.observe.test.formatEvent renders the chatsvc EVENT line with and without detail...OK
5770/8732 daemon.ocsp_staple.test.refreshDelaySeconds halves the validity window, clamped...OK
5771/8732 daemon.ocsp_staple.test.backoffSeconds doubles per failure, clamped to [min,max]...OK
5772/8732 daemon.ocsp_staple.test.extractOcspBody returns body only for a 200 with content...OK
5773/8732 daemon.ocsp_staple.test.tls ocsp fetch uses the daemon trust store and a bad certificate keeps the previous staple...GAP-A8 branch=trust-store bad-cert=keep signature-fail=keep previous=previous-staple
OK
5774/8732 daemon.ocsp_staple.test_0...OK
5775/8732 daemon.operator_groups.test.inheritance unions direct parent privileges...OK
5776/8732 daemon.operator_groups.test.two-level chain composes all ancestor privileges...OK
5777/8732 daemon.operator_groups.test.cycle is bounded and still returns encountered privileges...OK
5778/8732 daemon.operator_groups.test.has reflects inherited privileges...OK
5779/8732 daemon.operator_groups.test.unknown group returns null and empty privileges...OK
5780/8732 daemon.operator_groups.test.add owns names and rejects duplicates...OK
5781/8732 daemon.oper_override.test.restriction tokens and mode letters round trip case-insensitively...OK
5782/8732 daemon.oper_override.test.engage requires the override privilege...OK
5783/8732 daemon.oper_override.test.engage validates identity and ttl bounds...OK
5784/8732 daemon.oper_override.test.engaged session expires exactly at its boundary...OK
5785/8732 daemon.oper_override.test.mayBypass gates per restriction and by time...OK
5786/8732 daemon.oper_override.test.default allowed set covers every restriction...OK
5787/8732 daemon.oper_override.test.disengage ends an active session immediately...OK
5788/8732 daemon.oper_override.test.record stores audited bypasses and rejects inactive sessions...OK
5789/8732 daemon.oper_override.test.record validates oper identity and target length...OK
5790/8732 daemon.oper_override.test.audit ring evicts oldest records past capacity without leaking...OK
5791/8732 daemon.oper_override.test.auditList honors a caller buffer smaller than the ring...OK
5792/8732 daemon.oper_override.test.churning the audit ring releases all owned memory...OK
5793/8732 daemon.password_reset.test.issue then confirm succeeds and removes pending entry...OK
5794/8732 daemon.password_reset.test.confirm without prior issue reports no request...OK
5795/8732 daemon.password_reset.test.expired token is reported and the entry is dropped...OK
5796/8732 daemon.password_reset.test.wrong token bumps attempts then locks out after the max...OK
5797/8732 daemon.password_reset.test.cancel removes a pending entry and all owned memory...OK
5798/8732 daemon.password_reset.test.sweep expired drops only expired entries and returns the count...OK
5799/8732 daemon.password_reset.test.re-issue replaces the prior token so the old token no longer confirms...OK
5800/8732 daemon.poll.test.create and tally empty poll...OK
5801/8732 daemon.poll.test.vote is one per voter and changeable...OK
5802/8732 daemon.poll.test.close removes a poll...OK
5803/8732 daemon.poll.test.option cap is enforced...OK
5804/8732 daemon.proofmark.test.sign verify round trip...OK
5805/8732 daemon.proofmark.test.tampering any field fails verify...OK
5806/8732 daemon.proofmark.test.expiry uses expiry instant...OK
5807/8732 daemon.proofmark.test.reasonHash stable...OK
5808/8732 daemon.proofmark.test.proof id commits to proof and signature...OK
5809/8732 daemon.proofmark.test.canonical bytes can be backed by an unmanaged buffer...OK
5810/8732 daemon.proposal.test.open assigns per-channel 64-bit ids...OK
5811/8732 daemon.proposal.test.vote accepts one ballot per voter...OK
5812/8732 daemon.proposal.test.close removes a proposal...OK
5813/8732 daemon.proposal.test.unknown channel and proposal are reported...OK
5814/8732 daemon.rdns.test.resolver idle wait returns...OK
5815/8732 daemon.rdns.test.request enqueues; lookup misses until a confirmed result is stored...OK
5816/8732 daemon.rdns.test.request de-dupes and the job ring stays bounded...OK
5817/8732 daemon.reactor_fabric.test.single-shard fabric round-trips one delivery and reclaims its buffer...SKIP
5818/8732 daemon.reactor_fabric.test.fabric routes deliveries only to the addressed shard...SKIP
5819/8732 daemon.reactor_fabric.test.two reactors deliver cross-shard through the fabric exactly once with no buffer leak...SKIP
5820/8732 daemon.reactor_fabric.test.fabric per-shard pools scale the buffer budget with shard count...SKIP
5821/8732 daemon.reactor_fabric.test.fabric drop counter accumulates and is observable...SKIP
5822/8732 daemon.reactor_fabric.test.session controls are isolated from delivery pressure and count full admission misses...SKIP
5823/8732 daemon.reactor_fabric.test.session controls route only to their addressed shard...SKIP
5824/8732 daemon.reactor_pool.test.start(1) runs a single worker that stops when the flag clears...OK
5825/8732 daemon.reactor_pool.test.start(4) binds shard indices 0..3 exactly once and joins cleanly...OK
5826/8732 daemon.reactor_pool.test.deinit joins workers even without an explicit join...OK
5827/8732 daemon.reactor_pool.test_0...OK
5828/8732 daemon.reactor_wake.test.wake increments the eventfd counter and drain clears it...SKIP
5829/8732 daemon.reactor_wake.test.multiple wakes coalesce into a single drainable counter...SKIP
5830/8732 daemon.reactor_wake.test.drain on an empty eventfd is a tolerated no-op...OK
5831/8732 daemon.reactor_wake.test.wake from another thread is observed by the owning reactor...SKIP
5832/8732 daemon.reactor_wake.test.WakeSet routes wake and drain per shard...SKIP
5833/8732 daemon.reactor_wake.test.WakeSet exposes one distinct fd per shard...OK
5834/8732 daemon.reactor_wake.test.BSD reactor wake: thread wake readiness coalesces without blocking or fd leaks...OK
5835/8732 daemon.relay_v2_event_log.test.relay v2 event log prepared accept abort duplicate and conflict are byte inert...OK
5836/8732 daemon.relay_v2_event_log.test.relay v2 event log rejects full row before cryptographic work and freezes bounds...OK
5837/8732 daemon.relay_v2_event_log.test.relay v2 event log ingress is one-sweep exclusion not durable confirmation...OK
5838/8732 daemon.relay_v2_event_log.test.relay v2 event log pages only event-time required missing coverage...OK
5839/8732 daemon.relay_v2_event_log.test.relay v2 event log checkpointed cursor reaches row 33 after restore...OK
5840/8732 daemon.relay_v2_event_log.test.relay v2 event log scrambled 129 row backlog stays ascending through RVG2 window...OK
5841/8732 daemon.relay_v2_event_log.test.relay v2 event log rotates origin heads fairly and restores mid page...OK
5842/8732 daemon.relay_v2_event_log.test.relay v2 event log rejects a second identity at one origin HLC atomically...OK
5843/8732 daemon.relay_v2_event_log.test.relay v2 event log required membership gates safe retirement...OK
5844/8732 daemon.relay_v2_event_log.test.relay v2 event log later membership is not retroactive and configured retirement is explicit...OK
5845/8732 daemon.relay_v2_event_log.test.relay v2 event log strict checkpoint preserves required sets and rejects malformed state...OK
5846/8732 daemon.relay_v2_event_log.test.relay v2 event log two peer cursors remain valid across retirement checkpoint...OK
5847/8732 daemon.relay_v2_event_log.test.relay v2 event log preparation and decode are allocation-failure atomic...OK
5848/8732 daemon.relay_v2_event_log.test.relay v2 event log empty trust roots cannot fall back to local-only membership...OK
5849/8732 daemon.relay_v2_outbox.test.relay v2 outbox batch reservation ack scope and checkpoint are exact...OK
5850/8732 daemon.relay_v2_outbox.test.relay v2 outbox capacity failure leaves prior authority unchanged...OK
5851/8732 daemon.relay_v2_outbox.test.relay v2 outbox receipt authority fails closed at capacity and survives long partitions...OK
5852/8732 daemon.relay_v2_outbox.test.relay v2 outbox retry collectors stay resume-fair across budgets removals and unbound rows...OK
5853/8732 daemon.relay_v2_outbox.test.relay v2 outbox aggregate checkpoint cap admits exactly the boundary and every admitted state seals...OK
5854/8732 daemon.relay_v2_outbox.test.relay v2 outbox checkpoint decode is strict and fails closed...OK
5855/8732 daemon.relay_v2_outbox.test.relay v2 outbox persisted ingress exclusion survives restore and never bounces...OK
5856/8732 daemon.relay_v2_outbox.test.relay v2 outbox reconnecting served peer never consumes a future-hop obligation...OK
5857/8732 daemon.relay_v2_outbox.test.relay v2 outbox rejects zero receipt peer live and in resealed checkpoints...OK
5858/8732 daemon.relay_v2_replay_guard.test.relay v2 replay admission verifies once and returns the authoritative accepted identity...OK
5859/8732 daemon.relay_v2_replay_guard.test.relay v2 replay message admission is failure-atomic across every allocation failure...OK
5860/8732 daemon.relay_v2_replay_guard.test.relay v2 replay guard isolates full origin keys and detects duplicates and equivocation...OK
5861/8732 daemon.relay_v2_replay_guard.test.relay v2 replay guard probeIdentity is non-mutating across unseen duplicate equivocation retired...OK
5862/8732 daemon.relay_v2_replay_guard.test.relay v2 replay guard keeps greatest W and permanently retires every eviction...OK
5863/8732 daemon.relay_v2_replay_guard.test.relay v2 replay guard checkpoint is deterministic and preserves authority...OK
5864/8732 daemon.relay_v2_replay_guard.test.relay v2 replay guard checkpoint represents empty state and retired HLC zero exactly...OK
5865/8732 daemon.relay_v2_replay_guard.test.relay v2 replay guard checkpoint rejects corruption bounds duplicates and noncanonical state...OK
5866/8732 daemon.relay_v2_replay_guard.test.relay v2 replay guard admission is unchanged on allocation failure and retry succeeds...OK
5867/8732 daemon.relay_v2_replay_guard.test.relay v2 replay guard checkpoint allocation sweeps are leak-free and replacement is atomic...OK
5868/8732 daemon.reuseport.test.OpenBSD listeners bind native IPv4 and IPv6 addresses...OK
5869/8732 daemon.reuseport.test.two reactors bind the same port with SO_REUSEPORT...SKIP
5870/8732 daemon.reuseport.test.rejects a malformed host...SKIP
5871/8732 daemon.s2s_dst.test.two peers complete the S2S handshake over a simulated network with latency...OK
5872/8732 daemon.s2s_dst.test.the simulation is seed-deterministic (identical outcome on replay)...OK
5873/8732 daemon.s2s_dst.test.a network partition prevents the handshake from completing...OK
5874/8732 daemon.s2s_link.test.two links handshake and converge over a byte loopback...OK
5875/8732 daemon.s2s_link.test.MEMBERSHIP propagates a member across the link into channelMembers...OK
5876/8732 daemon.s2s_link.test.CLONE_COUNT batch propagates across the link and decodes intact...OK
5877/8732 daemon.s2s_link.test.CHANNEL_MODE_FLAGS propagates aggregate flag state across the link...OK
5878/8732 daemon.s2s_link.test.CHANNEL_PROP payload round-trips across the link into takeChannelPropChanges...OK
5879/8732 daemon.s2s_link.test.ENTITY_PROP payload round-trips across the link into takeEntityPropChanges...OK
5880/8732 daemon.s2s_link.test.CHANNEL_MODE_STATE propagates parameter and IRCX state across the link...OK
5881/8732 daemon.s2s_link.test.TOPIC payload round-trips across the link into takeTopicChanges...OK
5882/8732 daemon.s2s_link.test.NICKCHANGE renames a remote member and yields a delta...OK
5883/8732 daemon.s2s_link.test.session replica v2 signed plaintext S2sLink remains disabled...OK
5884/8732 daemon.s2s_link.test.a remote nick colliding with a LOCAL nick is renamed to its UID, not overwritten...OK
5885/8732 daemon.s2s_link.test.a remote RENAME into a locally-held nick redirects the renamer to its UID...OK
5886/8732 daemon.s2s_link.test.a same-node re-affirmation keeps the nick (no spurious collision rename)...OK
5887/8732 daemon.s2s_link.test.OPER_GRANT payload round-trips across the link into takeOperGrants...OK
5888/8732 daemon.s2s_link.test.MeshPass admitted frame families drop app frames while sync still flows...OK
5889/8732 daemon.s2s_link.test.consumeOutbound drops a partial-send prefix...OK
5890/8732 daemon.s2s_link.test.S2sLink.init threads peer driver config into live link state...OK
5891/8732 daemon.sasl_bridge.test.services-backed PLAIN checker verifies registered accounts...OK
5892/8732 daemon.sasl_bridge.test.services-backed EXTERNAL verifier maps a bound certfp to its account...OK
5893/8732 daemon.sasl_bridge.test.registered account completes a SCRAM-SHA-256 exchange via the bridge lookup...OK
5894/8732 daemon.sasl_bridge.test.SCRAM-SHA-256 exchange rejects the wrong password for a registered account...OK
5895/8732 daemon.sasl_bridge.test.SASL SCRAM proof stays valid but the account gate blocks a suspended or forbidden account...OK
5896/8732 daemon.sasl_bridge.test.bridge lookup returns null for an unregistered account...OK
5897/8732 daemon.sasl_bridge.test.registered account completes a SCRAM-SHA-512 exchange via the bridge lookup...OK
5898/8732 daemon.sasl_bridge.test.SCRAM-SHA-512 exchange rejects the wrong password for a registered account...OK
5899/8732 daemon.sasl_bridge.test.SCRAM-SHA-512 bridge lookup returns null for an unregistered account...OK
5900/8732 daemon.sasl_bridge.test_0...OK
5901/8732 daemon.scoped_access.test.grant and ban coexist in one scoped list...OK
5902/8732 daemon.scoped_access.test.matchBest picks strongest applicable entry...OK
5903/8732 daemon.scoped_access.test.glob matching supports star question mark and ascii case folding...OK
5904/8732 daemon.scoped_access.test.expiry sweep removes only expired entries...OK
5905/8732 daemon.scoped_access.test.deny outranks voice when both match...OK
5906/8732 daemon.scram_store.test.deriveAndStore then lookup returns SCRAM material for the account...OK
5907/8732 daemon.scram_store.test.storeWithSalt is deterministic for a fixed salt and iteration count...OK
5908/8732 daemon.scram_store.test.deriveAndStore overwrites an existing account in place...OK
5909/8732 daemon.scram_store.test.empty or oversize account names are rejected...OK
5910/8732 daemon.scram_store.test.ScramStore concurrent writers and readers preserve entries...OK
5911/8732 daemon.scram_store.test.lookup salt retention is bounded across many SCRAM starts...OK
5912/8732 daemon.scram_store.test.serialize/deserialize round-trips a SCRAM record...OK
5913/8732 daemon.scram_store.test.resolve backfills a missing account from the loader, then caches...OK
5914/8732 daemon.scram_store.test.deriveAndStore provisions both SHA-256 and SHA-512 material...OK
5915/8732 daemon.scram_store.test.storeWithSalt SHA-512 keys are deterministic for a fixed salt...OK
5916/8732 daemon.scram_store.test.importRecord (SHA-256 only) leaves SCRAM-SHA-512 unavailable...OK
5917/8732 daemon.scram_store.test.serialize/deserialize round-trips SHA-512 material backward-compatibly...OK
5918/8732 daemon.scram_store.test.resolve512 backfills SHA-512 material from the loader, then caches...OK
5919/8732 daemon.scram_store.test_0...OK
5920/8732 daemon.mesh_search.test.GAP-P5 merge keeps each authorized hit once under the cap...OK
5921/8732 daemon.mesh_search.test.GAP-P5 mesh search query round trip rejects a short reply...OK
5922/8732 daemon.mesh_search.test.GAP-K7 retained history stays opaque and membership stays visible...GAP-K7 branch=written threat boundary; history rekey is not a daemon mode because the daemon holds no epoch key; metadata-min is refused because NAMES search and abuse require server-visible membership; implementation does not follow
OK
5923/8732 daemon.search_index.test.index lowercases words and returns matching ids...OK
5924/8732 daemon.search_index.test.remove deletes an id from every word...OK
5925/8732 daemon.search_index.test.reindex replaces old words for the same id...OK
5926/8732 daemon.search_index.test.configured bounds reject oversize indexes...OK
5927/8732 daemon.search_index.test.checkpoint preserves exact ordered search projection...OK
5928/8732 daemon.search_index.test.checkpoint decode and replacement fail atomically...OK
5929/8732 daemon.search_index.test.checkpoint rejects trailing duplicate and capacity-losing data...OK
5930/8732 daemon.unfurl.test.GAP-P6 unfurl parses a bounded preview and refuses private targets...OK
5931/8732 daemon.appeal.test.GAP-P7 one appeal per host per window...OK
5932/8732 daemon.challenge.test.GAP-P8 admit is one function for proof of work and a question...OK
5933/8732 daemon.first_hold.test.GAP-P9 one held body is copied out or dropped...OK
5934/8732 daemon.slash_cmd.test.GAP-P10 a command keeps its help line and argument count...OK
5935/8732 daemon.history_http.test.GAP-P12 loopback is the only history bind and other paths are not an admin API...OK
5936/8732 daemon.history_http.test.GAP-P12 a public history bind is refused and loopback sockets listen...OK
5937/8732 daemon.history_http.test.history native HTTPS: real IPv4 and IPv6 TLS GET returns authorized body and denies outsider...OK
5938/8732 daemon.history_http.test.history native HTTPS: accepted stalled and dribbling TLS clients cannot hold shutdown...OK
5939/8732 daemon.secured_s2s_link.test.secured link: TOFU preamble + IK handshake + CRDT over a whole-buffer stream...OK
5940/8732 daemon.secured_s2s_link.test.secured link survives 1-byte fragmentation of every handshake message...OK
5941/8732 daemon.secured_s2s_link.test.secured link threads inner peer config after AKE...OK
5942/8732 daemon.secured_s2s_link.test.E2EEGROUP is negotiated encrypted and drained through SecuredLink...OK
5943/8732 daemon.secured_s2s_link.test.secure relay v2 is negotiated encrypted and drained through SecuredLink...OK
5944/8732 daemon.secured_s2s_link.test.event spine v2 is negotiated encrypted authored and drained through SecuredLink...OK
5945/8732 daemon.secured_s2s_link.test.session replica v2 activates only inside established Mooring SecuredLink...OK
5946/8732 daemon.secured_s2s_link.test.post-handshake bytes on the wire are ciphertext, not inner plaintext...OK
5947/8732 daemon.secured_s2s_link.test.a single flipped bit in a transit record fails decryption...OK
5948/8732 daemon.secured_s2s_link.test.a CRDT membership frame round-trips end-to-end over the secured record layer...OK
5949/8732 daemon.secured_s2s_link.test.secured link retains session token resolver across lazy inner establishment...OK
5950/8732 daemon.secured_s2s_link.test.resumeOuter continues the encrypted stream and reconverges via RESYNC...OK
5951/8732 daemon.secured_s2s_link.test.resumeOuter without the carried s2s roster re-announces the survivor on RESYNC (spurious JOIN)...OK
5952/8732 daemon.secured_s2s_link.test.resumeOuter primed with the carried s2s roster suppresses the spurious RESYNC re-JOIN...OK
5953/8732 daemon.secured_s2s_link.test.a trust-pin mismatch rejects the peer prekey...OK
5954/8732 daemon.server.test.mesh admission roots require secured S2S identity and crypto...OK
5955/8732 daemon.server.test.GAP-X1 PortableServer answers PING through processLine...GAP-X1 branch=PortableServer answered PING lane two third with PONG through processLine on kqueue
OK
5956/8732 daemon.server.test.GAP-X4 PortableServer joins and fans out PRIVMSG...GAP-X4 branch=PortableServer registered three clients, answered 366, fanned out PRIVMSG, and set TCP_NODELAY on kqueue
OK
5957/8732 daemon.server.test.PortableServer churn preserves nick ownership and ignores retired completion tokens...OK
5958/8732 daemon.server.test.GAP-X3 live listener sets TCP_FASTOPEN, TCP_USER_TIMEOUT, and SO_INCOMING_CPU...SKIP
5959/8732 daemon.server.test.GAP-X3 secret page is DONTDUMP and WIPEONFORK...SKIP
5960/8732 daemon.server.test.GAP-X3 openat2 resolves regular files beneath their directory and rejects magic links...SKIP
5961/8732 daemon.server.test.GAP-X3 close_range drops surplus inherited fds and msg_ring boots a second reactor...SKIP
5962/8732 daemon.server.test.GAP-X3 landlock and seccomp restrict a forked daemon sandbox...SKIP
5963/8732 daemon.server.test.GAP-X2 SendQ inline fast path, heap overflow, refill, and per-class cap...GAP-X2 step2 branch=SendQ append reserve refill and backlog moved out of server.zig and the inline overflow cap and armed-buffer rules still hold
OK
5964/8732 daemon.server.test.GAP-X2 SendQ per-class cap also bounds the inline fast path...OK
5965/8732 daemon.server.test.GAP-X5 enqueuePlainFanout queues one line on the connection SendQ...GAP-X5 branch=plaintext fan-out line queued on the inline SendQ; ConnState bytes=38128
OK
5966/8732 daemon.server.test.GAP-O5 REHASH DRY prints diffs and applies none...GAP-O5 branch=REHASH DRY named ward class limit and listener diffs, applied none, then a real REHASH applied the limit without moving the listener
OK
5967/8732 daemon.server.test.GAP-V3 MEDIA ABR stores independent spatial ceilings from the hint...GAP-V3 branch=MEDIA ABR applies each receiver's abrHint to its own spatial ceiling
OK
5968/8732 daemon.server.test.GAP-V4 recording waits for every member and stops when one joins...GAP-V4 branch=recording starts only after every member consents, is announced, and stops when a member joins without consent
OK
5969/8732 daemon.server.test.GAP-V5 a participant or oper reads loss rtt and layer without key material...GAP-V5 branch=participant and oper read loss rtt spatial bitrate; key material is absent
OK
5970/8732 daemon.server.test.GAP-V6 the room reads the speaking queue and the server forwards positions...GAP-V6 branch=queue is listed in raise order; a non-head still speaks; positions are forwarded unchanged
OK
5971/8732 daemon.server.test.GAP-O3 a fault writes the tracelog to the named file...GAP-O3 branch=tracelog file on panic, reactor give-up, and mooring death
OK
5972/8732 daemon.server.test.secured establishment immediately publishes authenticated trust route...OK
5973/8732 daemon.server.test.mesh peer-count publish and RTT probe refuse a sibling (non-reactor-0) caller...OK
5974/8732 daemon.server.test.published mesh peers grow past the old 32 by 64 ceiling...OK
5975/8732 daemon.server.test.stats_peak_clients counts registered clients across shards...OK
5976/8732 daemon.server.test.DST GAP-A11 maintenance reactor re-bursts the local roster on the membership interval...OK
5977/8732 daemon.server.test.isMaintenanceReactor is false off reactor 0 and onTimerTick leaves shared last_*_ms still...OK
5978/8732 daemon.server.test.secured establish collision winner teardown trust lifecycle...OK
5979/8732 daemon.server.test.secured mesh probe deadline actively tears down a silent established socket...OK
5980/8732 daemon.server.test.secured mesh probe deadline starts only after whole record reaches SendQ...OK
5981/8732 daemon.server.test.secured live establishment replaces an expired deterministic collision winner...SKIP
5982/8732 daemon.server.test.secured collision scan passes stale loser before resolving viable route...OK
5983/8732 daemon.server.test.client active gauge follows physical slot ownership through close and refusal...SKIP
5984/8732 daemon.server.test.non-dedup S2S close immediately removes published peer...OK
5985/8732 daemon.server.test.session replica live publication pairs a newer lease and detached publication invalidates it...OK
5986/8732 daemon.server.test.DST GAP-A10 late lease refresh does not emit QUIT while the session is live...OK
5987/8732 daemon.server.test.DST GAP-A3 replica residence keeps two honest nicks and UID-renames a forged account...GAP-A3 branch=rowless session replica proof; forged account is UID-renamed
OK
5988/8732 daemon.server.test.session attachment lease encode OOM retains exact dirty token until full retry succeeds...OK
5989/8732 daemon.server.test.session replica orphaned final revoke survives encode Store OOM and checkpoint...OK
5990/8732 daemon.server.test.session replica sweep retains expired orphan until local revoke retry succeeds...OK
5991/8732 daemon.server.test.session replica replay skips attachment leases for rolling-old peers without pinning burst...OK
5992/8732 daemon.server.test.session replica mid-flight RESYNC restarts canonical Store without revision churn...OK
5993/8732 daemon.server.test.session replica value replay completes 140 objects under continuous behind-cursor renewal...OK
5994/8732 daemon.server.test.session replica conflicted lease replays both witnesses back to ingress peer...OK
5995/8732 daemon.server.test.session replica replay preflights SendQ before AEAD advance and resumes at eight frames...SKIP
5996/8732 daemon.server.test.session replica gates establishment and RESYNC membership behind every retained authority page...SKIP
5997/8732 daemon.server.test.session replica burst retains whole-record ciphertext across SendQ backpressure...OK
5998/8732 daemon.server.test.session replica live fanout preserves retained ciphertext on a full peer SendQ...OK
5999/8732 daemon.server.test.session replica secured receipt retry does not duplicate retained ciphertext...OK
6000/8732 daemon.server.test.session replica deferred sidecar retry bounds retained ciphertext...OK
6001/8732 daemon.server.test.session replica burst retries incomplete family after secured record allocation failure...OK
6002/8732 daemon.server.test.session replica replay leaves no inner residue after outer record allocation failure...OK
6003/8732 daemon.server.test.session replica burst sends every legal mesh ward beyond legacy scratch cap...OK
6004/8732 daemon.server.test.session replica replay budgets actual ciphertext with one-frame progress exception...OK
6005/8732 daemon.server.test.maximum legal session replica fits the clamped server-link SendQ and progresses...OK
6006/8732 daemon.server.test.v2 Store hot-adoption is SQ-inert until authority-first link activation...SKIP
6007/8732 daemon.server.test.secured roster repair follows inbound membership generations across asymmetric replay...OK
6008/8732 daemon.server.test.hot-adopt secured link tears down cleanly when RESYNC exceeds the carried SendQ...SKIP
6009/8732 daemon.server.test.portability-enabled hot-adopt rejects a rolling-old peer before roster release...SKIP
6010/8732 daemon.server.test.UPGRADE restored property checkpoint bursts after preserved-link activation...SKIP
6011/8732 daemon.server.test.RecvQ: inline fast path, CRLF dispatch, and per-class cap drop...OK
6012/8732 daemon.server.test.RecvQ: a bare LF terminates a line (LF-only clients, e.g. some mIRC builds)...OK
6013/8732 daemon.server.test.RecvQ: a line past the inline buffer spills to a contiguous heap overflow...OK
6014/8732 daemon.server.test.trustedOrigin binds a kill/event origin to the authenticated peer...OK
6015/8732 daemon.server.test.banContextFor carries TLS state for secure extbans...OK
6016/8732 daemon.server.test.tls13Config carries raw-public-key negotiation gate...OK
6017/8732 daemon.server.test.threaded server: bouncer rewind is suppressed for a non-oper member on a history-policy=opers channel...OK
6018/8732 daemon.server.test.threaded server: bouncer rewind still replays for an oper member on a history-policy=opers channel...OK
6019/8732 daemon.server.test.threaded server: bouncer rewind replays normally for a non-oper member on a default-policy channel...OK
6020/8732 daemon.server.test.media E2EE handshake transcript ASCII-folds channel bytes without Unicode rewriting...OK
6021/8732 daemon.server.test.UPGRADE GAP-D2 offline memo survives the dropped process image...OK
6022/8732 daemon.server.test.UPGRADE GAP-D2 restored memo is delivered when the account attaches...OK
6023/8732 daemon.server.test.GAP-D2 kill-restart and same-image USR2 deliver the memo and fire MEMO_PUSH...SKIP
6024/8732 daemon.server.test.UPGRADE GAP-P16 MARKREAD survives the dropped process image and rewind stays bounded...OK
6025/8732 daemon.server.test.UPGRADE GAP-D3 gag and granted vhost survive the dropped process image...OK
6026/8732 daemon.server.test.GAP-D3 same-image USR2 keeps the gag and the granted vhost...SKIP
6027/8732 daemon.server.test.DST GAP-D4 oper ABUSE explains live throttle and abuse rows survive the dropped image...GAP-D4 branch=oper ABUSE explains throttle shun dnsbl reputation from RAM; shun spamtrap koshi reputation and account score reload after the process image is dropped; account score survives reconnect and the new connection guard starts full
OK
6028/8732 daemon.server.test.GAP-D4 same-image USR2 keeps shun spamtrap Koshi reputation and the account score...SKIP
6029/8732 daemon.server.test.UPGRADE GAP-D5 restart keeps SCRAM and CertFP and invalidates recovery tokens...OK
6030/8732 daemon.server.test.GAP-D5 same-image USR2 invalidates recovery tokens and keeps SCRAM and CertFP...SKIP
6031/8732 daemon.server.test.GAP-D6 daemon backup set verifies and restores into a scratch directory...GAP-D6 branch=daemon writeBackupSet listed the included and excluded families and restoreDrill reopened every family in a scratch directory
OK
6032/8732 daemon.server.test.UPGRADE GAP-D1 cold restart restores history msgids and skips ciphertext search...OK
6033/8732 daemon.server.test.GAP-D1 kill-restart restores channel and DM msgids...GAP-D1 branch=kill-restart restored chan-kill and dm-kill
OK
6034/8732 daemon.server.test.GAP-D1 same-image USR2 restores channel and DM msgids...SKIP
6035/8732 daemon.server.test.UPGRADE mandatory state round trip is exact and deterministic...SKIP
6036/8732 daemon.server.test.UPGRADE seal + adopt carries the cross-mesh oper-grant registry (grants, tombstones, incarnation)...SKIP
6037/8732 daemon.server.test.UPGRADE arena without an oper-grant checkpoint (pre-checkpoint predecessor) adopts with an empty registry...SKIP
6038/8732 daemon.server.test.UPGRADE legacy v3 session mints stable AID and nonempty ADS1 follows it across two hops...SKIP
6039/8732 daemon.server.test.MESSAGE_V2 replay and Lotus publish transactionally with one accepted identity...OK
6040/8732 daemon.server.test.MESSAGE_V2 durable admission fails closed without explicit direct-neighbor pins...OK
6041/8732 daemon.server.test.MESSAGE_V2 authoring activation requires a staged canonical full-mesh roster...OK
6042/8732 daemon.server.test.MESSAGE_V2 Helix legacy egress seam suppresses a twin after durable admission...OK
6043/8732 daemon.server.test.MESSAGE_V2 Helix authored row waits for rolling-old peer then replays once and retires...OK
6044/8732 daemon.server.test.MESSAGE_V2 RVL2 duplicate ingress and ACK handshake retire every direct-neighbor obligation...OK
6045/8732 daemon.server.test.MESSAGE_V2 custody ACK and ACK_CONFIRM fail closed for off-mesh and unsolicited peers...OK
6046/8732 daemon.server.test.MESSAGE_V2 RVL2 retry sweep cannot starve a later direct neighbor...OK
6047/8732 daemon.server.test.MESSAGE_V2 egress emits a >64 same-origin backlog old-HLC-before-new per neighbor...OK
6048/8732 daemon.server.test.MESSAGE_V2 egress retains a partitioned neighbor's obligation and retires it once on heal...OK
6049/8732 daemon.server.test.DST GAP-A2 one accepted id survives partition and USR2 without a duplicate or a legacy twin...SKIP
6050/8732 daemon.server.test.MESSAGE_V2 Helix restore relation rejects individually valid torn authorities...OK
6051/8732 daemon.server.test.UPGRADE rejects torn MESSAGE_V2 authority checkpoints before publication...SKIP
6052/8732 daemon.server.test.MESSAGE_V2 retained RVL2 row re-acks every direct neighbor after RVG2 window eviction...OK
6053/8732 daemon.server.test.Event Spine v2 history conflict rolls back staged replay authority byte-exact...OK
6054/8732 daemon.server.test.Event Spine v2 undefined severity fails closed without authority mutation...OK
6055/8732 daemon.server.test.Event Spine v2 binds local and remote origins before authority mutation...OK
6056/8732 daemon.server.test.Event Spine v2 guard allocation failures leave replay and history byte-exact...OK
6057/8732 daemon.server.test.UPGRADE mandatory state rejects missing duplicate and late corruption without publication...SKIP
6058/8732 daemon.server.test.UPGRADE current mandatory handoff requires MHLC PRPC SRST and PMST...SKIP
6059/8732 daemon.server.test.MESSAGE_V2 Helix activation is staged exact and monotonic across current handoff...SKIP
6060/8732 daemon.server.test.UPGRADE continuity gate accepts idle state and refuses every media or companion owner...OK
6061/8732 daemon.server.test.DST GAP-A4 event history reloads across USR2 and a signed id is not duplicated...SKIP
6062/8732 daemon.server.test.DST GAP-A7 listener add or remove refuses UPGRADE with cold restart required...GAP-A7 branch=refuse cold restart required before UPGRADE; unchanged listeners still queue
OK
6063/8732 daemon.server.test.DST GAP-P2 channel slowmode gap survives USR2 with oper and voice exemptions...SKIP
6064/8732 daemon.server.test.DST GAP-P4 channel retention TTL deletes history search ids and memo copies...GAP-P4 branch=PROP RETAIN ttl; expiry deletes the lotus row, search id, and memo copies; ciphertext expires without plaintext
OK
6065/8732 daemon.server.test.DST GAP-O6 raid shield correlates peers and relaxes slowmode...GAP-O6 branch=reactor 0 correlates peer joins; one signed flood verdict; slowmode engages and relaxes; one origin does not trip
OK
6066/8732 daemon.server.test.UPGRADE mandatory restored EventHistory and webhook store skip stale disk reload at start...OK
6067/8732 daemon.server.test.UPGRADE exact client adoption failure is startup fatal and restores displaced World...SKIP
6068/8732 daemon.server.test.verified webhook residence bypass is restricted to server-authored channel PRIVMSG...OK
6069/8732 daemon.server.test.remote QUIT marked mesh departures render once per local recipient across shared channels...OK
6070/8732 daemon.server.test.rebroadcastLocalOpers re-mints an oper homed on a non-zero shard...OK
6071/8732 daemon.server.test.multi-shard UPGRADE seal carries clients on EVERY shard (CLOEXEC cleared)...SKIP
6072/8732 daemon.server.test.UPGRADE exact cancels target operation kind and generation...OK
6073/8732 daemon.server.test.UPGRADE TLS ticket-key capsule allocation failure is fatal to the seal...OK
6074/8732 daemon.server.test.UPGRADE successor adopts one canonical TLS ticket-key authority atomically...SKIP
6075/8732 daemon.server.test.UPGRADE successor rejects missing duplicate corrupt and late-failing TLS ticket authority without publication...SKIP
6076/8732 daemon.server.test.UPGRADE successor rejects noncanonical TLS ticket wrapper and disabled authority...SKIP
6077/8732 daemon.server.test.UPGRADE unmanaged mesh re-dial hint allocation failure is fatal to continuity...OK
6078/8732 daemon.server.test.UPGRADE logged-in client without exact session token is incomplete...SKIP
6079/8732 daemon.server.test.UPGRADE oversized MONITOR sidecar makes registered client incomplete...SKIP
6080/8732 daemon.server.test.UPGRADE registered client seals one exact empty MONITOR and SILENCE sidecar...SKIP
6081/8732 daemon.server.test.UPGRADE established secured mesh snapshot failure marks complete seal fatal...SKIP
6082/8732 daemon.server.test.UPGRADE services cannot start before inherited state is consumed...SKIP
6083/8732 daemon.server.test.UPGRADE completed secured mesh recv seals and resumes one continuous record stream...SKIP
6084/8732 daemon.server.test.UPGRADE resume: peer RESYNC re-burst of unchanged remote state emits zero client-visible lines...OK
6085/8732 daemon.server.test.UPGRADE resume: first override grant after missing registry projects +Y once...OK
6086/8732 daemon.server.test.UPGRADE timer deferral still dispatches later recv CQE in copied batch...SKIP
6087/8732 daemon.server.test.UPGRADE quiesce applies completed unreaped recv before safe point...SKIP
6088/8732 daemon.server.test.UPGRADE send completion and exact cancel retain the unsent suffix...SKIP
6089/8732 daemon.server.test.UPGRADE quiet recv exact cancel rearms on failure resume...SKIP
6090/8732 daemon.server.test.UPGRADE canceled CONNECT survives SQ-full and retries through fair activation...OK
6091/8732 daemon.server.test.UPGRADE final fixed point carries post-barrier marker on all four shards...SKIP
6092/8732 daemon.server.test.UPGRADE quiesce generation CAS and RESUMING completion are exact...OK
6093/8732 daemon.server.test.multi-shard UPGRADE adopt re-pins carried clients across shards and serves both...SKIP
6094/8732 daemon.server.test.periodic timer tick re-mints live oper grants inside the TTL...OK
6095/8732 daemon.server.test.zero oper grant refresh marker is due below the normal interval...OK
6096/8732 daemon.server.test.REHASH oper binding builder preserves configured group privileges...OK
6097/8732 daemon.server.test.REHASH oper binding builder skips unknown or empty classes...OK
6098/8732 daemon.server.test.processLine answers PING with an RFC-compliant server-sourced PONG...OK
6099/8732 daemon.server.test.processLine registration sequence emits welcome numerics...OK
6100/8732 daemon.server.test.processLine registration welcome warns plaintext sessions...OK
6101/8732 daemon.server.test.processLine rejects malformed input without writing...OK
6102/8732 daemon.server.test.labelTagValue extracts and unescapes the @label tag...OK
6103/8732 daemon.server.test.ReplyCapture tracks overflow without faulting...OK
6104/8732 daemon.server.test.emitLabeledIssuer: single captured line is tagged with the label...OK
6105/8732 daemon.server.test.emitLabeledIssuer: multi-line response is a labeled BATCH...OK
6106/8732 daemon.server.test.emitLabeledIssuer: labels an existing CHATHISTORY batch without nesting...OK
6107/8732 daemon.server.test.emitLabeledIssuer: labels an existing CHATHISTORY TARGETS batch without nesting...OK
6108/8732 daemon.server.test.emitLabeledIssuer: rejects malformed CHATHISTORY batch atomically...OK
6109/8732 daemon.server.test.emitLabeledIssuer: rejects unsafe CHATHISTORY batch references atomically...OK
6110/8732 daemon.server.test.emitLabeledIssuer: rejects an applicable batch when SendQ cannot fit it...OK
6111/8732 daemon.server.test.emitLabeledIssuer: a command that replies nothing yields a bare ACK...OK
6112/8732 daemon.server.test.emitLabeledIssuer: capture overflow fails closed without a partial line...OK
6113/8732 daemon.server.test.threaded server: a labeled WHOIS is reframed under the @label via SerpentRegistry...OK
6114/8732 daemon.server.test.webhook Helix unwind stays paused until every owner reaches IDLE...OK
6115/8732 daemon.server.test.webhook Helix resume failure remains on bounded timer retry lane...OK
6116/8732 daemon.server.test.webhook queued before refused UPGRADE drains once and retained listener accepts once after resume...SKIP
6117/8732 daemon.server.test.webhook: a Discord POST is delivered to the bound channel as a bot integration...OK
6118/8732 daemon.server.test.webhook: Block-Kit-lite actions are delivered as IRCv3 client tags...OK
6119/8732 daemon.server.test.webhook: CREATE/LIST/DELETE gate on channel operator status...OK
6120/8732 daemon.server.test.webhook disabled: WEBHOOK returns 421 and no listener binds (byte-identical off)...OK
6121/8732 daemon.server.test.enforceDnsbl fails open: no resolver, an unresolved IP, and opers all pass...OK
6122/8732 daemon.server.test.threaded server: multi-reactor (num_shards=4) survives concurrent clients...OK
6123/8732 daemon.server.test.TOTP enrollment lifecycle: ENROLL -> CONFIRM persists, lazy-reload, DISABLE...OK
6124/8732 daemon.server.test.TOTP enforcement: IDENTIFY + SASL gated for a 2FA account; tokens revoked on enable...OK
6125/8732 daemon.server.test.GAP-P0b IRCX OAUTHBEARER refuses an unregistered account unless oauth_auto_provision...GAP-P0b branch=oauth refuses unknown account unless oauth_auto_provision
OK
6126/8732 daemon.server.test.TOTP CONFIRM revokes an existing session token (no 2FA-free re-entry)...OK
6127/8732 daemon.server.test.WEBAUTHN inert until [webauthn] configured...OK
6128/8732 daemon.server.test.KEYTRANS exposes credential transparency root and inclusion proof...OK
6129/8732 daemon.server.test.GAP-K2 a stored signed head shows a revocation and a missing log fails closed only when required...GAP-K2 branch=each node stores the other signed head and a missing log fails closed only when required
OK
6130/8732 daemon.server.test.GAP-K2 a revocation is visible on the other node after anti-entropy...GAP-K2 branch=a revocation is visible on the other node after anti-entropy and a stale head does not replace it
OK
6131/8732 daemon.server.test.GAP-K3 a node public key verifies a ban or kick after restart and a removed entry breaks the chain...GAP-K3 branch=a node public key verifies a ban or kick after restart and a removed entry breaks the chain
OK
6132/8732 daemon.server.test.KEYTRANS DEVICE and EVENT survive store restart...OK
6133/8732 daemon.server.test.KEYTRANS DEVICE reports bound then deleted and rejects a bad account...OK
6134/8732 daemon.server.test.KEYTRANS corrupt store is fail-closed and restore is idempotent...OK
6135/8732 daemon.server.test.DPROP1 startup authority union rejects partial and mismatched configurations...OK
6136/8732 daemon.server.test.DPROP1 shared cold-hot candidate is purge-first idempotent allocation-failure atomic...OK
6137/8732 daemon.server.test.DPROP1 cold activation publishes exact authority and stays observationally silent...OK
6138/8732 daemon.server.test.DPROP1 hot activation without PRPC restores authority and is observationally silent...SKIP
6139/8732 daemon.server.test.DPROP1 hot carried conflict is purge-first authority-wins and final edge allocates nothing...SKIP
6140/8732 daemon.server.test.DPROP1 hot unrelated future PRPC clock is fatal and leaves causal triplet exact...SKIP
6141/8732 daemon.server.test.DPROP1 cold startup without mandatory signer rejects local device writes...OK
6142/8732 daemon.server.test.KEYTRANS local mutation does not rollback or false-fail when observation is unavailable...OK
6143/8732 daemon.server.test.DPROP1 remote user device ENTITY_PROP is quarantined before all admission side effects...OK
6144/8732 daemon.server.test.DPROP1 remote device quarantine persists as policy across restart...OK
6145/8732 daemon.server.test.KEYTRANS generic local PROP observes exact user credential keys...OK
6146/8732 daemon.server.test.KEYTRANS generic local PROP identity.key is observed and residence is not...OK
6147/8732 daemon.server.test.KEYTRANS generic local PROP rejects and member entities do not observe...OK
6148/8732 daemon.server.test.KEYTRANS generic local PROP missing delete does not observe...OK
6149/8732 daemon.server.test.DPROP1 remote device origin cannot bypass quarantine after cold restart...OK
6150/8732 daemon.server.test.DPROP1 local device write converges exact signed durable live clock and transparency fact...OK
6151/8732 daemon.server.test.DPROP1 missing-row delete commits exact signed tombstone without creating live PROP...OK
6152/8732 daemon.server.test.DPROP1 channel and member device-looking properties retain generic PROP behavior...OK
6153/8732 daemon.server.test.DPROP1 ambiguous durable cut is sticky requests stop and publishes no live state...OK
6154/8732 daemon.server.test.DPROP1 transaction preparation signing clock and Services failures publish nothing...OK
6155/8732 daemon.server.test.DPROP1 PROP CLEAR scans beyond sixty four rows and preserves reserved device facts...OK
6156/8732 daemon.server.test.DPROP1 user PROP and E2EEKEY enumerate all one hundred twenty eight capacity rows...OK
6157/8732 daemon.server.test.DPROP1 reserved local PROP numerics and oper override remain fail closed...OK
6158/8732 daemon.server.test.DPROP1 stale durable admission maps generic PROP to ERR_SECURITY 908...OK
6159/8732 daemon.server.test.KEYTRANS remote apply allocation failure leaves props clocks and log unchanged...OK
6160/8732 daemon.server.test.KEYTRANS remote apply fresh server allocator is atomic for every prop mutation shape...OK
6161/8732 daemon.server.test.KEYTRANS remote ENTITY_PROP apply: prop-store allocation failure creating a brand-new entity leaves no stranded entity, props, clock, HLC, or log growth...OK
6162/8732 daemon.server.test.KEYTRANS remote ENTITY_PROP apply: prop-store allocation failure inserting a new key into an existing entity leaves its existing prop, clock, HLC, and log unchanged...OK
6163/8732 daemon.server.test.KEYTRANS remote ENTITY_PROP apply: prop-store allocation failure replacing an existing value leaves the old value, clock, HLC, and log unchanged...OK
6164/8732 daemon.server.test.KEYTRANS remote ENTITY_PROP apply: clock-stage allocation failure on a delete fact leaves the prop, clock, HLC, and log unchanged...OK
6165/8732 daemon.server.test.E2EEKEY advertises account device keys through user props...OK
6166/8732 daemon.server.test.E2EEKEY ADD accepts onyx-ogc1-v1 only with the derived device id...OK
6167/8732 daemon.server.test.DPROP1 E2EEKEY mixed-case ODD1 commits folded PROP lists and restores...OK
6168/8732 daemon.server.test.E2EEKEY and IDENTITY live mutations append verifiable key transparency events...OK
6169/8732 daemon.server.test.E2EEGROUP cap-exhausted login and late negotiation fail explicitly before membership...OK
6170/8732 daemon.server.test.E2EEGROUP guest CAP REQ onyx/e2ee after registration stays open...OK
6171/8732 daemon.server.test.E2EEGROUP local handler renders exact capable-member and targeted Welcome lines...OK
6172/8732 daemon.server.test.E2EEGROUP local handler fails closed and accepts the full payload bound...OK
6173/8732 daemon.server.test.E2EEGROUP live operator quiesce is privileged observable non-mutating and reversible...OK
6174/8732 daemon.server.test.E2EEGROUP mesh live path accepts once refloods exact wire retries and retires exact peer ACK...OK
6175/8732 daemon.server.test.E2EEGROUP configured disconnected peer remains in event-time custody...OK
6176/8732 daemon.server.test.E2EEGROUP Helix seal refuses outstanding opaque custody without mutation...OK
6177/8732 daemon.server.test.E2EEGROUP Helix carries receipt metadata and ACK_CONFIRM retires pending exact after adopt...SKIP
6178/8732 daemon.server.test.E2EEGROUP Helix corrupt mandatory checkpoint leaves live authority byte exact...SKIP
6179/8732 daemon.server.test.IDENTITY advertises self-signed portable account keys through user props...OK
6180/8732 daemon.server.test.IDENTITY RESIDENCE publishes an account residence proof as a replicated user prop (fail-closed)...OK
6181/8732 daemon.server.test.secured Server canonicalizes configured node id to the identity short id...OK
6182/8732 daemon.server.test.P1: identity.key ENTITY_PROP ingest rejects a REMOTE write for a LOCALLY-homed account (local SASL anchor)...OK
6183/8732 daemon.server.test.E5E1 identity ENTITY_PROP ingest rejects every remote origin before LWW...OK
6184/8732 daemon.server.test.P1: a NON-identity user prop is NOT origin-bound (regression: ordinary ENTITY_PROP LWW is unchanged)...OK
6185/8732 daemon.server.test.ISUPPORT advertises ACCOUNTRESIDENCE only when the node has a mesh identity (account residence discovery)...OK
6186/8732 daemon.server.test.WEBAUTHN register + passwordless auth (ES256), with tamper/challenge/regression rejects...OK
6187/8732 daemon.server.test.WEBAUTHN LIST/RENAME ride the EVENT plane; CRED carries created_unix; RENAME round-trips...OK
6188/8732 daemon.server.test.WEBAUTHN malformed base64 rejected without panic...OK
6189/8732 daemon.server.test.exploit: WEBAUTHN RENAME rejects a CRLF-smuggled label (no poison stored, no wire injection)...OK
6190/8732 daemon.server.test.exploit: WEBAUTHN REGISTER rejects a control-byte label before arming a challenge...OK
6191/8732 daemon.server.test.exploit: WEBAUTHN RENAME cannot relabel another account's passkey (ownership gate)...OK
6192/8732 daemon.server.test.exploit: webauthnReply drops a CRLF-bearing body (Event-Spine render firewall, last line of defence)...OK
6193/8732 daemon.server.test.SETPASS cert recovery: 1-arg reset only on a cert-verified connection...OK
6194/8732 daemon.server.test.RESETPASS confirm: valid emailed code sets a new password; wrong code is rejected...OK
6195/8732 daemon.server.test.session-sync unit: two sessions same account both session-sync get the DM...OK
6196/8732 daemon.server.test.session-sync unit: a session without the cap does not get the DM...OK
6197/8732 daemon.server.test.session-sync unit: optional account mirror requires the explicit cap...OK
6198/8732 daemon.server.test.session-sync unit: sender other session gets outgoing DM echo...OK
6199/8732 daemon.server.test.session-sync unit: single-session account has no sibling copies...OK
6200/8732 daemon.server.test.portable local NICK publishes exact Store authority before v2 authorization...OK
6201/8732 daemon.server.test.exact-token NICK enforces no-nick across sibling membership union...OK
6202/8732 daemon.server.test.MONITOR rename prepares unbounded watcher output before identity commit...OK
6203/8732 daemon.server.test.repeated JOIN repairs exact siblings without emitting a duplicate logical event...OK
6204/8732 daemon.server.test.clone CREATE bootstraps every exact attachment with one JOIN view...OK
6205/8732 daemon.server.test.UPGRADE preflight flushes deferred resume sidecars only after exact authority is publishable...OK
6206/8732 daemon.server.test.UPGRADE preflight converges a live local channel projection journal...OK
6207/8732 daemon.server.test.UPGRADE preflight retains and refuses a detached local channel projection journal...OK
6208/8732 daemon.server.test.deferred resume sidecar flush preserves old nick across peer queue allocation failure...OK
6209/8732 daemon.server.test.UPGRADE preflight refuses an unbound deferred resume without erasing its old nick...OK
6210/8732 daemon.server.test.UPGRADE preflight refuses an unpublished portable mutation without clearing it...OK
6211/8732 daemon.server.test.UPGRADE seal restores signed replica authority and revoke replay protection...OK
6212/8732 daemon.server.test.session replica lifecycle LOGOUT revokes the final local portable token...OK
6213/8732 daemon.server.test.session replica lifecycle account switch revokes the abandoned portable token...OK
6214/8732 daemon.server.test.session replica lifecycle IRCX AUTH guest rebind revokes the abandoned portable token...OK
6215/8732 daemon.server.test.session replica lifecycle REGISTER rebind revokes the abandoned portable token...OK
6216/8732 daemon.server.test.session replica lifecycle DROP revokes every distinct local token...OK
6217/8732 daemon.server.test.multi-reactor DROP poison wins a raced authenticated recv before owner close...OK
6218/8732 daemon.server.test.session replica lifecycle keeps one-of-N authority and last nonportable sibling revokes...OK
6219/8732 daemon.server.test.session tracking at cap preserves detached portable authority for exact resume...OK
6220/8732 daemon.server.test.session replica lifecycle revokes portable authority replaced on same-client attach...OK
6221/8732 daemon.server.test.session replica nick index is case-folded bounded and ambiguity-safe...OK
6222/8732 daemon.server.test.mesh nick-home claim fold is deterministic across every link order...OK
6223/8732 daemon.server.test.relay direct messages honor local +R SILENCE and recipient session-sync...OK
6224/8732 daemon.server.test.SILENCE ACCESS control is case-insensitive: nick-case cannot bypass the ignore...OK
6225/8732 daemon.server.test.session-sync: sender same-account same-nick sibling gets the DM sent-copy without the cap...OK
6226/8732 daemon.server.test.session-sync exact-once matrix: local same-account distinct tokens dedupe mandatory and optional copies...OK
6227/8732 daemon.server.test.threaded server: auxiliary direct events fan out exact-token attachments once with stable identity...OK
6228/8732 daemon.server.test.threaded server: inactive OCG1 never authorizes remote DATA reserved tags...OK
6229/8732 daemon.server.test.session-sync exact-once matrix: authenticated inbound relay dedupes exact tokens and account mirror...OK
6230/8732 daemon.server.test.relay DM rejects an unproven same-account sender-copy claim...OK
6231/8732 daemon.server.test.relay direct messages honor local +C and +g callerid policy...OK
6232/8732 daemon.server.test.relay +n accepts a verified multi-hop origin membership attestation...OK
6233/8732 daemon.server.test.relay +n denies a verified direct-origin nonmember...OK
6234/8732 daemon.server.test.relay +n denies an unsigned multi-hop nonmember...OK
6235/8732 daemon.server.test.relay channel speech gate mirrors local +C +T +U and status sender policy...OK
6236/8732 daemon.server.test.relayed channel message is recorded into CHATHISTORY for cross-node read-back...OK
6237/8732 daemon.server.test.relayed TAGMSG reaches capable members only and preserves its live msgid in CHATHISTORY...OK
6238/8732 daemon.server.test.local stable-HLC PRIVMSG NOTICE TAGMSG and webhook keep live identity in history...OK
6239/8732 daemon.server.test.pinned messages: PINS prop value validation...OK
6240/8732 daemon.server.test.pinned messages: command mutators preserve bounded comma-list state...OK
6241/8732 daemon.server.test.pinned messages: channelBuiltinSet gates PINS but leaves storage to the generic prop...OK
6242/8732 daemon.server.test.threaded server: PINS command uses channel prop storage and op gate...OK
6243/8732 daemon.server.test.ephemeral room: EPHEMERAL prop bounds are validated on SET...OK
6244/8732 daemon.server.test.ephemeral room: TTL reader parses the prop; DMs never expire...OK
6245/8732 daemon.server.test.AI policy: channel PROP flags validate, persist, and resolve precedence...OK
6246/8732 daemon.server.test.history policy: channel PROP validates and tightens CHATHISTORY access...OK
6247/8732 daemon.server.test.E2EE policy: channel PROP validates and required rooms reject plaintext...OK
6248/8732 daemon.server.test.E2EEPOLICYBODY required rooms reject tagged plaintext locally and on mesh...OK
6249/8732 daemon.server.test.E2EEPOLICYBODY optional rooms still accept untagged plaintext...OK
6250/8732 daemon.server.test.E2EEPOLICYBODY off rooms still accept untagged plaintext...OK
6251/8732 daemon.server.test.E2EEPOLICYBODY TAGMSG stays tag-only in required rooms...OK
6252/8732 daemon.server.test.AI policy: public PROP visibility reaches non-op channel members...OK
6253/8732 daemon.server.test.ephemeral room: replay drops messages older than the TTL, keeps fresh ones...OK
6254/8732 daemon.server.test.topics: registry PROP gates, auto-adds, records a mesh clock, and is CRDT-portable...OK
6255/8732 daemon.server.test.topics: CHATHISTORY topic filter replays only the matching conversation...OK
6256/8732 daemon.server.test.topics: CHATHISTORY topic filter is extracted from the command's message tag...OK
6257/8732 daemon.server.test.threaded server: +onyx/topic tag rides fanout + echo; untagged is unchanged...OK
6258/8732 daemon.server.test.threaded server: onyx/topics receives topic tags without generic message-tags...OK
6259/8732 daemon.server.test.status.json: emits node health + mesh peers for the public status page...OK
6260/8732 daemon.server.test.stats node health summarizes peer and quorum state...OK
6261/8732 daemon.server.test.prometheus export includes mesh health and E2EEGROUP drain gauges...OK
6262/8732 daemon.server.test.GAP-O1 merges reactor latency samples once into the metrics snapshot...OK
6263/8732 daemon.server.test.GAP-O2 MESH and metrics expose peer rtt backlog anti-entropy and partitioned versus down...GAP-O2 branch=peer rtt backlog anti-entropy partitioned-vs-down; hlc does not gate liveness
OK
6264/8732 daemon.server.test.oper-prefix dedup: collapses repeat +Y within the window, allows real transitions...OK
6265/8732 daemon.server.test.remote QUIT dedup is recipient-local and case-insensitive...OK
6266/8732 daemon.server.test.status.json: peerStatusString maps every link state...OK
6267/8732 daemon.server.test.ephemeral room: messages are not recorded into durable chanstats...OK
6268/8732 daemon.server.test.chanstats TOPIC history payload keeps only topic text...OK
6269/8732 daemon.server.test.mesh WARD applies and removes via applyRemoteWard...OK
6270/8732 daemon.server.test.rotatable cloak key: a ward on the old-key cloak misses the new-key cloak...OK
6271/8732 daemon.server.test.cloak auth-split: anonymous gets epoch opaque, logged-in keeps the stable account cloak...OK
6272/8732 daemon.server.test.cloak auth-split: anon_epoch_secs=0 keeps the stable hierarchical cloak (back-compat)...OK
6273/8732 daemon.server.test.deliverRelay accepts a correctly signed origin message...OK
6274/8732 daemon.server.test.E5E1 session replica residence rejects downgrade without widening exact token authority...OK
6275/8732 daemon.server.test.signed peer ingest uses Store residence decisions for downgrade and v2 rowless sidecars...OK
6276/8732 daemon.server.test.Helix silent session projection is complete without derived output and rejects invalid profile...OK
6277/8732 daemon.server.test.signed session replica projects JOIN PART only to the exact token and never republishes...OK
6278/8732 daemon.server.test.rowless signed session replica retries Pending staging after capacity clears...OK
6279/8732 daemon.server.test.pending v2 reconnect projection cannot outlive signed Store authority...OK
6280/8732 daemon.server.test.deliverRelay rejects a signed WHISPER from an off-channel remote sender...OK
6281/8732 daemon.server.test.verified relay DM stores canonical account history with origin time and unsigned claims cannot select it...OK
6282/8732 daemon.server.test.deliverRelay rejects a forged signature: not delivered, counted...OK
6283/8732 daemon.server.test.deliverRelay rejects a pubkey whose originShortId != origin_node...OK
6284/8732 daemon.server.test.deliverRelay still delivers a legacy unsigned message (backward compat)...OK
6285/8732 daemon.server.test.deliverRelay rejects unsafe direct callers before delivery and dedup observation...OK
6286/8732 daemon.server.test.legacy relay signature payload stays self-verifiable...OK
6287/8732 daemon.server.test.deliverRelay binds sender nick to home: legit delivers, mismatch and unknown drop...OK
6288/8732 daemon.server.test.MESSAGE_V2 unknown home retries then converges and delivers once...OK
6289/8732 daemon.server.test.MESSAGE_V2 unknown home convergence to different node drops permanently...OK
6290/8732 daemon.server.test.MESSAGE_V2 deferred unknown-home expires without delivery...OK
6291/8732 daemon.server.test.MESSAGE_V2 signed member modes bypass unknown-home retry...OK
6292/8732 daemon.server.test.MESSAGE_V2 known-home mismatch with signed member modes still drops permanently...OK
6293/8732 daemon.server.test.channel prop: a locally-authored fact is signed and verifies against its origin...OK
6294/8732 daemon.server.test.channel prop: an inbound signed fact verifies, applies, and is stored for re-broadcast...OK
6295/8732 daemon.server.test.channel prop: a forged inbound fact is rejected, counted, and not applied...OK
6296/8732 daemon.server.test.channel prop: a re-broadcast preserves the ORIGINAL author's signature (multi-hop)...OK
6297/8732 daemon.server.test.channel prop: a legacy unsigned inbound fact still applies (backward compat)...OK
6298/8732 daemon.server.test.E5E1 remote identity namespace quarantine precedes signatures clocks stores and authority...OK
6299/8732 daemon.server.test.E5E1 local identity add residence and delete never export to plaintext or secured links...OK
6300/8732 daemon.server.test.remote property admission advances HLC only for accepted channel and entity facts...OK
6301/8732 daemon.server.test.entity prop: a local user prop and member prop are signed and verify against their origin...OK
6302/8732 daemon.server.test.entity prop: an inbound signed user fact verifies, applies, and is stored for re-broadcast...OK
6303/8732 daemon.server.test.entity prop: an inbound signed member fact verifies and applies...OK
6304/8732 daemon.server.test.entity prop: a forged inbound fact is rejected, counted, and not applied...OK
6305/8732 daemon.server.test.entity prop: a re-broadcast preserves the ORIGINAL author's signature (multi-hop)...OK
6306/8732 daemon.server.test.entity prop: a legacy unsigned inbound fact still applies (backward compat)...OK
6307/8732 daemon.server.test.entity prop: newer hlc wins, older is ignored (LWW for user and member)...OK
6308/8732 daemon.server.test.remote aggregate channel mode flags cannot clear local +nt policy...OK
6309/8732 daemon.server.test.remote channel mode state applies params and respects local MLOCK...OK
6310/8732 daemon.server.test.S2S identity transition renders PART before NICK before JOIN...OK
6311/8732 daemon.server.test.secured S2S v2 identity transition renders PART before NICK before JOIN...OK
6312/8732 daemon.server.test.mesh LIST: remote-only channels join the union with the global count, secret hidden, deduped...OK
6313/8732 daemon.server.test.GAP-P0c remote LISTX carries the peer topic...GAP-P0c branch=listx remote topic
OK
6314/8732 daemon.server.test.threaded server: malformed pre-auth lines never kill the reactor...OK
6315/8732 daemon.server.test.threaded server: real end-to-end registration, JOIN, PRIVMSG (T1)...OK
6316/8732 daemon.server.test.threaded server: CERTLIST and CERTDEL use authenticated account bindings...OK
6317/8732 daemon.server.test.threaded server: SASLINFO advertises EXTERNAL when configured...OK
6318/8732 daemon.server.test.SESSIONTOKEN live dispatch issues Unix expiry and survives durable cold reopen...OK
6319/8732 daemon.server.test.threaded server: SESSIONTOKEN refuses non-TLS transport...OK
6320/8732 daemon.server.test.threaded server: login defers autojoin and restores only after exact SESSION RESUME token...OK
6321/8732 daemon.server.test.threaded server: session-sync fresh login defers autojoin until SESSION TOKEN...OK
6322/8732 daemon.server.test.threaded server: SASL-opered login keeps privileges across explicit detached-session restore...OK
6323/8732 daemon.server.test.threaded server: mesh-token local resume restores detached snapshot...OK
6324/8732 daemon.server.test.threaded server: one mesh credential attaches multiple live clients without nonce races...OK
6325/8732 daemon.server.test.threaded server: session reclaim local restore failure leaves the ghost reclaimable...OK
6326/8732 daemon.server.test.SESSION RESUME retry latch clears on terminal and already-attached attempts...OK
6327/8732 daemon.server.test.SESSION RESUME composite rejects malformed terminal and forged exact authority without downgrade...OK
6328/8732 daemon.server.test.SESSION RESUME exact selector moves only its sibling and durable spool...OK
6329/8732 daemon.server.test.ReleaseSafe SESSION TOKEN reader-first issuance gate defaults legacy and explicitly enables SRM2...OK
6330/8732 daemon.server.test.E2EE at-cap exact resume hold isolates succeeds on proof and closes on expiry...OK
6331/8732 daemon.server.test.SESSION RESUME legacy local and SRM1 create new without stripping ghost spool...OK
6332/8732 daemon.server.test.expired SESSION RESUME retry hold clears TOKEN latch and restores UPGRADE readiness...OK
6333/8732 daemon.server.test.manual SESSION RESUME retry preservation expires without autojoin deferral and restores UPGRADE readiness...OK
6334/8732 daemon.server.test.threaded server: explicit detached session resume spool conflict aborts before identity commit...OK
6335/8732 daemon.server.test.SESSION DROP removes a sibling attachment by LIST index...OK
6336/8732 daemon.server.test.SESSION DROP #n cannot retarget after list snapshot mutation...OK
6337/8732 daemon.server.test.SESSION DROP sid revokes exactly one physical attachment and leaves shared-token siblings live...OK
6338/8732 daemon.server.test.SESSION DROP crosses two live reactors and preserves an exact-token sibling identity...OK
6339/8732 daemon.server.test.SESSION DROP fails closed on absent, stale, and account-switched ids...OK
6340/8732 daemon.server.test.SESSION DROP leaves an attached foreign-shard row untouched until the reserved handoff protocol exists...OK
6341/8732 daemon.server.test.closing a token sibling cancels reserved DROP before detaching its row...OK
6342/8732 daemon.server.test.SESSION DROP never treats a local target with an unattested foreign token sibling as final...OK
6343/8732 daemon.server.test.SESSION DROP prefers the current nick-owning sibling among three local token attachments...OK
6344/8732 daemon.server.test.threaded server: EXTERNAL auto-resume latch excludes certificates and PLAIN...OK
6345/8732 daemon.server.test.threaded server: EXTERNAL exact account nick auto-attaches one local token and picks canonical among many...OK
6346/8732 daemon.server.test.threaded server: EXTERNAL prefers live local over competing mesh replicas...OK
6347/8732 daemon.server.test.threaded server: EXTERNAL picks highest-revision staged mesh replica among many...OK
6348/8732 daemon.server.test.threaded server: secured replica permits tokenless EXTERNAL exact account nick resume...OK
6349/8732 daemon.server.test.threaded server: first EXTERNAL login proactively publishes its portable session...OK
6350/8732 daemon.server.test.threaded server: detached EXTERNAL proof uses bootstrap source tie break...OK
6351/8732 daemon.server.test.threaded server: fresh EXTERNAL publication failure preserves cap ghost byte exact...OK
6352/8732 daemon.server.test.threaded server: registration EXTERNAL resumes before oper prefix and applies vhost to siblings...OK
6353/8732 daemon.server.test.threaded server: approved account vhost reaches attachments on every reactor...OK
6354/8732 daemon.server.test.threaded server: cap-bound detached EXTERNAL registration preserves and restores exact token...OK
6355/8732 daemon.server.test.threaded server: EXTERNAL registration blocks on missing stale or mismatched mesh projection...OK
6356/8732 daemon.server.test.threaded server: local resume joins an attached reusable session...OK
6357/8732 daemon.server.test.threaded server: resume roster pressure aborts before World or token commit...OK
6358/8732 daemon.server.test.threaded server: already-seated no-implicit resume emits no bootstrap bytes...OK
6359/8732 daemon.server.test.threaded server: resume reuses exact server-time tags for claimant and peers...OK
6360/8732 daemon.server.test.live session identity handoff requires the exact reusable token...OK
6361/8732 daemon.server.test.live session identity handoff never transfers nick after allocation failure...OK
6362/8732 daemon.server.test.close retries exact-session handoff before teardown after allocation failure...OK
6363/8732 daemon.server.test.portable teardown requires exact remote authority and retains clean QUIT channels...OK
6364/8732 daemon.server.test.threaded server: legacy consumed notice cannot delete a reusable session replica...OK
6365/8732 daemon.server.test.threaded server: migration staging isolates equal nonces from different peer signers...OK
6366/8732 daemon.server.test.threaded server: session migration restore cannot switch the authenticated account...OK
6367/8732 daemon.server.test.atomic RESUME staged capsule adopts a rowless verified token...OK
6368/8732 daemon.server.test.atomic legacy SRM1 staged capsule joins without consuming an existing ghost...OK
6369/8732 daemon.server.test.atomic RESUME refuses pending token A and an attached old token group...OK
6370/8732 daemon.server.test.atomic RESUME rendered PART preserves target and old-identity siblings...OK
6371/8732 daemon.server.test.threaded server: session reclaim crypto_io-null disables reclaim not constant zero tokens...OK
6372/8732 daemon.server.test.threaded server: MTOKEN is withheld when portable snapshot preflight cannot complete...OK
6373/8732 daemon.server.test.threaded server: mesh reclaim credentials use portable wall-clock expiry...OK
6374/8732 daemon.server.test.threaded server: session tracking at cap with all slots attached is surfaced not fatal...OK
6375/8732 daemon.server.test.threaded server: OAUTHBEARER login does not auto-elevate oper...OK
6376/8732 daemon.server.test.threaded server: CHANNEL ACCESS grants, denies non-founder, and queries...OK
6377/8732 daemon.server.test.threaded server: CHANNEL AKICK add mirrors to live join gate and kicks current members...OK
6378/8732 daemon.server.test.threaded server: JOIN 0 parts the client from all channels...OK
6379/8732 daemon.server.test.threaded server: CHANNEL SET TOPICLOCK DESC URL PRIVATE persist and take effect...OK
6380/8732 daemon.server.test.threaded server: STATS m reports per-command usage to an oper...OK
6381/8732 daemon.server.test.threaded server: OROWASM reports ABI budgets and plugin registrations to opers...OK
6382/8732 daemon.server.test.threaded server: SASL oper elevation persists inactive OCG1 compatibility record...OK
6383/8732 daemon.server.test.threaded server: a joining network operator announces the derived +Y prefix to existing members...OK
6384/8732 daemon.server.test.server services replay restores registered channels mlocks akicks and wards...OK
6385/8732 daemon.server.test.server services replay restores persisted SACCESS entries...OK
6386/8732 daemon.server.test.server services replay honors persisted SACCESS clear...OK
6387/8732 daemon.server.test.threaded server: ACCOUNT oper lifecycle command controls account auth...OK
6388/8732 daemon.server.test.threaded server: SACCESS GRANT overrides DENY at registration...OK
6389/8732 daemon.server.test.threaded server: SACCESS HOLDNICK reserves a nick glob; opers bypass...OK
6390/8732 daemon.server.test.threaded server: REGISTER star uses current nick and ACCOUNTSET rejects lifecycle flags...OK
6391/8732 daemon.server.test.threaded server: pre-registration REGISTER fails and CAP LS 302 advertises custom-account-name...OK
6392/8732 daemon.server.test.threaded server: registered nick requires owner authentication before use...OK
6393/8732 daemon.server.test.threaded server: VERIFY accepts account argument and legacy code form...OK
6394/8732 daemon.server.test.threaded server: GHOST rejects caller account for non-account nick...OK
6395/8732 daemon.server.test.threaded server: cross-shard PRIVMSG delivery (num_shards=2)...OK
6396/8732 daemon.server.test.threaded server: oper EVENT delivery + cross-shard fan-out under num_shards=2...OK
6397/8732 daemon.server.test.event routing: IRCX type subscriptions are token-routed with no category cross-talk...OK
6398/8732 daemon.server.test.event routing: legacy oper category subscriptions are independent of the IRCX plane...OK
6399/8732 daemon.server.test.KICK server wire boundary appends exactly one CRLF...OK
6400/8732 daemon.server.test.threaded server: founder/MODE/KICK/NAMES/WHOIS/LIST/WHO/ISON/LUSERS end-to-end...OK
6401/8732 daemon.server.test.threaded server IRCX: NAMES on a secret channel hides the roster from a non-member...OK
6402/8732 daemon.server.test.threaded server IRCX: WHO on a secret channel hides the roster from a non-member...OK
6403/8732 daemon.server.test.threaded server IRCX: bare NAMES hides a private (+p) channel from a non-member...OK
6404/8732 daemon.server.test.threaded server: AWAY/SETNAME/EVENT-broadcast/INFO/USERS/LINKS/MAP end-to-end...OK
6405/8732 daemon.server.test.threaded server: SETNAME self echo requires setname cap...OK
6406/8732 daemon.server.test.threaded server: channel-mode enforcement +k/+l/+b/+i end-to-end...OK
6407/8732 daemon.server.test.threaded server: MODE +k enforces configured KEYLEN (reject over-long, accept at boundary)...OK
6408/8732 daemon.server.test.threaded server: JOIN INVITE NAMES MODE and TOPIC RFC parity regressions...OK
6409/8732 daemon.server.test.threaded server: IRCv3 server-time tag on PRIVMSG for cap holders...OK
6410/8732 daemon.server.test.threaded server: server stamps @msgid on relayed PRIVMSG for message-tags holders...OK
6411/8732 daemon.server.test.buildTagPrefix assembles server-time + account into one tag segment...OK
6412/8732 daemon.server.test.buildTagPrefix stamps msgid only for message-tags recipients...OK
6413/8732 daemon.server.test.buildTagPrefix stamps bot only for message-tags recipients...OK
6414/8732 daemon.server.test.buildTagPrefix exposes typing tags to draft-typing sessions...OK
6415/8732 daemon.server.test.threaded server: bot tag is delivered only to message-tags recipients...OK
6416/8732 daemon.server.test.threaded server: TAGMSG relays client tags to message-tags peers...OK
6417/8732 daemon.server.test.threaded server: TAGMSG typing reaches draft-typing recipients without message-tags...OK
6418/8732 daemon.server.test.threaded server: CHATHISTORY replays TAGMSG without BATCH when batch cap is absent...OK
6419/8732 daemon.server.test.threaded server: TAGMSG strips invalid onyx topic tag before live delivery and replay...OK
6420/8732 daemon.server.test.threaded server: TAGMSG strips forged server tags and duplicate client tags...OK
6421/8732 daemon.server.test.threaded server: malformed and oversized message tags close only sender...OK
6422/8732 daemon.server.test.threaded server: TAGMSG requires message-tags and channel speech permission...OK
6423/8732 daemon.server.test.threaded server: +e/+I list queries + +I join bypass...OK
6424/8732 daemon.server.test.threaded server: IRCv3 invite-notify to cap holders...OK
6425/8732 daemon.server.test.threaded server: STATUSMSG @#chan rank filter + sender gate...OK
6426/8732 daemon.server.test.threaded server: PRIVMSG multi-target delivery...OK
6427/8732 daemon.server.test.threaded server: ctcp VERSION direct PRIVMSG gets NOTICE reply...OK
6428/8732 daemon.server.test.threaded server: user +C blocks direct CTCP except ACTION...OK
6429/8732 daemon.server.test.threaded server: channel +C blocks embedded CTCP except exact ACTION...OK
6430/8732 daemon.server.test.threaded server: session-sync fans out inbound direct messages to account siblings...OK
6431/8732 daemon.server.test.threaded server: session-sync does not fan out to sibling without cap...OK
6432/8732 daemon.server.test.threaded server: session-sync mirrors outgoing direct messages to sender siblings...OK
6433/8732 daemon.server.test.threaded server: session-sync single-session account keeps direct message single...OK
6434/8732 daemon.server.test.threaded server: pipelined bytes after QUIT are never dispatched...OK
6435/8732 daemon.server.test.threaded server: same-account same-nick second client attaches, not 433-dropped...OK
6436/8732 daemon.server.test.threaded server: reusable session keeps all local clients live, synchronized, and participating...OK
6437/8732 daemon.server.test.threaded server: draft/multiline batch reassembles + splits to recipient...OK
6438/8732 daemon.server.test.threaded server: draft/multiline CAP value follows runtime config...OK
6439/8732 daemon.server.test.threaded server: draft/multiline enforces runtime line limit...OK
6440/8732 daemon.server.test.shared full server: OpenBSD wildcard pairs deliver across families and quiesce every listener...OK
6441/8732 daemon.server.test.shared full server: OpenBSD inherited wildcard listener claims require the exact pair...OK
6442/8732 daemon.server.test.shared full server: native bot staging is allocation-failure atomic...OK
6443/8732 daemon.server.test.shared full server: OpenBSD native Helix stages live clients until COMMIT and preserves ABORT peers...OK
6444/8732 daemon.server.test.shared full server: poisoned shard stops and joins every reactor with a terminal outcome...OK
6445/8732 daemon.server.test.threaded server: external wakeReactor drives the running reactor loop...OK
6446/8732 daemon.server.test.ring: poll op fires a completion when a watched eventfd becomes readable...SKIP
6447/8732 daemon.server.test.threaded server: implicit-TLS client handshakes + registers over the wire...OK
6448/8732 daemon.server.test.threaded server: tagged PRIVMSG to a userspace-TLS member seals one TLS record; plaintext unaffected...OK
6449/8732 daemon.server.test.threaded server: implicit-TLS raw public key negotiates and registers...OK
6450/8732 daemon.server.test.threaded server: mTLS client cert binds CertFP for SASL EXTERNAL (WHOIS 276)...OK
6451/8732 daemon.server.test.threaded server: ws upgrade + framed registration (plain testing mode)...OK
6452/8732 daemon.server.test.threaded server: wss listener — TLS handshake, upgrade, framed welcome...OK
6453/8732 daemon.server.test.WebSocket preframed media bytes bypass IRC text framing...OK
6454/8732 daemon.server.test.WebSocket handshake retains negotiated application protocol in live state...OK
6455/8732 daemon.server.test.text.ircv3.net binary application frame closes 1002 before media routing...OK
6456/8732 daemon.server.test.fragmented binary aggregate over 4 MiB closes 1009 without routing...OK
6457/8732 daemon.server.test.single binary frame declaring over 4 MiB closes 1009 from its header...OK
6458/8732 daemon.server.test.coalesced Deframer buffer overflow closes 1009 instead of abnormally...OK
6459/8732 daemon.server.test.malformed WebSocket frame closes 1002 instead of abnormally...OK
6460/8732 daemon.server.test.custom and legacy empty binary opening fragments begin reassembly...OK
6461/8732 daemon.server.test.coalesced feed preserves pending binary opening-frame identity...OK
6462/8732 daemon.server.test.coalesced feed preserves pending final-continuation identity...OK
6463/8732 daemon.server.test.text.ircv3.net rejects CRLF batched text before routing a line...OK
6464/8732 daemon.server.test.binary application compatibility is explicit by selected subprotocol...OK
6465/8732 daemon.server.test.threaded server: ws listener rejects a non-upgrade HTTP request...OK
6466/8732 daemon.server.test.threaded server: empty NOTICE never returns ERR_NEEDMOREPARAMS...OK
6467/8732 daemon.server.test.threaded server: control byte reflected into a reply closes only that client...OK
6468/8732 daemon.server.test.threaded server: utf8only advertised and invalid PRIVMSG rejected...OK
6469/8732 daemon.server.test.OroWasm message_pre_deliver hook can stop delivery...OK
6470/8732 daemon.server.test.exploit: failReply rejects CRLF-smuggled command (notice branch, fail-closed)...OK
6471/8732 daemon.server.test.exploit: failReply rejects CRLF-smuggled fields (standard-replies branch)...OK
6472/8732 daemon.server.test.exploit: noticeTo rejects CRLF-smuggled text (fail-closed)...OK
6473/8732 daemon.server.test.exploit: control-byte-free FAIL reply is still emitted byte-for-byte...OK
6474/8732 daemon.server.test.exploit: emitReplyLine drops CRLF-smuggled reflected fields (all sinks, fail-closed)...OK
6475/8732 daemon.server.test.exploit: emitReplyLine emits control-byte-free reply lines byte-for-byte...OK
6476/8732 daemon.server.test.exploit: SHUN list drops a CRLF-smuggled stored reason (oper handler, end-to-end)...OK
6477/8732 daemon.server.test.exploit: fantasyReply drops CRLF-smuggled external-feed content (broadcast + relay sink)...OK
6478/8732 daemon.server.test.exploit: processLine rejects hostile lines with zero writes (fail-closed)...OK
6479/8732 daemon.server.test.exploit: processLine survives adversarial-but-wellformed lines without panic...OK
6480/8732 daemon.server.test.exploit: OPER command grants no operator status (SASL-only elevation, fail-closed)...OK
6481/8732 daemon.server.test.exploit: channel PRIVMSG with mIRC colour admits under active MESSAGE_V2 authoring...OK
6482/8732 daemon.server.test.exploit: channel PRIVMSG #root durably admits with mesh peer configured but unconnected...OK
6483/8732 daemon.server.test.exploit: channel PRIVMSG ADS1 soft-fail after durable admit still delivers and recovers...OK
6484/8732 daemon.server.test.exploit: channel PRIVMSG durable admit capacity fails closed with TEMPORARILY_UNAVAILABLE...OK
6485/8732 daemon.server.test.exploit: direct PRIVMSG NOTICE RVO2-full admission fails closed without authority drift...OK
6486/8732 daemon.server.test.exploit: oversized color-formatted PRIVMSG does not brick channel chat...OK
6487/8732 daemon.server.test.exploit: PRIVMSG flood does not permanently brick channel chat...OK
6488/8732 daemon.server.test.threaded server: malformed CHATHISTORY yields a FAIL standard reply...OK
6489/8732 daemon.server.test.threaded server: CHATHISTORY requires negotiated capability...OK
6490/8732 daemon.server.test.threaded server: PRIVMSG beyond MAXTARGETS yields ERR_TOOMANYTARGETS...OK
6491/8732 daemon.server.test.buildIsupportTokens replaces length tokens with configured values...OK
6492/8732 daemon.server.test.buildIsupportTokens advertises NETWORKICON only when configured...OK
6493/8732 daemon.server.test.utf8TruncateBytes caps length without splitting a codepoint...OK
6494/8732 daemon.server.test.threaded server: USERHOST reflects live away state...OK
6495/8732 daemon.server.test.threaded server: LUSERS counts one registered user...OK
6496/8732 daemon.server.test.threaded server: NAMES honors multi-prefix cap...OK
6497/8732 daemon.server.test.session resume projection: large channel NAMES is complete and chunked past 512 members...OK
6498/8732 daemon.server.test.NAMES rejects an admitted malformed remote member without partial 353 or 366...OK
6499/8732 daemon.server.test.JOIN auto-NAMES rejects malformed remote roster without empty nicklist...OK
6500/8732 daemon.server.test.labeled NAMES capture follows remaining SendQ beyond legacy 65 arenas...OK
6501/8732 daemon.server.test.threaded server: IRCX NAMESX includes derived oper prefix in NAMES...OK
6502/8732 daemon.server.test.threaded server: SUMMON force-joins the target (oper-gated)...OK
6503/8732 daemon.server.test.threaded server: WHISPER delivers to channel co-member only...OK
6504/8732 daemon.server.test.threaded server: +x auditorium hides regular members in NAMES...OK
6505/8732 daemon.server.test.threaded server: MODEX NOFORMAT does not collide with channel forward +f...OK
6506/8732 daemon.server.test.threaded server: country extban uses session country metadata...OK
6507/8732 daemon.server.test.threaded server: oper-only and admin-only channel join gates...OK
6508/8732 daemon.server.test.threaded server: media user modes block transmit and hide automatic presence...OK
6509/8732 daemon.server.test.threaded server: re-handshake detaches superseded attachment and same-nick leave preserves sibling...OK
6510/8732 daemon.server.test.threaded server: same-nick disconnect detaches crypto attachment before final leave...OK
6511/8732 daemon.server.test.threaded server: PART and KICK retire physical media before channel membership...OK
6512/8732 daemon.server.test.threaded server: mid-call NICK retires old media authority before identity mutation...OK
6513/8732 daemon.server.test.threaded server: account logout and replacement retire old physical media authority...OK
6514/8732 daemon.server.test.threaded server: authenticated call participants relay bounded opaque E2EE signaling...OK
6515/8732 daemon.server.test.WS media admission binds a valid participant MAC to its own stream and active kind...OK
6516/8732 daemon.server.test.GAP-V2 a node identity still delivers the signed media handshake...GAP-V2 branch=node identity delivers the signed media handshake
OK
6517/8732 daemon.server.test.GAP-V2 a rejected browser media frame returns numeric 404...GAP-V2 branch=a rejected browser frame returns numeric 404 and is not relayed
OK
6518/8732 daemon.server.test.GAP-V2 TURN is cut and allocates no relay...GAP-V2 branch=TURN is cut and MEDIA TURN allocates nothing
OK
6519/8732 daemon.server.test.MEDIA WS OFFER suppresses unroutable NATIVE/TRANSPORT; non-WS still gets UDP candidates...OK
6520/8732 daemon.server.test.threaded server: MEDIA OFFER RFC 8122 DTLS signaling (fingerprint/setup vs legacy srtp)...OK
6521/8732 daemon.server.test.threaded server: MEDIA OFFER with DTLS off is byte-identical + fails closed on a fingerprint request...OK
6522/8732 daemon.server.test.threaded server: MEDIA ANSWER provisions transport and native leg...OK
6523/8732 daemon.server.test.threaded server: oper DEBUG dumps the flight recorder...OK
6524/8732 daemon.server.test.threaded server: USERIP is oper-only and reports real peer IP...OK
6525/8732 daemon.server.test.threaded server: sensitive oper commands require named privileges...OK
6526/8732 daemon.server.test.threaded server: IRCX/ISIRCX discovery emits RPL_IRCX 800...OK
6527/8732 daemon.server.test.IRCX 800 package list offers SCRAM-SHA-512 when provisioned...OK
6528/8732 daemon.server.test.threaded server: IRCX opt-in gates DATA then permits typed channel delivery...OK
6529/8732 daemon.server.test.threaded server: DATA respects moderated channel speech gate...OK
6530/8732 daemon.server.test.threaded server: +V NOCOMICDATA refuses non-op DATA with 531...OK
6531/8732 daemon.server.test.threaded server: +U OPMODERATE routes a muted member's message to ops only...OK
6532/8732 daemon.server.test.threaded server: +U OPMODERATE held message surfaces a POLICY event to opers...OK
6533/8732 daemon.server.test.event spine: +U OPMODERATE POLICY fan-out reaches oper on another shard...OK
6534/8732 daemon.server.test.broadcast wake batch coalesces M member marks into K distinct shard wakes...OK
6535/8732 daemon.server.test.delivery fanout continues past stale and poisoned members to a later healthy member...OK
6536/8732 daemon.server.test.tagged near-max line fails atomically without retaining its prefix...OK
6537/8732 daemon.server.test.reusable attachment SendQ pressure retains tagged event without poisoning...SKIP
6538/8732 daemon.server.test.detached reusable attachment transfers retained event to resumed physical id...OK
6539/8732 daemon.server.test.authored MESSAGE_V2 ADS1 capacity soft-fail preserves spool while mesh authorities publish...OK
6540/8732 daemon.server.test.threaded server: PRIVMSG NOTICE ADS1 soft-fail after durable admission still delivers locally...OK
6541/8732 daemon.server.test.threaded server: cross-shard PRIVMSG ADS1 soft-fail after durable admission reaches foreign member...OK
6542/8732 daemon.server.test.tracking at cap preserves detached spool and leaves newcomer untracked...OK
6543/8732 daemon.server.test.logout retires pending attachment rows before socket close and later token reuse...OK
6544/8732 daemon.server.test.account rebind retires pending attachment rows before socket close and old-account reuse...OK
6545/8732 daemon.server.test.cross-shard deliver: pool-exhaustion drops are counted, never silent...OK
6546/8732 daemon.server.test.cross-shard delivery poison: saturated special broadcasts poison only matching subscribers...OK
6547/8732 daemon.server.test.cross-shard delivery poison: stale generation never aborts reused slot...OK
6548/8732 daemon.server.test.cross-shard delivery poison: partial chunk pool exhaustion aborts exact target...OK
6549/8732 daemon.server.test.cross-shard delivery poison: target SendQ overflow isolates later recipient...OK
6550/8732 daemon.server.test.cross-shard delivery poison: recv executes no later command...OK
6551/8732 daemon.server.test.cross-shard delivery poison: send CQE discards inline and overflow tails before retryable close...OK
6552/8732 daemon.server.test.threaded server: DATA STATUSMSG target reaches ops only...OK
6553/8732 daemon.server.test.threaded server: LISTX filters on real channel SUBJECT from the PROP store...OK
6554/8732 daemon.server.test.threaded server: LISTX inclusive >=N member-count threshold includes the boundary...OK
6555/8732 daemon.server.test.threaded server: LISTX emits PICS 813 after channel entries...OK
6556/8732 daemon.server.test.threaded server: PROP set/get gated by channel-op...OK
6557/8732 daemon.server.test.threaded server: PROP notify is IRCX-gated and per-tier secret...OK
6558/8732 daemon.server.test.threaded server: PROP GET/LIST returns secret tier keys gated by rank (founder/owner/member), incl FOUNDERKEY + MEMBERKEY<->+k...OK
6559/8732 daemon.server.test.threaded server: JUPE command is oper-gated and manages the server-jupe list...OK
6560/8732 daemon.server.test.sanitizeKillReason strips control bytes and falls back to Killed...OK
6561/8732 daemon.server.test.threaded server: local KILL disconnects the victim; unknown nick is 401...OK
6562/8732 daemon.server.test.threaded server: warden ward reaps a matching connected client (expel)...OK
6563/8732 daemon.server.test.threaded server: warden ward quarantines a connected client (restrict, no close)...OK
6564/8732 daemon.server.test.threaded server: warden ward does not reap a matching oper...OK
6565/8732 daemon.server.test.threaded server: AUDIT logs privileged actions (KILL, JUPE)...OK
6566/8732 daemon.server.test.threaded server: FORCE actions produce ProofMark audit events...OK
6567/8732 daemon.server.test.threaded server: clone-limit admission refusals publish security events...OK
6568/8732 daemon.server.test.threaded server: IDENTIFY brute-force throttle locks after repeated failures...OK
6569/8732 daemon.server.test.threaded server: SETPASS changes an account password (verified by re-login)...OK
6570/8732 daemon.server.test.threaded server: SUCCESSOR hands a dropped founder's channel to its successor...OK
6571/8732 daemon.server.test.threaded server: SESSIONS lists connections and filters (oper)...OK
6572/8732 daemon.server.test.threaded server: MEMO FORWARD redirects an account's memos and rejects a self-cycle...OK
6573/8732 daemon.server.test.threaded server: MEMO IGNORE silently drops a blocked sender's memo...OK
6574/8732 daemon.server.test.account-switch ratchet standard SASL then post-auth replacement never unions oper authority...OK
6575/8732 daemon.server.test.account-switch ratchet IRCX AUTH guest and logout clear exact oper authority...OK
6576/8732 daemon.server.test.threaded server: oper SASL login auto-enables IRCX...OK
6577/8732 daemon.server.test.threaded server: WHOIS shows the target's registered case + nick re-case allowed...OK
6578/8732 daemon.server.test.threaded server: PROP user profile extended keys round-trip and enforce access...OK
6579/8732 daemon.server.test.threaded server: PROP user MEMBER_OF lists visible channels (WHOIS filter)...OK
6580/8732 daemon.server.test.threaded server: PROP user ACCOUNT provider returns the target's login...OK
6581/8732 daemon.server.test.threaded server: PROP user geo fields are self-or-oper only...OK
6582/8732 daemon.server.test.threaded server: HOSTKEY grants op on keyed join (not disclosed at join; op may read it per-tier)...OK
6583/8732 daemon.server.test.threaded server: ACCESS add/list/delete gated by channel-op...OK
6584/8732 daemon.server.test.threaded server: IRCX ACCESS DENY blocks the matching join...OK
6585/8732 daemon.server.test.threaded server: IRCX ACCESS GRANT auto-applies member status on join...OK
6586/8732 daemon.server.test.threaded server: override user mode gates and audits channel bypasses...OK
6587/8732 daemon.server.test.override user mode letter does not collide with advertised mode catalogs...OK
6588/8732 daemon.server.test.migrated profile uses authenticated account and preserves local transport identity and caps...OK
6589/8732 daemon.server.test.migrated profile honors mode direction and rederives transport account and admin modes...OK
6590/8732 daemon.server.test.migrated profile never relaxes a local media transmit deny...OK
6591/8732 daemon.server.test.migrated override mode is directional privilege gated and reports activation...OK
6592/8732 daemon.server.test.threaded server: legacy GRANT remains inactive and cannot arm override...OK
6593/8732 daemon.server.test.threaded server: legacy GRANT and REVOKE never announce oper prefix transitions...OK
6594/8732 daemon.server.test.mesh OCG1 GRANT converges records but never authorizes sessions or prefixes...OK
6595/8732 daemon.server.test.remote WHOIS projects a live mesh grant as display-only oper status...OK
6596/8732 daemon.server.test.GAP-P0c remote WHOIS copies roster identity and leaves idle away and secure unreplicated...GAP-P0c branch=remote WHOIS copies roster identity and leaves idle away and TLS-secure unreplicated
OK
6597/8732 daemon.server.test.GAP-P0c remote SYS and ADM DATA tags stay closed for an operator account...GAP-P0c branch=remote SYS and ADM DATA tags stay closed even for an operator account
OK
6598/8732 daemon.server.test.GAP-P0c an operator session still gets no oper message-tag...GAP-P0c branch=the live tag prefix leaves the oper message-tag off
OK
6599/8732 daemon.server.test.threaded server: IRCX EVENT subscription numerics...OK
6600/8732 daemon.server.test.threaded server: EVENT LIST shows IRCX per-type subject mask...OK
6601/8732 daemon.server.test.threaded server: IRCX EVENT CHANNEL mask is additive over oper announce feed...OK
6602/8732 daemon.server.test.threaded server: IRCX EVENT hostmask mask is additive over oper announce feed...OK
6603/8732 daemon.server.test.threaded server: IRCX EVENT CHANNEL receives real channel event...OK
6604/8732 daemon.server.test.threaded server: IRCX EVENT MEMBER receives real membership event...OK
6605/8732 daemon.server.test.threaded server: IRCX EVENT USER receives real user lifecycle event...OK
6606/8732 daemon.server.test.threaded server: oper EVENT notes are tag-free chatsvc EVENT lines even with message-tags cap...OK
6607/8732 daemon.server.test.threaded server: EVENT requires event_subscribe privilege...OK
6608/8732 daemon.server.test.threaded server: REDACT broadcast + WARD alias oper events...OK
6609/8732 daemon.server.test.threaded server: EDIT updates own message history and rejects others...OK
6610/8732 daemon.server.test.threaded server: EDIT and REDACT notify only matching draft-cap recipients...OK
6611/8732 daemon.server.test.threaded server: ACCEPT add + list...OK
6612/8732 daemon.server.test.threaded server: +g callerid gates DM until sender is accepted...OK
6613/8732 daemon.server.test.threaded server: METADATA set then get...OK
6614/8732 daemon.server.test.threaded server: METADATA read visibility filters get and list...OK
6615/8732 daemon.server.test.threaded server: METADATA requires draft metadata cap...OK
6616/8732 daemon.server.test.threaded server: METADATA clear removes writable keys...OK
6617/8732 daemon.server.test.threaded server: METADATA changes notify extended-monitor watchers...OK
6618/8732 daemon.server.test.threaded server: WHOX field-selected reply...OK
6619/8732 daemon.server.test.threaded server: WHO and WHOX emit no blank lines...OK
6620/8732 daemon.server.test.threaded server: invisible users are hidden from WHO and ISON without common channel...OK
6621/8732 daemon.server.test.threaded server: WHOIS hides secret and private channels from non-members...OK
6622/8732 daemon.server.test.threaded server: WHOWAS count parameter bounds returned history...OK
6623/8732 daemon.server.test.threaded server: MODE multi-flag batching in one command...OK
6624/8732 daemon.server.test.threaded server: +p private + +h hidden channel flags...OK
6625/8732 daemon.server.test.LIST C and T filters use channel creation and topic ages...OK
6626/8732 daemon.server.test.threaded server: CREATE makes founder channel...OK
6627/8732 daemon.server.test.threaded server: CREATE clones template modes and rejects bad sources...OK
6628/8732 daemon.server.test.threaded server: cloneable full channel auto-clones portable public room state...OK
6629/8732 daemon.server.test.threaded server: HELP topic + unknown...OK
6630/8732 daemon.server.test.threaded server: SILENCE add/list/remove...OK
6631/8732 daemon.server.test.threaded server: CHATHISTORY records + replays channel messages...OK
6632/8732 daemon.server.test.threaded server: SEARCH returns matching channel messages in a chathistory BATCH...OK
6633/8732 daemon.server.test.threaded server: SEARCH delivers plain lines without the batch cap...OK
6634/8732 daemon.server.test.threaded server: SEARCH multi-word AND narrows results...OK
6635/8732 daemon.server.test.GAP-X2 threaded server: SEARCH rejects a non-member channel search...OK
6636/8732 daemon.server.test.threaded server: SEARCH returns the requester's own DM history...OK
6637/8732 daemon.server.test.GAP-X2 threaded server: SEARCH rate limit blocks a too-fast second search...OK
6638/8732 daemon.server.test.threaded server: SEARCH omits a redacted message from results...SKIP
6639/8732 daemon.server.test.GAP-X2 threaded server: SEARCH caps results at the maximum...GAP-X2 step3 branch=SEARCH command family moved behind the messaging thunk and the membership rate-limit and result cap still hold
OK
6640/8732 daemon.server.test.threaded server: CAP LS advertises draft/search...OK
6641/8732 daemon.server.test.threaded server: history-policy prop gates CHATHISTORY for non-members...OK
6642/8732 daemon.server.test.threaded server: history-policy denial emits POLICY event...OK
6643/8732 daemon.server.test.threaded server: draft/event-playback replays TOPIC events only to capable clients...OK
6644/8732 daemon.server.test.threaded server: event-playback replays JOIN, MODE, and KICK events...OK
6645/8732 daemon.server.test.threaded server: event-playback replays NICK and QUIT events...OK
6646/8732 daemon.server.test.threaded server: CHATHISTORY DM history follows accounts over reused nicks...OK
6647/8732 daemon.server.test.threaded server: CHATHISTORY TARGETS lists active channels and DMs...OK
6648/8732 daemon.server.test.threaded server: MARKREAD set then get...OK
6649/8732 daemon.server.test.threaded server: JOIN pushes stored MARKREAD marker...OK
6650/8732 daemon.server.test.threaded server: JOIN/PART comma-lists...OK
6651/8732 daemon.server.test.threaded server: registered NICK change broadcasts + collision...OK
6652/8732 daemon.server.test.threaded server: IRCv3 extended-join per-recipient format...OK
6653/8732 daemon.server.test.GRANT privilege resolution: class presets, explicit list, tombstone...OK
6654/8732 daemon.server.test.threaded server: MONITOR online/offline/list end-to-end...OK
6655/8732 daemon.server.test.threaded server: extended-monitor requires event-specific capability...OK
6656/8732 daemon.server.test.threaded server: MONITOR online fanout flushes beyond fixed sink size...SKIP
6657/8732 daemon.server.test.threaded server: live S2S listener completes a peer handshake...SKIP
6658/8732 daemon.server.test.squit lookup finds secured peer entries...OK
6659/8732 daemon.server.test.squit lookup finds reactor-zero peer from another shard...OK
6660/8732 daemon.server.test.threaded server: oper CONNECT opens an outbound S2S link...OK
6661/8732 daemon.server.test.parseHostPort: host:port split, bad port rejected, IPv6 brackets...OK
6662/8732 daemon.server.test.tiny ring fairly activates more than 64 quiet inherited sockets with pending output...SKIP
6663/8732 daemon.server.test.send error waits for quiet recv CQE and stale generation cannot free reuse...SKIP
6664/8732 daemon.server.test.secured accept using final SQ slot retains partial I/O ownership...SKIP
6665/8732 daemon.server.test.configured boot dial cursor reaches three peers behind a fast failure...OK
6666/8732 daemon.server.test.configured boot dial resolves and recognizes inherited outbound survivor...SKIP
6667/8732 daemon.server.test.GAP-O7 handshake and anti-entropy stalls open a breaker and an unsigned frame stays refused...GAP-O7 branch=breaker open on handshake and anti-entropy stall, backoff retry, unsigned frame refused
OK
6668/8732 daemon.server.test.GAP-O8 mesh ban filter is exchanged before the authoritative list...GAP-O8 branch=filter exchanged before the ward list; a hit is re-checked and is not the authority
OK
6669/8732 daemon.server.test.SIGUSR2 handler sets the upgrade-request flag; reactor-0 consume is one-shot...OK
6670/8732 daemon.server.test.UPGRADE refuses an incompatible target before listener or client CLOEXEC mutation...SKIP
6671/8732 daemon.server.test.failed inherited client adoption does not advance HLC or queue carried output...SKIP
6672/8732 daemon.server.test.current Helix adoption rederives only configured-local operator authority...SKIP
6673/8732 daemon.server.test.current Helix adoption resumes a fragmented binary WebSocket message...SKIP
6674/8732 daemon.server.test.failed inherited TLS plus WebSocket adoption frees carried SendQ overflow...SKIP
6675/8732 daemon.server.test.threaded server: [mesh].connect auto-links two nodes without an oper...SKIP
6676/8732 daemon.server.test.threaded server: LUSERS counts are consistent across shards...OK
6677/8732 daemon.server.test.threaded server: reciprocal [mesh].connect survives redial sweeps...OK
6678/8732 daemon.server.test.threaded server: an UNPROVEN cross-node same-account claim grants no coexistence relay (F1 fail-closed)...OK
6679/8732 daemon.server.test.threaded server: one reusable session stays live and participatory across a secured mesh...OK
6680/8732 daemon.server.test.threaded server: four-client reusable session survives sequential Helix upgrades across secured mesh...SKIP
6681/8732 daemon.server.test.threaded server: reusable session stays exact-once across a three-node secured line...SKIP
6682/8732 daemon.server.test.threaded server: inbound relay re-enforces local +n / +t against a remote actor...OK
6683/8732 daemon.server.test.threaded server: WHISPER and DATA relay to a remote-shard channel co-member...OK
6684/8732 daemon.server.test.wsCarryable: any open adapter carries, incl. mid-frame; handshake/pending never...OK
6685/8732 daemon.server.test.threaded server: UPGRADE resume arena re-attaches a live TLS client...SKIP
6686/8732 daemon.server.test.UPGRADE resume arena restores the mesh event clock high-water mark...SKIP
6687/8732 daemon.server.test.UPGRADE property clock boundary prepares successor HLC without mutating predecessor...OK
6688/8732 daemon.server.test.UPGRADE resume atomically restores exact property rows clocks and tombstones...SKIP
6689/8732 daemon.server.test.UPGRADE property checkpoint selection fails closed without tearing the live triplet...SKIP
6690/8732 daemon.server.test.UPGRADE property checkpoint rejects malformed required outer capsule shapes...SKIP
6691/8732 daemon.server.test.UPGRADE resume arena restores the multi-session registry (re-track + snapshot)...SKIP
6692/8732 daemon.server.test.DPROP1 UPGRADE late malformed sessions failure preserves causal triplet and MeshClock...SKIP
6693/8732 daemon.server.test.UPGRADE session registry ghosts cannot collide with a live successor client id...SKIP
6694/8732 daemon.server.test.UPGRADE attachment remaps stay bounded by tiny ADS1 authority across large HSSN registry...OK
6695/8732 daemon.server.test.UPGRADE resume arena re-stages carried .pending_migration capsules...SKIP
6696/8732 daemon.server.test.UPGRADE arena read failure closes exact carried fd manifest but preserves listeners...SKIP
6697/8732 daemon.server.test.UPGRADE authoritative manifest rejects an arena fd aliased to a listener...SKIP
6698/8732 daemon.server.test.UPGRADE authoritative manifest accepts only open connected stream sockets...SKIP
6699/8732 daemon.server.test.UPGRADE authoritative state fd manifest requires an exact capsule bijection before restore...SKIP
6700/8732 daemon.server.test.UPGRADE duplicate owner capsules are rejected before fd or io_uring adoption...SKIP
6701/8732 daemon.server.test.UPGRADE exact Store and PMST singletons reject malformed outer shapes...SKIP
6702/8732 daemon.server.test.UPGRADE rejects SESSION_REPLICA Store from pre-manifest v1 predecessor...SKIP
6703/8732 daemon.server.test.UPGRADE late corrupt Store leaves valid property and all live sentinels unpublished...SKIP
6704/8732 daemon.server.test.UPGRADE late corrupt PMST leaves valid property Store and all live sentinels unpublished...SKIP
6705/8732 daemon.server.test.threaded server: UPGRADE resume arena re-dials a carried mesh peer...SKIP
6706/8732 daemon.server.test.REHASH cert hot-reload: swaps live chain to rotated cert, frees prior reload gen, keeps boot certs...OK
6707/8732 daemon.server.test.REHASH cert hot-reload: invalid cert path keeps current certs and errors...OK
6708/8732 daemon.server.test.REHASH cert hot-reload: not configured when TLS is absent...OK
6709/8732 daemon.server.test.GAP-P0c KNOCK sends 711 only after local operator notification...GAP-P0c branch=knock 711 only after a local op is notified
OK
6710/8732 daemon.server.test.GAP-P0c WHOWAS reply includes the account and the real host...GAP-P0c branch=whowas account and real host
OK
6711/8732 daemon.server.test.rotateTicketKey moves current to previous and generates a fresh key...OK
6712/8732 daemon.server.test.REHASH applyReloadedLimits: swaps class registry + throttle without double-free...OK
6713/8732 daemon.server.test.same-nick atomic restore sends only safe deferred mesh departures...OK
6714/8732 daemon.server.test.same-nick exact sibling close keeps restored mesh membership live...OK
6715/8732 daemon.server.test.atomic session restore and token bind preserve every component on allocation failure...OK
6716/8732 daemon.server.test.session-foundation adversarial: rejected ordinary JOIN OOM restores the exact prior local projection...OK
6717/8732 daemon.server.test.session-foundation adversarial: rejected auto-clone prepare and seated commit OOM restore the prior projection...OK
6718/8732 daemon.server.test.session-foundation adversarial: rejected clone CREATE seated commit OOM restores the prior projection...OK
6719/8732 daemon.server.test.session-foundation adversarial: detached RESUME overlays absent present and status journals before any output...OK
6720/8732 daemon.server.test.session-foundation adversarial: detached RESUME overlays the full journal capacity with case-insensitive collisions...OK
6721/8732 daemon.server.test.session-foundation adversarial: KICK privately reaches every exact attachment while a same-nick token survives...OK
6722/8732 daemon.server.test.session-foundation adversarial: absent projector converges live exact rows but retains work for a detached sibling...OK
6723/8732 daemon.server.test.session-foundation locked rows: folded exact owner survives while a current detached sibling is excluded...OK
6724/8732 daemon.server.test.session-foundation locked rows: duplicate client across folded accounts fails closed and clean retry succeeds...OK
6725/8732 daemon.server.test.session-foundation locked rows: retained ticket blocks detach drift until abort...OK
6726/8732 daemon.server.test.session-foundation locked rows: capture OOM is failure-atomic and retryable through RESUME...OK
6727/8732 daemon.server.test.OCG2 server runtime requires an exact paired monotonic origin...OK
6728/8732 daemon.server.test.OCG2 REHASH reports every restart-only authority intent...OK
6729/8732 daemon.server.test.OCG2 server runtime is inert by default and reactor zero owns terminal cadence...OK
6730/8732 daemon.server.test.GAP-P0c reaction tally is readable after a late subscribe...GAP-P0c branch=reaction tally a late subscriber can read
OK
6731/8732 daemon.server.test.GAP-O9 DIE, RESTART, and mesh bans wait for a second operator...GAP-O9 branch=two-person rule waits for a second distinct operator; flag off is unchanged
OK
6732/8732 daemon.server.test.GAP-O10 policy rollback restores the last ward, filter, class, and ban generation...GAP-O10 branch=policy rollback restores the last numbered generation and the proof version matches it
OK
6733/8732 daemon.server.test.GAP-O11 outbound webhooks sign retries and refuse loopback...SKIP
6734/8732 daemon.server.test.GAP-O12 scoped expiring bot grants survive USR2 and are not an oper bit...SKIP
6735/8732 daemon.server.test.GAP-O12 missing bot-grant checkpoint still adopts...SKIP
6736/8732 daemon.server.test.GAP-O12 malformed bot-grant checkpoint rejects the handoff...SKIP
6737/8732 daemon.server.test.GAP-P1 threads keep a stable id, a bounded reply list, and the reply tag across USR2...SKIP
6738/8732 daemon.server.test.GAP-P1 cold start rebuilds the thread from durable history...GAP-P1 branch=cold start rebuilds the thread from durable history
OK
6739/8732 daemon.server.test.GAP-P1 missing thread checkpoint still adopts...SKIP
6740/8732 daemon.server.test.GAP-P1 malformed thread checkpoint rejects the handoff...SKIP
6741/8732 daemon.server.test.GAP-P3 reactor 0 fires a deferred channel message and oper mode once...SKIP
6742/8732 daemon.server.test.GAP-P3 a cron fire is delivered once by reactor 0...GAP-P3 branch=a cron expression fires once on reactor 0
OK
6743/8732 daemon.server.test.GAP-P3 missing schedule checkpoint still adopts...SKIP
6744/8732 daemon.server.test.GAP-P3 malformed schedule checkpoint rejects the handoff...SKIP
6745/8732 daemon.server.test.GAP-P5 a search on one node returns an authorized hit from another node...GAP-P5 branch=a search on one node returns an authorized peer hit and skips ciphertext
OK
6746/8732 daemon.server.test.GAP-P5 merged search stays inside the hard cap...GAP-P5 branch=local and peer hits share one hard cap and each hit stays authorized
OK
6747/8732 daemon.server.test.GAP-P5 a mesh link returns an authorized hit from the other node...GAP-P5 branch=mesh link returns one authorized hit and skips ciphertext
OK
6748/8732 daemon.server.test.GAP-P5 a mesh link keeps the hard cap across both nodes...GAP-P5 branch=mesh link local batch plus peer hits stay inside the hard cap
OK
6749/8732 daemon.server.test.GAP-P6 unfurl is opt-in, bounded, and refuses private addresses...GAP-P6 branch=unfurl defaults off, the client can refuse, and private addresses are not fetched
OK
6750/8732 daemon.server.test.GAP-P7 a banned connection files one appeal and the oper answer is audited...GAP-P7 branch=a network-banned new connection files one appeal per window without joining
OK
6751/8732 daemon.server.test.GAP-P8 a tripped connection answers a challenge before 001...GAP-P8 branch=reputation or raid shield holds 001 until a pluggable challenge admits and success is not an account
OK
6752/8732 daemon.server.test.GAP-P9 a channel prop holds first messages and quarantine is audited...GAP-P9 branch=a channel HOLD prop keeps the first messages for release or drop and quarantine audits the reason
OK
6753/8732 daemon.server.test.GAP-P10 a speak grant registers a command and a run is not an oper bit...GAP-P10 branch=a speak grant registers a bounded command and running it is not an oper bit
OK
6754/8732 daemon.server.test.GAP-P11 IRCX screens name a handler or a divergence...GAP-P11 row=LISTX handler=src/daemon/server.zig:21759 test=GAP-P0c remote LISTX carries the peer topic
GAP-P11 row=NAMES +x handler=src/daemon/server.zig:54236 test=threaded server: +x auditorium hides regular members in NAMES
GAP-P11 row=NAMES +h handler=src/daemon/server.zig:20483 test=GAP-P11 IRCX screens name a handler or a divergence
GAP-P11 row=EVENT CHANNEL handler=src/daemon/server.zig:31892 test=GAP-P11 IRCX screens name a handler or a divergence
GAP-P11 row=DATA handler=src/daemon/server.zig:35952 test=threaded server: +V NOCOMICDATA refuses non-op DATA with 531
GAP-P11 divergence=USER events stay operator-only because a connect line names every user
GAP-P11 divergence=remote LISTX creation time stays 0 when the peer did not replicate created_unix handler=src/daemon/server.zig:21785
GAP-P11 divergence=TACCESS, BTPROP, OPFORCE, and Comic Chat avatar payloads stay unwired
GAP-P11 branch=handlers at file:line or an explicit divergence and the client stays in the Onyx repo
OK
6755/8732 daemon.server.test.GAP-P12 a loopback history read matches CHATHISTORY visibility...SKIP
6756/8732 daemon.server.test.GAP-K4 a sealed room refuses the clear roster and an ordinary room still lists it...GAP-K4 branch=sealed room refuses NAMES WHO and WHOX; ordinary room still lists members; routing and KICK keep their targets
OK
6757/8732 daemon.server.test_0...OK
6758/8732 daemon.server_stats.test.counters and gauges move as expected...OK
6759/8732 daemon.server_stats.test.gauges never go negative on extra closes...OK
6760/8732 daemon.server_stats.test.s2s TCP accept is distinct from Mooring established...OK
6761/8732 daemon.server_stats.test.prometheus export carries HELP, TYPE, and samples...OK
6762/8732 daemon.server_stats.test.forEachLine emits one token line per metric...OK
6763/8732 daemon.server_stats.test.GAP-O1 fixed histograms preserve counts sums and peer health...OK
6764/8732 daemon.services.test.DPROP Services canonical account uses service account policy...OK
6765/8732 daemon.services.test.DPROP Services durable commit survives OroStore reopen...OK
6766/8732 daemon.services.test.DPROP Services precommit rejection is inert and reservations clean up...OK
6767/8732 daemon.services.test.DPROP Services ambiguous prepared write requires reopen without publishing state...OK
6768/8732 daemon.services.test.DPROP Services failed and torn prepared writes reopen absent...OK
6769/8732 daemon.services.test.DPROP Services failed prepared overwrite preserves old snapshot on reopen...OK
6770/8732 daemon.services.test.DPROP Services undersized store rejection is inert and unpoisoned...OK
6771/8732 daemon.services.test.DPROP Services key transparency failure cannot roll back durable fact...OK
6772/8732 daemon.services.test.register and identify account...OK
6773/8732 daemon.services.test.channel SET flags and DESC/URL persist and round-trip...OK
6774/8732 daemon.services.test.wrong password is rejected...OK
6775/8732 daemon.services.test.missing identify collapses to auth failed...OK
6776/8732 daemon.services.test.session tokens issue, validate by hash, and expire...OK
6777/8732 daemon.services.test.session token validation refuses orphan records after rotation and revocation...OK
6778/8732 daemon.services.test.corrupt account record is rejected...OK
6779/8732 daemon.services.test.account persists across store reopen...OK
6780/8732 daemon.services.test.recognize masks: add/match/list/delete and persist across reopen...OK
6781/8732 daemon.services.test.account metadata: put/delete persist; restore via forEach across reopen...OK
6782/8732 daemon.services.test.account silence: add/remove persist; restore via forEach across reopen...OK
6783/8732 daemon.services.test.account TOTP secret: put/get/delete persist across reopen; case-insensitive...OK
6784/8732 daemon.services.test.recovery codes: generate, consume, remaining, clear...OK
6785/8732 daemon.services.test.channelsForAccount: durable reverse access lookup (LISTCHANS)...OK
6786/8732 daemon.services.test.channel bad-words: add/match/remove persist across reopen...OK
6787/8732 daemon.services.test.keeptopic: enable/save/get persist across reopen; save is a no-op when off...OK
6788/8732 daemon.services.test.keeptopic: setter and set-time round-trip exactly, and survive reopen...OK
6789/8732 daemon.services.test.keeptopic: legacy raw-text blob decodes as text-only with metadata absent...OK
6790/8732 daemon.services.test.keeptopic: malformed metadata fails closed to text-only, no crash...OK
6791/8732 daemon.services.test.keeptopic: setter truncated to cap; oversize text not persisted...OK
6792/8732 daemon.services.test.keeptopic: a legacy value beginning with the sentinel fails closed to text-only...OK
6793/8732 daemon.services.test.keeptopic: saving an empty topic clears an enabled channel's remembered value...OK
6794/8732 daemon.services.test.channel transfer: only the founder may hand ownership to a registered account...OK
6795/8732 daemon.services.test.account email verification persists across store reopen...OK
6796/8732 daemon.services.test.DST GAP-D7 a failed pending-address write issues no verification token...GAP-D7 branch=a failed pending-address write issues no verification token; live mail stays off
OK
6797/8732 daemon.services.test.certfp binding persists across store reopen...OK
6798/8732 daemon.services.test.certfp list and delete enforce account ownership...OK
6799/8732 daemon.services.test.KEYTRANS log records certfp and passkey binding changes...OK
6800/8732 daemon.services.test.KEYTRANS log records external E2EE device and identity changes...OK
6801/8732 daemon.services.test.KEYTRANS store restores events across reopen...OK
6802/8732 daemon.services.test.KEYTRANS add then delete lookup and unknown device...OK
6803/8732 daemon.services.test.KEYTRANS unusable store fails required E2EE records...OK
6804/8732 daemon.services.test.KEYTRANS consistency missing checkpoint is UNKNOWN_CHECKPOINT...OK
6805/8732 daemon.services.test.KEYTRANS consistency corrupt checkpoint is CORRUPT...OK
6806/8732 daemon.services.test.KEYTRANS observe is best-effort when log is unusable...OK
6807/8732 daemon.services.test.KEYTRANS replay of the same observational event does not grow the log...OK
6808/8732 daemon.services.test.KEYTRANS accepted facts with origin use exact identity for bind and delete...OK
6809/8732 daemon.services.test.KEYTRANS cold restart keeps different-origin facts distinct...OK
6810/8732 daemon.services.test.KEYTRANS local certfp records still hash material only...OK
6811/8732 daemon.services.test.KEYTRANS observe without origin keeps material hash for bind...OK
6812/8732 daemon.services.test.webauthn bind/lookup/list/delete round-trip...OK
6813/8732 daemon.services.test.webauthn rename relabels, preserves fields, and enforces ownership...OK
6814/8732 daemon.services.test.WEBAUTHN AUTH-FINISH: cred.account() is the canonical lowercased owner, not the client case-variant...OK
6815/8732 daemon.services.test.webauthn credential persists across a store reopen...OK
6816/8732 daemon.services.test.webauthn delete enforces account ownership...OK
6817/8732 daemon.services.test.webauthn bind fail-closed on malformed id / oversized key...OK
6818/8732 daemon.services.test.account lifecycle flags round-trip and persist...OK
6819/8732 daemon.services.test.forbidden account is locked out of every login path...OK
6820/8732 daemon.services.test.accountAuthBlocked gates the SASL success chokepoint on suspend and forbid...OK
6821/8732 daemon.services.test.GAP-P0b accountIsRegistered requires a real account record...OK
6822/8732 daemon.services.test.setAccount refuses password-holder lifecycle flag changes...OK
6823/8732 daemon.services.test.ghostAccount authenticates account separately from target nick...OK
6824/8732 daemon.services.test.scram credentials persist across store reopen via loader...OK
6825/8732 daemon.services.test.channel register and access grant...OK
6826/8732 daemon.services.test.channel mlock access akick and ward replay from durable services...OK
6827/8732 daemon.services.test.SACCESS entries persist across a WAL reopen and replay...OK
6828/8732 daemon.services.test.SACCESS codec round-trips and rejects malformed records...OK
6829/8732 daemon.services.test.non-admin channel mutations are forbidden...OK
6830/8732 daemon.services.test.channel access and akick query require admin...OK
6831/8732 daemon.services.test.setAccount on a missing account runs the dummy hash reject path...OK
6832/8732 daemon.services.test.missing access and akick removals return not found...OK
6833/8732 daemon.services.test.drop account and channel...OK
6834/8732 daemon.services.test.state hook fires on channel register and drop...OK
6835/8732 daemon.services.test.Config default preserves historical account policy...OK
6836/8732 daemon.services.test.Config.applyToml overlays account password policy...OK
6837/8732 daemon.services.test.Config.applyToml leaves defaults when keys absent...OK
6838/8732 daemon.services.test.Config.applyToml ignores out-of-range rounds...OK
6839/8732 daemon.services.test.registerAccount mirrors SCRAM credentials when a store is attached...OK
6840/8732 daemon.services.test.registerAccount without a SCRAM store leaves SCRAM unprovisioned...OK
6841/8732 daemon.services.test.initWithConfig threads custom account policy into hashing and password validation...OK
6842/8732 daemon.services.test.Services concurrent account writers and readers preserve account records...OK
6843/8732 daemon.services.test.OCG2PROV Services copied lookup races a later merge without borrowed slices...OK
6844/8732 daemon.services.test.OCG2PROV Services detached lookup observes unavailable transition after copy...OK
6845/8732 daemon.services.test.OCG2PROV post-copy same-account successor never returns predecessor...OK
6846/8732 daemon.services.test.OCG2PROV post-copy same-account tombstone never returns predecessor...OK
6847/8732 daemon.services.test.OCG2PROV post-copy same-revision equivocation never returns predecessor...OK
6848/8732 daemon.services.test.OCG2PROV post-copy unrelated-account merge may preserve predecessor...OK
6849/8732 daemon.services.test.OCG2PROV post-copy second same-account instability fails unavailable...OK
6850/8732 daemon.services.test.OCG2AUTH Services durable commit revision restart and ambiguous poison...OK
6851/8732 daemon.services.test.OCG2AUTH Services activation requires exact durable image and rejects unavailable duplicate receiver...OK
6852/8732 daemon.services.test.OCG2PROV Services copied lookup classifies lifecycle and survives later merge...OK
6853/8732 daemon.services.test.OCG2CLOCK Services reservation cut rollback restart and boundary...OK
6854/8732 daemon.services.test.OCG2CLOCK reservation write short and sync ambiguity resolve only by reopen...OK
6855/8732 daemon.services.test.OCG2CLOCK security time max u64 boundary and overflow fail closed...OK
6856/8732 daemon.services.test.OCG2CLOCK full reservation cut is allocation-failure atomic...OK
6857/8732 daemon.services.test.OCG2TXN Services copied active terminal identities are exact and canonical...OK
6858/8732 daemon.services.test.OCG2ISSUER Services authority match and one-way fail-closed...OK
6859/8732 daemon.services.test.S6C2 Services horizon constants match the frozen window...OK
6860/8732 daemon.services.test.S6C2 Services ensure first use requires zero elapsed then renews the window...OK
6861/8732 daemon.services.test.S6C2 Services ensure remaining 1h+1 stays current and 1h below and zero renew...OK
6862/8732 daemon.services.test.S6C2 Services ensure reopen raw forward rollback and monotonic crossing...OK
6863/8732 daemon.services.test.S6C2 Services ensure established beyond horizon is sticky fatal...OK
6864/8732 daemon.services.test.S6C2 Services ensure overflow and first-sample errors are preadmission...OK
6865/8732 daemon.services.test.S6C2 Services ensure OOM and store faults expose no projection...OK
6866/8732 daemon.services.test.S6C2 Services ensure full cut is allocation-failure atomic...OK
6867/8732 daemon.services.test.S6C2 Services ensure concurrent current and renew serialize...OK
6868/8732 daemon.services.test.S6C2 Services copyDurableOperTransactions empty exact over under and all kinds...OK
6869/8732 daemon.services.test.S6C2 Services copyDurableOperTransactions lifetime and invariant fatal...OK
6870/8732 daemon.services.test.S6C5 Services disabled unavailable and missing expected are observational...OK
6871/8732 daemon.services.test.S6C5 Services exact active copy wire and authority...OK
6872/8732 daemon.services.test.S6C5 Services time boundaries future exact issue active exact expiry expired...OK
6873/8732 daemon.services.test.S6C5 Services tombstone equivocation and every C4 cause...OK
6874/8732 daemon.services.test.DST GAP-A9 account verifiers and channel AKICK replicate and disagree fail closed...OK
6875/8732 daemon.services.test.S6C5 Services malformed expected is invalid_work without state access...OK
6876/8732 daemon.services.test.S6C5 Services each identity mismatch is superseded...OK
6877/8732 daemon.services.test.S6C5 Services stable successor tombstone and equivocation are superseded...OK
6878/8732 daemon.services.test.S6C5 Services signature authority wire tuple and conflict corruption are unavailable...OK
6879/8732 daemon.services.test.S6C5 Services post-copy races successor tombstone equivocation and unrelated...OK
6880/8732 daemon.services.test.S6C5 Services second instability and epoch change are unavailable...OK
6881/8732 daemon.services.test.S6C5 Services active copy outlives later merge and inspect performs no allocator activity...OK
6882/8732 daemon.services.test.S6C5 Services inspect leaves snapshot WAL sequence and security clock identical...OK
6883/8732 daemon.services.test.S6C5 Services concurrent reader writer never returns a predecessor grant...OK
6884/8732 daemon.services.test.S6C5 Services C2 C3 C4 C5 integration covers all phases and the 256 bound...OK
6885/8732 daemon.services.test.S6C5 Services reflection keeps C4 private and production callers at zero...OK
6886/8732 daemon.sessions.test.token index keeps distinct-token attachment work bounded at high cardinality...OK
6887/8732 daemon.sessions.test.token index reconstruction normalizes one high-cardinality group linearly without allocation...OK
6888/8732 daemon.sessions.test.token index reservation OOM never publishes a row or empty account...OK
6889/8732 daemon.sessions.test.token index stays coherent across eviction replacement bind and removal...OK
6890/8732 daemon.sessions.test.rowless token-index adoption is leak-clean at every allocation boundary...OK
6891/8732 daemon.sessions.test.exact rebind token-index work ignores unrelated registry cardinality...OK
6892/8732 daemon.sessions.test.stable attachment ids isolate sibling restore state within one token...OK
6893/8732 daemon.sessions.test.stable attachment id uniqueness fails before eviction or row mutation...OK
6894/8732 daemon.sessions.test.stable attachment index reservation OOM publishes no partial row...OK
6895/8732 daemon.sessions.test.legacy refresh preserves an already-current attachment id...OK
6896/8732 daemon.sessions.test.idempotent current attach rejects stable identity rotation...OK
6897/8732 daemon.sessions.test_0...OK
6898/8732 daemon.sessions.test.same attachment token rotation never rekeys receive projection work...OK
6899/8732 daemon.sessions.test.public Session copies never expose store-owned journal pointers...OK
6900/8732 daemon.sessions.test.prepared exact attachment rebind aborts cleanly then commits without allocation...OK
6901/8732 daemon.sessions.test.stable bootstrap attachment retries collisions and never evicts at capacity...OK
6902/8732 daemon.sessions.test.exact attachment ticket previews frozen rows and journal then preserves sibling under OOM...OK
6903/8732 daemon.sessions.test.exact attachment rebind remaps an untracked claimant in place at account cap...OK
6904/8732 daemon.sessions.test.exact attachment rebind rejects live wrong-token and sibling selectors...OK
6905/8732 daemon.sessions.test.exact attachment rebind refuses non-bootstrap claimant authority...OK
6906/8732 daemon.sessions.test.exact attachment rebind crosses folded account display aliases atomically...OK
6907/8732 daemon.sessions.test.portable group arms and retries every stable sibling independently...OK
6908/8732 daemon.sessions.test.portable authority survives issuer removal on every sibling row...OK
6909/8732 daemon.sessions.test.portable claimant joining a nonportable group arms every target sibling...OK
6910/8732 daemon.sessions.test.post-restore portability normalization is linear transactional and complete...OK
6911/8732 daemon.sessions.test.portable detached attachment enumeration never dedupes same-token siblings...OK
6912/8732 daemon.sessions.test.portable detached attachment enumeration is complete at high cardinality...OK
6913/8732 daemon.sessions.test.attachment channel projection journals preserve divergent siblings...OK
6914/8732 daemon.sessions.test.attachment channel projection first-arm OOM is isolated and retryable...OK
6915/8732 daemon.sessions.test.local channel projection journals overlapping channels and CAS clears independently...OK
6916/8732 daemon.sessions.test.local channel projection rejected arm restores prior intent without erasing newer work...OK
6917/8732 daemon.sessions.test.local channel projection prior-null rollback removes every exact row and preserves CAS...OK
6918/8732 daemon.sessions.test.local channel projection arm OOM is transactional and retryable...OK
6919/8732 daemon.sessions.test.local channel projection capacity fails closed and full same-channel arm coalesces...OK
6920/8732 daemon.sessions.test.local channel projection reversible replacement remains allocation-free at capacity...OK
6921/8732 daemon.sessions.test.local channel projection survives detach and sibling removal until final row...OK
6922/8732 daemon.sessions.test.attach inheritance stages lazy journals before append or replacement mutation...OK
6923/8732 daemon.sessions.test.prepared token bind preserves channel union and newest case-insensitive collision...OK
6924/8732 daemon.sessions.test.prepared token bind preview is complete at capacity and keeps newest target collision...OK
6925/8732 daemon.sessions.test.prepared token bind row snapshot supersedes stale exact-case copy and freezes folded account...OK
6926/8732 daemon.sessions.test.prepared token bind rejects duplicate client ids across folded account keys...OK
6927/8732 daemon.sessions.test.prepared token bind locked row allocation OOM is transactional and retryable...OK
6928/8732 daemon.sessions.test.prepared token bind folded row and staged journal tickets are leak-clean on every allocation failure...OK
6929/8732 daemon.sessions.test.prepared token adopt carries the journal and abort frees staged rows...OK
6930/8732 daemon.sessions.test.prepared token bind rejects an over-capacity union without mutation...OK
6931/8732 daemon.sessions.test.bounded local projection work scan rotates across channels and tokens...OK
6932/8732 daemon.sessions.test.local projection arm and prepared bind allocation failures are leak-clean...OK
6933/8732 daemon.sessions.test.reversible local projection arm and rollback are leak-clean across every allocation failure...OK
6934/8732 daemon.sessions.test.local projection arm rolls back every lazy journal allocation boundary...OK
6935/8732 daemon.sessions.test.attach lists a multi-device account; idempotent re-attach...OK
6936/8732 daemon.sessions.test.markDetached retains the session; remove prunes; empty account drops...OK
6937/8732 daemon.sessions.test.detached session snapshots are copied and released across lifecycle paths...OK
6938/8732 daemon.sessions.test.allocation-free detach preserves the last owned portable snapshot...OK
6939/8732 daemon.sessions.test.portable resume issuance is explicit and resets on a normal re-attach...OK
6940/8732 daemon.sessions.test.attach reports portable authority displaced by same-client replacement...OK
6941/8732 daemon.sessions.test.attach reports portable detached authority evicted at account cap...OK
6942/8732 daemon.sessions.test.portable detached anti-entropy copies only opted-in snapshots...OK
6943/8732 daemon.sessions.test.portable detached anti-entropy selects one newest snapshot independent of insertion order...OK
6944/8732 daemon.sessions.test.portable detached canonical copy is leak-clean at every allocation failure...OK
6945/8732 daemon.sessions.test.copyNewestDetachedSnapshotInAccount ignores current client and returns newest ghost...OK
6946/8732 daemon.sessions.test.findByTokenInto locates a session for reclaim...OK
6947/8732 daemon.sessions.test.tokenHasAttachedPortable distinguishes live siblings from final detached token...OK
6948/8732 daemon.sessions.test.removeClient drops a client without knowing its account...OK
6949/8732 daemon.sessions.test.per-account session cap is enforced for attached sessions...OK
6950/8732 daemon.sessions.test.at cap, attach evicts the oldest detached ghost instead of failing...OK
6951/8732 daemon.sessions.test.findTokenInAccount is scoped to the account...OK
6952/8732 daemon.sessions.test.detached token lookup ignores attached members of the same token group...OK
6953/8732 daemon.sessions.test.multiple live clients join one reusable token group...OK
6954/8732 daemon.sessions.test.token group stays portable when issuing sibling detaches...OK
6955/8732 daemon.sessions.test.prepared token join aborts cleanly then prepared commit needs no allocation...OK
6956/8732 daemon.sessions.test.prepared bootstrap joins a live token without publishing before commit...OK
6957/8732 daemon.sessions.test.prepared bootstrap abort preserves detached cap victim and exact snapshot...OK
6958/8732 daemon.sessions.test.prepared bootstrap replaces selected detached ghost below account cap...OK
6959/8732 daemon.sessions.test.prepared bootstrap verified mesh token creates a rowless account atomically...OK
6960/8732 daemon.sessions.test.prepared bootstrap is leak-clean and non-destructive at every allocation failure...OK
6961/8732 daemon.sessions.test.prepared verified adopt rejects cross-account tokens and preserves rowless retry state...OK
6962/8732 daemon.sessions.test.attach rejects cross-account token collision before dirty journal mutation...OK
6963/8732 daemon.sessions.test.sentinel tracks independent accounts without becoming a token group...OK
6964/8732 daemon.sessions.test.prepared bind enforces folded token account and rolls back staged case-variant journal OOM...OK
6965/8732 daemon.sessions.test.prepared token bind rejects invalid and stale preconditions without mutation...OK
6966/8732 daemon.sessions.test.prepared token bind commit remains no-allocation after exhaustive preparation failures...OK
6967/8732 daemon.sessions.test.detached snapshot replacement OOM preserves prior retry state...OK
6968/8732 daemon.sessions.test.portable and dirty state remain durable token group properties...OK
6969/8732 daemon.sessions.test.join and adopt OR dirty portable state across token groups...OK
6970/8732 daemon.sessions.test.bounded dirty collection rotates past an uncleared failing token...OK
6971/8732 daemon.sessions.test.projection retry is group-wide durable and independent from publish retry...OK
6972/8732 daemon.sessions.test.bounded projection collection rotates independently without allocation...OK
6973/8732 daemon.sessions.test.projection dirty count tracks replacement eviction and drop paths...OK
6974/8732 daemon.sessions.test.dirty row count survives removal replacement and detached eviction...OK
6975/8732 daemon.sessions.test.sessionsInto and findByTokenInto do not retain snapshots...OK
6976/8732 daemon.sessions.test.allocated session snapshot is complete above the legacy stack capacity...OK
6977/8732 daemon.sessions.test.drop reservation is exact exclusive and transient...OK
6978/8732 daemon.sessions.test.SessionStore concurrent writers and readers preserve sessions...OK
6979/8732 daemon.sfu_srtp.test.SFU forward: source decrypted, re-encrypted to two peers under distinct keys...OK
6980/8732 daemon.sfu_srtp.test.SFU bridge: group-key<->DTLS-SRTP both directions carry intelligible media...OK
6981/8732 daemon.sfu_srtp.test.SFU SRTCP: inbound decrypt then per-recipient re-encrypt round-trips...OK
6982/8732 daemon.sfu_srtp.test.SFU fail-closed: tampered and replayed inbound packets are dropped...OK
6983/8732 daemon.sfu_srtp.test.SFU nonce safety: colliding SSRC from a second source never reuses a recipient nonce...OK
6984/8732 daemon.sfu_srtp.test.SFU no cross-peer ROC poisoning: per-source inbound streams stay independent...OK
6985/8732 daemon.sfu_srtp.test.SFU lifecycle: re-handshake at same address re-keys; evict wipes; full table fails closed...OK
6986/8732 daemon.sfu_srtp.test.SFU NACK-safety: the outbound replay window is keyed by the packet header, not a caller id...OK
6987/8732 daemon.sfu_srtp.test.SFU byte-identical intent: unknown (non-DTLS) address yields null crypto...OK
6988/8732 daemon.shard.test.assignShard round-robins across shards...OK
6989/8732 daemon.shard.test.shardOf / isLocal reflect the pinned shard...OK
6990/8732 daemon.shard.test.shardForChannel is deterministic and bounded...OK
6991/8732 daemon.shard.test.Mailboxes route messages to the addressed shard only...OK
6992/8732 daemon.shard.test.Mailboxes report back-pressure when an inbox is full...OK
6993/8732 daemon.shun.test.add remove and list preserve owned shun data...OK
6994/8732 daemon.shun.test.isShunned matches hostmasks with case-insensitive glob rules...OK
6995/8732 daemon.shun.test.isShunned prunes expired entries before matching...OK
6996/8732 daemon.shun.test.pruneExpired removes only entries whose expiry has passed...OK
6997/8732 daemon.shun.test.add replaces an existing shun with the same mask...OK
6998/8732 daemon.shun.test.limits reject invalid shuns and allow replacement at capacity...OK
6999/8732 daemon.shun.test.list truncates to caller buffer without mutating storage...OK
7000/8732 daemon.shun.test.glob matcher handles star question and empty text edge cases...OK
7001/8732 daemon.shun.test.churn through add replace remove and prune leaks no allocations...OK
7002/8732 daemon.spamtrap.test.add trap targets stores them case-insensitively and rejects duplicates...OK
7003/8732 daemon.spamtrap.test.remove trap targets clears membership and reports missing targets...OK
7004/8732 daemon.spamtrap.test.triggered ignores operators and ordinary targets...OK
7005/8732 daemon.spamtrap.test.triggered records non-operator nick trips with actor accounting...OK
7006/8732 daemon.spamtrap.test.triggered records channel trips independently from nick traps...OK
7007/8732 daemon.spamtrap.test.recent trips are bounded and evict the oldest entry...OK
7008/8732 daemon.spamtrap.test.bounded trap and offender storage returns typed full errors...OK
7009/8732 daemon.spamtrap.test.validation rejects malformed and oversized input...OK
7010/8732 daemon.spamtrap.test.recentTrips requires enough output storage...OK
7011/8732 daemon.spamtrap.test.clear frees entries and leaves the registry reusable...OK
7012/8732 daemon.stats_report.test.renderJson emits well-formed, escaped JSON...OK
7013/8732 daemon.stats_report.test.renderHtml escapes and contains the key figures...OK
7014/8732 daemon.stats_report.test.renderHtml emits a sparkline, transport cards, and channel links...OK
7015/8732 daemon.stats_report.test.country distribution renders in JSON and HTML...OK
7016/8732 daemon.stats_report.test.node health renders in JSON and stats index...OK
7017/8732 daemon.stats_report.test.renderChannelHtml lists members and escapes...OK
7018/8732 daemon.stats_report.test.empty snapshot renders valid JSON with empty channel list...OK
7019/8732 daemon.store.test.put/get round-trip per family...OK
7020/8732 daemon.store.test.WAL replay reconstructs state after reopen...OK
7021/8732 daemon.store.test.checksum mismatch is detected and rejected...OK
7022/8732 daemon.store.test.torn final WAL record is ignored after replaying valid prefix...OK
7023/8732 daemon.store.test.checksum-bad final WAL record is ignored after replaying valid prefix...OK
7024/8732 daemon.store.test.torn WAL tail is truncated at open so a later append cannot poison the log...OK
7025/8732 daemon.store.test.zero-filled final WAL tail is truncated at open (in-flight torn tail)...OK
7026/8732 daemon.store.test.oversize final WAL header is truncated at open (in-flight torn tail)...OK
7027/8732 daemon.store.test.WAL compacts into the snapshot once it crosses half the replay limit...OK
7028/8732 daemon.store.test.snapshot+truncate preserves data...OK
7029/8732 daemon.store.test.changefeed sequence persists across snapshot reopen...OK
7030/8732 daemon.store.test.changefeed records mutations...OK
7031/8732 daemon.store.test.storage Config defaults preserve historical limits...OK
7032/8732 daemon.store.test.storage Config.applyToml overlays [storage] keys...OK
7033/8732 daemon.store.test.storage Config.applyToml leaves defaults when section absent...OK
7034/8732 daemon.store.test.opened store exposes authoritative default admission limits...OK
7035/8732 daemon.store.test.opened store exposes exact custom admission limits...OK
7036/8732 daemon.store.test.openWithConfig honours a smaller record limit...OK
7037/8732 daemon.store.test.STORE prepared put reserves then commits insert and replacement...OK
7038/8732 daemon.store.test.STORE prepared put abort and deinit are byte inert...OK
7039/8732 daemon.store.test.STORE prepared lane serializes ordinary and second prepared mutations...OK
7040/8732 daemon.store.test.STORE prepared put write and sync ambiguity poison without publication...OK
7041/8732 daemon.store.test.STORE ambiguous prepared outcomes are resolved only by durable reopen...OK
7042/8732 daemon.store.test.DPROP prepared put durable reopen matches successful publication...OK
7043/8732 daemon.store.test.DPROP prepared admission compacts before commit when projected WAL is due...OK
7044/8732 daemon.store.test.STORE prepared put enforces record and WAL capacity before admission...OK
7045/8732 daemon.store.test.STORE prepared put reserves every allocation atomically...OK
7046/8732 daemon.store.test.STORE prepared token owns stable key after caller mutation and free...OK
7047/8732 daemon.store.test.STORE copied and stale prepared tokens cannot affect a newer reservation...OK
7048/8732 daemon.store.test.STORE prepared publication performs no allocator work...OK
7049/8732 daemon.store.test.STORE prepared sequence exhaustion is rejected before WAL I/O...OK
7050/8732 daemon.store.test.STORE prepared admission compacts projected WAL before append...OK
7051/8732 daemon.store.test.STORE snapshot truncate faults never permit stale append...OK
7052/8732 daemon.store.test.STORE short prepared write reopens and ordinary append remains valid...OK
7053/8732 daemon.store.test.STORE covered snapshot recovery preserves exact sequence across truncate faults...OK
7054/8732 daemon.store.test.STORE covered snapshot mismatch is fatal for shorter WAL...OK
7055/8732 daemon.store.test.STORE covered snapshot mismatch is fatal for digest and epoch changes...OK
7056/8732 daemon.store.test.STORE legacy snapshot without coverage replays WAL from zero...OK
7057/8732 daemon.store.test.STORE empty WAL crash window recovers rotated coverage epoch...OK
7058/8732 daemon.store.test.STORE genuine headerless WAL survives snapshot truncate failure...OK
7059/8732 daemon.store.test.STORE checksum-valid zero-length record is rejected without panic...OK
7060/8732 daemon.store.test.STORE torn equal-width legacy tail is not misclassified as epoch...OK
7061/8732 daemon.store.test.STORE ordinary sequence exhaustion is pre-WAL and byte inert...OK
7062/8732 daemon.store.test.STORE replay sequence exhaustion fails cleanly...OK
7063/8732 daemon.store.test.STORE prepared replacement retires all four slots without publication allocation...OK
7064/8732 daemon.store.test.native Helix read-only store stages without disk mutations and promotes only after commit...OK
7065/8732 daemon.store.test.native Helix read-only store refuses torn WAL without repair and detects parent changes...OK
7066/8732 daemon.svc_acclist.test.globMatch supports star, question mark, and ascii case folding...OK
7067/8732 daemon.svc_acclist.test.globMatch handles trailing stars and exact tails...OK
7068/8732 daemon.svc_acclist.test.add stores masks and recognizes matching hostmasks...OK
7069/8732 daemon.svc_acclist.test.account key is matched case-insensitively...OK
7070/8732 daemon.svc_acclist.test.duplicate masks collapse case-insensitively without growing the list...OK
7071/8732 daemon.svc_acclist.test.rejected first add on a fresh account leaves no empty slot...OK
7072/8732 daemon.svc_acclist.test.over-long account names are rejected and never match...OK
7073/8732 daemon.svc_acclist.test.max_masks bound is enforced per account...OK
7074/8732 daemon.svc_acclist.test.list returns owned masks and empty slice for unknown account...OK
7075/8732 daemon.svc_acclist.test.remove deletes one mask and drops the account when empty...OK
7076/8732 daemon.svc_acclist.test.removeAccount clears every mask for an account...OK
7077/8732 daemon.svc_acclist.test.no leaks across many accounts and masks...OK
7078/8732 daemon.svc_akick.test.globMatch: basic wildcards and case-insensitivity...OK
7079/8732 daemon.svc_akick.test.add/list: hostmask entry stored and matchable...OK
7080/8732 daemon.svc_akick.test.matchOnJoin: hostmask mirror matches mixed-case joining prefix...OK
7081/8732 daemon.svc_akick.test.channel name is matched case-insensitively...OK
7082/8732 daemon.svc_akick.test.account mask: matches logged-in account, not unauthenticated...OK
7083/8732 daemon.svc_akick.test.matchOnJoin: expired entries are skipped...OK
7084/8732 daemon.svc_akick.test.matchOnJoin: prefers first active when expired precedes valid...OK
7085/8732 daemon.svc_akick.test.purgeExpired: reclaims only expired entries...OK
7086/8732 daemon.svc_akick.test.remove: existing and missing entries...OK
7087/8732 daemon.svc_akick.test.add: duplicate masks rejected (case-insensitive)...OK
7088/8732 daemon.svc_akick.test.add: invalid masks rejected...OK
7089/8732 daemon.svc_akick.test.bounds: ListFull at capacity...OK
7090/8732 daemon.svc_akick.test.isolation: entries are per-channel...OK
7091/8732 daemon.svc_akick.test.unknown channel: list/count/match are empty/null, no alloc...OK
7092/8732 daemon.svc_akick.test.Entry.isExpired boundary...OK
7093/8732 daemon.svc_chanbadwords.test.add list match and remove per channel...OK
7094/8732 daemon.svc_chanbadwords.test.duplicates are case insensitive but channel scopes are independent...OK
7095/8732 daemon.svc_chanbadwords.test.bounds reject invalid channels patterns and full tables...OK
7096/8732 daemon.svc_chanbadwords.test.parser accepts real server command forms...OK
7097/8732 daemon.svc_chanbadwords.test.parser rejects pseudo service commands and invalid actions...OK
7098/8732 daemon.svc_chanbadwords.test.numeric codes format as IRC numeric tokens...OK
7099/8732 daemon.svc_chanbadwords.test.action exposes real command name for daemon enforcement...OK
7100/8732 daemon.svc_clonescan.test.groups by exact IP and reports clusters at threshold...OK
7101/8732 daemon.svc_clonescan.test.threshold classification excludes singletons...OK
7102/8732 daemon.svc_clonescan.test.ordering is by cluster size descending...OK
7103/8732 daemon.svc_clonescan.test.ipv6 /64 prefix aggregation...OK
7104/8732 daemon.svc_clonescan.test.ipv4 and ipv6 clusters coexist and members preserve order and account...OK
7105/8732 daemon.svc_clonescan.test.empty input yields no clusters and renders friendly message...OK
7106/8732 daemon.svc_clonescan.test.render emits header and member lines...OK
7107/8732 daemon.svc_clonescan.test.input validation rejects malformed connections and bad params...OK
7108/8732 daemon.svc_clonescan.test.no leak on large bounded scan...OK
7109/8732 daemon.svc_enforce.test.AccountSecurity.default disables everything and accepts access-list recognition...OK
7110/8732 daemon.svc_enforce.test.enforceMs converts seconds to milliseconds...OK
7111/8732 daemon.svc_enforce.test.enforceMs saturates instead of overflowing on absurd inputs...OK
7112/8732 daemon.svc_enforce.test.clampEnforceSeconds caps at the maximum but preserves zero...OK
7113/8732 daemon.svc_enforce.test.isRecognized: identify always recognizes regardless of SECURE...OK
7114/8732 daemon.svc_enforce.test.isRecognized: access match recognizes only when not SECURE...OK
7115/8732 daemon.svc_enforce.test.isRecognized: neither identify nor access match is never recognized...OK
7116/8732 daemon.svc_enforce.test.decide: identified connection is recognized...OK
7117/8732 daemon.svc_enforce.test.decide: access match recognizes when not SECURE even with ENFORCE on...OK
7118/8732 daemon.svc_enforce.test.decide: access match does NOT recognize when SECURE -> enforcement path...OK
7119/8732 daemon.svc_enforce.test.decide: unrecognized with ENFORCE off is allowed...OK
7120/8732 daemon.svc_enforce.test.decide: unrecognized with ENFORCE on within grace warns...OK
7121/8732 daemon.svc_enforce.test.decide: unrecognized with ENFORCE on after grace enforces...OK
7122/8732 daemon.svc_enforce.test.decide: grace boundary is inclusive so exact elapsed enforces...OK
7123/8732 daemon.svc_enforce.test.decide: zero ENFORCETIME enforces immediately...OK
7124/8732 daemon.svc_enforce.test.decide: full matrix of identified x access_match x secure when ENFORCE off...OK
7125/8732 daemon.svc_enforce.test.decide: full matrix when ENFORCE on with elapsed grace...OK
7126/8732 daemon.svc_enforce.test.lifecycle: SECURE+ENFORCE account warns then enforces an impostor...OK
7127/8732 daemon.svc_forceaction.test.parse action names case insensitively...OK
7128/8732 daemon.svc_forceaction.test.parse forceop argv into channel target...OK
7129/8732 daemon.svc_forceaction.test.parse full command line with trailing forcepart reason...OK
7130/8732 daemon.svc_forceaction.test.parse forcetopic keeps trailing topic as one parameter...OK
7131/8732 daemon.svc_forceaction.test.parser rejects missing parameters and invalid targets...OK
7132/8732 daemon.svc_forceaction.test.privilege names parse into oper privilege set...OK
7133/8732 daemon.svc_forceaction.test.missing channel privilege denies with ERR_NOPRIVILEGES numeric plan...OK
7134/8732 daemon.svc_forceaction.test.forceop authorizes to real MODE plus-o plan...OK
7135/8732 daemon.svc_forceaction.test.forcedeop authorizes to real MODE minus-o plan...OK
7136/8732 daemon.svc_forceaction.test.forcepart authorizes to real KICK plan...OK
7137/8732 daemon.svc_forceaction.test.forcejoin authorizes to real JOIN plan...OK
7138/8732 daemon.svc_forceaction.test.forcetopic authorizes to real TOPIC plan...OK
7139/8732 daemon.svc_forceaction.test.required privilege is stable for every force action...OK
7140/8732 daemon.svc_jupe.test.add stores owned copies and isJuped glob-matches case-insensitively...OK
7141/8732 daemon.svc_jupe.test.add with same pattern replaces in place without leaking...OK
7142/8732 daemon.svc_jupe.test.remove and expiry sweep...OK
7143/8732 daemon.svc_jupe.test.validation rejects bad patterns and enforces capacity...OK
7144/8732 daemon.svc_jupe.test.parseServerCommand handles JUPE/UNJUPE forms...OK
7145/8732 daemon.svc_lastseen.test.empty history reports no activity...OK
7146/8732 daemon.svc_lastseen.test.record tracks last_seen and last_login independently...OK
7147/8732 daemon.svc_lastseen.test.fail before any login leaves last_login null...OK
7148/8732 daemon.svc_lastseen.test.out-of-order timestamps do not regress last_seen...OK
7149/8732 daemon.svc_lastseen.test.ring evicts oldest beyond capacity...OK
7150/8732 daemon.svc_lastseen.test.recent honors want and out bounds...OK
7151/8732 daemon.svc_lastseen.test.hostmask is copied and truncated to capacity...OK
7152/8732 daemon.svc_lastseen.test.render emits newest-first lines and respects default count...OK
7153/8732 daemon.svc_lastseen.test.render clamps to a requested count smaller than length...OK
7154/8732 daemon.svc_lastseen.test.render on empty history emits nothing...OK
7155/8732 daemon.svc_lastseen.test.EventKind labels...OK
7156/8732 daemon.svc_login_throttle.test.below threshold every failure stays unlocked...OK
7157/8732 daemon.svc_login_throttle.test.crossing threshold arms a cooldown and isLocked returns retry-after...OK
7158/8732 daemon.svc_login_throttle.test.cooldown expires then unlocks...OK
7159/8732 daemon.svc_login_throttle.test.success fully resets a key and frees it...OK
7160/8732 daemon.svc_login_throttle.test.score decays by half over one half-life...OK
7161/8732 daemon.svc_login_throttle.test.decay lets a key recover below threshold over time...OK
7162/8732 daemon.svc_login_throttle.test.account and ip namespaces are independent...OK
7163/8732 daemon.svc_login_throttle.test.distinct keys within a scope are isolated...OK
7164/8732 daemon.svc_login_throttle.test.keys are matched case-insensitively...OK
7165/8732 daemon.svc_login_throttle.test.lockout extends but never shortens on repeated failures...OK
7166/8732 daemon.svc_login_throttle.test.sweep drops decayed unlocked records and frees keys...OK
7167/8732 daemon.svc_login_throttle.test.sweep keeps records still inside their lockout window...OK
7168/8732 daemon.svc_login_throttle.test.max_tracked_per_scope refuses new keys but serves existing ones...OK
7169/8732 daemon.svc_login_throttle.test.retry-after never overflows with a saturated cooldown...OK
7170/8732 daemon.svc_login_throttle.test.long keys exceeding the inline buffer take the heap path...OK
7171/8732 daemon.svc_login_throttle.test.deinit frees all keys across both scopes with no leaks...OK
7172/8732 daemon.svc_masskick.test.parse minimal CLEAR USERS command with default founder protection and reason...OK
7173/8732 daemon.svc_masskick.test.parse KEEP ALLOW and trailing reason without allocation...OK
7174/8732 daemon.svc_masskick.test.parser rejects indirect shapes and malformed CLEAR requests...OK
7175/8732 daemon.svc_masskick.test.rank parser accepts named and prefix forms...OK
7176/8732 daemon.svc_masskick.test.founder can clear regular users while protecting keep rank and allowlist accounts...OK
7177/8732 daemon.svc_masskick.test.IRC operator may clear even without channel founder rank...OK
7178/8732 daemon.svc_masskick.test.non-founder non-oper cannot build a mass-kick plan...OK
7179/8732 daemon.svc_masskick.test.plan preserves membership snapshot order...OK
7180/8732 daemon.svc_masskick.test.bounded outputs and inputs are enforced...OK
7181/8732 daemon.svc_masskick.test.validation rejects unsafe nick account reason and channel fields...OK
7182/8732 daemon.svc_masskick.test.formatKickLine emits a real server-originated KICK command...OK
7183/8732 daemon.svc_masskick.test.formatKickLine rejects non-server prefix and short buffers...OK
7184/8732 daemon.svc_masskick.test.numeric formatter emits standard IRC numeric lines...OK
7185/8732 daemon.svc_masskick.test.numericForError maps parser and planner errors to real numerics...OK
7186/8732 daemon.svc_masskick.test.parser enforces allowlist and reason bounds...OK
7187/8732 daemon.svc_memo_forward.test.forward target is optional and case normalized...OK
7188/8732 daemon.svc_memo_forward.test.setting an existing forward target replaces owned target without growing store...OK
7189/8732 daemon.svc_memo_forward.test.clear forward removes only the requested account...OK
7190/8732 daemon.svc_memo_forward.test.resolve delivery follows forward chain...OK
7191/8732 daemon.svc_memo_forward.test.resolve delivery reports unforwarded account...OK
7192/8732 daemon.svc_memo_forward.test.resolve delivery borrows caller storage across repeated resolutions...OK
7193/8732 daemon.svc_memo_forward.test.resolve delivery allocates neither direct nor forwarded decisions...OK
7194/8732 daemon.svc_memo_forward.test.forward cycles and self-forward are rejected...OK
7195/8732 daemon.svc_memo_forward.test.forward hop limit is enforced before unbounded traversal...OK
7196/8732 daemon.svc_memo_forward.test.forward validation rejects invalid names and capacity overflow...OK
7197/8732 daemon.svc_memo_forward.test.mark read creates receipt visible to sender query...OK
7198/8732 daemon.svc_memo_forward.test.mark read updates timestamp and recipient for an existing memo id...OK
7199/8732 daemon.svc_memo_forward.test.read receipts are isolated by sender account...OK
7200/8732 daemon.svc_memo_forward.test.clear receipt prunes empty sender bucket...OK
7201/8732 daemon.svc_memo_forward.test.receipt validation rejects invalid account and memo ids...OK
7202/8732 daemon.svc_memo_forward.test.receipt capacity is enforced per sender...OK
7203/8732 daemon.svc_memo_forward.test.parse forward commands...OK
7204/8732 daemon.svc_memo_forward.test.parse read and receipt commands...OK
7205/8732 daemon.svc_memo_forward.test.parser rejects missing extra and malformed parameters...OK
7206/8732 daemon.svc_memo_forward.test.numeric hints are data only for real server replies...OK
7207/8732 daemon.svc_memo_ignore.test.standalone module imports only std by construction...OK
7208/8732 daemon.svc_memo_ignore.test.add list duplicate and remove entries...OK
7209/8732 daemon.svc_memo_ignore.test.empty recipient is pruned after last removal...OK
7210/8732 daemon.svc_memo_ignore.test.shouldAccept rejects exact account case-insensitively...OK
7211/8732 daemon.svc_memo_ignore.test.shouldAccept rejects glob masks case-insensitively...OK
7212/8732 daemon.svc_memo_ignore.test.globMatch supports star question and trailing star...OK
7213/8732 daemon.svc_memo_ignore.test.parse server command line without service pseudo-client names...OK
7214/8732 daemon.svc_memo_ignore.test.parse bare command as list and reject pseudo-client commands...OK
7215/8732 daemon.svc_memo_ignore.test.parse bounds and validation errors are stable...OK
7216/8732 daemon.svc_memo_ignore.test.store enforces account entry and output bounds...OK
7217/8732 daemon.svc_memo_ignore.test.validation rejects empty and control-delimited tokens...OK
7218/8732 daemon.svc_memo_ignore.test.churn releases all owned memory...OK
7219/8732 daemon.svc_operaudit.test.record assigns increasing seq and grows count...OK
7220/8732 daemon.svc_operaudit.test.recordWithProof stores proof id...OK
7221/8732 daemon.svc_operaudit.test.recordWithProofEvidence stores inspectable proof material...OK
7222/8732 daemon.svc_operaudit.test.ring evicts oldest when over capacity...OK
7223/8732 daemon.svc_operaudit.test.recent returns newest-first and clamps n...OK
7224/8732 daemon.svc_operaudit.test.recent with n smaller than count...OK
7225/8732 daemon.svc_operaudit.test.filterByOper matches only the named oper, newest-first...OK
7226/8732 daemon.svc_operaudit.test.filterByOper respects limit n...OK
7227/8732 daemon.svc_operaudit.test.filterByOper with no matches returns empty slice...OK
7228/8732 daemon.svc_operaudit.test.render produces newest-first lines with action labels...OK
7229/8732 daemon.svc_operaudit.test.render handles empty target and empty reason...OK
7230/8732 daemon.svc_operaudit.test.render clamps to n entries...OK
7231/8732 daemon.svc_operaudit.test.empty ring renders to empty string and recent is empty...OK
7232/8732 daemon.svc_operaudit.test.no leaks after eviction churn (allocator-checked)...OK
7233/8732 daemon.svc_operaudit.test.action labels round-trip...OK
7234/8732 daemon.svc_operaudit.test.GAP-K3 a removed entry breaks the signed proof chain...OK
7235/8732 daemon.svc_recover.test.unregistered nick yields no_such_account for both commands...OK
7236/8732 daemon.svc_recover.test.no_such_account takes priority even when ownership is unproven...OK
7237/8732 daemon.svc_recover.test.registered nick but unproven ownership yields not_owner...OK
7238/8732 daemon.svc_recover.test.RECOVER forces off a live unauthenticated holder...OK
7239/8732 daemon.svc_recover.test.RECOVER with no holder has nothing to recover...OK
7240/8732 daemon.svc_recover.test.RECOVER never forces off the owner's own authenticated session...OK
7241/8732 daemon.svc_recover.test.RELEASE drops an existing server-held reservation...OK
7242/8732 daemon.svc_recover.test.RELEASE with no reservation has nothing to release...OK
7243/8732 daemon.svc_recover.test.RELEASE ignores holder fields entirely...OK
7244/8732 daemon.svc_recover.test.RECOVER ignores reservation field entirely...OK
7245/8732 daemon.svc_recover.test.ownership gate beats the nothing-to-do outcome...OK
7246/8732 daemon.svc_recover.test.namesEqual folds ASCII case...OK
7247/8732 daemon.svc_recover.test.namesEqual rejects over-length names...OK
7248/8732 daemon.svc_recover.test.every decision variant is reachable from decide...OK
7249/8732 daemon.svc_resv.test.add list remove and count preserve owned reservation data...OK
7250/8732 daemon.svc_resv.test.isReserved matches channel glob patterns case-insensitively...OK
7251/8732 daemon.svc_resv.test.isReserved ignores invalid concrete channel names and stays distinct from nick reservation...OK
7252/8732 daemon.svc_resv.test.expired entries are swept before matching and sweep reports removals...OK
7253/8732 daemon.svc_resv.test.add replaces existing pattern at capacity without leaking...OK
7254/8732 daemon.svc_resv.test.validation limits reject malformed channel reservation records...OK
7255/8732 daemon.svc_resv.test.list truncates to caller buffer without mutating storage...OK
7256/8732 daemon.svc_resv.test.parse RESV add remove list sweep and UNRESV commands...OK
7257/8732 daemon.svc_resv.test.parse rejects bad command shape duration overflow and nick patterns...OK
7258/8732 daemon.svc_resv.test.addParsed applies parsed ADD request with dispatcher supplied setter...OK
7259/8732 daemon.svc_resv.test.unavailable resource numeric is server-prefixed and validates fields...OK
7260/8732 daemon.svc_resv.test.churn through add replace remove and sweep leaks no allocations...OK
7261/8732 daemon.svc_sessionview.test.parse empty query keeps safe defaults...OK
7262/8732 daemon.svc_sessionview.test.parse bare token as nick glob...OK
7263/8732 daemon.svc_sessionview.test.parse key value filters...OK
7264/8732 daemon.svc_sessionview.test.account star means logged in and dash means no account...OK
7265/8732 daemon.svc_sessionview.test.parse booleans and millisecond range...OK
7266/8732 daemon.svc_sessionview.test.parse sort list with directions...OK
7267/8732 daemon.svc_sessionview.test.parse rejects unknown and unbounded input...OK
7268/8732 daemon.svc_sessionview.test.glob matching is case insensitive and iterative...OK
7269/8732 daemon.svc_sessionview.test.build view filters and sorts by connected descending...OK
7270/8732 daemon.svc_sessionview.test.build view applies limit as sorted top-n...OK
7271/8732 daemon.svc_sessionview.test.build view reports too many matches for small caller buffer...OK
7272/8732 daemon.svc_sessionview.test.multi-key sort is stable with fallback nick order...OK
7273/8732 daemon.svc_sessionview.test.numeric formatting uses real TRACE reply numbers...OK
7274/8732 daemon.svc_sessionview.test.formatter renders operator and user trace-style lines...OK
7275/8732 daemon.svc_sessionview.test.formatter renders SESSION terminator as numeric...OK
7276/8732 daemon.svc_sessionview.test.formatter rejects invalid params and too-small output...OK
7277/8732 daemon.svc_sessionview.test.end to end parse view render keeps rows pure over input slices...OK
7278/8732 daemon.svc_successor.test.decide: configured successor wins over higher access account...OK
7279/8732 daemon.svc_successor.test.decide: configured successor is skipped when it is the departing founder...OK
7280/8732 daemon.svc_successor.test.decide: unavailable configured successor falls back to highest access...OK
7281/8732 daemon.svc_successor.test.decide: highest access skips removed accounts and old founder...OK
7282/8732 daemon.svc_successor.test.decide: ties keep input order...OK
7283/8732 daemon.svc_successor.test.decide: no eligible accounts marks channel for deletion...OK
7284/8732 daemon.svc_successor.test.parse: set command returns borrowed channel and account...OK
7285/8732 daemon.svc_successor.test.parse: commands are case-insensitive and tolerate surrounding whitespace...OK
7286/8732 daemon.svc_successor.test.parse: show command...OK
7287/8732 daemon.svc_successor.test.parse: rejects unknown action and excess arguments...OK
7288/8732 daemon.svc_successor.test.parse: rejects invalid channel and account...OK
7289/8732 daemon.svc_successor.test.access level parse and ordering...OK
7290/8732 daemon.svc_successor.test.store: set get replace and clear successor...OK
7291/8732 daemon.svc_successor.test.store: validates names before allocating entries...OK
7292/8732 daemon.svc_successor.test.store value feeds pure succession decision...OK
7293/8732 daemon.svc_tempmode.test.add stores owned entries sorted by revert time...OK
7294/8732 daemon.svc_tempmode.test.queued strings are owned and independent from caller buffers...OK
7295/8732 daemon.svc_tempmode.test.due returns real MODE revert actions without removing entries...OK
7296/8732 daemon.svc_tempmode.test.formatRevertMode emits server MODE command with optional parameter...OK
7297/8732 daemon.svc_tempmode.test.sweep removes and frees only expired entries...OK
7298/8732 daemon.svc_tempmode.test.cancel by id and by exact match remove scheduled entries...OK
7299/8732 daemon.svc_tempmode.test.cancelAll removes duplicate matching entries...OK
7300/8732 daemon.svc_tempmode.test.due honors caller output capacity and dueCount reports total...OK
7301/8732 daemon.svc_tempmode.test.validation rejects bad channels modes params and time windows...OK
7302/8732 daemon.svc_tempmode.test.parse ADD command without parameter...OK
7303/8732 daemon.svc_tempmode.test.parse ADD command with mode parameter and IRC prefix...OK
7304/8732 daemon.svc_tempmode.test.parse CANCEL and SWEEP commands...OK
7305/8732 daemon.svc_tempmode.test.parse rejects unknown commands malformed modes and invalid durations...OK
7306/8732 daemon.svc_tempmode.test.numeric mapping and formatting use IRC numerics...OK
7307/8732 daemon.svc_tempmode.test.parse line rejects control bytes and too many params...OK
7308/8732 daemon.svc_tempmode.test.formatRevertMode reports small output buffer...OK
7309/8732 daemon.memo.test.send then pending then clear...OK
7310/8732 daemon.memo.test.rejects invalid fields and enforces mailbox cap...OK
7311/8732 daemon.memo.test.removeCopies drops only the matching body...OK
7312/8732 daemon.memo.test.mailboxes are independent per account...OK
7313/8732 daemon.memo.test.Config defaults preserve historical limits...OK
7314/8732 daemon.memo.test.Config.applyToml overlays [bouncer] memo keys...OK
7315/8732 daemon.memo.test.initWithConfig enforces a smaller mailbox depth...OK
7316/8732 daemon.webpush.test.subscription list encode/decode round-trip...OK
7317/8732 daemon.webpush.test.decodeList rejects malformed records...OK
7318/8732 daemon.webpush.test.validEndpoint enforces https, length and character rules...OK
7319/8732 daemon.webpush.test.webpush tls SSRF guard classifies push endpoint addresses...OK
7320/8732 daemon.webpush.test.webpush tls SSRF guard refuses an internal-IP endpoint before connect...OK
7321/8732 daemon.webpush.test.Vapid.loadOrCreate persists and reloads the same key...OK
7322/8732 daemon.webpush.test.worker enqueue/shutdown never blocks and bounds the queue...OK
7323/8732 daemon.webpush.test.DST GAP-D8 webpush queue overflow increments a metric and emits an oper event...GAP-D8 branch=full webpush queue increments onyx_webpush_dropped and emits an oper event; subscription rows in props stay; live mail stays off; non-Linux keeps the explicit disable
OK
7324/8732 daemon.webauthn_creds.test.validCredIdB64: accepts url-safe tokens, rejects padding/empty/alphabet...OK
7325/8732 daemon.webauthn_creds.test.validLabel: accepts printable/UTF-8, rejects control bytes + over-long...OK
7326/8732 daemon.webauthn_creds.test.record codec: round-trip...OK
7327/8732 daemon.webauthn_creds.test.record codec: empty label round-trips...OK
7328/8732 daemon.webauthn_creds.test.decodeRecord: fail-closed on malformed values...OK
7329/8732 daemon.webauthn_creds.test.list append/remove: idempotent + full-cap + missing...OK
7330/8732 daemon.webauthn_creds.test.parseClientData: extracts fields, tolerates member order + extras...OK
7331/8732 daemon.webauthn_creds.test.parseClientData: fail-closed on malformed / missing / wrong-type / oversized...OK
7332/8732 daemon.webauthn_creds.test.challengeMatchesB64: matches exact, rejects tamper/length/bad-b64...OK
7333/8732 daemon.webauthn_creds.test.originAllowed: case-insensitive exact match; empty list denies...OK
7334/8732 daemon.webauthn_creds.test.credKey/accountListKey: build within bounds...OK
7335/8732 daemon.tiered_keys.test.owner key grants owner...OK
7336/8732 daemon.tiered_keys.test.founder key grants founder, above owner...OK
7337/8732 daemon.tiered_keys.test.a key matching member only grants member...OK
7338/8732 daemon.tiered_keys.test.highest matching tier wins...OK
7339/8732 daemon.tiered_keys.test.no keys grants none for caller-open channel...OK
7340/8732 daemon.tiered_keys.test.clearing a tier removes only that key...OK
7341/8732 daemon.tiered_keys.test.replace frees old key and preserves new grant...OK
7342/8732 daemon.tiered_keys.test.open tier cannot be assigned...OK
7343/8732 daemon.tls_conn.test.onInbound drives a full handshake against tls_client and streams app data both ways...OK
7344/8732 daemon.tls_conn.test.perf: joining a tag prefix + line halves TLS records vs two appends...
[perf] tagged TLS delivery: records 2 -> 1, wire bytes 171 -> 149 (saved 22/msg)
OK
7345/8732 daemon.tls_conn.test.buildKtlsTxCryptoInfo produces a kernel-shaped TLS 1.3 crypto_info post-handshake...OK
7346/8732 daemon.tls_conn.test.kTLS TX offload: the kernel encrypts server writes and tls_client decrypts them...SKIP
7347/8732 daemon.tls_conn.test.enableKtlsRx fails closed when inbound is not at a record boundary...OK
7348/8732 daemon.tls_conn.test.exploit: write after kTLS TX attach fails closed instead of double-encrypting...OK
7349/8732 daemon.tls_conn.test.kTLS RX offload: the kernel decrypts client records into recv() plaintext...SKIP
7350/8732 daemon.tls_conn.test.advanceRxKeyForKtls advances only the RX key and resets its seq, TX untouched...OK
7351/8732 daemon.tls_conn.test.kTLS RX rekey continuity: a client KeyUpdate survives with zero dropped bytes...SKIP
7352/8732 daemon.tls_conn.test.classifyKtlsRecord maps TLS content types to recv-loop actions...OK
7353/8732 daemon.tls_conn.test.shared ticket key and replay guard resume across TlsConn instances...OK
7354/8732 daemon.tls_conn.test.exportResume/resumeFrom carries a live TLS 1.3 conn, including a buffered partial record...OK
7355/8732 daemon.tls_conn.test.resumeFrom rejects a TLS 1.2 engine state when no 1.2 config is supplied...OK
7356/8732 daemon.tls_conn.test.onInbound reassembles a handshake record split across two calls...OK
7357/8732 daemon.tls_conn.test.write splits plaintext larger than the record limit into multiple records...OK
7358/8732 daemon.tls_conn.test.write before handshakeDone is rejected...OK
7359/8732 daemon.tls_conn.test.version-dispatch: a TLS 1.3 client completes through a dual TlsConn...OK
7360/8732 daemon.tls_conn.test.version-dispatch: a TLS 1.2 client completes through a dual TlsConn...OK
7361/8732 daemon.tls_conn.test.version-dispatch: failed TLS 1.2 init leaves engine undecided...OK
7362/8732 daemon.tls_conn.test.TLS 1.2 session ticket resumes across dual TlsConn instances (RFC 5077)...OK
7363/8732 daemon.tls_conn.test_0...OK
7364/8732 daemon.tls_conn.test.exploit: an oversize record declaration cannot park 64 KiB in the daemon framer...OK
7365/8732 daemon.tls_conn.test.exploit: the daemon framer rejects an unknown record content type...OK
7366/8732 daemon.tls_conn.test.exploit: a hostile record after a valid ClientHello is rejected mid-handshake...OK
7367/8732 daemon.tls_conn.test.exploit: a legitimate maximum-size record is still accepted (no regression)...OK
7368/8732 daemon.tls_sni_load.test.buildSniCerts: two valid entries build a 2-elem list, no leak...OK
7369/8732 daemon.tls_sni_load.test.buildSniCerts: validation failure on entry[1] frees built + entry[1], retains entry[0], no leak...OK
7370/8732 daemon.tls_sni_load.test.buildSniCerts: allocation failure at any own allocation is leak-clean...OK
7371/8732 daemon.tls_sni_load.test_0...OK
7372/8732 daemon.totp_auth.test.enroll then confirm activates the enrollment...OK
7373/8732 daemon.totp_auth.test.verify accepts the correct active code...OK
7374/8732 daemon.totp_auth.test.verify rejects a wrong active code...OK
7375/8732 daemon.totp_auth.test.verify before confirm reports not enrolled...OK
7376/8732 daemon.totp_auth.test.verify for unknown account reports not enrolled...OK
7377/8732 daemon.totp_auth.test.replay of the same step is rejected after first acceptance...OK
7378/8732 daemon.totp_auth.test.disable removes the enrollment...OK
7379/8732 daemon.totp_auth.test.loadActive restores a persisted secret as immediately verifiable...OK
7380/8732 daemon.totp_auth.test.invalid base32 secret is rejected on enroll...OK
7381/8732 daemon.totp_auth.test.params.algo is honored: a SHA-256 store rejects a SHA-1 code and accepts a SHA-256 one...OK
7382/8732 daemon.totp_auth.test.the replay counter tracks the user's clock without locking out the next step...OK
7383/8732 daemon.transcript.test.push/recent/clear round-trip...OK
7384/8732 daemon.transcript.test.ring evicts oldest past the per-channel cap...OK
7385/8732 daemon.transcript.test.rejects empty/oversize captions...OK
7386/8732 daemon.transcript.test.applyToml defaults match historical constants...OK
7387/8732 daemon.transcript.test.applyToml overlays media.captions keys...OK
7388/8732 daemon.transcript.test.config-driven ring depth evicts at the overlaid cap...OK
7389/8732 daemon.warden.test.axis tokens parse round-trip...OK
7390/8732 daemon.warden.test.address ward matches ipv4 cidr; mask ward globs...OK
7391/8732 daemon.warden.test.address ward matches ipv6 cidr; family-distinct from ipv4...OK
7392/8732 daemon.warden.test.matchValue: ipv6 cidr, family-distinctness, and glob fallthrough...OK
7393/8732 daemon.warden.test.mesh ward wire round-trips an ipv6 cidr pattern...OK
7394/8732 daemon.warden.test.country ward matches the GeoIP country facet case-insensitively...OK
7395/8732 daemon.warden.test.absent facet never matches; account ward needs account...OK
7396/8732 daemon.warden.test.expiry prunes and stops matching...OK
7397/8732 daemon.warden.test.add replaces on same match+pattern; remove + list...OK
7398/8732 daemon.warden.test.limits and validation...OK
7399/8732 daemon.warden.test.mesh ward wire round-trips add and remove...OK
7400/8732 daemon.warden.test.mesh ward wire rejects truncated, empty pattern, and bad enum...OK
7401/8732 daemon.warden.test.mesh ward wire rejects control bytes / CRLF (line-injection guard)...OK
7402/8732 daemon.warden.test.no leak under churn...OK
7403/8732 daemon.webtransport_listener.test.peekDestCid extracts the long-header DCID...OK
7404/8732 daemon.webtransport_listener.test.peekDestCid extracts the short-header 8-byte DCID...OK
7405/8732 daemon.webtransport_listener.test.peekDestCid rejects a truncated header...OK
7406/8732 daemon.webtransport_listener.test.WebTransportListener: bind, port, and clean re-startable shutdown...OK
7407/8732 daemon.webtransport_listener.test.WebTransportListener: live UDP QUIC/H3/WT session bridges IRC bytes both ways...OK
7408/8732 daemon.webtransport_listener.test.WebTransportListener: native IPv6 QUIC/H3/WT bridges IRC with mandatory PROXY header...OK
7409/8732 daemon.webtransport_listener.test.parseInitialHeader extracts version, cids, and token; rejects truncation...OK
7410/8732 daemon.webtransport_listener.test.version negotiation — an Initial with version 0xff000099 yields a VN listing v1 and no connection...OK
7411/8732 daemon.webtransport_listener.test.retry — a tokenless Initial under .always policy is answered with a Retry and no connection...OK
7412/8732 daemon.webtransport_listener.test.retry — a client returning a valid token is address-validated immediately (no 3x cap)...OK
7413/8732 daemon.webtransport_listener.test.retry — a token from a different client IP is rejected...OK
7414/8732 daemon.webtransport_listener.test.retry policy .never mints a connection directly (default fast path unaffected)...OK
7415/8732 daemon.webtransport_listener.test.stateless reset — an unknown short-header DCID yields a reset carrying the HMAC-derived token...OK
7416/8732 daemon.webtransport_listener.test.stateless reset — a too-small datagram yields nothing (never amplify)...OK
7417/8732 daemon.webtransport_listener.test.stateless reset — the emit is rate-limited (token bucket)...OK
7418/8732 daemon.webtransport_listener.test.path mapping — TransportAddress round-trips through the QUIC-core PathAddress...OK
7419/8732 daemon.webtransport_listener.test.interop: curl --http3 GET / gets 200 from the live QUIC/HTTP3 listener...SKIP
7420/8732 daemon.webtransport_listener.test.interop: curl --http3 large transfer + multi-request + Retry round-trip (deep)...SKIP
7421/8732 daemon.webtransport_listener.test.WebTransportListener: native bridge write failure retires a broken peer without SIGPIPE...OK
7422/8732 daemon.welcome_pack.test.pack starts empty...OK
7423/8732 daemon.welcome_pack.test.setLines stores ordered owned copies...OK
7424/8732 daemon.welcome_pack.test.setLines copies are independent of caller buffer...OK
7425/8732 daemon.welcome_pack.test.setLines replaces previous content without leaking...OK
7426/8732 daemon.welcome_pack.test.setLines with empty slice clears the pack...OK
7427/8732 daemon.welcome_pack.test.setLines rejects too many lines and keeps old content...OK
7428/8732 daemon.welcome_pack.test.setLines rejects overlong and empty lines...OK
7429/8732 daemon.welcome_pack.test.markDelivered then wasDelivered is once-only...OK
7430/8732 daemon.welcome_pack.test.markDelivered rejects invalid accounts...OK
7431/8732 daemon.welcome_pack.test.markDelivered enforces account ledger bound...OK
7432/8732 daemon.welcome_pack.test.deliverOnce sends pack exactly once per account...OK
7433/8732 daemon.welcome_pack.test.deliverOnce returns null for empty pack and does not mark...OK
7434/8732 daemon.welcome_pack.test.forget removes a delivery record...OK
7435/8732 daemon.welcome_pack.test.deinit frees lines and delivery keys without leaks...OK
7436/8732 daemon.whois.test.full WHOIS sequence emits every supported numeric in order...OK
7437/8732 daemon.whois.test.show_idle=false suppresses RPL_WHOISIDLE (remote mesh user) but keeps the rest...OK
7438/8732 daemon.whois.test.secure connection emits RPL_WHOISSECURE 671 before end...OK
7439/8732 daemon.whois.test.secure connection with negotiated cipher renders it in the 671 trailing...OK
7440/8732 daemon.whois.test.secure cipher without is_secure stays suppressed...OK
7441/8732 daemon.whois.test.actual_host emits RPL_WHOISACTUALLY 338 after the server line...OK
7442/8732 daemon.whois.test.IPv6 actual_host renders (does not suppress the whole WHOIS)...OK
7443/8732 daemon.whois.test.leading-colon actual_host is skipped but the WHOIS still completes...OK
7444/8732 daemon.whois.test.regonly_msgs (+R) emits a RPL_WHOISSPECIAL 320 restriction line before end...OK
7445/8732 daemon.whois.test.callerid (+g) emits its own RPL_WHOISSPECIAL 320 line...OK
7446/8732 daemon.whois.test.both +R and +g emit two distinct 320 lines, +R first...OK
7447/8732 daemon.whois.test.no message-restriction umodes leaves the WHOIS byte-identical (no 320)...OK
7448/8732 daemon.whois.test.restriction 320s coexist with a geo 320 (multiple RPL_WHOISSPECIAL lines)...OK
7449/8732 daemon.whois.test.ERR_NOSUCHNICK builder emits 401...OK
7450/8732 daemon.whois.test.failed WHOIS closes with RPL_ENDOFWHOIS 318...OK
7451/8732 daemon.whois.test.channel list folds across multiple 319 lines...OK
7452/8732 daemon.whois.test.no account bot away or channels omits optional numerics...OK
7453/8732 daemon.whois.test.invalid attacker controlled bytes are rejected before writing...OK
7454/8732 daemon.whois.test.small output surfaces explicit capacity errors...OK
7455/8732 daemon.whois.test.single channel token too large for line limit is rejected...OK
7456/8732 daemon.whowas.test.record and query returns recent first...OK
7457/8732 daemon.whowas.test.multiple entries per nick obey query max...OK
7458/8732 daemon.whowas.test.eviction at cap removes oldest...OK
7459/8732 daemon.whowas.test.case-insensitive nick lookup uses IRC case folding...OK
7460/8732 daemon.world_projection.test.merge with no remote members returns the locals unchanged...OK
7461/8732 daemon.world_projection.test.remote members are appended with server_name as host and placeholder user...OK
7462/8732 daemon.world_projection.test.a remote nick colliding with a local nick is dropped (local wins)...OK
7463/8732 daemon.world_projection.test.merge with no locals returns the remote members projected...OK
7464/8732 daemon.world_projection.test.the merged list feeds the NAMES writer end to end...OK
7465/8732 daemon.world_projection.test.duplicate remote nick across two mesh links is projected once (local+remote+remote dedup)...OK
7466/8732 daemon.world_projection.test.merged mesh roster remains complete under local+many-remote membership...OK
7467/8732 daemon.world_rcu.test.NickRegistry: set/lookup/remove, case-insensitive, overwrite, miss...OK
7468/8732 daemon.world_rcu.test.ChannelRegistry(*Dummy): set/lookup/remove with pointer value...OK
7469/8732 daemon.world_rcu.test.ChannelRegistry staged mixed edit commits and aborts one exact snapshot...OK
7470/8732 daemon.world_rcu.test.MembershipSet: add/contains/remove/iterate/count...OK
7471/8732 daemon.world_rcu.test.snapshot stability: held guard sees pre-mutation state...OK
7472/8732 daemon.world_rcu.test.THREADED: concurrent readers vs writer, no UAF, no leak, correct final...OK
7473/8732 daemon.world.test.channelCountOf counts a client's memberships...OK
7474/8732 daemon.world.test.restoreMembersBatchExisting commits fallback and RCU membership together...OK
7475/8732 daemon.world.test.restoreMembersBatchExisting leaves no partial membership on any allocation failure...OK
7476/8732 daemon.world.test.restoreMembersBatchExisting repairs fallback and RCU one-sided divergence...OK
7477/8732 daemon.world.test.ensureMemberAbsent repairs either divergence direction and stale channels idempotently...OK
7478/8732 daemon.world.test.ensureMemberAbsent surviving-channel removal is failure-atomic on every allocation...OK
7479/8732 daemon.world.test.ensureMemberAbsent keeps an empty registered channel and retry repairs induced OOM...OK
7480/8732 daemon.world.test.join repairs fallback-only membership and is failure-atomic on every allocation...OK
7481/8732 daemon.world.test.join rebuilds a missing RCU set from every fallback member on every allocation boundary...OK
7482/8732 daemon.world.test.join reconstructs stale RCU-only channel without duplicate JOIN on every allocation boundary...OK
7483/8732 daemon.world.test.join does not grant founder when only RCU keepers survive...OK
7484/8732 daemon.world.test.stale RCU name adoption consumes its partially published OID...OK
7485/8732 daemon.world.test.restoreMember creates no empty shell on allocation failure...OK
7486/8732 daemon.world.test.part stages empty ephemeral teardown and surfaces every allocation failure...OK
7487/8732 daemon.world.test.handoffExactSessionIdentity commits nick and membership union together...OK
7488/8732 daemon.world.test.handoffExactSessionIdentity leaves nick and every membership unchanged on allocation failure...OK
7489/8732 daemon.world.test.PreparedSessionRestore claim is inert until commit and creates absent channels exactly...OK
7490/8732 daemon.world.test.PreparedSessionRestore preserve_foreign validates authority and aborts cleanly...OK
7491/8732 daemon.world.test.PreparedSessionRestore exactly replaces claimant channels while preserving every keeper...OK
7492/8732 daemon.world.test.PreparedSessionRestore repairs desired fallback-only and RCU-only channels atomically...OK
7493/8732 daemon.world.test.PreparedSessionRestore reserves divergent desired OIDs before input-ordered new channels...OK
7494/8732 daemon.world.test.PreparedSessionRestore exact replacement repairs removal divergence without dropping RCU keepers...OK
7495/8732 daemon.world.test.PreparedSessionRestore empty desired removes fallback-only claimant without activating channel RCU...OK
7496/8732 daemon.world.test.PreparedSessionRestore exact replacement is failure-atomic on every allocation...OK
7497/8732 daemon.world.test.PreparedSessionRestore preserves every active World invariant on allocation failure...OK
7498/8732 daemon.world.test.PreparedSessionRestore preserve_foreign is failure-atomic on every allocation...OK
7499/8732 daemon.world.test.PreparedSessionRestore leaves an empty World's lazy RCU state detached on every failure...OK
7500/8732 daemon.world.test.channel list modes are capped at max_list_entries...OK
7501/8732 daemon.world.test.isChannelName accepts #, &, and %#/%& but not bare names or ^...OK
7502/8732 daemon.world.test.nick registry rejects collisions and supports lookup...OK
7503/8732 daemon.world.test.join part and membership cleanup...OK
7504/8732 daemon.world.test.registered (+r) channels persist across empty; part and disconnect keep them...OK
7505/8732 daemon.world.test.channels receive monotonic, stable, unique IRCX object ids...OK
7506/8732 daemon.world.test.prepared clone abort is idempotent and publishes no destination...OK
7507/8732 daemon.world.test.prepared clone missing source and existing destination do not mutate world...OK
7508/8732 daemon.world.test.prepared clone prepare and seated commit are atomic on every allocation boundary...OK
7509/8732 daemon.world.test.cloneChannel copies portable room template state and marks the clone +E with a fresh OID...OK
7510/8732 daemon.world.test.removeClient drops all channel memberships and nick ownership...OK
7511/8732 daemon.world.test.message target resolution distinguishes channel and nick targets...OK
7512/8732 daemon.world.test.topics are owned and released...OK
7513/8732 daemon.world.test.first joiner founds the channel as operator; later joiners have no status...OK
7514/8732 daemon.world.test.an existing (mesh-projected) channel entity with no local members still founds the first local joiner...OK
7515/8732 daemon.world.test.setMemberMode adds and removes status and reports change...OK
7516/8732 daemon.world.test.memberModesByNick / isMemberByNick resolve local members case-insensitively...OK
7517/8732 daemon.world.test.channel key, limit, bans, and invites with ownership...OK
7518/8732 daemon.world.test.renameChannel rekeys in place, preserving membership and bans...OK
7519/8732 daemon.world.test.extended bans match account, realname, channel, and negation...OK
7520/8732 daemon.world.test.$m extban in +b is a speech mute, not a join ban...OK
7521/8732 daemon.world.test.$z extban honors secure client context...OK
7522/8732 daemon.world.test.malformed extended bans are rejected before storage...OK
7523/8732 daemon.world.test.$z certfp extban stores and matches the exact fingerprint...OK
7524/8732 daemon.world.test.channel flag modes set, query, and render...OK
7525/8732 daemon.world.test.+Z quiet (MUTE) list: add, match, exempt override, remove...OK
7526/8732 daemon.world.test.+j join throttle: token bucket admits up to N per window, then denies...OK
7527/8732 daemon.world.test.join throttle: network default applies to channels without explicit +j...OK
7528/8732 daemon.world.test.+f forward target: set (owned dupe), read, replace, clear...OK
7529/8732 daemon.world.test.channelsOf lists a client's channels...OK
7530/8732 daemon.world.test.World mutations + reads are race-free under its RwLock...OK
7531/8732 daemon.world.test.RCU nick mirror matches the authoritative map...OK
7532/8732 daemon.world.test.findNick is case-insensitive once the RCU mirror is live...OK
7533/8732 daemon.world.test.nick collisions are case-insensitive (Alice then alice collides)...OK
7534/8732 daemon.world.test.transferNick hands a live identity to a sibling without an offline gap...OK
7535/8732 daemon.world.test.exact session nick owner transaction removes sibling aliases and rejects foreign collision...OK
7536/8732 daemon.world.test.exact session nick owner transaction is unchanged on every allocation failure...OK
7537/8732 daemon.world.test.channelExists mirror matches the authoritative map (case-insensitive)...OK
7538/8732 daemon.world.test.isMember mirror matches authoritative membership (case-insensitive)...OK
7539/8732 daemon.world.test.registered channel keeps RCU membership across empty, then reclaims...OK
7540/8732 daemon.world.test.renameChannel keeps RCU existence and membership mirrors in step...OK
7541/8732 daemon.doctor.test.GAP-O4 branch=doctor read-only fixed checks...GAP-O4 branch=doctor read-only fixed checks
OK
7542/8732 daemon.doctor.test.GAP-O4 config failures, missing gauges, and parsed OCSP leaf...OK
7543/8732 daemon.backup_set.test.DST GAP-D6 backup set lists families and restores into a scratch directory...GAP-D6 branch=backup set lists every orostore family and excludes search webhooks event_history and mail; chanstats is excluded when that snapshot is absent; restore drill reopens the snap in a scratch directory
OK
7544/8732 daemon.gap_holds.test.GAP-C5 FEC stays unwired and section 12 symbols stay absent...GAP-C5 branch=FEC modules stay unwired until a measured GAP-V3 signal; section 12 symbols stay absent
OK
7545/8732 daemon.gap_holds.test.section 13 remainder stays unwitnessed on this host...SKIP
7546/8732 daemon.gap_holds.test.section 13 execution waiver keeps the live and foreign kernel Accepts unmet...SKIP
7547/8732 daemon.modules.accounts.test.accounts commands are feature gated except SASLINFO...OK
7548/8732 daemon.modules.introspect.test.introspect module declares MODULES and OROWASM, and the registry is visible...OK
7549/8732 daemon.modules.introspect.test.introspect: MODLIST is a real alias of MODULES, not a second command row...OK
7550/8732 daemon.modules.introspect.test.introspect: MODULES is oper-gated at the registry gate, not only in the handler...OK
7551/8732 daemon.modules.introspect.test.introspect: the lifecycle view covers exactly the live module set in load order...OK
7552/8732 daemon.modules.introspect.test.introspect: writeList renders empty, single, multiple, and over-long lists...OK
7553/8732 daemon.modules.upgrade.test.upgrade module declares UPGRADE...OK
7554/8732 daemon.server.LinuxServer.test.server start gates media transports on media_enabled...OK
7555/8732 daemon.server.LinuxServer.test.Server.init threads content filter and memo configs...OK
7556/8732 daemon.server.LinuxServer.test.parseCodecCsv: English only; codecTagName emits English...OK
7557/8732 daemon.server.LinuxServer.test.parseOfferedFingerprint: none / malformed / ok...OK
7558/8732 daemon.server.LinuxServer.test.mediaHostIsLoopback covers loopback and rejects routable hosts...OK
7559/8732 daemon.server.LinuxServer.test.native stream id is keyed, stable per key, and unguessable across keys...OK
7560/8732 crypto.tls_resumption.test.ReplayGuard reports repeats and bounds memory...OK
7561/8732 crypto.tls_resumption.test.stored client session round-trips...OK
7562/8732 crypto.tls_resumption.test.sealed server ticket opens with the same key...OK
7563/8732 crypto.tls_resumption.test.legacy v2 ticket opens with a null ticket_age_add (graceful degrade)...OK
7564/8732 crypto.tls_resumption.test.openTicketWithRotation accepts current and previous keys, rejects retired...OK
7565/8732 daemon.relay_v2_activation.test.relay v2 activation requires a complete plan...OK
7566/8732 daemon.relay_v2_activation.test.relay v2 activation handoff is staged and monotonic...OK
7567/8732 daemon.relay_v2_activation.test.relay v2 activation roster digest is representation and order canonical...OK
7568/8732 daemon.relay_v2_activation.test.relay v2 activation roster rejects malformed duplicate incomplete and oversized inputs...OK
7569/8732 daemon.relay_v2_activation.test.relay v2 activation binds configured identity to runtime full key...OK
7570/8732 daemon.relay_v2_activation.test.relay v2 activation roster construction survives every allocation failure...OK
7571/8732 daemon.raid_shield.test.GAP-O6 shield correlates distinct origins and stays bounded...OK
7572/8732 daemon.helix.prop_checkpoint.test.Helix PROP checkpoint is deterministic complete owned and swap-ready...OK
7573/8732 daemon.helix.prop_checkpoint.test.Helix PROP checkpoint rejects corrupt noncanonical and impossible wires before publication...OK
7574/8732 daemon.helix.prop_checkpoint.test.Helix PROP checkpoint has no property-store-derived clock row cap...OK
7575/8732 daemon.helix.prop_checkpoint.test.Helix PROP checkpoint encode validates maps signatures and HLC exhaustion...OK
7576/8732 daemon.helix.prop_checkpoint.test.Helix PROP checkpoint encode and decode exhaust allocation failures...OK
7577/8732 daemon.helix.prop_checkpoint.test.Helix PROP durable candidate purges legacy devices and overlays facts atomically...OK
7578/8732 daemon.helix.prop_checkpoint.test.E5E1 hot candidate purges identity authority except exact local signed canonical rows and tombstones...OK
7579/8732 daemon.helix.prop_checkpoint.test.Helix PROP durable candidate supports purge-only and rejects authority mismatch...OK
7580/8732 daemon.helix.prop_checkpoint.test.Helix PROP durable candidate rejects owner mismatch without mutating base...OK
7581/8732 daemon.helix.prop_checkpoint.test.Helix PROP durable candidate exhausts allocation failures without mutating inputs...OK
7582/8732 daemon.helix.prop_checkpoint.test.Helix PROP durable candidate distinguishes true row capacity from allocator OOM...OK
7583/8732 daemon.account_abuse.test.GAP-D4 account score is independent of a fresh connection bucket...OK
7584/8732 daemon.session_drop_tx.test.journal owns folded account target and secret-free generational control...OK
7585/8732 daemon.session_drop_tx.test.final-row state machine rejects skipped phases and publishes once...OK
7586/8732 daemon.session_drop_tx.test.successor state machine requires both exact reservations...OK
7587/8732 daemon.session_drop_tx.test.failed Store CAS aborts committing work only before linearization...OK
7588/8732 daemon.session_drop_tx.test.abort result is consumable before distributed cleanup and first cause wins...OK
7589/8732 daemon.session_drop_tx.test.deadline expires only precommit work and boundary is inclusive...OK
7590/8732 daemon.session_drop_tx.test.reap securely erases entry and late generation cannot reach reused slot...OK
7591/8732 daemon.session_drop_tx.test.journal capacity is exact and active id snapshot is bounded...OK
7592/8732 daemon.session_drop_tx.test.begin rejects invalid identities and oversized inline text without admission...OK
7593/8732 daemon.helix.session_migrate.test.migration capsule encode/decode round-trips...OK
7594/8732 daemon.helix.session_migrate.test.migration capsule encoding is leak-free across every allocation failure...OK
7595/8732 daemon.helix.session_migrate.test.consumption tombstone wire round-trips exactly...OK
7596/8732 daemon.helix.session_migrate.test.decode rejects truncated input...OK
7597/8732 daemon.helix.session_migrate.test.PendingMigrations stores, finds, and consumes by token...OK
7598/8732 daemon.helix.session_migrate.test.put replaces an existing token snapshot without leaking...OK
7599/8732 daemon.helix.session_migrate.test.put replacement preserves exact prior state at every allocation failure...OK
7600/8732 daemon.helix.session_migrate.test.signed offer epoch rejects replay and stale replacement per token...OK
7601/8732 daemon.helix.session_migrate.test.staging rejects invalid clocks and replica origins before allocation or mutation...OK
7602/8732 daemon.helix.session_migrate.test.put fails closed at max_entries; a replacement of an existing token still succeeds...OK
7603/8732 daemon.helix.session_migrate.test.per-account staging cap cannot evict another account...OK
7604/8732 daemon.helix.session_migrate.test.consumption tombstone blocks late migration resurrection and expires...OK
7605/8732 daemon.helix.session_migrate.test.consumption tombstones never exceed their configured capacity...OK
7606/8732 daemon.helix.session_migrate.test.verified reusable-session offer supersedes a legacy consumption tombstone...OK
7607/8732 daemon.helix.session_migrate.test.legacy consume and signed reactivation are retryable at every allocation failure...OK
7608/8732 daemon.helix.session_migrate.test.v2 reconnect projection publication is retryable at every allocation failure...OK
7609/8732 daemon.helix.session_migrate.test.sweep evicts entries past the TTL and keeps fresh ones...OK
7610/8732 daemon.helix.session_migrate.test.v2 projection supersedes legacy and legacy can never downgrade it...OK
7611/8732 daemon.helix.session_migrate.test.v2 projection follows Store fallback when a higher origin disappears...OK
7612/8732 daemon.helix.session_migrate.test.pending migration upgrade checkpoint preserves legacy replay and v2 ordering...OK
7613/8732 daemon.helix.session_migrate.test.pending migration upgrade checkpoint preserves bounded monotonic age...OK
7614/8732 daemon.helix.session_migrate.test.pending migration upgrade checkpoint rejects corruption truncation trailing and duplicate state...OK
7615/8732 daemon.helix.session_migrate.test.pending migration upgrade checkpoint encode restore and replace survive every allocation failure...OK
7616/8732 daemon.helix.session_migrate.test.end-to-end: origin prepare -> session_migrate wrap -> target accept -> PendingMigrations -> reclaim consume...OK
7617/8732 daemon.helix.session_migrate.test.end-to-end: target rejects a capsule signed by the wrong key (no staging)...OK
7618/8732 daemon.helix.session_migrate.test.a staged entry rides a Helix .pending_migration capsule across USR2 (round-trip)...OK
7619/8732 daemon.helix.session_migrate.test.adopting a truncated .pending_migration payload fails closed (tolerant decode)...OK
7620/8732 daemon.helix.session_replica.test.session replica revision comparison is a deterministic total order...OK
7621/8732 daemon.helix.session_replica.test.session replica attachment lease round-trips and tampering fails closed...OK
7622/8732 daemon.helix.session_replica.test.session replica attachment lease makes retained OFFER liveness explicit and ordered...OK
7623/8732 daemon.helix.session_replica.test.session replica attachment lease conflict and allocation failure stay fail closed...OK
7624/8732 daemon.helix.session_replica.test.session replica attachment lease replay floor rejects older live lease after newer expiry...OK
7625/8732 daemon.helix.session_replica.test.DST GAP-A10 late attachment lease stays present until the session TTL...OK
7626/8732 daemon.helix.session_replica.test.session replica attachment lease conflict floor survives unequal expiry replay...OK
7627/8732 daemon.helix.session_replica.test.session replica attachment lease conflict witnesses replay fail closed to a fresh store...OK
7628/8732 daemon.helix.session_replica.test.session replica attachment lease conflict OOM checkpoint remains denied and recovers witness...OK
7629/8732 daemon.helix.session_replica.test.session replica signed OFFER upsert round-trips and verifies...OK
7630/8732 daemon.helix.session_replica.test.session replica OFFER rejects non-canonical mesh-clock revisions...OK
7631/8732 daemon.helix.session_replica.test.session replica portable snapshot fits transport and boundary plus one rejects...OK
7632/8732 daemon.helix.session_replica.test.session replica signed OFFER remove round-trips and canonical shape is enforced...OK
7633/8732 daemon.helix.session_replica.test.session replica OFFER rejects signer-origin mismatch tampering truncation and trailing bytes...OK
7634/8732 daemon.helix.session_replica.test.session replica OFFER decode rejects invalid operation and oversized declared fields...OK
7635/8732 daemon.helix.session_replica.test.session replica signed ACK round-trips verifies and rejects tampering...OK
7636/8732 daemon.helix.session_replica.test.session replica ACK rejects non-canonical offered and observed revisions...OK
7637/8732 daemon.helix.session_replica.test.session replica ACK signer must self-certify ack node and wire has no trailing tolerance...OK
7638/8732 daemon.helix.session_replica.test.session replica every single-byte OFFER and ACK corruption fails closed...OK
7639/8732 daemon.helix.session_replica.test.session replica store distinguishes duplicate conflict stale and supersede without mutation leaks...OK
7640/8732 daemon.helix.session_replica.test.session replica cross-node equal-clock origins coexist and best identity is deterministic...OK
7641/8732 daemon.helix.session_replica.test.session replica A B C attachments preserve independent origins paths and removal...OK
7642/8732 daemon.helix.session_replica.test.session replica retained canonical wire replays OFFER and REVOKE after origin loss...OK
7643/8732 daemon.helix.session_replica.test.session replica retained enumeration is bounded across concurrent origins...OK
7644/8732 daemon.helix.session_replica.test.session replica retained value cursor survives 182 objects replacement and rehash...OK
7645/8732 daemon.helix.session_replica.test.session replica retained value cursor orders all kinds and conflict witnesses...OK
7646/8732 daemon.helix.session_replica.test.session replica live token pages are unique stable and fair after cursor disappearance...OK
7647/8732 daemon.helix.session_replica.test.session replica stored token and live origin pages preserve expiry cleanup keys...OK
7648/8732 daemon.helix.session_replica.test.session replica authority token pages include revoke and quarantine retry keys...OK
7649/8732 daemon.helix.session_replica.test.session replica nick revisions evolve until account conflict quarantines the token...OK
7650/8732 daemon.helix.session_replica.test.session replica cross-origin account permutations converge on portable quarantine evidence...OK
7651/8732 daemon.helix.session_replica.test.session replica all lifecycle arrival permutations converge after a higher revision...OK
7652/8732 daemon.helix.session_replica.test.session replica all A B C authority permutations converge independently...OK
7653/8732 daemon.helix.session_replica.test.session replica remove creates a bounded tombstone blocks replay and yields to a newer upsert...OK
7654/8732 daemon.helix.session_replica.test.session replica same revision remove versus upsert picks deterministic digest...OK
7655/8732 daemon.helix.session_replica.test.session replica equivocation permutations retain the same canonical winner...OK
7656/8732 daemon.helix.session_replica.test.session replica entry route and tombstone bounds fail closed...OK
7657/8732 daemon.helix.session_replica.test.session replica store rejects expired overlong and far-future offers without mutation...OK
7658/8732 daemon.helix.session_replica.test.session replica signed ACK is authenticated receipt metadata and never a route...OK
7659/8732 daemon.helix.session_replica.test.session replica ACK ignores route capacity and rejects expiry and revision mismatch...OK
7660/8732 daemon.helix.session_replica.test.session replica line and triangle reflections never create OFFER or ACK route loops...OK
7661/8732 daemon.helix.session_replica.test.session replica peer loss drops the pinned route and old revision cannot reparent...OK
7662/8732 daemon.helix.session_replica.test.session replica sweep expires entries routes and tombstones at their exact boundaries...OK
7663/8732 daemon.helix.session_replica.test.session replica sweep removes only the expired origin and its paths...OK
7664/8732 daemon.helix.session_replica.test.session replica routesInto reports bounded route values...OK
7665/8732 daemon.helix.session_replica.test.session replica insertion is leak-clean at every allocation failure...OK
7666/8732 daemon.helix.session_replica.test.session replica concurrent origin insertion is transactional at every allocation failure...OK
7667/8732 daemon.helix.session_replica.test.session replica hot lookups cover max origins without allocation and filter expiry...OK
7668/8732 daemon.helix.session_replica.test.session replica unique origin nick lookup is live ambiguity and quarantine safe...OK
7669/8732 daemon.helix.session_replica.test.session replica retained REVOKE replacement is transactional at every allocation failure...OK
7670/8732 daemon.helix.session_replica.test.session replica deterministic equivocation replacement is transactional at every allocation failure...OK
7671/8732 daemon.helix.session_replica.test.session replica account quarantine is fail-closed at every allocation failure...OK
7672/8732 daemon.helix.session_replica.test.session replica upgrade checkpoint preserves exact authority and deny state without routes...OK
7673/8732 daemon.helix.session_replica.test.session replica upgrade checkpoint v2 preserves attachment leases and accepts v1...OK
7674/8732 daemon.helix.session_replica.test.session replica upgrade checkpoint strictly rejects truncation corruption duplicates and excess capacity...OK
7675/8732 daemon.helix.session_replica.test.session replica upgrade checkpoint replacement is atomic under capacity corruption and OOM...OK
7676/8732 daemon.helix.session_replica.test.session replica upgrade checkpoint sweeps at restore time and tolerates wall rollback...OK
7677/8732 daemon.helix.session_replica.test.session replica upgrade checkpoint restore is leak-free at every allocation failure...OK
7678/8732 daemon.helix.session_replica.test.session replica max authority revision scans entries tombstones quarantine and fallback rows...OK
7679/8732 daemon.event_history.test.EventStats counts per category, per severity, and total...OK
7680/8732 daemon.event_history.test.legacy record preserves append and eviction behavior without stable ids...OK
7681/8732 daemon.event_history.test.collect filters by category and minimum severity...OK
7682/8732 daemon.event_history.test.stable event ingestion is exact-once and non-inserts are byte-exact...OK
7683/8732 daemon.event_history.test.stable event ingestion preserves the bounded eviction window...OK
7684/8732 daemon.event_history.test.stable event ingestion serializes concurrent duplicates and equivocations...OK
7685/8732 daemon.event_history.test.current checkpoint preserves stable ids and legacy identity absence exactly...OK
7686/8732 daemon.event_history.test.zero stable id remains distinct from a legacy row without identity...OK
7687/8732 daemon.event_history.test.current checkpoint rejects repeated stable ids and noncanonical identity fields...OK
7688/8732 daemon.event_history.test.legacy v1 cold-load migration is explicit and never invents stable ids...OK
7689/8732 daemon.event_history.test.snapshot round-trips oldest-first and survives reload...OK
7690/8732 daemon.event_history.test.checkpoint stages independently and publishes without moving the live mutex...OK
7691/8732 daemon.event_history.test.checkpoint serialization is allocation-failure safe and unlocks the ring...OK
7692/8732 daemon.event_history.test.checkpoint parse failures never partially mutate prior live state...OK
7693/8732 daemon.event_history.test.checkpoint rejects non-exact oversized event fields without mutation...OK
7694/8732 daemon.event_history.test.checkpoint into a smaller ring retains the newest complete rows...OK
7695/8732 daemon.event_history.test.Helix checkpoint refuses truncation but accepts a complete fitting image...OK
7696/8732 daemon.event_collapse.test.admit delivers up to the threshold then suppresses identical low-sev events...OK
7697/8732 daemon.event_collapse.test.severity >= warn is never collapsed...OK
7698/8732 daemon.event_collapse.test.distinct messages collapse independently...OK
7699/8732 daemon.event_collapse.test.flush summarizes an elapsed window with suppressed events, then clears it...OK
7700/8732 daemon.helix.bot_grant_snapshot.test.bot grant snapshot round trip skips expired and keeps the account...OK
7701/8732 daemon.helix.thread_snapshot.test.GAP-P1 thread snapshot round trip keeps a stable id and drops the oldest reply...OK
7702/8732 daemon.helix.schedule_snapshot.test.GAP-P3 schedule snapshot round trip keeps a fired job from firing again...OK
7703/8732 daemon.ringlane.test.GAP-X2 ringlane submission identity round-trips and completions keep their flags...OK
7704/8732 crypto.tls_server.test.loopback: tls_client completes a handshake against tls_server + app data both ways...OK
7705/8732 crypto.tls_server.test.loopback: ECH — server opens the ClientHelloInner and both derive off the inner (roadmap 5.1)...OK
7706/8732 crypto.tls_server.test.loopback: a no-ECH ClientHello against an ECH-configured server takes the normal path...OK
7707/8732 crypto.tls_server.test.GAP-K6 enforce_cert_signature_algorithms stays off until an operator sets it...OK
7708/8732 crypto.tls_server.test.GAP-K6 a server without a presented credential mints nothing...OK
7709/8732 crypto.tls_server.test.GAP-K6 ECH×HRR: server FAILS CLOSED when an accepted inner would require a HelloRetryRequest...OK
7710/8732 crypto.tls_server.test.GAP-K6 ECH×HRR: an ECH-active client FAILS CLOSED on receiving a HelloRetryRequest...OK
7711/8732 crypto.tls_server.test.ECH×HRR: the fail-closed guard does not disturb a normal (non-accepted) HRR...OK
7712/8732 crypto.tls_server.test.loopback: ECH with an unknown config_id falls back to the ClientHelloOuter (no abort)...OK
7713/8732 crypto.tls_server.test.loopback: ECH rejection delivers retry_configs the client captures (draft §7.1)...OK
7714/8732 crypto.tls_server.test.loopback: a non-ECH client against a retry-configured server is not treated as an ECH offer...OK
7715/8732 crypto.tls_server.test.loopback: an accepted ECH handshake exposes no retry_configs...OK
7716/8732 crypto.tls_server.test.init rejects an ech_keys entry whose private key mismatches the ECHConfig...OK
7717/8732 crypto.tls_server.test.locateOuterEch parses an outer ECH extension and rejects absent/truncated ones...OK
7718/8732 crypto.tls_server.test.loopback: record_size_limit negotiated + fragments outbound records (RFC 8449)...OK
7719/8732 crypto.tls_server.test.loopback: X25519MLKEM768 post-quantum hybrid handshake (client offer + server encaps)...OK
7720/8732 crypto.tls_server.test.OCSP staple: leaf CertificateEntry carries status_request when client asked + staple set...OK
7721/8732 crypto.tls_server.test.delegated_credential: loopback — server presents a DC and the client completes under the DC key...OK
7722/8732 crypto.tls_server.test.delegated_credential: presented only when accepted; byte-identical when off; DC key signs CertVerify...OK
7723/8732 crypto.tls_server.test.delegated_credential: not presented for an SNI-selected certificate...OK
7724/8732 crypto.tls_server.test.delegated_credential: init rejects a malformed or mismatched DC config...OK
7725/8732 crypto.tls_server.test.loopback: exportResume/resumeConnected carries a live session across Server instances...OK
7726/8732 crypto.tls_server.test.loopback: TLS 1.3 PSK-DHE session resumption and binder tamper fallback...OK
7727/8732 crypto.tls_server.test.loopback: TLS 1.3 PSK-DHE resumption accepts 0-RTT early data...OK
7728/8732 crypto.tls_server.test.loopback: an expired resumption ticket is rejected (lifetime enforced)...OK
7729/8732 crypto.tls_server.test.exploit: an over-long ticket_lifetime cannot breach the RFC 8446 4.6.1 ceiling...OK
7730/8732 crypto.tls_server.test.GAP-K17 a ticket dies with the lifetime sealed at mint...GAP-K17 branch=a ticket dies with the lifetime sealed at mint
OK
7731/8732 crypto.tls_server.test.0-RTT freshness window: in-window age is accepted...OK
7732/8732 crypto.tls_server.test.0-RTT freshness window: a reported age far below the measured elapsed is refused...OK
7733/8732 crypto.tls_server.test.0-RTT freshness window: a reported age far above the measured elapsed is refused...OK
7734/8732 crypto.tls_server.test.0-RTT freshness window: exactly at the skew boundary is accepted, one ms past is refused...OK
7735/8732 crypto.tls_server.test.0-RTT freshness window: no server clock refuses early data and completes 1-RTT...OK
7736/8732 crypto.tls_server.test.loopback: a replayed 0-RTT ClientHello is resumed but its early data refused...OK
7737/8732 crypto.tls_server.test.loopback: rejected 0-RTT early data beyond the fixed discard ceiling fails closed (F3)...OK
7738/8732 crypto.tls_server.test.loopback: TLS 1.3 PSK-DHE resumption rejects 0-RTT when sealed ticket limit is zero...OK
7739/8732 crypto.tls_server.test.GAP-K18 turning 0-RTT off binds tickets already sealed with a limit...GAP-K18 branch=turning 0-RTT off binds tickets already sealed with a limit
OK
7740/8732 crypto.tls_server.test.buildTicketExtensions omits early_data when 0-RTT disabled (BoringSSL regression)...OK
7741/8732 crypto.tls_server.test.EncryptedExtensions omit record_size_limit + early_data when client offered neither (BoringSSL regression)...OK
7742/8732 crypto.tls_server.test.loopback: fresh (non-0-RTT) handshake with tickets on but 0-RTT off issues an early_data-free ticket...OK
7743/8732 crypto.tls_server.test.loopback: tls_client completes a handshake against tls_server with ECDSA-P256 leaf...OK
7744/8732 crypto.tls_server.test.loopback: tls_client completes a handshake against tls_server with RSA leaf...OK
7745/8732 crypto.tls_server.test.loopback: handshake completes over TLS_AES_256_GCM_SHA384 (SHA-384 schedule)...OK
7746/8732 crypto.tls_server.test.loopback: handshake completes over secp256r1 key exchange...OK
7747/8732 crypto.tls_server.test.loopback: server HelloRetryRequest recovers a client that withheld key_shares...OK
7748/8732 crypto.tls_server.test.server rejects a ClientHello2 whose SNI differs from ClientHello1 (RFC 8446 §4.1.2)...OK
7749/8732 crypto.tls_server.test.client-flight message with an oversized declared length is rejected without buffering it all (F2)...OK
7750/8732 crypto.tls_server.test.processClientHello rejects a ClientHello with a duplicate extension type (RFC 8446 §4.2)...OK
7751/8732 crypto.tls_server.test.sniDigest / sniDigestEql: presence and byte-exact equality...OK
7752/8732 crypto.tls_server.test.init rejects a signing key whose type mismatches the leaf public key...OK
7753/8732 crypto.tls_server.test.alertDescriptionForError maps handshake errors to RFC 8446 §6 codes...OK
7754/8732 crypto.tls_server.test.takeAlert emits a fatal plaintext alert only before the ServerHello...OK
7755/8732 crypto.tls_server.test.takeAlert seals an ENCRYPTED fatal alert for post-ServerHello handshake errors...OK
7756/8732 crypto.tls_server.test.TLS 1.3 post-handshake: server rejects non-KeyUpdate messages, empty and truncated fragments (fail-closed)...OK
7757/8732 crypto.tls_server.test.exploit: TLS 1.3 post-handshake coalesced KeyUpdate flood in one record is rejected...OK
7758/8732 crypto.tls_server.test.loopback: RFC 8879 cert compression — server sends CompressedCertificate, client inflates...OK
7759/8732 crypto.tls_server.test.loopback: RFC 7250 raw public key — server presents a bare SPKI, client accepts (Ed25519)...OK
7760/8732 crypto.tls_server.test.loopback: RFC 7250 raw public key — ECDSA-P256 leaf SPKI matches the ECDSA signing key...OK
7761/8732 crypto.tls_server.test.loopback: RFC 7250 raw public key — RSA-2048 leaf SPKI, CertificateVerify is RSA-PSS...OK
7762/8732 crypto.tls_server.test.RFC 7250 default-off: EncryptedExtensions + X.509 Certificate stay byte-identical...OK
7763/8732 crypto.tls_server.test.RFC 7250 negotiated: EncryptedExtensions echoes server_certificate_type and the Certificate is a bare SPKI...OK
7764/8732 crypto.tls_server.test.RFC 7250 × RFC 9345: co-enabled RPK wins, DC is suppressed, handshake completes under the leaf key...OK
7765/8732 crypto.tls_server.test.serverNameMatches: exact, case-insensitive, and single-label wildcard...OK
7766/8732 crypto.tls_server.test.GAP-K6 loopback: SNI selects the matching certificate among multiple...OK
7767/8732 crypto.tls_server.test.loopback: client rejects an expired server certificate when a clock is supplied...OK
7768/8732 crypto.tls_server.test.loopback: post-handshake KeyUpdate rotates keys both directions...OK
7769/8732 crypto.tls_server.test.mTLS: server requests + verifies a client cert and exposes its leaf DER...OK
7770/8732 crypto.tls_server.test.mTLS: RFC 7250 client raw public key completes and exposes SPKI identity...OK
7771/8732 crypto.tls_server.test.mTLS: RFC 7250 client raw public key rejects X.509 certificate bytes...OK
7772/8732 crypto.tls_server.test.mTLS: a declining client still completes with no client cert...OK
7773/8732 crypto.tls_server.test.mTLS: CertificateRequest wire encoding is exact (RFC 8446 §4.3.2)...OK
7774/8732 crypto.tls_server.test.clientKeyFromCert parses an RSA-2048 leaf SPKI into modulus/exponent...OK
7775/8732 crypto.tls_server.test.mTLS: ECDSA P-256 client cert completes and exposes leaf + CertFP...OK
7776/8732 crypto.tls_server.test.mTLS: RSA client cert completes and exposes leaf + CertFP...OK
7777/8732 crypto.tls_server.test_0...OK
7778/8732 crypto.tls_server.test.gnutls-cli interop: RSA-2048 leaf TLS 1.3 handshake (CertificateVerify accepted)...SKIP
7779/8732 crypto.tls_server.test.exploit: an unknown record content type is rejected instead of buffered forever...OK
7780/8732 crypto.tls_server.test.exploit: a record declaring more than 2^14+256 is rejected at the framing layer...OK
7781/8732 crypto.tls_server.test.exploit: a change_cipher_spec flood cannot hold a pre-handshake connection open...OK
7782/8732 crypto.tls_server.test.exploit: a change_cipher_spec with an illegal body is rejected...OK
7783/8732 crypto.tls_server.test.exploit: a legitimate CCS-prefixed handshake still completes (no regression)...OK
7784/8732 crypto.tls_server.test.exploit: a truncated ClientHello never completes and never traps...OK
7785/8732 crypto.tls_server.test.exploit: a plaintext handshake record where an encrypted one is required is rejected...OK
7786/8732 crypto.tls_server.test.GAP-K10 a second 0-RTT flight is rejected without a ReplayGuard...GAP-K10 branch=a second 0-RTT flight is rejected without a ReplayGuard
OK
7787/8732 crypto.tls_server.test.GAP-K13 an application record after the last sequence fails closed...GAP-K13 branch=an application record after the last sequence fails closed
OK
7788/8732 crypto.totp.test.RFC 4226 HOTP test vectors...OK
7789/8732 crypto.totp.test.RFC 6238 TOTP SHA1 SHA256 SHA512 test vectors...OK
7790/8732 crypto.totp.test.verify accepts codes inside skew window and rejects outside...OK
7791/8732 crypto.totp.test.base32 decode RFC 4648 padding and lowercase...OK
7792/8732 crypto.totp.test.base32 rejects invalid padding and symbols...OK
7793/8732 crypto.totp.test.digit truncation supports six and eight digit output...OK
7794/8732 daemon.session_sid.test.sid is 128-bit physical stable attachment identity...OK
7795/8732 daemon.session_sid.test.complete cache preserves more than 64 rows and exact physical identity...OK
7796/8732 daemon.session_sid.test.invalidating a cached ordinal zeroes its selector without reindexing later rows...OK
7797/8732 daemon.session_sid.test.shared-token siblings are distinct by attachment and SID collisions fail closed...OK
7798/8732 daemon.helix.ws_snapshot.test.ws snapshot v3 round-trips fd flags partial state and subprotocol...OK
7799/8732 daemon.helix.ws_snapshot.test.ws snapshot v3 with empty partials and legacy protocol round-trips...OK
7800/8732 daemon.helix.ws_snapshot.test.cross-version: a v1 capsule decodes with empty partial state...OK
7801/8732 daemon.helix.ws_snapshot.test.ws snapshot carries a not-open marker distinctly...OK
7802/8732 daemon.helix.ws_snapshot.test.decode rejects truncation and unknown versions...OK
7803/8732 daemon.helix.ws_snapshot.test.decode rejects reserved flags and trailing bytes...OK
7804/8732 daemon.helix.ws_snapshot.test.ws decodeCurrent requires an open v3 adapter...OK
7805/8732 daemon.helix.ws_snapshot.test.cross-version v2 cold decode defaults to legacy no subprotocol...OK
7806/8732 daemon.helix.ws_snapshot.test.ws snapshot v3 rejects invalid subprotocol discriminator...OK
7807/8732 daemon.helix.ws_snapshot.test.ws decodeCurrent accepts strict partial frames and canonical state relations...OK
7808/8732 daemon.helix.ws_snapshot.test.ws decodeCurrent rejects complete invalid and impossible deframer state...OK
7809/8732 daemon.helix.ws_snapshot.test.ws decodeCurrent rejects drained LF in tx while preserving trailing CR...OK
7810/8732 daemon.helix.ws_snapshot.test.ws decodeCurrent rejects every prefix and is allocation-free...OK
7811/8732 crypto.tls12_server.test.GAP-K13 an application record after the last sequence fails closed...GAP-K13 branch=an application record after the last sequence fails closed
OK
7812/8732 crypto.tls12_server.test.TLS 1.2 server fragments a flight larger than 16 KiB across multiple records (F6, large cert chain)...OK
7813/8732 crypto.tls12_server.test.TLS 1.2 ServerHello.random carries the RFC 8446 downgrade sentinel...OK
7814/8732 crypto.tls12_server.test.TLS 1.2 CertificateRequest wire format (mTLS)...OK
7815/8732 crypto.tls12_server.test.TLS 1.2 clientKeyFromCert parses RSA and ECDSA P-256 leaves...OK
7816/8732 crypto.tls12_server.test.TLS 1.2 mTLS: ECDSA P-256 client cert completes and exposes leaf + CertFP...OK
7817/8732 crypto.tls12_server.test.TLS 1.2 mTLS: RSA client cert completes and exposes leaf + CertFP...OK
7818/8732 crypto.tls12_server.test.TLS 1.2 mTLS: client may decline (empty Certificate) and still connect...OK
7819/8732 crypto.tls12_server.test.TLS 1.2 mTLS: tampered client CertificateVerify is rejected, no certfp exposed...OK
7820/8732 crypto.tls12_server.test.TLS 1.2 loopback ECDHE ECDSA AES-128-GCM...OK
7821/8732 crypto.tls12_server.test.TLS 1.2 loopback ECDHE ECDSA AES-256-GCM-SHA384...OK
7822/8732 crypto.tls12_server.test.TLS 1.2 loopback: record_size_limit negotiated + fragments outbound records (RFC 8449)...OK
7823/8732 crypto.tls12_server.test.TLS 1.2 server rejects an out-of-range record_size_limit (RFC 8449)...OK
7824/8732 crypto.tls12_server.test.TLS 1.2 exportResume/resumeConnected carries a live session across Server instances...OK
7825/8732 crypto.tls12_server.test.TLS 1.2 loopback ECDHE ECDSA ChaCha20-Poly1305...OK
7826/8732 crypto.tls12_server.test.TLS 1.2 loopback ECDHE RSA AES-128-GCM...OK
7827/8732 crypto.tls12_server.test.TLS 1.2 tampered encrypted Finished is rejected...OK
7828/8732 crypto.tls12_server.test.TLS 1.2 full handshake with tickets enabled issues a NewSessionTicket...OK
7829/8732 crypto.tls12_server.test.TLS 1.2 presenting a ticket performs the abbreviated handshake and exchanges app data...OK
7830/8732 crypto.tls12_server.test.TLS 1.2 takeAlert emits a PLAINTEXT fatal alert before the server ChangeCipherSpec...OK
7831/8732 crypto.tls12_server.test.TLS 1.2 takeAlert seals an ENCRYPTED fatal alert after the resumed server ChangeCipherSpec...OK
7832/8732 crypto.tls12_server.test.TLS 1.2 tampered ticket falls back to a full handshake and still connects...OK
7833/8732 crypto.tls12_server.test.TLS 1.2 expired ticket falls back to a full handshake...OK
7834/8732 crypto.tls12_server.test.TLS 1.2 ticket resumption is refused when the server has no clock (now_unix_seconds == 0)...OK
7835/8732 crypto.tls12_server.test.TLS 1.2 replayed ticket falls back to a full handshake (replay guard refuses fast path)...OK
7836/8732 crypto.tls12_server.test.TLS 1.2 tickets disabled issues no ticket and leaves the transcript unchanged...OK
7837/8732 crypto.tls12_server.test.tls12 EMS: default loopback negotiates extended master secret on the wire...OK
7838/8732 crypto.tls12_server.test.tls12 EMS required: a legacy ClientHello without the extension is rejected, alert = handshake_failure...OK
7839/8732 crypto.tls12_server.test.tls12 EMS optional: with the requirement loosened a non-EMS client completes via classic derivation...OK
7840/8732 crypto.tls12_server.test.tls12 weak cipher suites offered alone are rejected (no RSA-kx / CBC / 3DES / RC4 / NULL)...OK
7841/8732 crypto.tls12_server.test.tls12 FALLBACK_SCSV in a 1.2 ClientHello aborts with inappropriate_fallback (RFC 7507)...OK
7842/8732 crypto.tls12_server.test.tls12 renegotiation_info: a non-empty renegotiated_connection in the initial ClientHello is rejected...OK
7843/8732 crypto.tls12_server.test.tls12 compression: a ClientHello without null compression is rejected (CRIME closed)...OK
7844/8732 crypto.tls12_server.test.tls12 malformed handshake bytes yield typed errors, never a crash...OK
7845/8732 crypto.tls12_server.test.tls12 EMS ticket binding: non-EMS sessions get no ticket and a non-EMS resume falls back to a full handshake...OK
7846/8732 crypto.ecdh_p256.test.two key pairs derive the same shared secret...OK
7847/8732 crypto.ecdh_p256.test.deterministic key generation is reproducible...OK
7848/8732 crypto.ecdh_p256.test.deterministic key pairs still perform valid ECDH...OK
7849/8732 crypto.ecdh_p256.test.generated public key is uncompressed SEC1 form...OK
7850/8732 crypto.ecdh_p256.test.parsePoint rejects an invalid prefix byte...OK
7851/8732 crypto.ecdh_p256.test.parsePoint rejects an off-curve point...OK
7852/8732 crypto.ecdh_p256.test.parsePoint rejects the identity element...OK
7853/8732 crypto.ecdh_p256.test.parsePoint accepts a well-formed point...OK
7854/8732 crypto.ecdh_p256.test.shared secret is the 32-byte X coordinate of the product point...OK
7855/8732 crypto.ecdh_p256.test.sharedSecret rejects a zero scalar...OK
7856/8732 crypto.tls_record.test.seal/open round-trip...OK
7857/8732 crypto.tls_record.test.nonce derivation xors write_iv with sequence number...OK
7858/8732 crypto.tls_record.test.tamper detection rejects modified ciphertext and tag...OK
7859/8732 crypto.tls_record.test.padding strip returns content before type byte...OK
7860/8732 crypto.tls_record.test.exploit: record header declaring more than 2^14+256 is rejected...OK
7861/8732 crypto.tls_record.test.exploit: record length disagreeing with the delivered byte count is rejected...OK
7862/8732 crypto.tls_record.test.exploit: record with a non-application_data outer type is rejected...OK
7863/8732 crypto.tls_record.test.exploit: record with a forged legacy version is rejected...OK
7864/8732 crypto.tls_record.test.exploit: a record shorter than the AEAD tag is rejected before any open...OK
7865/8732 crypto.tls_record.test.exploit: an all-zero inner plaintext (padding with no content type) is rejected...OK
7866/8732 crypto.tls_record.test.exploit: change_cipher_spec smuggled as an inner content type is rejected...OK
7867/8732 crypto.tls_record.test.exploit: the sequence number is AEAD-bound — replaying a record at another seq fails...OK
7868/8732 crypto.tls_record.test.exploit: distinct sequence numbers never collide onto one nonce...OK
7869/8732 crypto.tls_record.test.exploit: a truncated record does not open...OK
7870/8732 crypto.tls_record.test.exploit: oversized plaintext and inner-plaintext are refused by the encoder...OK
7871/8732 crypto.tls_record.test.exploit: an inner plaintext whose content exceeds 2^14 is rejected after decrypt...OK
7872/8732 crypto.tls_record.test.exploit: peer-advertised record_size_limit can never widen our records...OK
7873/8732 crypto.tls_record.test_0...OK
7874/8732 crypto.tls12.test.completeRecord accepts the legacy ClientHello record version...OK
7875/8732 crypto.tls12.test.TLS 1.2 SHA-256 PRF RFC vector...OK
7876/8732 crypto.tls12.test.tls12 EMS derivation matches an independent P_hash implementation (RFC 7627 KAT)...OK
7877/8732 crypto.tls12.test.TLS 1.2 AEAD record round trips GCM and ChaCha...OK
7878/8732 daemon.reactor_backend.test.reactor facade preserves original cancellation identity and canonical errors...OK
7879/8732 daemon.reactor_backend.test.reactor facade keeps later copied original completions in cancellation custody...OK
7880/8732 crypto.mooring_session.test.session drives the AKE and both sides bridge to matching short ids...OK
7881/8732 crypto.mooring_session.test.established keys are crossed (initiator send == responder recv)...OK
7882/8732 crypto.mooring_session.test.calling open on a responder is rejected...OK
7883/8732 crypto.mooring_session.test.a tampered M2 fails the initiator and leaves it unestablished...OK
7884/8732 daemon.helix.migration_relay.test.origin.prepare -> target.accept round-trips a snapshot...OK
7885/8732 daemon.helix.migration_relay.test.portable migration outer account is bounded at every codec boundary...OK
7886/8732 daemon.helix.migration_relay.test.accept rejects a forged token signed by the wrong key...OK
7887/8732 daemon.helix.migration_relay.test.accept rejects a tampered token whose bytes were mutated in flight...OK
7888/8732 daemon.helix.migration_relay.test.policy/journal reject a replayed duplicate migration...OK
7889/8732 daemon.helix.migration_relay.test.migration account policy and reclaim authority are ASCII-folded...OK
7890/8732 daemon.helix.migration_relay.test.origin prepare is retryable and logically unchanged at every allocation failure...OK
7891/8732 daemon.helix.migration_relay.test.target accept is retryable and logically unchanged at every allocation failure...OK
7892/8732 daemon.helix.migration_relay.test.newer case-variant migration replacement rolls back to prior authority on every OOM...OK
7893/8732 daemon.helix.migration_relay.test.reclaimToken matches only the right account...OK
7894/8732 daemon.helix.migration_relay.test.frame header rejects bad magic, version, and truncation...OK
7895/8732 daemon.helix.migration_relay.test.decodeFrame rejects versions outside [min_frame_version, frame_version] on both sides...OK
7896/8732 daemon.helix.migration_relay.test.snapshot encode/decode round-trips an empty channel list...OK
7897/8732 daemon.helix.migration_relay.test.snapshot encode/decode round-trips the widened identity + state fields...OK
7898/8732 daemon.helix.migration_relay.test.snapshot decode preserves legacy missing optional fields and mode vector...OK
7899/8732 daemon.helix.migration_relay.test.snapshot decode accepts exact daemon field and member-mode bounds...OK
7900/8732 daemon.helix.migration_relay.test.snapshot decode rejects duplicate channels and invalid member bits...OK
7901/8732 daemon.helix.migration_relay.test.snapshot decode rejects overlong scalar and channel fields...OK
7902/8732 daemon.helix.migration_relay.test.snapshot decode rejects non-boolean is_oper and invalid channel syntax...OK
7903/8732 daemon.helix.migration_relay.test.snapshot wire preflight rejects amplification before allocator use...OK
7904/8732 daemon.helix.migration_relay.test.snapshot encode rejects the shared portable wire boundary...OK
7905/8732 daemon.helix.migration_relay.test.near-cap portable snapshot fits relay legacy capsule and S2S frame...OK
7906/8732 daemon.helix.migration_relay.test.snapshot decode is leak-free across every allocation failure...OK
7907/8732 daemon.history_durable.test.GAP-D1 identical history snapshot is allocation-free and divergent history repairs the durable image...OK
7908/8732 daemon.history_durable.test.UPGRADE GAP-D1 history restore is allocation-failure atomic...OK
7909/8732 crypto.tls_client.test.ClientHello record carries SNI, TLS 1.3, suites, and key shares...OK
7910/8732 crypto.tls_client.test.ClientHello advertises OCSP status_request...OK
7911/8732 crypto.tls_client.test.ClientHello omits certificate_type extensions when raw public keys are off (byte-identical gate)...OK
7912/8732 crypto.tls_client.test.ClientHello offers server_certificate_type=[RawPublicKey, X509] when enabled...OK
7913/8732 crypto.tls_client.test.ClientHello offers client_certificate_type=[RawPublicKey, X509] when raw client key is configured...OK
7914/8732 crypto.tls_client.test.raw public key: bare SPKI Certificate sets the leaf key and validates the CertificateVerify signature...OK
7915/8732 crypto.tls_client.test.raw public key OFF: a bare SPKI Certificate is rejected by the X.509 path (no trust bypass)...OK
7916/8732 crypto.tls_client.test.EncryptedExtensions rejects a server_certificate_type we did not offer...OK
7917/8732 crypto.tls_client.test.EncryptedExtensions server_certificate_type selection flips only the negotiated path...OK
7918/8732 crypto.tls_client.test.must_staple leaf without stapled OCSP rejects...OK
7919/8732 crypto.tls_client.test.OCSP staple status decision rejects revoked, unknown, and sibling serial...OK
7920/8732 crypto.tls_client.test.exploit: a present OCSP staple for the wrong serial cannot satisfy must-staple...OK
7921/8732 crypto.tls_client.test.exploit: require_crl fails closed on an unusable CRL instead of ignoring it...OK
7922/8732 crypto.tls_client.test.DNS wildcard matching is single-label only...OK
7923/8732 crypto.tls_client.test.Finished verify detects tampering...OK
7924/8732 crypto.tls_client.test.application record seals and opens with AES-128-GCM...OK
7925/8732 crypto.tls_client.test.decryptApp skips post-handshake handshake records (NewSessionTicket)...OK
7926/8732 crypto.tls_client.test.TLS 1.3 post-handshake: unknown types, empty and truncated fragments are fatal (fail-closed)...OK
7927/8732 crypto.tls_client.test.exploit: TLS 1.3 post-handshake coalesced KeyUpdate flood from the server is rejected...OK
7928/8732 crypto.tls_client.test.TLS 1.3 ServerHello after HRR must keep the HRR cipher suite (RFC 8446 §4.1.4)...OK
7929/8732 crypto.tls_client.test.exploit: a ServerHello after HRR with no key_share never derives traffic secrets...OK
7930/8732 crypto.tls_client.test.TLS 1.3 ServerHello key_share group must be one the ClientHello offered (RFC 8446 §4.2.8)...OK
7931/8732 crypto.tls_client.test.applyToml toggles the tls debug_log flag and restores cleanly...OK
7932/8732 crypto.tls_client.test.HelloRetryRequest: client echoes the cookie, reuses its random, rejects a second HRR...OK
7933/8732 crypto.tls_client.test_0...OK
7934/8732 crypto.tls_client.test.validateCertificateRequest enforces RFC 8446 §4.3.2 framing...OK
7935/8732 crypto.tls_client.test.leaf RSA key survives the hs_plain consume (regression: copied, not borrowed)...OK
7936/8732 crypto.tls_client.test.checkCrlRevocation fail-open: no clock and unparseable CRL never error...OK
7937/8732 crypto.tls_client.test.checkCrlRevocation revokes only a listed serial under an authentic, current CRL...OK
7938/8732 crypto.tls_client.test.checkCrlRevocation fail-open on wrong issuer key or a stale window...OK
7939/8732 crypto.tls_client.test.delegated_credential: ClientHello omits the extension by default and carries it when opted in...OK
7940/8732 crypto.tls_client.test.delegated_credential: a valid DC is accepted and CertificateVerify uses the DC key...OK
7941/8732 crypto.tls_client.test.delegated_credential: CertificateVerify scheme must equal dc_cert_verify_algorithm...OK
7942/8732 crypto.tls_client.test.delegated_credential: absent DC leaves the normal cert-key path (dc_verified_key null)...OK
7943/8732 crypto.tls_client.test.delegated_credential: reject when the leaf lacks the DelegationUsage extension...OK
7944/8732 crypto.tls_client.test.delegated_credential: reject a tampered DC signature...OK
7945/8732 crypto.tls_client.test.delegated_credential: reject an expired credential...OK
7946/8732 crypto.tls_client.test.delegated_credential: accept a large valid_time whose REMAINING lifetime is within 7 days...OK
7947/8732 crypto.tls_client.test.delegated_credential: reject when the REMAINING lifetime exceeds the 7-day maximum...OK
7948/8732 crypto.tls_client.test.delegated_credential: reject when the DC would outlive the delegation certificate...OK
7949/8732 crypto.tls_client.test.delegated_credential: reject a dc_cert_verify_algorithm we did not advertise...OK
7950/8732 crypto.tls_client.test.delegated_credential: reject when no clock is available to enforce the window...OK
7951/8732 crypto.tls_client.test.ECH off (no config) ⇒ ClientHello is the ordinary form: real SNI, no ECH extension...OK
7952/8732 crypto.tls_client.test.ECH with an unsupported-KEM config ⇒ byte-identical off-path (no ECH offered)...OK
7953/8732 crypto.tls_client.test.ECH fail-safe: a malformed ECHConfigList stands down to a plain ClientHello (never aborts start)...OK
7954/8732 crypto.tls_client.test.ECH fail-safe: a KEM-matching config with a wrong-length public key is not offered...OK
7955/8732 crypto.tls_client.test.ECH active ⇒ ClientHelloOuter uses public_name and a config holder opens the real inner...OK
7956/8732 crypto.tls_client.test.ECH + CT: the empty SCT extension rides inside the encrypted ClientHelloInner...OK
7957/8732 crypto.tls_client.test.ECH acceptance signal: client switches to the inner transcript on match, rejects on mismatch...OK
7958/8732 crypto.tls_client.test.verifyEmbeddedScts: reconstruction round-trips and a valid pinned SCT verifies...OK
7959/8732 crypto.tls_client.test.verifyEmbeddedScts: a tampered pinned SCT rejects ONLY under enforcement...OK
7960/8732 crypto.tls_client.test.verifyEmbeddedScts: absent, unpinned, and feature-off cases all pass...OK
7961/8732 crypto.tls_client.test.verifyEmbeddedScts: require_sct enforces a distinct-log presence quorum...OK
7962/8732 crypto.tls_client.test.verifyEmbeddedScts: duplicate-log SCTs cannot satisfy a 2-log quorum...OK
7963/8732 crypto.tls_client.test.verifyEmbeddedScts: require_sct rejects absent and unpinned-only SCTs (mis-issuance gate)...OK
7964/8732 crypto.tls_client.test.verifyEmbeddedScts: require_sct composes with enforce_sct...OK
7965/8732 crypto.tls_client.test.verifyScts: a TLS-extension SCT satisfies the quorum with no embedded SCT...OK
7966/8732 crypto.tls_client.test.verifyScts: embedded and TLS-extension SCTs pool into one distinct-log quorum...OK
7967/8732 crypto.tls_client.test.verifyScts: a tampered TLS-extension SCT rejects ONLY under enforcement...OK
7968/8732 crypto.tls_client.test.verifyScts: TLS-extension SCTs are ignored when the feature is off...OK
7969/8732 crypto.tls_client.test.verifyScts: an OCSP-delivered SCT satisfies the quorum with no embedded/ext-18 SCT...OK
7970/8732 crypto.tls_client.test.verifyScts: embedded, TLS-extension, and OCSP SCTs pool into one distinct-log quorum...OK
7971/8732 crypto.tls_client.test.verifyScts: a tampered OCSP-delivered SCT rejects ONLY under enforcement...OK
7972/8732 crypto.tls_client.test.verifyScts: OCSP-delivered SCTs are ignored when the feature is off...OK
7973/8732 crypto.tls_client.test.Client advertises the SCT extension only when CT logs are pinned...OK
7974/8732 crypto.tls_client.test.Client deep-copies pinned CT logs and frees them (no leak, no dangle)...OK
7975/8732 crypto.tls_client.test.TLS 1.3 client anchors an RSA PKCS#1 SHA-256 self-signed chain (regression)...OK
7976/8732 crypto.tls_client.test.TLS 1.3 client anchors an RSA PKCS#1 SHA-384 self-signed chain (sha384WithRSA)...OK
7977/8732 crypto.tls_client.test.TLS 1.3 client anchors an RSASSA-PSS self-signed chain (params threaded through)...OK
7978/8732 crypto.tls_client.test.TLS 1.3 client anchors an ECDSA P-256 SHA-256 self-signed chain (regression)...OK
7979/8732 crypto.tls_client.test.TLS 1.3 client anchors an ECDSA P-384 SHA-384 self-signed chain (ecdsa-with-SHA384)...OK
7980/8732 crypto.tls_client.test.TLS 1.3 client anchors an Ed25519 self-signed chain (regression)...OK
7981/8732 crypto.tls_client.test.TLS 1.3 client rejects a self-signed chain whose signature byte was flipped (isolates the sig check)...OK
7982/8732 crypto.tls_client.test.TLS 1.3 client rejects a P-384 self-signed chain whose signature byte was flipped...OK
7983/8732 crypto.tls_client.test.TLS 1.3 client rejects a name-constrained CA's cross-domain leaf (F1 control)...OK
7984/8732 crypto.tls_client.test.GAP-K11 a trust anchor's name constraints and path length bind a chain that omits it...GAP-K11 branch=a trust anchor's name constraints and path length bind a chain that omits it
OK
7985/8732 crypto.tls_client.test.GAP-K12 a leaf keyUsage without digitalSignature is rejected before CertificateVerify...GAP-K12 branch=a leaf keyUsage without digitalSignature is rejected before CertificateVerify
OK
7986/8732 crypto.tls_client.test.GAP-K15 an IP literal matches an iPAddress SAN only...GAP-K15 branch=an IP literal matches an iPAddress SAN only
OK
7987/8732 crypto.tls_client.test.GAP-K16 a ticket older than its lifetime or seven days is not offered...GAP-K16 branch=a ticket older than its lifetime or seven days is not offered
OK
7988/8732 crypto.tls_client.test.exploit: a hostile server cannot stall the client with a change_cipher_spec flood...OK
7989/8732 crypto.tls_client.test.exploit: a hostile server cannot stall the client with unknown record types...OK
7990/8732 crypto.tls_client.test.exploit: a server record declaring more than 2^14+256 is rejected by the client...OK
7991/8732 crypto.tls_client.test.exploit: a change_cipher_spec with an illegal body is rejected by the client...OK
7992/8732 crypto.tls_client.test.GAP-K8 an HRR resumption with a correct binder resumes and an omitting binder is rejected...GAP-K8 branch=an HRR resumption binder covers ClientHello1 and the HelloRetryRequest
OK
7993/8732 crypto.tls_client.test.GAP-K9 accepted 0-RTT puts EndOfEarlyData on both transcripts...GAP-K9 branch=accepted 0-RTT puts EndOfEarlyData on both transcripts
OK
7994/8732 crypto.ocsp.test.ocsp parses successful basic response with one good single response...OK
7995/8732 crypto.ocsp.test.sctListFromSingleExtensions mines the OCSP SCT extension and fails closed...OK
7996/8732 crypto.ocsp.test.ocsp rejects malformed outer responses...OK
7997/8732 crypto.ocsp.test.ocsp covers cert status tag bytes...OK
7998/8732 crypto.ocsp.test.ocsp verifyResponseSignature accepts direct issuer Ed25519 signature...OK
7999/8732 crypto.ocsp.test.buildRequest emits a well-formed single-CertID OCSP request...OK
8000/8732 crypto.ocsp.test.buildRequestForCerts derives the CertID from parsed leaf + issuer certs...OK
8001/8732 crypto.ocsp.test.isStapleServable accepts a good, signed, in-window response...OK
8002/8732 crypto.ocsp.test.isStapleServable rejects revoked, wrong-serial, and tampered responses...OK
8003/8732 crypto.ocsp.test.isStapleServable accepts a delegated OCSP responder (issuer-signed + OCSPSigning EKU)...OK
8004/8732 crypto.ocsp.test.isStapleServable rejects a responder cert lacking id-kp-OCSPSigning...OK
8005/8732 crypto.ocsp.test.delegated OCSP: byName + EXPLICIT-byKey accept; ResponderID-mismatch and wrong-signer reject...OK
8006/8732 crypto.ech_seal.test.seal round-trips: a test 'server' opens the ECH payload...OK
8007/8732 crypto.ech_seal.test.seal rejects wrong AAD (bound to ClientHelloOuterAAD)...OK
8008/8732 crypto.ech_seal.test.seal rejects an unsupported HPKE suite config...OK
8009/8732 crypto.ech_seal.test.outer extension body round-trips through the parser...OK
8010/8732 crypto.ech_seal.test.writeOuterExtBody rejects an empty payload and a wrong-size buffer...OK
8011/8732 crypto.ech_seal.test.padding rounds the encoded inner up to a multiple of 32...OK
8012/8732 crypto.ech_seal.test.acceptConfirmation is deterministic and label/transcript sensitive...OK
8013/8732 crypto.ech_seal.test.acceptConfirmation SHA-384 length checks...OK
8014/8732 crypto.hpke.test.encap and decap agree on shared secret...OK
8015/8732 crypto.hpke.test.single-shot base mode round trip...OK
8016/8732 crypto.hpke.test.multiple seals increment nonce and open in order...OK
8017/8732 crypto.hpke.test.tamper of ciphertext or aad is rejected...OK
8018/8732 crypto.hpke.test.decap with wrong key fails to open...OK
8019/8732 crypto.hpke.test.info binding rejects different info...OK
8020/8732 crypto.hpke.test.nonce construction xors sequence into the low 64 bits...OK
8021/8732 crypto.tls12_client.test.tls12 client downgrade sentinel (RFC 8446 4.1.3): inert for a 1.2-only client, aborts when a higher version was offered...OK
8022/8732 crypto.tls12_client.test.tls12 EMS required: client aborts when the ServerHello does not echo the extension...OK
8023/8732 crypto.tls12_client.test.tls12 client fails closed on hostile ServerHello extensions...OK
8024/8732 crypto.tls12_client.test.TLS 1.2 client rejects an out-of-range server record_size_limit (RFC 8449)...OK
8025/8732 crypto.tls12_client.test.TLS 1.2 client anchors an RSA PKCS#1 SHA-256 self-signed chain (regression)...OK
8026/8732 crypto.tls12_client.test.TLS 1.2 client anchors an RSA PKCS#1 SHA-384 self-signed chain (new: sha384WithRSA)...OK
8027/8732 crypto.tls12_client.test.TLS 1.2 client anchors an RSASSA-PSS self-signed chain (new: params threaded through)...OK
8028/8732 crypto.tls12_client.test.TLS 1.2 client anchors an ECDSA P-256 SHA-256 self-signed chain (regression)...OK
8029/8732 crypto.tls12_client.test.TLS 1.2 client anchors an Ed25519 self-signed chain (new)...OK
8030/8732 crypto.tls12_client.test.TLS 1.2 client rejects a self-signed chain whose signature byte was flipped (isolates the sig check)...OK
8031/8732 crypto.tls12_client.test.TLS 1.2 client rejects a name-constrained CA's cross-domain leaf (F1)...OK
8032/8732 crypto.tls12_client.test.TLS 1.2 client rejects a pathLen:0 CA with a spliced intermediate (F1)...OK
8033/8732 crypto.tls12_client.test.GAP-K11 a trust anchor's name constraints and path length bind a chain that omits it...GAP-K11 branch=a trust anchor's name constraints and path length bind a chain that omits it
OK
8034/8732 crypto.tls12_client.test.GAP-K12 a leaf keyUsage without digitalSignature is rejected before CertificateVerify...GAP-K12 branch=a leaf keyUsage without digitalSignature is rejected before CertificateVerify
OK
8035/8732 crypto.tls12_client.test.GAP-K15 an IP literal matches an iPAddress SAN only...GAP-K15 branch=an IP literal matches an iPAddress SAN only
OK
8036/8732 crypto.tls12_client.test.TLS 1.2 client reassembles a Certificate message split across two TLS records (F5)...OK
8037/8732 crypto.tls12_client.test.TLS 1.2 client rejects a handshake message whose reassembled size exceeds the cap (F5, fail-closed)...OK
8038/8732 crypto.tls12_client.test.exploit: TLS 1.2 ClientHello offers OCSP status_request...OK
8039/8732 crypto.tls12_client.test.exploit: TLS 1.2 require_crl fails closed on an unusable CRL...OK
8040/8732 crypto.tls12_client.test.exploit: TLS 1.2 CertificateStatus for the wrong serial fails closed...OK
8041/8732 crypto.tls12_client.test.exploit: TLS 1.2 CertificateStatus body must be status_type=ocsp...OK
8042/8732 crypto.sct.test.parseList decodes a single v1 SCT with every field intact...OK
8043/8732 crypto.sct.test.parseList preserves non-empty CtExtensions...OK
8044/8732 crypto.sct.test.parseList decodes two SCTs in wire order...OK
8045/8732 crypto.sct.test.parseList accepts an empty list...OK
8046/8732 crypto.sct.test.parseList rejects input with no full outer length prefix...OK
8047/8732 crypto.sct.test.parseList rejects an outer length that exceeds the body...OK
8048/8732 crypto.sct.test.parseList rejects trailing bytes after the declared body...OK
8049/8732 crypto.sct.test.parseList rejects a zero-length serialized_sct item...OK
8050/8732 crypto.sct.test.parseList rejects a serialized_sct that overruns the list body...OK
8051/8732 crypto.sct.test.parseSct rejects a truncated SCT (LogID cut short)...OK
8052/8732 crypto.sct.test.parseSct rejects surplus bytes after the signature...OK
8053/8732 crypto.sct.test.parseSct rejects a signature length that overruns the body...OK
8054/8732 crypto.sct.test.parseList surfaces version even for an unknown version byte...OK
8055/8732 crypto.sct.test.parseList rejects more than max_scts entries...OK
8056/8732 crypto.sct.test.buildSignedData frames an x509 entry as CertificateTimestamp...OK
8057/8732 crypto.sct.test.buildSignedData includes non-empty extensions...OK
8058/8732 crypto.sct.test.buildSignedData writes a precert entry verbatim...OK
8059/8732 crypto.sct.test.buildSignedData reports NoSpaceLeft when out is too small...OK
8060/8732 crypto.sct.test.buildSignedData output round-trips the parsed SCT timestamp...OK
8061/8732 crypto.sct.test.buildPrecertEntry reports NoSpaceLeft when out is too small...OK
8062/8732 crypto.sct.test.verifySct accepts Ed25519 log signature over built signed data...OK
8063/8732 crypto.sct.test.verify accepts an ECDSA-P256 log signature (self-consistency KAT)...OK
8064/8732 crypto.sct.test.verifySctAgainstLogs verifies an ECDSA SCT from its serialized bytes...OK
8065/8732 crypto.sct.test.verifyOneSct accepts an RSA-PKCS1-SHA256 log signature (self-consistency KAT)...OK
8066/8732 crypto.sct.test.verifyOneSct rejects a future-dated SCT when a clock is supplied...OK
8067/8732 crypto.sct.test.verifyList tallies valid and no_applicable_log outcomes...OK
8068/8732 crypto.sct.test.verifyList counts distinct valid logs for a presence quorum...OK
8069/8732 crypto.sct.test.verifyListAccumulating unions distinct valid logs across two sources...OK
8070/8732 crypto.sct.test.verifyOneSct fails closed when the certified entry exceeds the internal buffer...OK
8071/8732 crypto.sct.test.logIdFromSpki equals the SHA-256 of the SPKI DER...OK
8072/8732 crypto.sct.test_0...OK
8073/8732 crypto.crl.test.crl parses revoked serials and checks revocation...OK
8074/8732 crypto.crl.test.crl accepts absent revokedCertificates...OK
8075/8732 crypto.crl.test.crl rejects malformed input...OK
8076/8732 crypto.crl.test.crl verifySignature accepts direct issuer Ed25519 signature...OK
8077/8732 crypto.crl.test.crl verifyCrlSignature rejects a CRL signed by a non-issuer key...OK
8078/8732 crypto.crl.test.crl verifyCrlSignature reports typed tamper and algorithm-mismatch failures...OK
8079/8732 crypto.crl.test.crl verifyCrlSignature accepts an ECDSA P-256 issuer and rejects a wrong key...OK
8080/8732 crypto.crl.test.crl isSerialRevoked matches revoked serials and misses others...OK
8081/8732 crypto.crl.test.crl crlIsCurrent enforces the thisUpdate..nextUpdate window...OK
8082/8732 crypto.webpush.test.RFC 8291 Appendix A — full known-answer vector...OK
8083/8732 crypto.webpush.test.webpush tls encrypt wipes transient key material and preserves the RFC 8291 KAT...OK
8084/8732 crypto.webpush.test.encrypt rejects oversized plaintext and bad subscription keys...OK
8085/8732 crypto.webpush.test.encryptRandom round-trips through a decryptor built from the RFC rules...OK
8086/8732 crypto.webpush.test.vapidJwt produces a verifiable ES256 token...OK
8087/8732 crypto.webpush.test.vapidAuthValue formats the Authorization header...OK
8088/8732 daemon.memo_durable.test.GAP-D2 memo survives a dropped store image and keeps the mailbox bound...OK
8089/8732 daemon.vhost_durable.test.UPGRADE GAP-D3 granted vhost survives a dropped store image...OK
8090/8732 daemon.gag_durable.test.UPGRADE GAP-D3 gag ip survives a dropped store image...OK
8091/8732 daemon.key_transparency_store.test.KEYTRANS store commit restores exact root size and event bodies...OK
8092/8732 daemon.key_transparency_store.test.KEYTRANS store duplicate durable replay does not double-append...OK
8093/8732 daemon.key_transparency_store.test.KEYTRANS store event without prepare fails closed...OK
8094/8732 daemon.key_transparency_store.test.KEYTRANS store corrupt and truncated stores fail closed...OK
8095/8732 daemon.key_transparency_store.test.KEYTRANS store fresh store with no kt1 keys is an empty migrated log...OK
8096/8732 daemon.key_transparency_store.test.KEYTRANS store restore allocation failure does not leave a partial log...OK
8097/8732 daemon.key_transparency_store.test.KEYTRANS store missing checkpoint fails restore closed...OK
8098/8732 daemon.key_transparency_store.test.KEYTRANS store corrupt checkpoint fails restore closed...OK
8099/8732 daemon.key_transparency_store.test.KEYTRANS store index mismatch fails restore closed...OK
8100/8732 daemon.key_transparency_store.test.KEYTRANS store prepare marker binds position leaf body and root...OK
8101/8732 daemon.key_transparency_store.test.KEYTRANS store valid prepare and event resumes on restore...OK
8102/8732 daemon.key_transparency_store.test.KEYTRANS store marker only fails closed...OK
8103/8732 daemon.key_transparency_store.test.KEYTRANS store mismatched prepare and event fails closed...OK
8104/8732 daemon.key_transparency_store.test.KEYTRANS store corrupt prepare marker fails closed...OK
8105/8732 daemon.key_transparency_store.test.KEYTRANS store corrupt prepare commit fails closed...OK
8106/8732 daemon.key_transparency_store.test.KEYTRANS store prepare root mismatch fails closed...OK
8107/8732 daemon.key_transparency_store.test.KEYTRANS store extra beyond-meta event fails closed...OK
8108/8732 daemon.key_transparency_store.test.KEYTRANS store extra checkpoint fails restore closed...OK
8109/8732 daemon.key_transparency_store.test.KEYTRANS store extra index fails restore closed...OK
8110/8732 daemon.key_transparency_store.test.KEYTRANS store leftover prepare after complete commit is stale...OK
8111/8732 daemon.key_transparency_store.test.KEYTRANS store mismatched stale prepare fails closed...OK
8112/8732 daemon.key_transparency_store.test.KEYTRANS store too-old stale prepare fails closed...OK
8113/8732 daemon.key_transparency_store.test.KEYTRANS store abort incomplete cannot advance on restore...OK
8114/8732 daemon.key_transparency_store.test.KEYTRANS store double abort stays fail-closed and does not advance...OK
8115/8732 daemon.key_transparency_store.test.KEYTRANS store poison row fails restore closed...OK
8116/8732 daemon.key_transparency_store.test.KEYTRANS store abort after unprovable cleanup poisons the store...OK
8117/8732 daemon.key_transparency_store.test.KEYTRANS store prepare plus event plus index resumes...OK
8118/8732 daemon.key_transparency_store.test.KEYTRANS store prepare event index and checkpoint resumes...OK
8119/8732 daemon.key_transparency_store.test.KEYTRANS store unknown kt1 row fails restore closed...OK
8120/8732 daemon.key_transparency_store.test.KEYTRANS store commit after failed abort does not restore aborted event...OK
8121/8732 daemon.key_transparency_store.test.KEYTRANS store empty prepare decode rejects short and trailing input...OK
8122/8732 daemon.key_transparency_store.test.KEYTRANS store marker for wrong position fails closed...OK
8123/8732 daemon.key_transparency_store.test.KEYTRANS store commit refuses a poisoned store...OK
8124/8732 daemon.key_transparency_store.test.KEYTRANS store duplicate commit of a different body is corrupt...OK
8125/8732 daemon.key_transparency_store.test.KEYTRANS store load helpers reject truncated meta and checkpoint...OK
8126/8732 daemon.key_transparency_store.test.KEYTRANS store index key rejects invalid account and key id...OK
8127/8732 daemon.key_transparency_store.test.KEYTRANS store restore twice of a complete log is idempotent...OK
8128/8732 daemon.key_transparency_store.test.KEYTRANS store event key and checkpoint key are hex stable...OK
8129/8732 daemon.key_transparency_store.test.KEYTRANS store prepare body hash is blake3 of the encoded event...OK
8130/8732 daemon.key_transparency_store.test.KEYTRANS store loadEvent missing position is null...OK
8131/8732 daemon.key_transparency_store.test.KEYTRANS store loadLatestIndex missing is null...OK
8132/8732 daemon.key_transparency_store.test.KEYTRANS store corrupt index value length fails restore closed...OK
8133/8732 daemon.key_transparency_store.test.KEYTRANS store extra event after complete commit fails closed...OK
8134/8732 daemon.key_transparency_store.test.KEYTRANS store decodeMeta rejects wrong version...OK
8135/8732 daemon.key_transparency_store.test.KEYTRANS store isMarkedUnavailable is false on a fresh store...OK
8136/8732 daemon.key_transparency_store.test.KEYTRANS store checkpoint size zero load is null...OK
8137/8732 daemon.key_transparency_store.test.KEYTRANS store decodeCheckpoint rejects a bad commit...OK
8138/8732 daemon.key_transparency_store.test.KEYTRANS store encodeMeta round-trips size and root...OK
8139/8732 daemon.key_transparency_store.test.KEYTRANS store prepare commit changes when position changes...OK
8140/8732 daemon.key_transparency_store.test.KEYTRANS store empty restore then first commit is position zero...OK
8141/8732 proto.e2ee_group_delivery.test.E2EEGROUP client renderer inserts server-derived from-account...OK
8142/8732 proto.e2ee_group_delivery.test.E2EEGROUP client renderer rejects missing account and undersize buffers...OK
8143/8732 crypto.webauthn.test.parseCoseKey: EC2 P-256 roundtrip...OK
8144/8732 crypto.webauthn.test.parseCoseKey: OKP Ed25519 roundtrip...OK
8145/8732 crypto.webauthn.test.verifyAssertion: valid ES256 assertion...OK
8146/8732 crypto.webauthn.test.verifyAssertion: valid EdDSA assertion...OK
8147/8732 crypto.webauthn.test.verifyAssertion: wrong rpIdHash rejected...OK
8148/8732 crypto.webauthn.test.verifyAssertion: UP flag absent rejected...OK
8149/8732 crypto.webauthn.test.verifyAssertion: counter regression rejected...OK
8150/8732 crypto.webauthn.test.verifyAssertion: tampered authData signature rejected (ES256)...OK
8151/8732 crypto.webauthn.test.verifyAssertion: tampered signature rejected (EdDSA)...OK
8152/8732 crypto.webauthn.test.verifyAssertion: counter equal to stored rejected...OK
8153/8732 crypto.webauthn.test.verifyAssertion: both counters zero allowed (stateless authenticator)...OK
8154/8732 crypto.webauthn.test.parseAttestedCredentialData: extracts credId + exact COSE key (ES256)...OK
8155/8732 crypto.webauthn.test.parseAttestedCredentialData: trailing extension bytes are excluded from the COSE key...OK
8156/8732 crypto.webauthn.test.parseAttestedCredentialData: AT flag absent rejected...OK
8157/8732 crypto.webauthn.test.parseAttestedCredentialData: credIdLength overrun rejected...OK
8158/8732 crypto.webauthn.test.parseAttestedCredentialData: COSE map with a huge pair count fails closed (no overflow/panic)...OK
8159/8732 crypto.webauthn.test.parseAttestedCredentialData: malformed COSE map rejected...OK
8160/8732 crypto.webauthn.test.WEBAUTHN legacy registration binding rejects UP=0 authData, accepts UP=1...OK
8161/8732 crypto.webauthn.test.verifyAttestation: fmt=none accepted as TOFU, rejected when attestation required...OK
8162/8732 crypto.webauthn.test.verifyAttestation: fmt=none with a stuffed attStmt is malformed...OK
8163/8732 crypto.webauthn.test.verifyAttestation: packed self-attestation (ES256) verifies; tamper rejected...OK
8164/8732 crypto.webauthn.test.verifyAttestation: packed self-attestation with wrong alg is rejected...OK
8165/8732 crypto.webauthn.test.verifyAttestation: packed basic attestation (x5c ES256 leaf) verifies...OK
8166/8732 crypto.webauthn.test.verifyAttestation: fido-u2f (x5c P-256 leaf) verifies...OK
8167/8732 crypto.webauthn.test.verifyAttestation: fido-u2f with a non-zero AAGUID is rejected...OK
8168/8732 crypto.webauthn.test.verifyAttestation: require_uv rejects UV-absent, accepts UV-present (registration)...OK
8169/8732 crypto.webauthn.test.verifyAttestation: malformed / truncated attestationObject fails closed (no panic)...OK
8170/8732 crypto.webauthn.test.verifyAttestation: rpIdHash mismatch rejected...OK
8171/8732 crypto.webauthn.test.verifyAssertion: require_uv rejects a UV-absent assertion with UserVerificationRequired...OK
8172/8732 daemon.helix.session_snapshot.test.snapshot encode/decode round-trips identity + flags...OK
8173/8732 daemon.helix.session_snapshot.test.empty snapshot round-trips...OK
8174/8732 daemon.helix.session_snapshot.test.caps round-trip and empty caps decode to empty...OK
8175/8732 daemon.helix.session_snapshot.test.decode tolerates a pre-signon snapshot (no trailing blocks)...OK
8176/8732 daemon.helix.session_snapshot.test.decode tolerates a pre-caps snapshot (signon present, caps absent)...OK
8177/8732 daemon.helix.session_snapshot.test.oper grant round-trips (priv bits + class + title)...OK
8178/8732 daemon.helix.session_snapshot.test.decode tolerates a pre-oper-grant snapshot (caps present, oper block absent)...OK
8179/8732 daemon.helix.session_snapshot.test.decode rejects a truncated buffer...OK
8180/8732 daemon.helix.session_snapshot.test.tolerant decode stops the tail walk on an over-long oper-grant length...OK
8181/8732 daemon.helix.session_snapshot.test.session_snapshot was_secured round-trips across an upgrade (true and false)...OK
8182/8732 daemon.helix.session_snapshot.test.session_snapshot decode tolerates a pre-was_secured capsule (legacy upgrade defaults false)...OK
8183/8732 daemon.helix.session_snapshot.test.session-token tail round-trips (present and absent)...OK
8184/8732 daemon.helix.session_snapshot.test.cross-version: a v2 (pre-token) capsule decodes with an empty token (v2→v3)...OK
8185/8732 daemon.helix.session_snapshot.test.session_snapshot peekFd recovers the fd for a decode-failure drop on resume...OK
8186/8732 daemon.helix.session_snapshot.test.v4 tail round-trips (umodes + pending_in + pending_out)...OK
8187/8732 daemon.helix.session_snapshot.test.cross-version: a v3 (pre-v4-tail) capsule decodes with defaults (v3->v4)...OK
8188/8732 daemon.helix.session_snapshot.test.decodeCurrent round-trips every current block including WebSocket transport...OK
8189/8732 daemon.helix.session_snapshot.test.current snapshot encoding is leak-free across every allocation failure...OK
8190/8732 daemon.helix.session_snapshot.test.decodeCurrent rejects every proper prefix and every trailing byte...OK
8191/8732 daemon.helix.session_snapshot.test.decodeCurrent rejects noncanonical booleans and unknown flag bits...OK
8192/8732 daemon.helix.session_snapshot.test.decodeCurrent enforces exact channel token and pending length regions...OK
8193/8732 daemon.helix.session_snapshot.test.decodeCurrent is statically allocation-free and cannot return OutOfMemory...OK
8194/8732 daemon.marker_durable.test.UPGRADE GAP-P16 read marker survives a dropped store image...OK
8195/8732 daemon.helix.capsule.test.capsule encodes, decodes, and validates ordinal order...OK
8196/8732 daemon.helix.capsule.test.decodeStream walks a concatenated capsule sequence...OK
8197/8732 daemon.helix.capsule.test.negotiation is per capsule schema range...OK
8198/8732 daemon.helix.capsule.test.exact clients world history webhook and handoff descriptors fail closed...OK
8199/8732 daemon.helix.capsule.test.mesh checkpoint v2 keeps ordinary pieces compatible and exact pieces fail closed...OK
8200/8732 daemon.helix.capsule.test.tls_session is a rolling v1..2 descriptor that accepts a pre-bump v1 capsule...OK
8201/8732 daemon.helix.capsule.test.sessions is a rolling v1 through v4 descriptor...OK
8202/8732 daemon.helix.capsule.test.validate is forward-tolerant of a too-new version (rejection is above this layer)...OK
8203/8732 daemon.helix.capsule.test.wipeSecretPayloads zeroes secret-bearing payloads and leaves plain ones...OK
8204/8732 daemon.helix.capsule.test.duplicate and reordered ordinals are rejected...OK
8205/8732 daemon.ocg2_live_projection.test.DST GAP-A1 project durable authority onto live sessions across restart...GAP-A1 branch=project across restart with rollback audit and mesh revoke
OK
8206/8732 daemon.helix.mesh_clock_snapshot.test.mesh clock snapshot round-trips the complete HLC high-water mark...OK
8207/8732 daemon.helix.mesh_clock_snapshot.test.mesh clock snapshot canonicalizes redundant physical state...OK
8208/8732 daemon.helix.mesh_clock_snapshot.test.mesh clock snapshot restores advancement after sequence reset and wall-clock step-back...OK
8209/8732 daemon.helix.mesh_clock_snapshot.test.mesh clock snapshot preserves zero and maximum boundary stamps...OK
8210/8732 daemon.helix.mesh_clock_snapshot.test.mesh clock snapshot has deterministic little-endian wire encoding...OK
8211/8732 daemon.helix.mesh_clock_snapshot.test.mesh clock snapshot rejects every truncation...OK
8212/8732 daemon.helix.mesh_clock_snapshot.test.mesh clock snapshot rejects bad magic too-new versions and trailing bytes...OK
8213/8732 daemon.helix.mesh_clock_snapshot.test.mesh clock snapshot v1 decodes migration offer epoch as zero...OK
8214/8732 daemon.helix.mesh_clock_snapshot.test.mesh clock snapshot v2 is legacy-only and defaults activation to compat...OK
8215/8732 daemon.helix.mesh_clock_snapshot.test.mesh clock current snapshot rejects invalid activation semantics...OK
8216/8732 daemon.helix.live.test.live prepare seals capsules and handoff passes fds...SKIP
8217/8732 daemon.helix.live.test.resumeFromEnv returns null when fd variables are absent...OK
8218/8732 daemon.helix.live.test.readArena round-trips the sealed capsule stream...SKIP
8219/8732 daemon.helix.live.test.whole handoff manifest helper accepts canonical empty state...SKIP
8220/8732 daemon.helix.live.test.whole handoff manifest predecessor append is allocation-failure clean...OK
8221/8732 daemon.helix.live.test.whole handoff manifest round-trips arena and rejects every completeness mutation...SKIP
8222/8732 daemon.helix.live.test.mesh state pieces advertise ordinary overlap and exact property requirement...SKIP
8223/8732 daemon.helix.live.test.exec plan with listener carries the listen fd env entry...OK
8224/8732 daemon.helix.live.test.ExecPlan.commit execve's the target (fork + /bin/true)...SKIP
8225/8732 daemon.helix.live.test.upgrade capability token must occupy a complete output line...OK
8226/8732 daemon.helix.live.test.HSSN v3 predecessor accepts current v4 reader advertisement...OK
8227/8732 daemon.helix.live.test.HSSN v4 predecessor accepts current advertisement via frozen 0.5.8 token...OK
8228/8732 daemon.helix.live.test.HSSN v4 predecessor rejects rollback to v3-only reader...OK
8229/8732 daemon.helix.live.test.std.process.run can execute a CLOEXEC image through proc self fd...SKIP
8230/8732 daemon.helix.live.test.ExecPlan.commitExecutableFd executes the already-open image...SKIP
8231/8732 daemon.helix.live.test.arena+listener exec plan carries both fds, no control...OK
8232/8732 daemon.helix.live.test.arena+listener exec plan carries the per-shard listener list (multi-shard)...OK
8233/8732 daemon.helix.live.test.arena exec plan carries authoritative state fds without truncation...OK
8234/8732 daemon.helix.live.test.arena exec plan with both fd manifests is allocation-failure clean...OK
8235/8732 daemon.helix.live.test.parseFdList round-trips, rejects malformed lists fail-closed...OK
8236/8732 daemon.helix.live.test.authoritative state fd parser rejects overflow rather than truncating...OK
8237/8732 daemon.helix.live.test.resume env records valid and malformed authoritative manifests...OK
8238/8732 daemon.helix.live.test.findEnvValue locates the listener list in an environ block...OK
8239/8732 daemon.helix.live.test.findEnvValue locates the authoritative state fd list...OK
8240/8732 daemon.helix.live.test.listener-only exec plan carries just the listen fd...OK
8241/8732 daemon.helix.live.test.readFdFromEnvBlock parses the listen fd, absent -> null...OK
8242/8732 daemon.helix.live.test.exec plan owns argv and envp without committing...OK
8243/8732 daemon.helix.handoff.test.SCM_RIGHTS batches respect the 253 fd kernel limit...OK
8244/8732 daemon.helix.handoff.test.control message sizing is aligned and monotonic...OK
8245/8732 daemon.helix.handoff.test.linux socketpair can pass a memfd descriptor...SKIP
8246/8732 daemon.helix.supervisor.test.supervisor drives successful upgrade sequence...OK
8247/8732 daemon.helix.supervisor.test.failed or late attestation rolls back...OK
8248/8732 daemon.helix.supervisor.test.invalid ordering is rejected...OK
8249/8732 daemon.helix.mesh_redial.test.redial hint round-trips IPv6 address and port...OK
8250/8732 daemon.helix.mesh_redial.test.decodes a legacy v1 IPv4 hint as an IPv4-mapped address...OK
8251/8732 daemon.helix.mesh_redial.test.decode rejects short buffers and unknown versions...OK
8252/8732 daemon.helix.mesh_redial.test.current redial decode rejects legacy zero-port and trailing rows...OK
8253/8732 daemon.helix.tls_snapshot.test.tls13 snapshot round-trips fd, suite, secrets, seqs, pending + certfp...OK
8254/8732 daemon.helix.tls_snapshot.test.tls12 snapshot round-trips key material and seqs...OK
8255/8732 daemon.helix.tls_snapshot.test.decode rejects truncation, unknown engines, and unknown versions...OK
8256/8732 daemon.helix.tls_snapshot.test.current decode requires canonical flags fingerprint and exact EOF...OK
8257/8732 daemon.helix.monitor_capsule.test.round-trip a client_id with three monitored nicks...OK
8258/8732 daemon.helix.monitor_capsule.test.round-trip with zero targets...OK
8259/8732 daemon.helix.monitor_capsule.test.decode returns Truncated on a cut buffer...OK
8260/8732 daemon.helix.monitor_capsule.test.decode returns BadMagic on corrupted magic...OK
8261/8732 daemon.helix.monitor_capsule.test.decode returns BadVersion on a future version...OK
8262/8732 daemon.helix.monitor_capsule.test.decode rejects trailing bytes...OK
8263/8732 daemon.helix.monitor_capsule.test.decode returns TooMany when targets_out is too small...OK
8264/8732 daemon.helix.silence_capsule.test.round-trip with three silence masks...OK
8265/8732 daemon.helix.silence_capsule.test.round-trip with zero masks...OK
8266/8732 daemon.helix.silence_capsule.test.decode returns Truncated on a cut buffer...OK
8267/8732 daemon.helix.silence_capsule.test.decode returns BadMagic on corrupted magic...OK
8268/8732 daemon.helix.silence_capsule.test.decode returns BadVersion on a future version...OK
8269/8732 daemon.helix.silence_capsule.test.decode rejects trailing bytes...OK
8270/8732 daemon.helix.silence_capsule.test.decode returns TooMany when masks_out is too small...OK
8271/8732 daemon.helix.session_capsule.test.round-trip an account with two sessions (one detached, one attached)...OK
8272/8732 daemon.helix.session_capsule.test.v4 round-trip preserves optional exact attachment id bytes...OK
8273/8732 daemon.helix.session_capsule.test.round-trip preserves duplicate tokens for simultaneous attachments...OK
8274/8732 daemon.helix.session_capsule.test.round-trip an account with zero sessions...OK
8275/8732 daemon.helix.session_capsule.test.decode returns Truncated on a cut buffer...OK
8276/8732 daemon.helix.session_capsule.test.decode returns BadMagic on corrupted magic...OK
8277/8732 daemon.helix.session_capsule.test.decode returns BadVersion on a future version...OK
8278/8732 daemon.helix.session_capsule.test.v2 round-trip carries the join fd and a byte-identical restore snapshot...OK
8279/8732 daemon.helix.session_capsule.test.cross-version: a v1 (pre-snapshot) record still decodes, defaults reconstructed...OK
8280/8732 daemon.helix.session_capsule.test.cross-version: genuine v1 through v3 records decode attachment id as null...OK
8281/8732 daemon.helix.session_capsule.test.cross-version: a truncated v2 snapshot field is Truncated, never a panic...OK
8282/8732 daemon.helix.session_capsule.test.decode returns TooMany when sessions_out is too small...OK
8283/8732 daemon.helix.session_capsule.test.decodeCurrent round-trips every exact v4 session field...OK
8284/8732 daemon.helix.session_capsule.test.decodeCurrent rejects every proper v4 prefix and trailing data...OK
8285/8732 daemon.helix.session_capsule.test.decodeCurrent rejects noncanonical detached portable and attachment flags...OK
8286/8732 daemon.helix.session_capsule.test.decodeCurrent enforces current version lengths and count exactly...OK
8287/8732 daemon.helix.session_capsule.test.decodeCurrent is statically allocation-free and excludes OutOfMemory...OK
8288/8732 daemon.helix.s2s_snapshot.test.s2s link snapshot round-trips fd, keys, counters, framing header + buffers...OK
8289/8732 daemon.helix.s2s_snapshot.test.s2s link snapshot decode rejects truncation...OK
8290/8732 daemon.helix.s2s_snapshot.test.current s2s decode rejects noncanonical flags capabilities legacy and trailing bytes...OK
8291/8732 daemon.helix.s2s_snapshot.test.current s2s decode rejects inconsistent relay-v2 capability combinations...OK
8292/8732 daemon.helix.s2s_snapshot.test.s2s link snapshot v2 round-trip preserves admitted_frame_families...OK
8293/8732 daemon.helix.s2s_snapshot.test.s2s link snapshot v1 blob decodes with admitted_frame_families=0 and all following fields intact...OK
8294/8732 daemon.helix.s2s_snapshot.test.s2s link snapshot decode rejects an unknown too-new version fail-closed...OK
8295/8732 daemon.helix.s2s_snapshot.test.peekFd recovers the leading fd even from an otherwise-unparseable blob...OK
8296/8732 daemon.helix.s2s_snapshot.test.s2s link snapshot v4 capsule carries the converged roster across a Helix upgrade round-trip...OK
8297/8732 daemon.helix.s2s_snapshot.test.s2s link snapshot v3 capsule (immediately-prior schema) decodes with an empty roster...OK
8298/8732 daemon.helix.s2s_snapshot.test.s2s link snapshot capsule roster decode fails closed on malformed records...OK
8299/8732 daemon.helix.s2s_snapshot.test.s2s link snapshot capsule roster refuses to SEAL malformed members...OK
8300/8732 daemon.helix.ticket_key_capsule.test.ticket-key capsule round-trips a current-only key...OK
8301/8732 daemon.helix.ticket_key_capsule.test.ticket-key capsule round-trips current + previous (post-rotation)...OK
8302/8732 daemon.helix.ticket_key_capsule.test.ticket-key capsule decode rejects truncation and a bad version...OK
8303/8732 daemon.helix.ticket_key_capsule.test.ticket-key decodeCurrent rejects every prefix nonboolean marker and trailing data...OK
8304/8732 daemon.helix.ticket_key_capsule.test.ticket-key decodeCurrent is allocation-free...OK
8305/8732 daemon.helix.world_checkpoint.test.World v2 checkpoint round trips every channel field and nick relation...OK
8306/8732 daemon.helix.world_checkpoint.test.World v2 fd relations preserve same-nick physical members and invites...OK
8307/8732 daemon.helix.world_checkpoint.test.World v2 checkpoint is deterministic across map insertion order...OK
8308/8732 daemon.helix.world_checkpoint.test.World v2 checkpoint rejects corruption duplicates truncation and trailing bytes...OK
8309/8732 daemon.helix.world_checkpoint.test.World v2 checkpoint fails closed when a member or invite has no nick...OK
8310/8732 daemon.helix.world_checkpoint.test.World v2 checkpoint encode and atomic decode survive every allocation failure...OK
8311/8732 daemon.helix.history_checkpoint.test.history checkpoint round trips exact independently decodable payloads...OK
8312/8732 daemon.helix.history_checkpoint.test.history checkpoint rejects missing extra corrupt length checksum and trailing data...OK
8313/8732 daemon.helix.history_checkpoint.test.history checkpoint encode is leak free across every allocation failure...OK
8314/8732 daemon.helix.history_checkpoint.test.history component staging is leak free across every allocation failure...OK
8315/8732 daemon.helix.history_checkpoint.test.history transaction rejects late malformed or lossy components without publication...OK
8316/8732 daemon.helix.oper_grant_snapshot.test.oper grant snapshot round-trips grants, tombstones, and the mint incarnation...OK
8317/8732 daemon.helix.oper_grant_snapshot.test.oper grant snapshot of an empty registry round-trips as an empty image...OK
8318/8732 daemon.helix.oper_grant_snapshot.test.oper grant snapshot sealing skips expired slots (what prune would leave)...OK
8319/8732 daemon.helix.oper_grant_snapshot.test.oper grant snapshot rejects every truncation...OK
8320/8732 daemon.helix.oper_grant_snapshot.test.oper grant snapshot rejects bad magic, versions, counts, and trailing bytes...OK
8321/8732 daemon.helix.oper_grant_snapshot.test.oper grant snapshot rejects empty-account, born-expired, and duplicate-account records...OK
8322/8732 daemon.helix.oper_grant_snapshot.test.oper grant snapshot validateCheckpoint accepts a sealed image...OK
8323/8732 daemon.helix.attest.test.healthy matching attestation commits before deadline...OK
8324/8732 daemon.helix.attest.test.timeout and failed attestations roll back...OK
8325/8732 daemon.helix.attest.test.attestation message round trips...OK
8326/8732 daemon.helix.handoff_manifest.test.empty whole-handoff manifest is canonical and allocation free...OK
8327/8732 daemon.helix.handoff_manifest.test.mixed ordered pieces commit exact headers bytes count and per-kind counts...OK
8328/8732 daemon.helix.handoff_manifest.test.drop duplicate reorder payload bitflip and wrong header all fail closed...OK
8329/8732 daemon.helix.handoff_manifest.test.manifest decoder rejects truncation trailing bytes and noncanonical tables...OK
8330/8732 daemon.helix.handoff_manifest.test.manifest digest and internally inconsistent counts are rejected...OK
8331/8732 daemon.helix.handoff_manifest.test.accumulator rejects manifest kinds malformed ranges and noncanonical ordinals...OK
8332/8732 daemon.helix.handoff_manifest.test.exhaustive handoff manifest single-mutation campaign fails closed...OK
8333/8732 daemon.helix.handoff_relations.test.current handoff relations accept exact mixed client sidecars S2S and redial...OK
8334/8732 daemon.helix.handoff_relations.test.current handoff relations accept a pre-bump v1 TLS sidecar (netsplit guard)...OK
8335/8732 daemon.helix.handoff_relations.test.current handoff relations reject missing duplicate orphan and unexpected transport sidecars...OK
8336/8732 daemon.helix.handoff_relations.test.current handoff relations reject optional sidecar owner and cardinality violations...OK
8337/8732 daemon.helix.handoff_relations.test.current handoff relations reject owner-fd S2S and redial violations...OK
8338/8732 daemon.helix.handoff_relations.test.current handoff relations require exactly one canonical ESG2 authority...OK
8339/8732 daemon.helix.handoff_relations.test.current handoff relations require exactly one canonical RVG2 authority...OK
8340/8732 daemon.helix.handoff_relations.test.current handoff relations require exactly one canonical RVO2 authority...OK
8341/8732 daemon.helix.handoff_relations.test.current handoff relations require exactly one canonical RVL2 authority...OK
8342/8732 daemon.helix.handoff_relations.test.current handoff relations require exactly one canonical ADS1 authority...OK
8343/8732 daemon.helix.handoff_relations.test.current handoff relations require exactly one canonical EGRG authority...OK
8344/8732 daemon.helix.handoff_relations.test.current handoff relations validate the at-most-once oper-grant checkpoint...OK
8345/8732 crypto.sasl_scram_client.test.full exchange with inline server stub authenticates...OK
8346/8732 crypto.sasl_scram_client.test.wrong password produces proof the server rejects...OK
8347/8732 crypto.sasl_scram_client.test.server signature verification rejects tampering...OK
8348/8732 crypto.sasl_scram_client.test.gs2 n header is encoded and server nonce must extend client nonce...OK
8349/8732 crypto.sasl_scram_client.test.rfc 7677 scram-sha-256 vector...OK
8350/8732 crypto.jwt.test.base64url no padding correctness...OK
8351/8732 crypto.jwt.test.HS256 sign verify round trip...OK
8352/8732 crypto.jwt.test.EdDSA sign verify round trip...OK
8353/8732 crypto.jwt.test.tampered payload is rejected...OK
8354/8732 crypto.jwt.test.tampered signature is rejected...OK
8355/8732 crypto.jwt.test.algorithm confusion is rejected before signature trust...OK
8356/8732 crypto.jwt.test.alg none is rejected...OK
8357/8732 crypto.jwt.test.expired token is rejected...OK
8358/8732 crypto.jwt.test.nbf in future is rejected...OK
8359/8732 crypto.jwt.test.iat in future is rejected...OK
8360/8732 crypto.jwt.test.clock skew leeway is applied to exp nbf and iat...OK
8361/8732 daemon.helix.native_arena_envelope.test.native Helix arena authenticates all bytes and upgrade identity before decoding...OK
8362/8732 daemon.helix.native_arena_envelope.test.native Helix arena allocation failure preserves seal retry and wipes keys...OK
8363/8732 daemon.helix.native_arena_file.test.OpenBSD native arena exposes only read-only ciphertext and authenticates before read...OK
8364/8732 daemon.helix.native_control.test.OpenBSD Helix control passes descriptors with independent CLOEXEC custody...OK
8365/8732 daemon.helix.native_exchange.test.OpenBSD Helix exchanges enforce one deadline and exact generation batch identity...OK
8366/8732 daemon.helix.native_manifest.test.OpenBSD native manifest normalization refuses unrelated descriptor collisions...OK
8367/8732 daemon.helix.native_manifest.test.native Helix descriptor manifest rejects duplicate authority and invalid families...OK
8368/8732 daemon.helix.conduit.test.batchPayloadRange covers the whole payload with no gaps or overlaps...OK
8369/8732 daemon.helix.conduit.test.conduit moves >253 fds plus a multi-hundred-byte payload...SKIP
8370/8732 daemon.helix.conn_capsule.test.round-trip with non-null account and high caps bits...OK
8371/8732 daemon.helix.conn_capsule.test.round-trip with null account...OK
8372/8732 daemon.helix.conn_capsule.test.decode returns Truncated on a cut buffer...OK
8373/8732 daemon.helix.conn_capsule.test.decode returns BadMagic on corrupted magic...OK
8374/8732 daemon.helix.conn_capsule.test.decode returns BadVersion on a future version...OK
8375/8732 daemon.helix.conn_capsule.test.encode returns TooLong when output buffer is too small...OK
8376/8732 daemon.helix.world_capsule.test.round-trip with non-null key, members, and topic...OK
8377/8732 daemon.helix.world_capsule.test.round-trip with null key and zero members...OK
8378/8732 daemon.helix.world_capsule.test.decode returns Truncated on a cut buffer...OK
8379/8732 daemon.helix.world_capsule.test.decode returns BadMagic on corrupted magic...OK
8380/8732 daemon.helix.world_capsule.test.decode returns BadVersion on a future version...OK
8381/8732 daemon.helix.world_capsule.test.decode returns TooLong when members_out is too small...OK
8382/8732 daemon.helix.world_capsule.test.encode returns TooLong when output buffer is too small...OK
8383/8732 daemon.helix.account_capsule.test.round-trip with non-null vhost and realistic hash/salt...OK
8384/8732 daemon.helix.account_capsule.test.round-trip with null vhost...OK
8385/8732 daemon.helix.account_capsule.test.decode returns Truncated on a cut buffer...OK
8386/8732 daemon.helix.account_capsule.test.decode returns BadMagic on corrupted magic...OK
8387/8732 daemon.helix.account_capsule.test.decode returns BadVersion on a future version...OK
8388/8732 daemon.helix.account_capsule.test.encode returns TooLong when output buffer is too small...OK
8389/8732 daemon.helix.listener_capsule.test.round-trip with non-null config_path and distinct fd indices...OK
8390/8732 daemon.helix.listener_capsule.test.round-trip with null config_path and all fd indices -1...OK
8391/8732 daemon.helix.listener_capsule.test.decode returns Truncated on a cut buffer...OK
8392/8732 daemon.helix.listener_capsule.test.decode returns BadMagic on corrupted magic...OK
8393/8732 daemon.helix.listener_capsule.test.decode returns BadVersion on a future version...OK
8394/8732 daemon.helix.listener_capsule.test.encode returns TooLong when output buffer is too small...OK
8395/8732 daemon.helix.session_replica_attachment.test.SRA3 codecs bind token attachment revision and distinct transcript kinds...OK
8396/8732 daemon.helix.session_replica_attachment.test.SRA3 strict decode rejects every truncation and zero attachment...OK
8397/8732 daemon.helix.session_replica_attachment.test.SRA3 exact portable snapshot ceiling is accepted and ceiling plus one is rejected...OK
8398/8732 daemon.helix.session_replica_attachment.test.SRA3 siblings survive scoped equivocation revoke expiry and replay permutations...OK
8399/8732 daemon.helix.session_replica_attachment.test.SRA3 checkpoint restore is canonical strict and replacement transactional...OK
8400/8732 daemon.helix.session_replica_attachment.test.SRA3 checkpoint restore uses real time and cannot roll back record or lease high water...OK
8401/8732 daemon.helix.session_replica_attachment.test.SRA3 checkpoint rejects duplicate and noncanonical attachment keys...OK
8402/8732 daemon.helix.session_replica_attachment.test.SRA3 attachment leases isolate siblings converge and survive checkpoint attacks...OK
8403/8732 daemon.helix.session_replica_attachment.test.SRA3 admission rejects replay skew lifetime and capacity violations...OK
8404/8732 daemon.helix.session_replica_attachment.test.SRA3 account binding folds ASCII and quarantines cross-account permutations through revoke and checkpoint...OK
8405/8732 daemon.helix.session_replica_attachment.test.SRA3 globally quarantines one attachment id under another token and OOM remains denied...OK
8406/8732 daemon.helix.session_replica_attachment.test.SRA3 unequal-expiry record and lease conflicts retain witnesses and converge after sweep and restore...OK
8407/8732 daemon.helix.session_replica_attachment.test.SRA3 lease liveness requires strict newer revision exact signer and issue clock...OK
8408/8732 daemon.helix.session_replica_attachment.test.SRA3 wire and grouping caps are transactional and conflict OOM publishes denial first...OK
8409/8732 daemon.helix.session_replica_attachment.test.SRA3 store and checkpoint restore survive every allocation failure...OK
8410/8732 daemon.helix.session_replica_attachment.test.SRA3 record lease and quarantine denial survive every allocation failure branch...OK
8411/8732 daemon.helix.migration_fsm.test.begin starts offered migration with deterministic deadline...OK
8412/8732 daemon.helix.migration_fsm.test.full happy path reaches done from idle...OK
8413/8732 daemon.helix.migration_fsm.test.peer rejection aborts a non-terminal migration...OK
8414/8732 daemon.helix.migration_fsm.test.timeout aborts from every non-terminal state...OK
8415/8732 daemon.helix.migration_fsm.test.abort aborts from every non-terminal state...OK
8416/8732 daemon.helix.migration_fsm.test.invalid transition rejection preserves source model...OK
8417/8732 daemon.helix.migration_fsm.test.terminal states reject every event...OK
8418/8732 daemon.helix.migration_fsm.test.request_migrate is only accepted from idle...OK
8419/8732 daemon.helix.migration_fsm.test.request_migrate rejects negative and overflowing timing without a state change...OK
8420/8732 daemon.helix.migration_token.test.sign and verify roundtrip...OK
8421/8732 daemon.helix.migration_token.test.tampered byte is rejected with BadTag...OK
8422/8732 daemon.helix.migration_token.test.HMAC binds every account origin destination timing and nonce claim byte...OK
8423/8732 daemon.helix.migration_token.test.expired token is rejected after tag validation...OK
8424/8732 daemon.helix.migration_token.test.migration token enforces issued and expiry lifetime boundaries...OK
8425/8732 daemon.helix.migration_token.test.truncated tokens are rejected...OK
8426/8732 daemon.helix.migration_token.test.verified migration token requires one exact canonical wire image...OK
8427/8732 daemon.helix.migration_token.test.migration claim encoding is leak-free across every allocation failure...OK
8428/8732 daemon.helix.migration_token.test.canonical encoding uses little endian fields...OK
8429/8732 daemon.helix.migration_token.test.account length above limit is rejected by encoder...OK
8430/8732 daemon.helix.migration_journal.test.record creates an entry...OK
8431/8732 daemon.helix.migration_journal.test.re-recording the same phase bumps attempts and last timestamp...OK
8432/8732 daemon.helix.migration_journal.test.changing phase resets attempts for the new phase...OK
8433/8732 daemon.helix.migration_journal.test.attempt counter saturates on repeated records...OK
8434/8732 daemon.helix.migration_journal.test.get and markAborted update existing tokens and reject unknown tokens...OK
8435/8732 daemon.helix.migration_journal.test.prune drops old terminal entries but keeps in-flight and recent entries...OK
8436/8732 daemon.helix.migration_journal.test.prune uses last timestamp and requires age greater than ttl...OK
8437/8732 daemon.helix.migration_journal.test.negative TTL fails closed and record insertion is retryable under OOM...OK
8438/8732 daemon.helix.migration_policy.test.headroom returns available slots and clamps saturated peers...OK
8439/8732 daemon.helix.migration_policy.test.selectTarget picks peer with most headroom...OK
8440/8732 daemon.helix.migration_policy.test.selectTarget skips full and over-capacity peers...OK
8441/8732 daemon.helix.migration_policy.test.selectTarget excludes self...OK
8442/8732 daemon.helix.migration_policy.test.selectTarget returns null when no eligible peer exists...OK
8443/8732 daemon.helix.migration_policy.test.selectTarget keeps first peer on equal headroom...OK
8444/8732 daemon.helix.migration_policy.test.drainBatch writes sequential indices up to total sessions...OK
8445/8732 daemon.helix.migration_policy.test.drainBatch caps at max batch...OK
8446/8732 daemon.helix.migration_policy.test.drainBatch caps at output length...OK
8447/8732 daemon.helix.migration_policy.test.drainBatch handles zero limits without writing...OK
8448/8732 daemon.helix.migration_metrics.test.roundtrip encodes and decodes fixed little-endian snapshot...OK
8449/8732 daemon.helix.migration_metrics.test.encode rejects undersized buffer...OK
8450/8732 daemon.helix.migration_metrics.test.decode rejects truncated buffers...OK
8451/8732 daemon.helix.migration_metrics.test.encodedLen matches fixed layout...OK
8452/8732 daemon.helix.metadata_capsule.test.round-trip a channel target with three metadata pairs...OK
8453/8732 daemon.helix.metadata_capsule.test.round-trip with zero pairs...OK
8454/8732 daemon.helix.metadata_capsule.test.decode returns Truncated on a cut buffer...OK
8455/8732 daemon.helix.metadata_capsule.test.decode returns BadMagic on corrupted magic...OK
8456/8732 daemon.helix.metadata_capsule.test.decode returns BadVersion on a future version...OK
8457/8732 daemon.helix.metadata_capsule.test.decode returns TooMany when pairs_out is too small...OK
8458/8732 daemon.helix.bouncer_buffer_capsule.test.round-trip an account with three buffered lines...OK
8459/8732 daemon.helix.bouncer_buffer_capsule.test.round-trip with zero buffered lines...OK
8460/8732 daemon.helix.bouncer_buffer_capsule.test.decode returns Truncated on a cut buffer...OK
8461/8732 daemon.helix.bouncer_buffer_capsule.test.decode returns BadMagic on corrupted magic...OK
8462/8732 daemon.helix.bouncer_buffer_capsule.test.decode returns BadVersion on a future version...OK
8463/8732 daemon.helix.bouncer_buffer_capsule.test.decode returns TooMany when lines_out is too small...OK
8464/8732 daemon.helix.read_marker_capsule.test.round-trip account with three markers...OK
8465/8732 daemon.helix.read_marker_capsule.test.round-trip with zero markers...OK
8466/8732 daemon.helix.read_marker_capsule.test.decode returns Truncated on a cut buffer...OK
8467/8732 daemon.helix.read_marker_capsule.test.decode returns BadMagic on corrupted magic...OK
8468/8732 daemon.helix.read_marker_capsule.test.decode returns BadVersion on a future version...OK
8469/8732 daemon.helix.read_marker_capsule.test.decode returns TooMany when markers_out is too small...OK
8470/8732 daemon.helix.chathistory_cursor_capsule.test.round-trip an account with three cursors...OK
8471/8732 daemon.helix.chathistory_cursor_capsule.test.round-trip with zero cursors...OK
8472/8732 daemon.helix.chathistory_cursor_capsule.test.decode returns Truncated on a cut buffer...OK
8473/8732 daemon.helix.chathistory_cursor_capsule.test.decode returns BadMagic on corrupted magic...OK
8474/8732 daemon.helix.chathistory_cursor_capsule.test.decode returns BadVersion on a future version...OK
8475/8732 daemon.helix.chathistory_cursor_capsule.test.decode returns TooMany when cursors_out is too small...OK
8476/8732 daemon.helix.ban_capsule.test.round-trip with four entries spanning all mask kinds...OK
8477/8732 daemon.helix.ban_capsule.test.round-trip with zero entries...OK
8478/8732 daemon.helix.ban_capsule.test.decode returns Truncated on a cut buffer...OK
8479/8732 daemon.helix.ban_capsule.test.decode returns BadMagic on corrupted magic...OK
8480/8732 daemon.helix.ban_capsule.test.decode returns BadVersion on a future version...OK
8481/8732 daemon.helix.ban_capsule.test.decode returns BadVersion on an unknown mask kind...OK
8482/8732 daemon.helix.ban_capsule.test.decode returns TooMany when entries_out is too small...OK
8483/8732 daemon.helix.ban_capsule.test.encode returns TooMany when output buffer is too small...OK
8484/8732 daemon.helix.upgrade_manifest.test.round-trip a three-entry manifest with epoch...OK
8485/8732 daemon.helix.upgrade_manifest.test.find locates by kind and returns null for an absent kind...OK
8486/8732 daemon.helix.upgrade_manifest.test.decode returns Truncated on a cut buffer...OK
8487/8732 daemon.helix.upgrade_manifest.test.decode returns BadMagic on corrupted magic...OK
8488/8732 daemon.helix.upgrade_manifest.test.decode returns BadVersion on a future version...OK
8489/8732 daemon.helix.upgrade_manifest.test.decode returns TooMany when entries_out is too small...OK
8490/8732 daemon.helix.upgrade_manifest.test.encode returns Truncated when output buffer is too small...OK
8491/8732 daemon.helix.resume_plan.test.plan pairs each fd with the right capsule in order...OK
8492/8732 daemon.helix.resume_plan.test.plan honors fd_index ordering, not array position...OK
8493/8732 daemon.helix.resume_plan.test.plan returns DuplicateFdIndex when two capsules share an index...OK
8494/8732 daemon.helix.resume_plan.test.plan returns FdIndexOutOfRange when an index is past the fds array...OK
8495/8732 daemon.helix.resume_plan.test.plan returns TooMany when the output buffer is too small...OK
8496/8732 daemon.helix.resume_plan.test.validate agrees with plan on the good case...OK
8497/8732 daemon.helix.resume_plan.test.validate agrees with plan on DuplicateFdIndex...OK
8498/8732 daemon.helix.resume_plan.test.validate agrees with plan on FdIndexOutOfRange...OK
8499/8732 daemon.helix.resume_plan.test.empty capsules plan to an empty action slice...OK
8500/8732 daemon.helix.session_resume_plan.test.plan attaches sessions whose client migrated and detaches the rest...OK
8501/8732 daemon.helix.session_resume_plan.test.plan with empty live set detaches everything...OK
8502/8732 daemon.helix.session_resume_plan.test.plan preserves same-account reusable-token attachments in input order...OK
8503/8732 daemon.helix.session_resume_plan.test.plan rejects reusable-token authority crossing account boundaries without partial output...OK
8504/8732 daemon.helix.session_resume_plan.test.plan returns TooMany when out is too small...OK
8505/8732 daemon.helix.session_resume_plan.test.plan over zero capsules yields an empty plan...OK
8506/8732 daemon.helix.upgrade_dst.test.full upgrade round-trip preserves state and descriptors...SKIP
8507/8732 daemon.helix.upgrade_dst.test.buildPayload then decodePayload framing is self-consistent...SKIP
8508/8732 daemon.helix.upgrade_dst.test.decodePayload rejects an out-of-range fd_index...OK
8509/8732 daemon.helix.upgrade_dst.test.decodePayload rejects a too-small output buffer...OK
8510/8732 daemon.helix.session_migration_dst.test.decodeOwned preserves and owns every current session entry field...OK
8511/8732 daemon.helix.session_migration_dst.test.session migration round-trip recovers every session and splits attach/detach by live client set...SKIP
8512/8732 daemon.helix.session_migration_dst.test.session migration round-trip preserves a same-account shared-token attachment group...SKIP
8513/8732 daemon.helix.session_migration_dst.test.session migration round-trip rejects cross-account shared-token authority...SKIP
8514/8732 daemon.helix.session_migration_dst.test.session migration shared-token round-trip survives every allocation failure...SKIP
8515/8732 daemon.helix.session_migration_dst.test.session migration round-trip with empty live set detaches every recovered session...SKIP
8516/8732 daemon.helix.session_migration_dst.test.session migration round-trip with all clients live attaches everything...SKIP
8517/8732 daemon.helix.session_migration_dst.test.session migration round-trip over zero capsules recovers nothing...SKIP
8518/8732 daemon.helix.world_migration_dst.test.world migration round-trip recovers every channel and ban entry intact...SKIP
8519/8732 daemon.helix.world_migration_dst.test.world migration round-trip with zero ban entries still recovers channels...SKIP
8520/8732 daemon.helix.world_migration_dst.test.world migration round-trip over zero channels and zero bans recovers nothing...SKIP
8521/8732 daemon.helix.s2s_adopt_dst.test.s2s_link v1 capsule adopts across upgrade while sibling capsules still adopt...OK
8522/8732 daemon.helix.s2s_adopt_dst.test.s2s_link v1 and v2 capsules co-adopt in one upgrade stream, fd ledger balanced...OK
8523/8732 daemon.helix.s2s_adopt_dst.test.s2s_link v3 capsule (previous production schema) co-adopts with a v4 roster capsule across upgrade...OK
8524/8732 daemon.helix.s2s_adopt_dst.test.s2s_link v4 capsule with a corrupt roster is refused fail-closed and fd recovered on resume...OK
8525/8732 daemon.helix.s2s_adopt_dst.test.s2s_link capsule adoption recovers fd under injected decode fault (resume DST)...OK
8526/8732 daemon.helix.s2s_adopt_dst.test.s2s_link capsule adoption seeded fault campaign keeps fd ledger balanced...OK
8527/8732 daemon.helix.s2s_adopt_dst.test.s2s_link too-new capsule is refused fail-closed and fd recovered on resume...OK
8528/8732 daemon.helix.s2s_adopt_dst.test.truncated v1 s2s_link capsule body is refused and fd recovered across upgrade...OK
8529/8732 daemon.helix.s2s_adopt_dst.test.empty capsule stream adopts nothing without panic on resume...OK
8530/8732 daemon.helix.s2s_adopt_dst.test.s2s_link truncated capsule with sub-fd body neither adopts nor bogus-closes...OK
8531/8732 daemon.helix.session_adopt_dst.test.clients v5 decodeCurrent preserves WebSocket state and recovers fd under decode fault...OK
8532/8732 daemon.helix.session_adopt_dst.test.session_snapshot was_secured client without TLS engine is dropped not adopted-plaintext on upgrade...OK
8533/8732 daemon.helix.session_adopt_dst.test.clients exact v5 descriptor rejects every legacy v1 through v4 range...OK
8534/8732 daemon.helix.session_adopt_dst.test.clients v5 missing WebSocket tail fails closed while current sibling adopts...OK
8535/8732 daemon.helix.session_adopt_dst.test.clients capsule adoption seeded fault campaign keeps fd ledger balanced on upgrade...OK
8536/8732 daemon.helix.multishard_upgrade_dst.test.multi-shard USR2 transaction transfers every live reactor exactly once...OK
8537/8732 daemon.helix.multishard_upgrade_dst.test.multi-shard USR2 fault campaign aborts cleanly or adopts every shard...OK
8538/8732 daemon.helix.multishard_upgrade_dst.test.armed faults cover every pre-exec seam and restore predecessor ownership...OK
8539/8732 daemon.helix.multishard_upgrade_dst.test.regression oracle rejects the pre-0.5.2 shard-zero-only handoff...OK
8540/8732 daemon.isupport_advertise.test.005 CHATHISTORY and auditorium mode come from the live CHANMODES table...OK
8541/8732 crypto.aead.test.round-trip seal/open: ChaCha20-Poly1305...OK
8542/8732 crypto.aead.test.round-trip seal/open: AES-256-GCM...OK
8543/8732 crypto.aead.test.AAD mismatch yields AuthFailed: ChaCha20-Poly1305...OK
8544/8732 crypto.aead.test.AAD mismatch yields AuthFailed: AES-256-GCM...OK
8545/8732 crypto.aead.test.tampered ciphertext yields AuthFailed: ChaCha20-Poly1305...OK
8546/8732 crypto.aead.test.tampered ciphertext yields AuthFailed: AES-256-GCM...OK
8547/8732 crypto.aead.test.buffer length mismatch is rejected...OK
8548/8732 crypto.aead.test.Aead interops with Secret-wrapped key...OK
8549/8732 crypto.aead.test.counter nonce composes base + big-endian u32 and advances...OK
8550/8732 crypto.aead.test.counter nonce refuses to wrap...OK
8551/8732 crypto.aead.test.random base nonce starts at counter zero and advances...OK
8552/8732 crypto.aead.test.resumeFrom restores a known counter position...OK
8553/8732 crypto.aead.test.RFC 8439 ChaCha20-Poly1305 AEAD test vector...OK
8554/8732 crypto.aead.test_0...OK
8555/8732 crypto.aead_kat.test.RFC 8439 section 2.8.2 ChaCha20-Poly1305 AEAD KAT...OK
8556/8732 crypto.aead_kat.test.NIST CAVP GCMVS AES-256-GCM KAT...OK
8557/8732 crypto.aead_stream.test.multi-chunk round-trip preserves plaintext and final marker...OK
8558/8732 crypto.aead_stream.test.reordered chunk is rejected before decryption...OK
8559/8732 crypto.aead_stream.test.truncated stream missing final chunk is detected by finish...OK
8560/8732 crypto.aead_stream.test.tampered ciphertext or tag is rejected...OK
8561/8732 crypto.aead_stream.test.final-flag forgery is rejected...OK
8562/8732 crypto.aead_stream.test.failed first-chunk authentication does not poison decryptor state...OK
8563/8732 crypto.aead_stream.test.deterministic with fixed key and nonce...OK
8564/8732 crypto.aead_stream.test.empty final chunk round-trips and closes stream...OK
8565/8732 crypto.aead_stream.test.decryptor refuses an authenticated nonfinal chunk at exhausted counter...OK
8566/8732 crypto.age.test.encrypt decrypt round-trip for empty small full and multi-chunk payloads...OK
8567/8732 crypto.age.test.wrong identity fails while the right identity succeeds...OK
8568/8732 crypto.age.test.tampered header MAC is rejected...OK
8569/8732 crypto.age.test.tampered payload is rejected...OK
8570/8732 crypto.age.test.fixed ephemeral scalar file key and nonce make encryption deterministic...OK
8571/8732 crypto.age.test.fixed ephemeral scalar alone still decrypts correctly...OK
8572/8732 crypto.age.test.header parser rejects non-age input...OK
8573/8732 crypto.argon2_kdf.test.hash then verify succeeds for correct password...OK
8574/8732 crypto.argon2_kdf.test.verify fails for wrong password...OK
8575/8732 crypto.argon2_kdf.test.verify fails for empty candidate against non-empty password...OK
8576/8732 crypto.argon2_kdf.test.distinct salts produce distinct hashes for same password...OK
8577/8732 crypto.argon2_kdf.test.empty password round-trips...OK
8578/8732 crypto.argon2_kdf.test.deriveKey: cloak key derivation is deterministic...OK
8579/8732 crypto.argon2_kdf.test.deriveKey: cloak key equals a direct Argon2id KDF over the same inputs...OK
8580/8732 crypto.argon2_kdf.test.deriveKey: a weak short cloak secret is stretched to full-width key material...OK
8581/8732 crypto.argon2_kdf.test.deriveKey: distinct cloak secrets yield distinct keys...OK
8582/8732 crypto.cose.test.Sig_structure bytes correct...OK
8583/8732 crypto.cose.test.build and verify COSE_Sign1 EdDSA...OK
8584/8732 crypto.cose.test.COSE_Sign1 ES256 verifies...OK
8585/8732 crypto.cose.test.tampered payload and protected header are rejected...OK
8586/8732 crypto.cose.test.COSE_Key parse for OKP Ed25519 and EC2 P-256...OK
8587/8732 crypto.cose.test.CBOR round-trip for COSE structures...OK
8588/8732 crypto.ecdsa_kat.test.RFC 6979 A.2.5 ECDSA P-256/SHA-256 published signatures verify...OK
8589/8732 crypto.ecdsa_kat.test.RFC 6979 A.2.5 ECDSA P-256 rejects corrupted signature, message, or key...OK
8590/8732 crypto.ecdsa_kat.test_0...OK
8591/8732 crypto.ed25519_batch.test.all-valid batch passes...OK
8592/8732 crypto.ed25519_batch.test.one tampered signature is detected...OK
8593/8732 crypto.ed25519_batch.test.empty batch passes...OK
8594/8732 crypto.ed25519_batch.test.known std Ed25519 vectors verify in batch...OK
8595/8732 crypto.ed25519_batch.test.runtime slice returns all failure indices...OK
8596/8732 crypto.ed25519_batch.test_0...OK
8597/8732 crypto.hash_kat.test.FIPS 180-4 SHA-2 digests for abc...OK
8598/8732 crypto.hash_kat.test.RFC 4231 HMAC-SHA256 test case 1...OK
8599/8732 crypto.hash_kat.test.RFC 5869 HKDF-SHA256 test case 1...OK
8600/8732 crypto.kx_kat.test.RFC 7748 section 5.2 X25519 scalar multiplication vectors...OK
8601/8732 crypto.kx_kat.test.RFC 7748 section 5.2 X25519 iterative test vectors (1 and 1000 iterations)...OK
8602/8732 crypto.kx_kat.test.X25519Kx derives the same shared secret on both sides...OK
8603/8732 crypto.kx_kat.test.HybridKx deterministic encapsulation and shared-secret agreement...OK
8604/8732 crypto.ml_dsa_kat.test.ML-DSA-65 ACVP sigVer known-answer vectors (accept + reject)...OK
8605/8732 crypto.ml_dsa_kat.test.ML-DSA-65 tamper: flipping any accept vector's signature/pk/msg rejects...OK
8606/8732 crypto.ml_dsa_kat.test.ML-DSA-65 structural rejects: wrong-length pk/sig and oversized context...OK
8607/8732 crypto.ml_dsa_kat.test.x509 dispatch: verifyCertSignature routes id-ML-DSA-65 to the KAT-verified verifier...OK
8608/8732 crypto.ml_dsa_kat.test.GAP-K5 verify-only is the permanent 1.x posture...OK
8609/8732 crypto.ml_dsa_variants_kat.test.ML-DSA-44 ACVP sigVer known-answer vectors (accept + reject)...OK
8610/8732 crypto.ml_dsa_variants_kat.test.ML-DSA-44 tamper: flipping any accept vector's signature/pk/msg rejects...OK
8611/8732 crypto.ml_dsa_variants_kat.test.ML-DSA-44 structural rejects: wrong-length pk/sig and oversized context...OK
8612/8732 crypto.ml_dsa_variants_kat.test.ML-DSA-44 x509 dispatch: id-ML-DSA-44 routes to the KAT-verified verifier...OK
8613/8732 crypto.ml_dsa_variants_kat.test.ML-DSA-87 ACVP sigVer known-answer vectors (accept + reject)...OK
8614/8732 crypto.ml_dsa_variants_kat.test.ML-DSA-87 tamper: flipping any accept vector's signature/pk/msg rejects...OK
8615/8732 crypto.ml_dsa_variants_kat.test.ML-DSA-87 structural rejects: wrong-length pk/sig and oversized context...OK
8616/8732 crypto.ml_dsa_variants_kat.test.ML-DSA-87 x509 dispatch: id-ML-DSA-87 routes to the KAT-verified verifier...OK
8617/8732 crypto.mls_keyschedule.test.encodeKdfLabel basic structure...OK
8618/8732 crypto.mls_keyschedule.test.expandWithLabel output length correctness...OK
8619/8732 crypto.mls_keyschedule.test.expandWithLabel determinism...OK
8620/8732 crypto.mls_keyschedule.test.expandWithLabel label separation...OK
8621/8732 crypto.mls_keyschedule.test.expandWithLabel context separation...OK
8622/8732 crypto.mls_keyschedule.test.deriveSecret determinism and Nh-length output...OK
8623/8732 crypto.mls_keyschedule.test.deriveSecret label separation...OK
8624/8732 crypto.mls_keyschedule.test.epoch derivation is deterministic...OK
8625/8732 crypto.mls_keyschedule.test.all named epoch secrets are distinct...OK
8626/8732 crypto.mls_keyschedule.test.different commit_secret produces different epoch_secret...OK
8627/8732 crypto.mls_keyschedule.test.different init_secret produces different epoch_secret...OK
8628/8732 crypto.mls_keyschedule.test.PSK changes epoch_secret...OK
8629/8732 crypto.mls_keyschedule.test.epoch chaining: init_secret of epoch N feeds epoch N+1...OK
8630/8732 crypto.mls_keyschedule.test.epoch chaining is sensitive to commit_secret at each epoch...OK
8631/8732 crypto.mls_keyschedule.test.exporter is deterministic...OK
8632/8732 crypto.mls_keyschedule.test.exporter label separation...OK
8633/8732 crypto.mls_keyschedule.test.exporter context separation...OK
8634/8732 crypto.mls_keyschedule.test.exporter variable output lengths...OK
8635/8732 crypto.mls_keyschedule.test.exporter uses epoch exporter_secret correctly...OK
8636/8732 crypto.pake.test.matching passwords derive matching keys and confirmations verify...OK
8637/8732 crypto.pake.test.wrong password yields different keys and confirmation fails...OK
8638/8732 crypto.pake.test.transcript binds identities: swapped ids fail confirmation...OK
8639/8732 crypto.pake.test.deterministic: same seeds produce identical messages and keys...OK
8640/8732 crypto.pake.test.blinding points match derivation and are distinct...OK
8641/8732 crypto.pake.test.empty identities are accepted...OK
8642/8732 crypto.ratchet.test.chain key advances to distinct message keys...OK
8643/8732 crypto.ratchet.test.in-order exchange both directions and first reply advances DH ratchet...OK
8644/8732 crypto.ratchet.test.out-of-order messages within skip bound are recovered...OK
8645/8732 crypto.ratchet.test.ciphertext associated data and header tampering are rejected...OK
8646/8732 crypto.ratchet.test.skip bound rejects large out-of-order gaps...OK
8647/8732 crypto.ratchet.test.deterministic with fixed X25519 key pairs...OK
8648/8732 crypto.secure_channel.test.1:1 channel: HPKE bootstrap + ratchet round-trip both directions...OK
8649/8732 crypto.secure_channel.test.1:1 channel: tampered ciphertext is rejected...OK
8650/8732 crypto.secure_channel.test.1:1 channel: out-of-order delivery within the skip window...OK
8651/8732 crypto.secure_channel.test.group: all members share a key; rekey on remove evicts the removed member...OK
8652/8732 crypto.secure_channel.test.applyToml overrides ratchet_max_skip and restores cleanly...OK
8653/8732 crypto.sframe.test.header KID and CTR varint round-trip including multi-byte RFC cases...OK
8654/8732 crypto.sframe.test.header decoder rejects truncated and non-canonical encodings...OK
8655/8732 crypto.sframe.test.encrypt decrypt round-trip with AES-GCM and ChaCha20-Poly1305...OK
8656/8732 crypto.sframe.test.AES-GCM output matches RFC 9605 test vector...OK
8657/8732 crypto.sframe.test.tamper of ciphertext and header are rejected...OK
8658/8732 crypto.sframe.test.wrong key and wrong metadata fail authentication...OK
8659/8732 crypto.sframe.test.counter increments produce distinct nonces...OK
8660/8732 crypto.sframe.test.encryption is deterministic for same key KID CTR metadata and plaintext...OK
8661/8732 crypto.shamir.test.field math uses AES polynomial...OK
8662/8732 crypto.shamir.test.split validates n and k...OK
8663/8732 crypto.shamir.test.any k of n shares reconstruct the secret...OK
8664/8732 crypto.shamir.test.fewer than k shares reconstruct a different value...OK
8665/8732 crypto.shamir.test.multi-byte and empty secrets round trip...OK
8666/8732 crypto.shamir.test.k of one duplicates the secret into every share...OK
8667/8732 crypto.shamir.test.deterministic with seeded rng...OK
8668/8732 crypto.shamir.test.combine validates share sets...OK
8669/8732 crypto.sign_kat.test.RFC 8032 Section 7.1 Ed25519 empty-message vector...OK
8670/8732 crypto.sign_kat.test.RFC 8032 Section 7.1 Ed25519 multi-byte-message vector...OK
8671/8732 crypto.sign_kat.test_0...OK
8672/8732 crypto.slh_dsa_kat.test.SLH-DSA ACVP sigVer known-answer vectors, all 12 parameter sets (accept + reject)...OK
8673/8732 crypto.slh_dsa_kat.test.SLH-DSA tamper: flipping any accept vector's signature/pk/msg rejects...OK
8674/8732 crypto.slh_dsa_kat.test.SLH-DSA structural rejects: wrong-length pk/sig and oversized context...OK
8675/8732 crypto.slh_dsa_kat.test.x509 dispatch: verifyCertSignature routes id-slh-dsa-* (empty-context cert path)...OK
8676/8732 crypto.tls_fuzz.test.wire parsers never panic on random input...OK
8677/8732 crypto.tls_fuzz.test.wire parsers never panic on structured length-prefixed noise...OK
8678/8732 crypto.tls_fuzz.test.x509.parse never panics on bit-flipped valid certificates...OK
8679/8732 crypto.tls_fuzz.test.cert_compression.inflateZlib never panics on hostile input...OK
8680/8732 crypto.tls_fuzz.test.roadmap-5.x parsers never panic on bit-flipped valid instances...OK
8681/8732 crypto.tls_fuzz.test.cov-fuzz: x509.parse never traps on arbitrary DER...OK
8682/8732 crypto.tls_fuzz.test.cov-fuzz: tls_record parsers never trap on arbitrary bytes...OK
8683/8732 crypto.tls_fuzz.test.cov-fuzz: ocsp.parse never traps on arbitrary DER...OK
8684/8732 crypto.tls_fuzz.test.cov-fuzz: tls12 handshake parsers never trap on arbitrary bytes...OK
8685/8732 crypto.tls_fuzz.test.cov-fuzz: cert_compression.inflateZlib bomb guard never traps...OK
8686/8732 crypto.tls_fuzz.test.cov-fuzz: sni.extract never traps on arbitrary bytes...OK
8687/8732 crypto.tls_fuzz.test.cov-fuzz: SubjectPublicKeyInfo extractors never trap on arbitrary DER...OK
8688/8732 crypto.tls_fuzz.test.cov-fuzz: DelegatedCredential parse never traps on arbitrary bytes...OK
8689/8732 crypto.tls_fuzz.test.cov-fuzz: ECH ECHConfigList selection never traps on arbitrary bytes...OK
8690/8732 crypto.tls_kat.test.RFC 8448 Simple 1-RTT TLS 1.3 SHA-256 key schedule...OK
8691/8732 crypto.tls_kat.test.RFC 8448 Simple 1-RTT TLS_AES_128_GCM_SHA256 traffic key expansion...OK
8692/8732 crypto.tls_props.test.canTransition is total and matches documented TLS handshake edges...OK
8693/8732 crypto.tls_props.test.random runtime handshake event streams never panic or hide illegal transitions...OK
8694/8732 crypto.tls_props.test.fuzzed TLS 1.2 record seal and open params keep AAD and nonce sequences aligned...OK
8695/8732 crypto.tls_props.test.tampered TLS 1.2 records fail closed...OK
8696/8732 crypto.tls_props.test_0...OK
8697/8732 crypto.tls.test.policy allows only TLS 1.3 AES-GCM and ChaCha20-Poly1305 suites...OK
8698/8732 crypto.tls.test.GAP-K6 unfinished TLS interop stays refused and the pinned BoGo lane stays 24/3...GAP-K6 branch=unfinished TLS interop stays refused and [[tls.sni]] selects a certificate
OK
8699/8732 crypto.tls.test.policy allows only hardened TLS 1.2 ECDHE AEAD suites...OK
8700/8732 crypto.tls.test.policy rejects CBC RC4 RSA-kex export NULL and old TLS versions...OK
8701/8732 crypto.tls.test.record header parse and write validate bounds...OK
8702/8732 crypto.tls.test.TLS 1.3 nonce is IV XOR sequence and seq refuses wrap...OK
8703/8732 crypto.tls.test.record cipher state derives TLS 1.2 and 1.3 nonces without network IO...OK
8704/8732 crypto.tls.test.TLS 1.2 record params keep AAD and nonce sequence aligned across round trips...OK
8705/8732 crypto.tls.test.typed and runtime handshake transitions reject illegal order...OK
8706/8732 crypto.tls.test.TLS 1.3 key schedule SHA-256 known vector...OK
8707/8732 crypto.tls.test.TLS 1.3 key schedule rejects wrong transcript hash length and bad suite...OK
8708/8732 crypto.tls.test.CertificateVerifier enforces chain signatures before the policy hook...OK
8709/8732 crypto.tls.test_0...OK
8710/8732 crypto.treekem.test.left-balanced split shapes power-of-two and uneven trees...OK
8711/8732 crypto.treekem.test.initial group members derive the same root secret...OK
8712/8732 crypto.treekem.test.update changes root and all retained members converge...OK
8713/8732 crypto.treekem.test.add grows the tree and re-keys the group...OK
8714/8732 crypto.treekem.test.remove evicts a member and retained members converge...OK
8715/8732 crypto.treekem.test.deterministic fixed seeds reproduce roots and public commit metadata...OK
8716/8732 crypto.treekem.test.applyToml overrides treekem_max_members and enforces the new cap...OK
8717/8732 crypto.vrf.test.prove then verify succeeds and yields beta...OK
8718/8732 crypto.vrf.test.proof encoding round-trips...OK
8719/8732 crypto.vrf.test.verify rejects a tampered proof, alpha, and public key...OK
8720/8732 crypto.vrf.test.beta is deterministic for seed and alpha...OK
8721/8732 crypto.vrf.test.different alpha produces different beta...OK
8722/8732 crypto.vrf.test.tests can build alpha with std.testing allocator...OK
8723/8732 crypto.wycheproof_kat.test.Wycheproof: AES-256-GCM rejects tampered ciphertext/tag/nonce/aad...OK
8724/8732 crypto.wycheproof_kat.test.Wycheproof: ChaCha20-Poly1305 rejects tampered ciphertext/tag/nonce/aad...OK
8725/8732 crypto.wycheproof_kat.test.Wycheproof: X25519 rejects the all-zero low-order point...OK
8726/8732 crypto.wycheproof_kat.test.Wycheproof: ECDSA-P256 rejects zero r or s...OK
8727/8732 crypto.x509_props.test.parse accepts arbitrary bytes or returns typed X.509 errors...OK
8728/8732 crypto.x509_props.test.structured corrupt certificates stay fail-closed...OK
8729/8732 crypto.x509_props.test.hand-crafted valid-ish DER certificates parse and keep slices in input...OK
8730/8732 crypto.x509_props.test.deeply nested DER TLV fails over MaxDepth without stack growth...OK
8731/8732 crypto.x509_props.test.length fields beyond the buffer error cleanly...OK
8732/8732 crypto.x509_props.test.all truncated prefixes of valid-ish certificates return typed errors...OK
8584 passed; 148 skipped; 0 failed.
9 fuzz tests found.
