98fe9616500f6e01a673b8eade9cc058dce69cb31d08864255846945fb6bef5b
iteration=2 failed
1/72 root.test_0...OK
2/72 crypto.root.test_0...OK
3/72 daemon.root.test_0...OK
4/72 proto.root.test_0...OK
5/72 substrate.root.test_0...OK
6/72 wasm.host.root.test_0...OK
7/72 substrate.io.root.test_0...OK
8/72 substrate.ripple_props.test_0...OK
9/72 substrate.ripple.test_0...OK
10/72 substrate.undertow.root.test_0...OK
11/72 substrate.undertow.peer_link.test_0...OK
12/72 substrate.io.buf_ring.test_0...OK
13/72 substrate.io.ring.test_0...OK
14/72 proto.asn1_time.test_0...OK
15/72 proto.certfp.test_0...OK
16/72 proto.cloak.test_0...OK
17/72 proto.ircx_modex.test_0...OK
18/72 proto.ircx_saccess.test_0...OK
19/72 proto.listx.test_0...OK
20/72 proto.mooring.test_0...OK
21/72 proto.mooring_props.test_0...OK
22/72 proto.quic_handshake.test_0...OK
23/72 proto.quic_transport_params.test_0...OK
24/72 proto.sasl_external_verify.test_0...OK
25/72 proto.sasl_mechrouter.test_0...OK
26/72 proto.sasl_oauthbearer.test_0...OK
27/72 proto.sasl.test_0...OK
28/72 proto.sasl_scram512_server.test_0...OK
29/72 proto.sasl_scram.test_0...OK
30/72 proto.sasl_scram_server.test_0...OK
31/72 proto.signed_delta.test_0...OK
32/72 proto.toml.test_0...OK
33/72 proto.x509.test_0...OK
34/72 daemon.modules.manifest.test_0...OK
35/72 daemon.key_transparency.test_0...OK
36/72 daemon.acme_cli.test_0...OK
37/72 daemon.acme_http01_listener.test_0...OK
38/72 daemon.acme_renewal.test_0...OK
39/72 daemon.acme_runner.test_0...OK
40/72 daemon.config_format.test_0...OK
41/72 daemon.helix.root.test_0...OK
42/72 daemon.metrics_http.test_0...OK
43/72 daemon.webhook.test_0...OK
44/72 daemon.webhook_render.test_0...OK
45/72 daemon.webhook_http.test_0...OK
46/72 daemon.oauth_jwt.test_0...OK
47/72 daemon.ocsp_staple.test_0...OK
48/72 daemon.reactor_pool.test_0...OK
49/72 daemon.reuseport.test.OpenBSD listeners bind native IPv4 and IPv6 addresses...OpenBSD listener fixture host=::1 accept errno=AGAIN
FAIL (TestUnexpectedResult)
50/72 daemon.sasl_bridge.test_0...OK
51/72 daemon.scram_store.test_0...OK
52/72 daemon.server.test_0...OK
53/72 daemon.sessions.test_0...OK
54/72 daemon.tls_certs.test_0...OK
55/72 daemon.tls_conn.test_0...OK
56/72 daemon.tls_sni_load.test_0...OK
57/72 crypto.tls_server.test_0...OK
58/72 crypto.tls_record.test_0...OK
59/72 crypto.hkdf_tls13.test_0...OK
60/72 crypto.hash.test_0...OK
61/72 crypto.random.test_0...OK
62/72 crypto.kx.test_0...OK
63/72 crypto.sign.test_0...OK
64/72 crypto.xwing.test_0...OK
65/72 crypto.sct.test_0...OK
66/72 crypto.tls_client.test_0...OK
67/72 crypto.aead.test_0...OK
68/72 crypto.ecdsa_kat.test_0...OK
69/72 crypto.ed25519_batch.test_0...OK
70/72 crypto.sign_kat.test_0...OK
71/72 crypto.tls_props.test_0...OK
72/72 crypto.tls.test_0...OK
71 passed; 0 skipped; 1 failed.
iteration=5 failed
1/72 root.test_0...OK
2/72 crypto.root.test_0...OK
3/72 daemon.root.test_0...OK
4/72 proto.root.test_0...OK
5/72 substrate.root.test_0...OK
6/72 wasm.host.root.test_0...OK
7/72 substrate.io.root.test_0...OK
8/72 substrate.ripple_props.test_0...OK
9/72 substrate.ripple.test_0...OK
10/72 substrate.undertow.root.test_0...OK
11/72 substrate.undertow.peer_link.test_0...OK
12/72 substrate.io.buf_ring.test_0...OK
13/72 substrate.io.ring.test_0...OK
14/72 proto.asn1_time.test_0...OK
15/72 proto.certfp.test_0...OK
16/72 proto.cloak.test_0...OK
17/72 proto.ircx_modex.test_0...OK
18/72 proto.ircx_saccess.test_0...OK
19/72 proto.listx.test_0...OK
20/72 proto.mooring.test_0...OK
21/72 proto.mooring_props.test_0...OK
22/72 proto.quic_handshake.test_0...OK
23/72 proto.quic_transport_params.test_0...OK
24/72 proto.sasl_external_verify.test_0...OK
25/72 proto.sasl_mechrouter.test_0...OK
26/72 proto.sasl_oauthbearer.test_0...OK
27/72 proto.sasl.test_0...OK
28/72 proto.sasl_scram512_server.test_0...OK
29/72 proto.sasl_scram.test_0...OK
30/72 proto.sasl_scram_server.test_0...OK
31/72 proto.signed_delta.test_0...OK
32/72 proto.toml.test_0...OK
33/72 proto.x509.test_0...OK
34/72 daemon.modules.manifest.test_0...OK
35/72 daemon.key_transparency.test_0...OK
36/72 daemon.acme_cli.test_0...OK
37/72 daemon.acme_http01_listener.test_0...OK
38/72 daemon.acme_renewal.test_0...OK
39/72 daemon.acme_runner.test_0...OK
40/72 daemon.config_format.test_0...OK
41/72 daemon.helix.root.test_0...OK
42/72 daemon.metrics_http.test_0...OK
43/72 daemon.webhook.test_0...OK
44/72 daemon.webhook_render.test_0...OK
45/72 daemon.webhook_http.test_0...OK
46/72 daemon.oauth_jwt.test_0...OK
47/72 daemon.ocsp_staple.test_0...OK
48/72 daemon.reactor_pool.test_0...OK
49/72 daemon.reuseport.test.OpenBSD listeners bind native IPv4 and IPv6 addresses...OpenBSD listener fixture host=::1 accept errno=AGAIN
FAIL (TestUnexpectedResult)
50/72 daemon.sasl_bridge.test_0...OK
51/72 daemon.scram_store.test_0...OK
52/72 daemon.server.test_0...OK
53/72 daemon.sessions.test_0...OK
54/72 daemon.tls_certs.test_0...OK
55/72 daemon.tls_conn.test_0...OK
56/72 daemon.tls_sni_load.test_0...OK
57/72 crypto.tls_server.test_0...OK
58/72 crypto.tls_record.test_0...OK
59/72 crypto.hkdf_tls13.test_0...OK
60/72 crypto.hash.test_0...OK
61/72 crypto.random.test_0...OK
62/72 crypto.kx.test_0...OK
63/72 crypto.sign.test_0...OK
64/72 crypto.xwing.test_0...OK
65/72 crypto.sct.test_0...OK
66/72 crypto.tls_client.test_0...OK
67/72 crypto.aead.test_0...OK
68/72 crypto.ecdsa_kat.test_0...OK
69/72 crypto.ed25519_batch.test_0...OK
70/72 crypto.sign_kat.test_0...OK
71/72 crypto.tls_props.test_0...OK
72/72 crypto.tls.test_0...OK
71 passed; 0 skipped; 1 failed.
iteration=8 failed
1/72 root.test_0...OK
2/72 crypto.root.test_0...OK
3/72 daemon.root.test_0...OK
4/72 proto.root.test_0...OK
5/72 substrate.root.test_0...OK
6/72 wasm.host.root.test_0...OK
7/72 substrate.io.root.test_0...OK
8/72 substrate.ripple_props.test_0...OK
9/72 substrate.ripple.test_0...OK
10/72 substrate.undertow.root.test_0...OK
11/72 substrate.undertow.peer_link.test_0...OK
12/72 substrate.io.buf_ring.test_0...OK
13/72 substrate.io.ring.test_0...OK
14/72 proto.asn1_time.test_0...OK
15/72 proto.certfp.test_0...OK
16/72 proto.cloak.test_0...OK
17/72 proto.ircx_modex.test_0...OK
18/72 proto.ircx_saccess.test_0...OK
19/72 proto.listx.test_0...OK
20/72 proto.mooring.test_0...OK
21/72 proto.mooring_props.test_0...OK
22/72 proto.quic_handshake.test_0...OK
23/72 proto.quic_transport_params.test_0...OK
24/72 proto.sasl_external_verify.test_0...OK
25/72 proto.sasl_mechrouter.test_0...OK
26/72 proto.sasl_oauthbearer.test_0...OK
27/72 proto.sasl.test_0...OK
28/72 proto.sasl_scram512_server.test_0...OK
29/72 proto.sasl_scram.test_0...OK
30/72 proto.sasl_scram_server.test_0...OK
31/72 proto.signed_delta.test_0...OK
32/72 proto.toml.test_0...OK
33/72 proto.x509.test_0...OK
34/72 daemon.modules.manifest.test_0...OK
35/72 daemon.key_transparency.test_0...OK
36/72 daemon.acme_cli.test_0...OK
37/72 daemon.acme_http01_listener.test_0...OK
38/72 daemon.acme_renewal.test_0...OK
39/72 daemon.acme_runner.test_0...OK
40/72 daemon.config_format.test_0...OK
41/72 daemon.helix.root.test_0...OK
42/72 daemon.metrics_http.test_0...OK
43/72 daemon.webhook.test_0...OK
44/72 daemon.webhook_render.test_0...OK
45/72 daemon.webhook_http.test_0...OK
46/72 daemon.oauth_jwt.test_0...OK
47/72 daemon.ocsp_staple.test_0...OK
48/72 daemon.reactor_pool.test_0...OK
49/72 daemon.reuseport.test.OpenBSD listeners bind native IPv4 and IPv6 addresses...OpenBSD listener fixture host=::1 accept errno=AGAIN
FAIL (TestUnexpectedResult)
50/72 daemon.sasl_bridge.test_0...OK
51/72 daemon.scram_store.test_0...OK
52/72 daemon.server.test_0...OK
53/72 daemon.sessions.test_0...OK
54/72 daemon.tls_certs.test_0...OK
55/72 daemon.tls_conn.test_0...OK
56/72 daemon.tls_sni_load.test_0...OK
57/72 crypto.tls_server.test_0...OK
58/72 crypto.tls_record.test_0...OK
59/72 crypto.hkdf_tls13.test_0...OK
60/72 crypto.hash.test_0...OK
61/72 crypto.random.test_0...OK
62/72 crypto.kx.test_0...OK
63/72 crypto.sign.test_0...OK
64/72 crypto.xwing.test_0...OK
65/72 crypto.sct.test_0...OK
66/72 crypto.tls_client.test_0...OK
67/72 crypto.aead.test_0...OK
68/72 crypto.ecdsa_kat.test_0...OK
69/72 crypto.ed25519_batch.test_0...OK
70/72 crypto.sign_kat.test_0...OK
71/72 crypto.tls_props.test_0...OK
72/72 crypto.tls.test_0...OK
71 passed; 0 skipped; 1 failed.
iteration=13 failed
1/72 root.test_0...OK
2/72 crypto.root.test_0...OK
3/72 daemon.root.test_0...OK
4/72 proto.root.test_0...OK
5/72 substrate.root.test_0...OK
6/72 wasm.host.root.test_0...OK
7/72 substrate.io.root.test_0...OK
8/72 substrate.ripple_props.test_0...OK
9/72 substrate.ripple.test_0...OK
10/72 substrate.undertow.root.test_0...OK
11/72 substrate.undertow.peer_link.test_0...OK
12/72 substrate.io.buf_ring.test_0...OK
13/72 substrate.io.ring.test_0...OK
14/72 proto.asn1_time.test_0...OK
15/72 proto.certfp.test_0...OK
16/72 proto.cloak.test_0...OK
17/72 proto.ircx_modex.test_0...OK
18/72 proto.ircx_saccess.test_0...OK
19/72 proto.listx.test_0...OK
20/72 proto.mooring.test_0...OK
21/72 proto.mooring_props.test_0...OK
22/72 proto.quic_handshake.test_0...OK
23/72 proto.quic_transport_params.test_0...OK
24/72 proto.sasl_external_verify.test_0...OK
25/72 proto.sasl_mechrouter.test_0...OK
26/72 proto.sasl_oauthbearer.test_0...OK
27/72 proto.sasl.test_0...OK
28/72 proto.sasl_scram512_server.test_0...OK
29/72 proto.sasl_scram.test_0...OK
30/72 proto.sasl_scram_server.test_0...OK
31/72 proto.signed_delta.test_0...OK
32/72 proto.toml.test_0...OK
33/72 proto.x509.test_0...OK
34/72 daemon.modules.manifest.test_0...OK
35/72 daemon.key_transparency.test_0...OK
36/72 daemon.acme_cli.test_0...OK
37/72 daemon.acme_http01_listener.test_0...OK
38/72 daemon.acme_renewal.test_0...OK
39/72 daemon.acme_runner.test_0...OK
40/72 daemon.config_format.test_0...OK
41/72 daemon.helix.root.test_0...OK
42/72 daemon.metrics_http.test_0...OK
43/72 daemon.webhook.test_0...OK
44/72 daemon.webhook_render.test_0...OK
45/72 daemon.webhook_http.test_0...OK
46/72 daemon.oauth_jwt.test_0...OK
47/72 daemon.ocsp_staple.test_0...OK
48/72 daemon.reactor_pool.test_0...OK
49/72 daemon.reuseport.test.OpenBSD listeners bind native IPv4 and IPv6 addresses...OpenBSD listener fixture host=::1 accept errno=AGAIN
FAIL (TestUnexpectedResult)
50/72 daemon.sasl_bridge.test_0...OK
51/72 daemon.scram_store.test_0...OK
52/72 daemon.server.test_0...OK
53/72 daemon.sessions.test_0...OK
54/72 daemon.tls_certs.test_0...OK
55/72 daemon.tls_conn.test_0...OK
56/72 daemon.tls_sni_load.test_0...OK
57/72 crypto.tls_server.test_0...OK
58/72 crypto.tls_record.test_0...OK
59/72 crypto.hkdf_tls13.test_0...OK
60/72 crypto.hash.test_0...OK
61/72 crypto.random.test_0...OK
62/72 crypto.kx.test_0...OK
63/72 crypto.sign.test_0...OK
64/72 crypto.xwing.test_0...OK
65/72 crypto.sct.test_0...OK
66/72 crypto.tls_client.test_0...OK
67/72 crypto.aead.test_0...OK
68/72 crypto.ecdsa_kat.test_0...OK
69/72 crypto.ed25519_batch.test_0...OK
70/72 crypto.sign_kat.test_0...OK
71/72 crypto.tls_props.test_0...OK
72/72 crypto.tls.test_0...OK
71 passed; 0 skipped; 1 failed.
iteration=15 failed
1/72 root.test_0...OK
2/72 crypto.root.test_0...OK
3/72 daemon.root.test_0...OK
4/72 proto.root.test_0...OK
5/72 substrate.root.test_0...OK
6/72 wasm.host.root.test_0...OK
7/72 substrate.io.root.test_0...OK
8/72 substrate.ripple_props.test_0...OK
9/72 substrate.ripple.test_0...OK
10/72 substrate.undertow.root.test_0...OK
11/72 substrate.undertow.peer_link.test_0...OK
12/72 substrate.io.buf_ring.test_0...OK
13/72 substrate.io.ring.test_0...OK
14/72 proto.asn1_time.test_0...OK
15/72 proto.certfp.test_0...OK
16/72 proto.cloak.test_0...OK
17/72 proto.ircx_modex.test_0...OK
18/72 proto.ircx_saccess.test_0...OK
19/72 proto.listx.test_0...OK
20/72 proto.mooring.test_0...OK
21/72 proto.mooring_props.test_0...OK
22/72 proto.quic_handshake.test_0...OK
23/72 proto.quic_transport_params.test_0...OK
24/72 proto.sasl_external_verify.test_0...OK
25/72 proto.sasl_mechrouter.test_0...OK
26/72 proto.sasl_oauthbearer.test_0...OK
27/72 proto.sasl.test_0...OK
28/72 proto.sasl_scram512_server.test_0...OK
29/72 proto.sasl_scram.test_0...OK
30/72 proto.sasl_scram_server.test_0...OK
31/72 proto.signed_delta.test_0...OK
32/72 proto.toml.test_0...OK
33/72 proto.x509.test_0...OK
34/72 daemon.modules.manifest.test_0...OK
35/72 daemon.key_transparency.test_0...OK
36/72 daemon.acme_cli.test_0...OK
37/72 daemon.acme_http01_listener.test_0...OK
38/72 daemon.acme_renewal.test_0...OK
39/72 daemon.acme_runner.test_0...OK
40/72 daemon.config_format.test_0...OK
41/72 daemon.helix.root.test_0...OK
42/72 daemon.metrics_http.test_0...OK
43/72 daemon.webhook.test_0...OK
44/72 daemon.webhook_render.test_0...OK
45/72 daemon.webhook_http.test_0...OK
46/72 daemon.oauth_jwt.test_0...OK
47/72 daemon.ocsp_staple.test_0...OK
48/72 daemon.reactor_pool.test_0...OK
49/72 daemon.reuseport.test.OpenBSD listeners bind native IPv4 and IPv6 addresses...OpenBSD listener fixture host=::1 accept errno=AGAIN
FAIL (TestUnexpectedResult)
50/72 daemon.sasl_bridge.test_0...OK
51/72 daemon.scram_store.test_0...OK
52/72 daemon.server.test_0...OK
53/72 daemon.sessions.test_0...OK
54/72 daemon.tls_certs.test_0...OK
55/72 daemon.tls_conn.test_0...OK
56/72 daemon.tls_sni_load.test_0...OK
57/72 crypto.tls_server.test_0...OK
58/72 crypto.tls_record.test_0...OK
59/72 crypto.hkdf_tls13.test_0...OK
60/72 crypto.hash.test_0...OK
61/72 crypto.random.test_0...OK
62/72 crypto.kx.test_0...OK
63/72 crypto.sign.test_0...OK
64/72 crypto.xwing.test_0...OK
65/72 crypto.sct.test_0...OK
66/72 crypto.tls_client.test_0...OK
67/72 crypto.aead.test_0...OK
68/72 crypto.ecdsa_kat.test_0...OK
69/72 crypto.ed25519_batch.test_0...OK
70/72 crypto.sign_kat.test_0...OK
71/72 crypto.tls_props.test_0...OK
72/72 crypto.tls.test_0...OK
71 passed; 0 skipped; 1 failed.
iteration=16 failed
1/72 root.test_0...OK
2/72 crypto.root.test_0...OK
3/72 daemon.root.test_0...OK
4/72 proto.root.test_0...OK
5/72 substrate.root.test_0...OK
6/72 wasm.host.root.test_0...OK
7/72 substrate.io.root.test_0...OK
8/72 substrate.ripple_props.test_0...OK
9/72 substrate.ripple.test_0...OK
10/72 substrate.undertow.root.test_0...OK
11/72 substrate.undertow.peer_link.test_0...OK
12/72 substrate.io.buf_ring.test_0...OK
13/72 substrate.io.ring.test_0...OK
14/72 proto.asn1_time.test_0...OK
15/72 proto.certfp.test_0...OK
16/72 proto.cloak.test_0...OK
17/72 proto.ircx_modex.test_0...OK
18/72 proto.ircx_saccess.test_0...OK
19/72 proto.listx.test_0...OK
20/72 proto.mooring.test_0...OK
21/72 proto.mooring_props.test_0...OK
22/72 proto.quic_handshake.test_0...OK
23/72 proto.quic_transport_params.test_0...OK
24/72 proto.sasl_external_verify.test_0...OK
25/72 proto.sasl_mechrouter.test_0...OK
26/72 proto.sasl_oauthbearer.test_0...OK
27/72 proto.sasl.test_0...OK
28/72 proto.sasl_scram512_server.test_0...OK
29/72 proto.sasl_scram.test_0...OK
30/72 proto.sasl_scram_server.test_0...OK
31/72 proto.signed_delta.test_0...OK
32/72 proto.toml.test_0...OK
33/72 proto.x509.test_0...OK
34/72 daemon.modules.manifest.test_0...OK
35/72 daemon.key_transparency.test_0...OK
36/72 daemon.acme_cli.test_0...OK
37/72 daemon.acme_http01_listener.test_0...OK
38/72 daemon.acme_renewal.test_0...OK
39/72 daemon.acme_runner.test_0...OK
40/72 daemon.config_format.test_0...OK
41/72 daemon.helix.root.test_0...OK
42/72 daemon.metrics_http.test_0...OK
43/72 daemon.webhook.test_0...OK
44/72 daemon.webhook_render.test_0...OK
45/72 daemon.webhook_http.test_0...OK
46/72 daemon.oauth_jwt.test_0...OK
47/72 daemon.ocsp_staple.test_0...OK
48/72 daemon.reactor_pool.test_0...OK
49/72 daemon.reuseport.test.OpenBSD listeners bind native IPv4 and IPv6 addresses...OpenBSD listener fixture host=::1 accept errno=AGAIN
FAIL (TestUnexpectedResult)
50/72 daemon.sasl_bridge.test_0...OK
51/72 daemon.scram_store.test_0...OK
52/72 daemon.server.test_0...OK
53/72 daemon.sessions.test_0...OK
54/72 daemon.tls_certs.test_0...OK
55/72 daemon.tls_conn.test_0...OK
56/72 daemon.tls_sni_load.test_0...OK
57/72 crypto.tls_server.test_0...OK
58/72 crypto.tls_record.test_0...OK
59/72 crypto.hkdf_tls13.test_0...OK
60/72 crypto.hash.test_0...OK
61/72 crypto.random.test_0...OK
62/72 crypto.kx.test_0...OK
63/72 crypto.sign.test_0...OK
64/72 crypto.xwing.test_0...OK
65/72 crypto.sct.test_0...OK
66/72 crypto.tls_client.test_0...OK
67/72 crypto.aead.test_0...OK
68/72 crypto.ecdsa_kat.test_0...OK
69/72 crypto.ed25519_batch.test_0...OK
70/72 crypto.sign_kat.test_0...OK
71/72 crypto.tls_props.test_0...OK
72/72 crypto.tls.test_0...OK
71 passed; 0 skipped; 1 failed.
iteration=20 failed
1/72 root.test_0...OK
2/72 crypto.root.test_0...OK
3/72 daemon.root.test_0...OK
4/72 proto.root.test_0...OK
5/72 substrate.root.test_0...OK
6/72 wasm.host.root.test_0...OK
7/72 substrate.io.root.test_0...OK
8/72 substrate.ripple_props.test_0...OK
9/72 substrate.ripple.test_0...OK
10/72 substrate.undertow.root.test_0...OK
11/72 substrate.undertow.peer_link.test_0...OK
12/72 substrate.io.buf_ring.test_0...OK
13/72 substrate.io.ring.test_0...OK
14/72 proto.asn1_time.test_0...OK
15/72 proto.certfp.test_0...OK
16/72 proto.cloak.test_0...OK
17/72 proto.ircx_modex.test_0...OK
18/72 proto.ircx_saccess.test_0...OK
19/72 proto.listx.test_0...OK
20/72 proto.mooring.test_0...OK
21/72 proto.mooring_props.test_0...OK
22/72 proto.quic_handshake.test_0...OK
23/72 proto.quic_transport_params.test_0...OK
24/72 proto.sasl_external_verify.test_0...OK
25/72 proto.sasl_mechrouter.test_0...OK
26/72 proto.sasl_oauthbearer.test_0...OK
27/72 proto.sasl.test_0...OK
28/72 proto.sasl_scram512_server.test_0...OK
29/72 proto.sasl_scram.test_0...OK
30/72 proto.sasl_scram_server.test_0...OK
31/72 proto.signed_delta.test_0...OK
32/72 proto.toml.test_0...OK
33/72 proto.x509.test_0...OK
34/72 daemon.modules.manifest.test_0...OK
35/72 daemon.key_transparency.test_0...OK
36/72 daemon.acme_cli.test_0...OK
37/72 daemon.acme_http01_listener.test_0...OK
38/72 daemon.acme_renewal.test_0...OK
39/72 daemon.acme_runner.test_0...OK
40/72 daemon.config_format.test_0...OK
41/72 daemon.helix.root.test_0...OK
42/72 daemon.metrics_http.test_0...OK
43/72 daemon.webhook.test_0...OK
44/72 daemon.webhook_render.test_0...OK
45/72 daemon.webhook_http.test_0...OK
46/72 daemon.oauth_jwt.test_0...OK
47/72 daemon.ocsp_staple.test_0...OK
48/72 daemon.reactor_pool.test_0...OK
49/72 daemon.reuseport.test.OpenBSD listeners bind native IPv4 and IPv6 addresses...OpenBSD listener fixture host=::1 accept errno=AGAIN
FAIL (TestUnexpectedResult)
50/72 daemon.sasl_bridge.test_0...OK
51/72 daemon.scram_store.test_0...OK
52/72 daemon.server.test_0...OK
53/72 daemon.sessions.test_0...OK
54/72 daemon.tls_certs.test_0...OK
55/72 daemon.tls_conn.test_0...OK
56/72 daemon.tls_sni_load.test_0...OK
57/72 crypto.tls_server.test_0...OK
58/72 crypto.tls_record.test_0...OK
59/72 crypto.hkdf_tls13.test_0...OK
60/72 crypto.hash.test_0...OK
61/72 crypto.random.test_0...OK
62/72 crypto.kx.test_0...OK
63/72 crypto.sign.test_0...OK
64/72 crypto.xwing.test_0...OK
65/72 crypto.sct.test_0...OK
66/72 crypto.tls_client.test_0...OK
67/72 crypto.aead.test_0...OK
68/72 crypto.ecdsa_kat.test_0...OK
69/72 crypto.ed25519_batch.test_0...OK
70/72 crypto.sign_kat.test_0...OK
71/72 crypto.tls_props.test_0...OK
72/72 crypto.tls.test_0...OK
71 passed; 0 skipped; 1 failed.
iteration=21 failed
1/72 root.test_0...OK
2/72 crypto.root.test_0...OK
3/72 daemon.root.test_0...OK
4/72 proto.root.test_0...OK
5/72 substrate.root.test_0...OK
6/72 wasm.host.root.test_0...OK
7/72 substrate.io.root.test_0...OK
8/72 substrate.ripple_props.test_0...OK
9/72 substrate.ripple.test_0...OK
10/72 substrate.undertow.root.test_0...OK
11/72 substrate.undertow.peer_link.test_0...OK
12/72 substrate.io.buf_ring.test_0...OK
13/72 substrate.io.ring.test_0...OK
14/72 proto.asn1_time.test_0...OK
15/72 proto.certfp.test_0...OK
16/72 proto.cloak.test_0...OK
17/72 proto.ircx_modex.test_0...OK
18/72 proto.ircx_saccess.test_0...OK
19/72 proto.listx.test_0...OK
20/72 proto.mooring.test_0...OK
21/72 proto.mooring_props.test_0...OK
22/72 proto.quic_handshake.test_0...OK
23/72 proto.quic_transport_params.test_0...OK
24/72 proto.sasl_external_verify.test_0...OK
25/72 proto.sasl_mechrouter.test_0...OK
26/72 proto.sasl_oauthbearer.test_0...OK
27/72 proto.sasl.test_0...OK
28/72 proto.sasl_scram512_server.test_0...OK
29/72 proto.sasl_scram.test_0...OK
30/72 proto.sasl_scram_server.test_0...OK
31/72 proto.signed_delta.test_0...OK
32/72 proto.toml.test_0...OK
33/72 proto.x509.test_0...OK
34/72 daemon.modules.manifest.test_0...OK
35/72 daemon.key_transparency.test_0...OK
36/72 daemon.acme_cli.test_0...OK
37/72 daemon.acme_http01_listener.test_0...OK
38/72 daemon.acme_renewal.test_0...OK
39/72 daemon.acme_runner.test_0...OK
40/72 daemon.config_format.test_0...OK
41/72 daemon.helix.root.test_0...OK
42/72 daemon.metrics_http.test_0...OK
43/72 daemon.webhook.test_0...OK
44/72 daemon.webhook_render.test_0...OK
45/72 daemon.webhook_http.test_0...OK
46/72 daemon.oauth_jwt.test_0...OK
47/72 daemon.ocsp_staple.test_0...OK
48/72 daemon.reactor_pool.test_0...OK
49/72 daemon.reuseport.test.OpenBSD listeners bind native IPv4 and IPv6 addresses...OpenBSD listener fixture host=::1 accept errno=AGAIN
FAIL (TestUnexpectedResult)
50/72 daemon.sasl_bridge.test_0...OK
51/72 daemon.scram_store.test_0...OK
52/72 daemon.server.test_0...OK
53/72 daemon.sessions.test_0...OK
54/72 daemon.tls_certs.test_0...OK
55/72 daemon.tls_conn.test_0...OK
56/72 daemon.tls_sni_load.test_0...OK
57/72 crypto.tls_server.test_0...OK
58/72 crypto.tls_record.test_0...OK
59/72 crypto.hkdf_tls13.test_0...OK
60/72 crypto.hash.test_0...OK
61/72 crypto.random.test_0...OK
62/72 crypto.kx.test_0...OK
63/72 crypto.sign.test_0...OK
64/72 crypto.xwing.test_0...OK
65/72 crypto.sct.test_0...OK
66/72 crypto.tls_client.test_0...OK
67/72 crypto.aead.test_0...OK
68/72 crypto.ecdsa_kat.test_0...OK
69/72 crypto.ed25519_batch.test_0...OK
70/72 crypto.sign_kat.test_0...OK
71/72 crypto.tls_props.test_0...OK
72/72 crypto.tls.test_0...OK
71 passed; 0 skipped; 1 failed.
iteration=22 failed
1/72 root.test_0...OK
2/72 crypto.root.test_0...OK
3/72 daemon.root.test_0...OK
4/72 proto.root.test_0...OK
5/72 substrate.root.test_0...OK
6/72 wasm.host.root.test_0...OK
7/72 substrate.io.root.test_0...OK
8/72 substrate.ripple_props.test_0...OK
9/72 substrate.ripple.test_0...OK
10/72 substrate.undertow.root.test_0...OK
11/72 substrate.undertow.peer_link.test_0...OK
12/72 substrate.io.buf_ring.test_0...OK
13/72 substrate.io.ring.test_0...OK
14/72 proto.asn1_time.test_0...OK
15/72 proto.certfp.test_0...OK
16/72 proto.cloak.test_0...OK
17/72 proto.ircx_modex.test_0...OK
18/72 proto.ircx_saccess.test_0...OK
19/72 proto.listx.test_0...OK
20/72 proto.mooring.test_0...OK
21/72 proto.mooring_props.test_0...OK
22/72 proto.quic_handshake.test_0...OK
23/72 proto.quic_transport_params.test_0...OK
24/72 proto.sasl_external_verify.test_0...OK
25/72 proto.sasl_mechrouter.test_0...OK
26/72 proto.sasl_oauthbearer.test_0...OK
27/72 proto.sasl.test_0...OK
28/72 proto.sasl_scram512_server.test_0...OK
29/72 proto.sasl_scram.test_0...OK
30/72 proto.sasl_scram_server.test_0...OK
31/72 proto.signed_delta.test_0...OK
32/72 proto.toml.test_0...OK
33/72 proto.x509.test_0...OK
34/72 daemon.modules.manifest.test_0...OK
35/72 daemon.key_transparency.test_0...OK
36/72 daemon.acme_cli.test_0...OK
37/72 daemon.acme_http01_listener.test_0...OK
38/72 daemon.acme_renewal.test_0...OK
39/72 daemon.acme_runner.test_0...OK
40/72 daemon.config_format.test_0...OK
41/72 daemon.helix.root.test_0...OK
42/72 daemon.metrics_http.test_0...OK
43/72 daemon.webhook.test_0...OK
44/72 daemon.webhook_render.test_0...OK
45/72 daemon.webhook_http.test_0...OK
46/72 daemon.oauth_jwt.test_0...OK
47/72 daemon.ocsp_staple.test_0...OK
48/72 daemon.reactor_pool.test_0...OK
49/72 daemon.reuseport.test.OpenBSD listeners bind native IPv4 and IPv6 addresses...OpenBSD listener fixture host=::1 accept errno=AGAIN
FAIL (TestUnexpectedResult)
50/72 daemon.sasl_bridge.test_0...OK
51/72 daemon.scram_store.test_0...OK
52/72 daemon.server.test_0...OK
53/72 daemon.sessions.test_0...OK
54/72 daemon.tls_certs.test_0...OK
55/72 daemon.tls_conn.test_0...OK
56/72 daemon.tls_sni_load.test_0...OK
57/72 crypto.tls_server.test_0...OK
58/72 crypto.tls_record.test_0...OK
59/72 crypto.hkdf_tls13.test_0...OK
60/72 crypto.hash.test_0...OK
61/72 crypto.random.test_0...OK
62/72 crypto.kx.test_0...OK
63/72 crypto.sign.test_0...OK
64/72 crypto.xwing.test_0...OK
65/72 crypto.sct.test_0...OK
66/72 crypto.tls_client.test_0...OK
67/72 crypto.aead.test_0...OK
68/72 crypto.ecdsa_kat.test_0...OK
69/72 crypto.ed25519_batch.test_0...OK
70/72 crypto.sign_kat.test_0...OK
71/72 crypto.tls_props.test_0...OK
72/72 crypto.tls.test_0...OK
71 passed; 0 skipped; 1 failed.
iteration=24 failed
1/72 root.test_0...OK
2/72 crypto.root.test_0...OK
3/72 daemon.root.test_0...OK
4/72 proto.root.test_0...OK
5/72 substrate.root.test_0...OK
6/72 wasm.host.root.test_0...OK
7/72 substrate.io.root.test_0...OK
8/72 substrate.ripple_props.test_0...OK
9/72 substrate.ripple.test_0...OK
10/72 substrate.undertow.root.test_0...OK
11/72 substrate.undertow.peer_link.test_0...OK
12/72 substrate.io.buf_ring.test_0...OK
13/72 substrate.io.ring.test_0...OK
14/72 proto.asn1_time.test_0...OK
15/72 proto.certfp.test_0...OK
16/72 proto.cloak.test_0...OK
17/72 proto.ircx_modex.test_0...OK
18/72 proto.ircx_saccess.test_0...OK
19/72 proto.listx.test_0...OK
20/72 proto.mooring.test_0...OK
21/72 proto.mooring_props.test_0...OK
22/72 proto.quic_handshake.test_0...OK
23/72 proto.quic_transport_params.test_0...OK
24/72 proto.sasl_external_verify.test_0...OK
25/72 proto.sasl_mechrouter.test_0...OK
26/72 proto.sasl_oauthbearer.test_0...OK
27/72 proto.sasl.test_0...OK
28/72 proto.sasl_scram512_server.test_0...OK
29/72 proto.sasl_scram.test_0...OK
30/72 proto.sasl_scram_server.test_0...OK
31/72 proto.signed_delta.test_0...OK
32/72 proto.toml.test_0...OK
33/72 proto.x509.test_0...OK
34/72 daemon.modules.manifest.test_0...OK
35/72 daemon.key_transparency.test_0...OK
36/72 daemon.acme_cli.test_0...OK
37/72 daemon.acme_http01_listener.test_0...OK
38/72 daemon.acme_renewal.test_0...OK
39/72 daemon.acme_runner.test_0...OK
40/72 daemon.config_format.test_0...OK
41/72 daemon.helix.root.test_0...OK
42/72 daemon.metrics_http.test_0...OK
43/72 daemon.webhook.test_0...OK
44/72 daemon.webhook_render.test_0...OK
45/72 daemon.webhook_http.test_0...OK
46/72 daemon.oauth_jwt.test_0...OK
47/72 daemon.ocsp_staple.test_0...OK
48/72 daemon.reactor_pool.test_0...OK
49/72 daemon.reuseport.test.OpenBSD listeners bind native IPv4 and IPv6 addresses...OpenBSD listener fixture host=::1 accept errno=AGAIN
FAIL (TestUnexpectedResult)
50/72 daemon.sasl_bridge.test_0...OK
51/72 daemon.scram_store.test_0...OK
52/72 daemon.server.test_0...OK
53/72 daemon.sessions.test_0...OK
54/72 daemon.tls_certs.test_0...OK
55/72 daemon.tls_conn.test_0...OK
56/72 daemon.tls_sni_load.test_0...OK
57/72 crypto.tls_server.test_0...OK
58/72 crypto.tls_record.test_0...OK
59/72 crypto.hkdf_tls13.test_0...OK
60/72 crypto.hash.test_0...OK
61/72 crypto.random.test_0...OK
62/72 crypto.kx.test_0...OK
63/72 crypto.sign.test_0...OK
64/72 crypto.xwing.test_0...OK
65/72 crypto.sct.test_0...OK
66/72 crypto.tls_client.test_0...OK
67/72 crypto.aead.test_0...OK
68/72 crypto.ecdsa_kat.test_0...OK
69/72 crypto.ed25519_batch.test_0...OK
70/72 crypto.sign_kat.test_0...OK
71/72 crypto.tls_props.test_0...OK
72/72 crypto.tls.test_0...OK
71 passed; 0 skipped; 1 failed.
iteration=25 failed
1/72 root.test_0...OK
2/72 crypto.root.test_0...OK
3/72 daemon.root.test_0...OK
4/72 proto.root.test_0...OK
5/72 substrate.root.test_0...OK
6/72 wasm.host.root.test_0...OK
7/72 substrate.io.root.test_0...OK
8/72 substrate.ripple_props.test_0...OK
9/72 substrate.ripple.test_0...OK
10/72 substrate.undertow.root.test_0...OK
11/72 substrate.undertow.peer_link.test_0...OK
12/72 substrate.io.buf_ring.test_0...OK
13/72 substrate.io.ring.test_0...OK
14/72 proto.asn1_time.test_0...OK
15/72 proto.certfp.test_0...OK
16/72 proto.cloak.test_0...OK
17/72 proto.ircx_modex.test_0...OK
18/72 proto.ircx_saccess.test_0...OK
19/72 proto.listx.test_0...OK
20/72 proto.mooring.test_0...OK
21/72 proto.mooring_props.test_0...OK
22/72 proto.quic_handshake.test_0...OK
23/72 proto.quic_transport_params.test_0...OK
24/72 proto.sasl_external_verify.test_0...OK
25/72 proto.sasl_mechrouter.test_0...OK
26/72 proto.sasl_oauthbearer.test_0...OK
27/72 proto.sasl.test_0...OK
28/72 proto.sasl_scram512_server.test_0...OK
29/72 proto.sasl_scram.test_0...OK
30/72 proto.sasl_scram_server.test_0...OK
31/72 proto.signed_delta.test_0...OK
32/72 proto.toml.test_0...OK
33/72 proto.x509.test_0...OK
34/72 daemon.modules.manifest.test_0...OK
35/72 daemon.key_transparency.test_0...OK
36/72 daemon.acme_cli.test_0...OK
37/72 daemon.acme_http01_listener.test_0...OK
38/72 daemon.acme_renewal.test_0...OK
39/72 daemon.acme_runner.test_0...OK
40/72 daemon.config_format.test_0...OK
41/72 daemon.helix.root.test_0...OK
42/72 daemon.metrics_http.test_0...OK
43/72 daemon.webhook.test_0...OK
44/72 daemon.webhook_render.test_0...OK
45/72 daemon.webhook_http.test_0...OK
46/72 daemon.oauth_jwt.test_0...OK
47/72 daemon.ocsp_staple.test_0...OK
48/72 daemon.reactor_pool.test_0...OK
49/72 daemon.reuseport.test.OpenBSD listeners bind native IPv4 and IPv6 addresses...OpenBSD listener fixture host=::1 accept errno=AGAIN
FAIL (TestUnexpectedResult)
50/72 daemon.sasl_bridge.test_0...OK
51/72 daemon.scram_store.test_0...OK
52/72 daemon.server.test_0...OK
53/72 daemon.sessions.test_0...OK
54/72 daemon.tls_certs.test_0...OK
55/72 daemon.tls_conn.test_0...OK
56/72 daemon.tls_sni_load.test_0...OK
57/72 crypto.tls_server.test_0...OK
58/72 crypto.tls_record.test_0...OK
59/72 crypto.hkdf_tls13.test_0...OK
60/72 crypto.hash.test_0...OK
61/72 crypto.random.test_0...OK
62/72 crypto.kx.test_0...OK
63/72 crypto.sign.test_0...OK
64/72 crypto.xwing.test_0...OK
65/72 crypto.sct.test_0...OK
66/72 crypto.tls_client.test_0...OK
67/72 crypto.aead.test_0...OK
68/72 crypto.ecdsa_kat.test_0...OK
69/72 crypto.ed25519_batch.test_0...OK
70/72 crypto.sign_kat.test_0...OK
71/72 crypto.tls_props.test_0...OK
72/72 crypto.tls.test_0...OK
71 passed; 0 skipped; 1 failed.
iteration=30 failed
1/72 root.test_0...OK
2/72 crypto.root.test_0...OK
3/72 daemon.root.test_0...OK
4/72 proto.root.test_0...OK
5/72 substrate.root.test_0...OK
6/72 wasm.host.root.test_0...OK
7/72 substrate.io.root.test_0...OK
8/72 substrate.ripple_props.test_0...OK
9/72 substrate.ripple.test_0...OK
10/72 substrate.undertow.root.test_0...OK
11/72 substrate.undertow.peer_link.test_0...OK
12/72 substrate.io.buf_ring.test_0...OK
13/72 substrate.io.ring.test_0...OK
14/72 proto.asn1_time.test_0...OK
15/72 proto.certfp.test_0...OK
16/72 proto.cloak.test_0...OK
17/72 proto.ircx_modex.test_0...OK
18/72 proto.ircx_saccess.test_0...OK
19/72 proto.listx.test_0...OK
20/72 proto.mooring.test_0...OK
21/72 proto.mooring_props.test_0...OK
22/72 proto.quic_handshake.test_0...OK
23/72 proto.quic_transport_params.test_0...OK
24/72 proto.sasl_external_verify.test_0...OK
25/72 proto.sasl_mechrouter.test_0...OK
26/72 proto.sasl_oauthbearer.test_0...OK
27/72 proto.sasl.test_0...OK
28/72 proto.sasl_scram512_server.test_0...OK
29/72 proto.sasl_scram.test_0...OK
30/72 proto.sasl_scram_server.test_0...OK
31/72 proto.signed_delta.test_0...OK
32/72 proto.toml.test_0...OK
33/72 proto.x509.test_0...OK
34/72 daemon.modules.manifest.test_0...OK
35/72 daemon.key_transparency.test_0...OK
36/72 daemon.acme_cli.test_0...OK
37/72 daemon.acme_http01_listener.test_0...OK
38/72 daemon.acme_renewal.test_0...OK
39/72 daemon.acme_runner.test_0...OK
40/72 daemon.config_format.test_0...OK
41/72 daemon.helix.root.test_0...OK
42/72 daemon.metrics_http.test_0...OK
43/72 daemon.webhook.test_0...OK
44/72 daemon.webhook_render.test_0...OK
45/72 daemon.webhook_http.test_0...OK
46/72 daemon.oauth_jwt.test_0...OK
47/72 daemon.ocsp_staple.test_0...OK
48/72 daemon.reactor_pool.test_0...OK
49/72 daemon.reuseport.test.OpenBSD listeners bind native IPv4 and IPv6 addresses...OpenBSD listener fixture host=::1 accept errno=AGAIN
FAIL (TestUnexpectedResult)
50/72 daemon.sasl_bridge.test_0...OK
51/72 daemon.scram_store.test_0...OK
52/72 daemon.server.test_0...OK
53/72 daemon.sessions.test_0...OK
54/72 daemon.tls_certs.test_0...OK
55/72 daemon.tls_conn.test_0...OK
56/72 daemon.tls_sni_load.test_0...OK
57/72 crypto.tls_server.test_0...OK
58/72 crypto.tls_record.test_0...OK
59/72 crypto.hkdf_tls13.test_0...OK
60/72 crypto.hash.test_0...OK
61/72 crypto.random.test_0...OK
62/72 crypto.kx.test_0...OK
63/72 crypto.sign.test_0...OK
64/72 crypto.xwing.test_0...OK
65/72 crypto.sct.test_0...OK
66/72 crypto.tls_client.test_0...OK
67/72 crypto.aead.test_0...OK
68/72 crypto.ecdsa_kat.test_0...OK
69/72 crypto.ed25519_batch.test_0...OK
70/72 crypto.sign_kat.test_0...OK
71/72 crypto.tls_props.test_0...OK
72/72 crypto.tls.test_0...OK
71 passed; 0 skipped; 1 failed.
iteration=32 failed
1/72 root.test_0...OK
2/72 crypto.root.test_0...OK
3/72 daemon.root.test_0...OK
4/72 proto.root.test_0...OK
5/72 substrate.root.test_0...OK
6/72 wasm.host.root.test_0...OK
7/72 substrate.io.root.test_0...OK
8/72 substrate.ripple_props.test_0...OK
9/72 substrate.ripple.test_0...OK
10/72 substrate.undertow.root.test_0...OK
11/72 substrate.undertow.peer_link.test_0...OK
12/72 substrate.io.buf_ring.test_0...OK
13/72 substrate.io.ring.test_0...OK
14/72 proto.asn1_time.test_0...OK
15/72 proto.certfp.test_0...OK
16/72 proto.cloak.test_0...OK
17/72 proto.ircx_modex.test_0...OK
18/72 proto.ircx_saccess.test_0...OK
19/72 proto.listx.test_0...OK
20/72 proto.mooring.test_0...OK
21/72 proto.mooring_props.test_0...OK
22/72 proto.quic_handshake.test_0...OK
23/72 proto.quic_transport_params.test_0...OK
24/72 proto.sasl_external_verify.test_0...OK
25/72 proto.sasl_mechrouter.test_0...OK
26/72 proto.sasl_oauthbearer.test_0...OK
27/72 proto.sasl.test_0...OK
28/72 proto.sasl_scram512_server.test_0...OK
29/72 proto.sasl_scram.test_0...OK
30/72 proto.sasl_scram_server.test_0...OK
31/72 proto.signed_delta.test_0...OK
32/72 proto.toml.test_0...OK
33/72 proto.x509.test_0...OK
34/72 daemon.modules.manifest.test_0...OK
35/72 daemon.key_transparency.test_0...OK
36/72 daemon.acme_cli.test_0...OK
37/72 daemon.acme_http01_listener.test_0...OK
38/72 daemon.acme_renewal.test_0...OK
39/72 daemon.acme_runner.test_0...OK
40/72 daemon.config_format.test_0...OK
41/72 daemon.helix.root.test_0...OK
42/72 daemon.metrics_http.test_0...OK
43/72 daemon.webhook.test_0...OK
44/72 daemon.webhook_render.test_0...OK
45/72 daemon.webhook_http.test_0...OK
46/72 daemon.oauth_jwt.test_0...OK
47/72 daemon.ocsp_staple.test_0...OK
48/72 daemon.reactor_pool.test_0...OK
49/72 daemon.reuseport.test.OpenBSD listeners bind native IPv4 and IPv6 addresses...OpenBSD listener fixture host=::1 accept errno=AGAIN
FAIL (TestUnexpectedResult)
50/72 daemon.sasl_bridge.test_0...OK
51/72 daemon.scram_store.test_0...OK
52/72 daemon.server.test_0...OK
53/72 daemon.sessions.test_0...OK
54/72 daemon.tls_certs.test_0...OK
55/72 daemon.tls_conn.test_0...OK
56/72 daemon.tls_sni_load.test_0...OK
57/72 crypto.tls_server.test_0...OK
58/72 crypto.tls_record.test_0...OK
59/72 crypto.hkdf_tls13.test_0...OK
60/72 crypto.hash.test_0...OK
61/72 crypto.random.test_0...OK
62/72 crypto.kx.test_0...OK
63/72 crypto.sign.test_0...OK
64/72 crypto.xwing.test_0...OK
65/72 crypto.sct.test_0...OK
66/72 crypto.tls_client.test_0...OK
67/72 crypto.aead.test_0...OK
68/72 crypto.ecdsa_kat.test_0...OK
69/72 crypto.ed25519_batch.test_0...OK
70/72 crypto.sign_kat.test_0...OK
71/72 crypto.tls_props.test_0...OK
72/72 crypto.tls.test_0...OK
71 passed; 0 skipped; 1 failed.
iteration=37 failed
1/72 root.test_0...OK
2/72 crypto.root.test_0...OK
3/72 daemon.root.test_0...OK
4/72 proto.root.test_0...OK
5/72 substrate.root.test_0...OK
6/72 wasm.host.root.test_0...OK
7/72 substrate.io.root.test_0...OK
8/72 substrate.ripple_props.test_0...OK
9/72 substrate.ripple.test_0...OK
10/72 substrate.undertow.root.test_0...OK
11/72 substrate.undertow.peer_link.test_0...OK
12/72 substrate.io.buf_ring.test_0...OK
13/72 substrate.io.ring.test_0...OK
14/72 proto.asn1_time.test_0...OK
15/72 proto.certfp.test_0...OK
16/72 proto.cloak.test_0...OK
17/72 proto.ircx_modex.test_0...OK
18/72 proto.ircx_saccess.test_0...OK
19/72 proto.listx.test_0...OK
20/72 proto.mooring.test_0...OK
21/72 proto.mooring_props.test_0...OK
22/72 proto.quic_handshake.test_0...OK
23/72 proto.quic_transport_params.test_0...OK
24/72 proto.sasl_external_verify.test_0...OK
25/72 proto.sasl_mechrouter.test_0...OK
26/72 proto.sasl_oauthbearer.test_0...OK
27/72 proto.sasl.test_0...OK
28/72 proto.sasl_scram512_server.test_0...OK
29/72 proto.sasl_scram.test_0...OK
30/72 proto.sasl_scram_server.test_0...OK
31/72 proto.signed_delta.test_0...OK
32/72 proto.toml.test_0...OK
33/72 proto.x509.test_0...OK
34/72 daemon.modules.manifest.test_0...OK
35/72 daemon.key_transparency.test_0...OK
36/72 daemon.acme_cli.test_0...OK
37/72 daemon.acme_http01_listener.test_0...OK
38/72 daemon.acme_renewal.test_0...OK
39/72 daemon.acme_runner.test_0...OK
40/72 daemon.config_format.test_0...OK
41/72 daemon.helix.root.test_0...OK
42/72 daemon.metrics_http.test_0...OK
43/72 daemon.webhook.test_0...OK
44/72 daemon.webhook_render.test_0...OK
45/72 daemon.webhook_http.test_0...OK
46/72 daemon.oauth_jwt.test_0...OK
47/72 daemon.ocsp_staple.test_0...OK
48/72 daemon.reactor_pool.test_0...OK
49/72 daemon.reuseport.test.OpenBSD listeners bind native IPv4 and IPv6 addresses...OpenBSD listener fixture host=::1 accept errno=AGAIN
FAIL (TestUnexpectedResult)
50/72 daemon.sasl_bridge.test_0...OK
51/72 daemon.scram_store.test_0...OK
52/72 daemon.server.test_0...OK
53/72 daemon.sessions.test_0...OK
54/72 daemon.tls_certs.test_0...OK
55/72 daemon.tls_conn.test_0...OK
56/72 daemon.tls_sni_load.test_0...OK
57/72 crypto.tls_server.test_0...OK
58/72 crypto.tls_record.test_0...OK
59/72 crypto.hkdf_tls13.test_0...OK
60/72 crypto.hash.test_0...OK
61/72 crypto.random.test_0...OK
62/72 crypto.kx.test_0...OK
63/72 crypto.sign.test_0...OK
64/72 crypto.xwing.test_0...OK
65/72 crypto.sct.test_0...OK
66/72 crypto.tls_client.test_0...OK
67/72 crypto.aead.test_0...OK
68/72 crypto.ecdsa_kat.test_0...OK
69/72 crypto.ed25519_batch.test_0...OK
70/72 crypto.sign_kat.test_0...OK
71/72 crypto.tls_props.test_0...OK
72/72 crypto.tls.test_0...OK
71 passed; 0 skipped; 1 failed.
iteration=39 failed
1/72 root.test_0...OK
2/72 crypto.root.test_0...OK
3/72 daemon.root.test_0...OK
4/72 proto.root.test_0...OK
5/72 substrate.root.test_0...OK
6/72 wasm.host.root.test_0...OK
7/72 substrate.io.root.test_0...OK
8/72 substrate.ripple_props.test_0...OK
9/72 substrate.ripple.test_0...OK
10/72 substrate.undertow.root.test_0...OK
11/72 substrate.undertow.peer_link.test_0...OK
12/72 substrate.io.buf_ring.test_0...OK
13/72 substrate.io.ring.test_0...OK
14/72 proto.asn1_time.test_0...OK
15/72 proto.certfp.test_0...OK
16/72 proto.cloak.test_0...OK
17/72 proto.ircx_modex.test_0...OK
18/72 proto.ircx_saccess.test_0...OK
19/72 proto.listx.test_0...OK
20/72 proto.mooring.test_0...OK
21/72 proto.mooring_props.test_0...OK
22/72 proto.quic_handshake.test_0...OK
23/72 proto.quic_transport_params.test_0...OK
24/72 proto.sasl_external_verify.test_0...OK
25/72 proto.sasl_mechrouter.test_0...OK
26/72 proto.sasl_oauthbearer.test_0...OK
27/72 proto.sasl.test_0...OK
28/72 proto.sasl_scram512_server.test_0...OK
29/72 proto.sasl_scram.test_0...OK
30/72 proto.sasl_scram_server.test_0...OK
31/72 proto.signed_delta.test_0...OK
32/72 proto.toml.test_0...OK
33/72 proto.x509.test_0...OK
34/72 daemon.modules.manifest.test_0...OK
35/72 daemon.key_transparency.test_0...OK
36/72 daemon.acme_cli.test_0...OK
37/72 daemon.acme_http01_listener.test_0...OK
38/72 daemon.acme_renewal.test_0...OK
39/72 daemon.acme_runner.test_0...OK
40/72 daemon.config_format.test_0...OK
41/72 daemon.helix.root.test_0...OK
42/72 daemon.metrics_http.test_0...OK
43/72 daemon.webhook.test_0...OK
44/72 daemon.webhook_render.test_0...OK
45/72 daemon.webhook_http.test_0...OK
46/72 daemon.oauth_jwt.test_0...OK
47/72 daemon.ocsp_staple.test_0...OK
48/72 daemon.reactor_pool.test_0...OK
49/72 daemon.reuseport.test.OpenBSD listeners bind native IPv4 and IPv6 addresses...OpenBSD listener fixture host=::1 accept errno=AGAIN
FAIL (TestUnexpectedResult)
50/72 daemon.sasl_bridge.test_0...OK
51/72 daemon.scram_store.test_0...OK
52/72 daemon.server.test_0...OK
53/72 daemon.sessions.test_0...OK
54/72 daemon.tls_certs.test_0...OK
55/72 daemon.tls_conn.test_0...OK
56/72 daemon.tls_sni_load.test_0...OK
57/72 crypto.tls_server.test_0...OK
58/72 crypto.tls_record.test_0...OK
59/72 crypto.hkdf_tls13.test_0...OK
60/72 crypto.hash.test_0...OK
61/72 crypto.random.test_0...OK
62/72 crypto.kx.test_0...OK
63/72 crypto.sign.test_0...OK
64/72 crypto.xwing.test_0...OK
65/72 crypto.sct.test_0...OK
66/72 crypto.tls_client.test_0...OK
67/72 crypto.aead.test_0...OK
68/72 crypto.ecdsa_kat.test_0...OK
69/72 crypto.ed25519_batch.test_0...OK
70/72 crypto.sign_kat.test_0...OK
71/72 crypto.tls_props.test_0...OK
72/72 crypto.tls.test_0...OK
71 passed; 0 skipped; 1 failed.
iteration=41 failed
1/72 root.test_0...OK
2/72 crypto.root.test_0...OK
3/72 daemon.root.test_0...OK
4/72 proto.root.test_0...OK
5/72 substrate.root.test_0...OK
6/72 wasm.host.root.test_0...OK
7/72 substrate.io.root.test_0...OK
8/72 substrate.ripple_props.test_0...OK
9/72 substrate.ripple.test_0...OK
10/72 substrate.undertow.root.test_0...OK
11/72 substrate.undertow.peer_link.test_0...OK
12/72 substrate.io.buf_ring.test_0...OK
13/72 substrate.io.ring.test_0...OK
14/72 proto.asn1_time.test_0...OK
15/72 proto.certfp.test_0...OK
16/72 proto.cloak.test_0...OK
17/72 proto.ircx_modex.test_0...OK
18/72 proto.ircx_saccess.test_0...OK
19/72 proto.listx.test_0...OK
20/72 proto.mooring.test_0...OK
21/72 proto.mooring_props.test_0...OK
22/72 proto.quic_handshake.test_0...OK
23/72 proto.quic_transport_params.test_0...OK
24/72 proto.sasl_external_verify.test_0...OK
25/72 proto.sasl_mechrouter.test_0...OK
26/72 proto.sasl_oauthbearer.test_0...OK
27/72 proto.sasl.test_0...OK
28/72 proto.sasl_scram512_server.test_0...OK
29/72 proto.sasl_scram.test_0...OK
30/72 proto.sasl_scram_server.test_0...OK
31/72 proto.signed_delta.test_0...OK
32/72 proto.toml.test_0...OK
33/72 proto.x509.test_0...OK
34/72 daemon.modules.manifest.test_0...OK
35/72 daemon.key_transparency.test_0...OK
36/72 daemon.acme_cli.test_0...OK
37/72 daemon.acme_http01_listener.test_0...OK
38/72 daemon.acme_renewal.test_0...OK
39/72 daemon.acme_runner.test_0...OK
40/72 daemon.config_format.test_0...OK
41/72 daemon.helix.root.test_0...OK
42/72 daemon.metrics_http.test_0...OK
43/72 daemon.webhook.test_0...OK
44/72 daemon.webhook_render.test_0...OK
45/72 daemon.webhook_http.test_0...OK
46/72 daemon.oauth_jwt.test_0...OK
47/72 daemon.ocsp_staple.test_0...OK
48/72 daemon.reactor_pool.test_0...OK
49/72 daemon.reuseport.test.OpenBSD listeners bind native IPv4 and IPv6 addresses...OpenBSD listener fixture host=::1 accept errno=AGAIN
FAIL (TestUnexpectedResult)
50/72 daemon.sasl_bridge.test_0...OK
51/72 daemon.scram_store.test_0...OK
52/72 daemon.server.test_0...OK
53/72 daemon.sessions.test_0...OK
54/72 daemon.tls_certs.test_0...OK
55/72 daemon.tls_conn.test_0...OK
56/72 daemon.tls_sni_load.test_0...OK
57/72 crypto.tls_server.test_0...OK
58/72 crypto.tls_record.test_0...OK
59/72 crypto.hkdf_tls13.test_0...OK
60/72 crypto.hash.test_0...OK
61/72 crypto.random.test_0...OK
62/72 crypto.kx.test_0...OK
63/72 crypto.sign.test_0...OK
64/72 crypto.xwing.test_0...OK
65/72 crypto.sct.test_0...OK
66/72 crypto.tls_client.test_0...OK
67/72 crypto.aead.test_0...OK
68/72 crypto.ecdsa_kat.test_0...OK
69/72 crypto.ed25519_batch.test_0...OK
70/72 crypto.sign_kat.test_0...OK
71/72 crypto.tls_props.test_0...OK
72/72 crypto.tls.test_0...OK
71 passed; 0 skipped; 1 failed.
iteration=42 failed
1/72 root.test_0...OK
2/72 crypto.root.test_0...OK
3/72 daemon.root.test_0...OK
4/72 proto.root.test_0...OK
5/72 substrate.root.test_0...OK
6/72 wasm.host.root.test_0...OK
7/72 substrate.io.root.test_0...OK
8/72 substrate.ripple_props.test_0...OK
9/72 substrate.ripple.test_0...OK
10/72 substrate.undertow.root.test_0...OK
11/72 substrate.undertow.peer_link.test_0...OK
12/72 substrate.io.buf_ring.test_0...OK
13/72 substrate.io.ring.test_0...OK
14/72 proto.asn1_time.test_0...OK
15/72 proto.certfp.test_0...OK
16/72 proto.cloak.test_0...OK
17/72 proto.ircx_modex.test_0...OK
18/72 proto.ircx_saccess.test_0...OK
19/72 proto.listx.test_0...OK
20/72 proto.mooring.test_0...OK
21/72 proto.mooring_props.test_0...OK
22/72 proto.quic_handshake.test_0...OK
23/72 proto.quic_transport_params.test_0...OK
24/72 proto.sasl_external_verify.test_0...OK
25/72 proto.sasl_mechrouter.test_0...OK
26/72 proto.sasl_oauthbearer.test_0...OK
27/72 proto.sasl.test_0...OK
28/72 proto.sasl_scram512_server.test_0...OK
29/72 proto.sasl_scram.test_0...OK
30/72 proto.sasl_scram_server.test_0...OK
31/72 proto.signed_delta.test_0...OK
32/72 proto.toml.test_0...OK
33/72 proto.x509.test_0...OK
34/72 daemon.modules.manifest.test_0...OK
35/72 daemon.key_transparency.test_0...OK
36/72 daemon.acme_cli.test_0...OK
37/72 daemon.acme_http01_listener.test_0...OK
38/72 daemon.acme_renewal.test_0...OK
39/72 daemon.acme_runner.test_0...OK
40/72 daemon.config_format.test_0...OK
41/72 daemon.helix.root.test_0...OK
42/72 daemon.metrics_http.test_0...OK
43/72 daemon.webhook.test_0...OK
44/72 daemon.webhook_render.test_0...OK
45/72 daemon.webhook_http.test_0...OK
46/72 daemon.oauth_jwt.test_0...OK
47/72 daemon.ocsp_staple.test_0...OK
48/72 daemon.reactor_pool.test_0...OK
49/72 daemon.reuseport.test.OpenBSD listeners bind native IPv4 and IPv6 addresses...OpenBSD listener fixture host=::1 accept errno=AGAIN
FAIL (TestUnexpectedResult)
50/72 daemon.sasl_bridge.test_0...OK
51/72 daemon.scram_store.test_0...OK
52/72 daemon.server.test_0...OK
53/72 daemon.sessions.test_0...OK
54/72 daemon.tls_certs.test_0...OK
55/72 daemon.tls_conn.test_0...OK
56/72 daemon.tls_sni_load.test_0...OK
57/72 crypto.tls_server.test_0...OK
58/72 crypto.tls_record.test_0...OK
59/72 crypto.hkdf_tls13.test_0...OK
60/72 crypto.hash.test_0...OK
61/72 crypto.random.test_0...OK
62/72 crypto.kx.test_0...OK
63/72 crypto.sign.test_0...OK
64/72 crypto.xwing.test_0...OK
65/72 crypto.sct.test_0...OK
66/72 crypto.tls_client.test_0...OK
67/72 crypto.aead.test_0...OK
68/72 crypto.ecdsa_kat.test_0...OK
69/72 crypto.ed25519_batch.test_0...OK
70/72 crypto.sign_kat.test_0...OK
71/72 crypto.tls_props.test_0...OK
72/72 crypto.tls.test_0...OK
71 passed; 0 skipped; 1 failed.
iteration=43 failed
1/72 root.test_0...OK
2/72 crypto.root.test_0...OK
3/72 daemon.root.test_0...OK
4/72 proto.root.test_0...OK
5/72 substrate.root.test_0...OK
6/72 wasm.host.root.test_0...OK
7/72 substrate.io.root.test_0...OK
8/72 substrate.ripple_props.test_0...OK
9/72 substrate.ripple.test_0...OK
10/72 substrate.undertow.root.test_0...OK
11/72 substrate.undertow.peer_link.test_0...OK
12/72 substrate.io.buf_ring.test_0...OK
13/72 substrate.io.ring.test_0...OK
14/72 proto.asn1_time.test_0...OK
15/72 proto.certfp.test_0...OK
16/72 proto.cloak.test_0...OK
17/72 proto.ircx_modex.test_0...OK
18/72 proto.ircx_saccess.test_0...OK
19/72 proto.listx.test_0...OK
20/72 proto.mooring.test_0...OK
21/72 proto.mooring_props.test_0...OK
22/72 proto.quic_handshake.test_0...OK
23/72 proto.quic_transport_params.test_0...OK
24/72 proto.sasl_external_verify.test_0...OK
25/72 proto.sasl_mechrouter.test_0...OK
26/72 proto.sasl_oauthbearer.test_0...OK
27/72 proto.sasl.test_0...OK
28/72 proto.sasl_scram512_server.test_0...OK
29/72 proto.sasl_scram.test_0...OK
30/72 proto.sasl_scram_server.test_0...OK
31/72 proto.signed_delta.test_0...OK
32/72 proto.toml.test_0...OK
33/72 proto.x509.test_0...OK
34/72 daemon.modules.manifest.test_0...OK
35/72 daemon.key_transparency.test_0...OK
36/72 daemon.acme_cli.test_0...OK
37/72 daemon.acme_http01_listener.test_0...OK
38/72 daemon.acme_renewal.test_0...OK
39/72 daemon.acme_runner.test_0...OK
40/72 daemon.config_format.test_0...OK
41/72 daemon.helix.root.test_0...OK
42/72 daemon.metrics_http.test_0...OK
43/72 daemon.webhook.test_0...OK
44/72 daemon.webhook_render.test_0...OK
45/72 daemon.webhook_http.test_0...OK
46/72 daemon.oauth_jwt.test_0...OK
47/72 daemon.ocsp_staple.test_0...OK
48/72 daemon.reactor_pool.test_0...OK
49/72 daemon.reuseport.test.OpenBSD listeners bind native IPv4 and IPv6 addresses...OpenBSD listener fixture host=::1 accept errno=AGAIN
FAIL (TestUnexpectedResult)
50/72 daemon.sasl_bridge.test_0...OK
51/72 daemon.scram_store.test_0...OK
52/72 daemon.server.test_0...OK
53/72 daemon.sessions.test_0...OK
54/72 daemon.tls_certs.test_0...OK
55/72 daemon.tls_conn.test_0...OK
56/72 daemon.tls_sni_load.test_0...OK
57/72 crypto.tls_server.test_0...OK
58/72 crypto.tls_record.test_0...OK
59/72 crypto.hkdf_tls13.test_0...OK
60/72 crypto.hash.test_0...OK
61/72 crypto.random.test_0...OK
62/72 crypto.kx.test_0...OK
63/72 crypto.sign.test_0...OK
64/72 crypto.xwing.test_0...OK
65/72 crypto.sct.test_0...OK
66/72 crypto.tls_client.test_0...OK
67/72 crypto.aead.test_0...OK
68/72 crypto.ecdsa_kat.test_0...OK
69/72 crypto.ed25519_batch.test_0...OK
70/72 crypto.sign_kat.test_0...OK
71/72 crypto.tls_props.test_0...OK
72/72 crypto.tls.test_0...OK
71 passed; 0 skipped; 1 failed.
iteration=44 failed
1/72 root.test_0...OK
2/72 crypto.root.test_0...OK
3/72 daemon.root.test_0...OK
4/72 proto.root.test_0...OK
5/72 substrate.root.test_0...OK
6/72 wasm.host.root.test_0...OK
7/72 substrate.io.root.test_0...OK
8/72 substrate.ripple_props.test_0...OK
9/72 substrate.ripple.test_0...OK
10/72 substrate.undertow.root.test_0...OK
11/72 substrate.undertow.peer_link.test_0...OK
12/72 substrate.io.buf_ring.test_0...OK
13/72 substrate.io.ring.test_0...OK
14/72 proto.asn1_time.test_0...OK
15/72 proto.certfp.test_0...OK
16/72 proto.cloak.test_0...OK
17/72 proto.ircx_modex.test_0...OK
18/72 proto.ircx_saccess.test_0...OK
19/72 proto.listx.test_0...OK
20/72 proto.mooring.test_0...OK
21/72 proto.mooring_props.test_0...OK
22/72 proto.quic_handshake.test_0...OK
23/72 proto.quic_transport_params.test_0...OK
24/72 proto.sasl_external_verify.test_0...OK
25/72 proto.sasl_mechrouter.test_0...OK
26/72 proto.sasl_oauthbearer.test_0...OK
27/72 proto.sasl.test_0...OK
28/72 proto.sasl_scram512_server.test_0...OK
29/72 proto.sasl_scram.test_0...OK
30/72 proto.sasl_scram_server.test_0...OK
31/72 proto.signed_delta.test_0...OK
32/72 proto.toml.test_0...OK
33/72 proto.x509.test_0...OK
34/72 daemon.modules.manifest.test_0...OK
35/72 daemon.key_transparency.test_0...OK
36/72 daemon.acme_cli.test_0...OK
37/72 daemon.acme_http01_listener.test_0...OK
38/72 daemon.acme_renewal.test_0...OK
39/72 daemon.acme_runner.test_0...OK
40/72 daemon.config_format.test_0...OK
41/72 daemon.helix.root.test_0...OK
42/72 daemon.metrics_http.test_0...OK
43/72 daemon.webhook.test_0...OK
44/72 daemon.webhook_render.test_0...OK
45/72 daemon.webhook_http.test_0...OK
46/72 daemon.oauth_jwt.test_0...OK
47/72 daemon.ocsp_staple.test_0...OK
48/72 daemon.reactor_pool.test_0...OK
49/72 daemon.reuseport.test.OpenBSD listeners bind native IPv4 and IPv6 addresses...OpenBSD listener fixture host=::1 accept errno=AGAIN
FAIL (TestUnexpectedResult)
50/72 daemon.sasl_bridge.test_0...OK
51/72 daemon.scram_store.test_0...OK
52/72 daemon.server.test_0...OK
53/72 daemon.sessions.test_0...OK
54/72 daemon.tls_certs.test_0...OK
55/72 daemon.tls_conn.test_0...OK
56/72 daemon.tls_sni_load.test_0...OK
57/72 crypto.tls_server.test_0...OK
58/72 crypto.tls_record.test_0...OK
59/72 crypto.hkdf_tls13.test_0...OK
60/72 crypto.hash.test_0...OK
61/72 crypto.random.test_0...OK
62/72 crypto.kx.test_0...OK
63/72 crypto.sign.test_0...OK
64/72 crypto.xwing.test_0...OK
65/72 crypto.sct.test_0...OK
66/72 crypto.tls_client.test_0...OK
67/72 crypto.aead.test_0...OK
68/72 crypto.ecdsa_kat.test_0...OK
69/72 crypto.ed25519_batch.test_0...OK
70/72 crypto.sign_kat.test_0...OK
71/72 crypto.tls_props.test_0...OK
72/72 crypto.tls.test_0...OK
71 passed; 0 skipped; 1 failed.
iteration=45 failed
1/72 root.test_0...OK
2/72 crypto.root.test_0...OK
3/72 daemon.root.test_0...OK
4/72 proto.root.test_0...OK
5/72 substrate.root.test_0...OK
6/72 wasm.host.root.test_0...OK
7/72 substrate.io.root.test_0...OK
8/72 substrate.ripple_props.test_0...OK
9/72 substrate.ripple.test_0...OK
10/72 substrate.undertow.root.test_0...OK
11/72 substrate.undertow.peer_link.test_0...OK
12/72 substrate.io.buf_ring.test_0...OK
13/72 substrate.io.ring.test_0...OK
14/72 proto.asn1_time.test_0...OK
15/72 proto.certfp.test_0...OK
16/72 proto.cloak.test_0...OK
17/72 proto.ircx_modex.test_0...OK
18/72 proto.ircx_saccess.test_0...OK
19/72 proto.listx.test_0...OK
20/72 proto.mooring.test_0...OK
21/72 proto.mooring_props.test_0...OK
22/72 proto.quic_handshake.test_0...OK
23/72 proto.quic_transport_params.test_0...OK
24/72 proto.sasl_external_verify.test_0...OK
25/72 proto.sasl_mechrouter.test_0...OK
26/72 proto.sasl_oauthbearer.test_0...OK
27/72 proto.sasl.test_0...OK
28/72 proto.sasl_scram512_server.test_0...OK
29/72 proto.sasl_scram.test_0...OK
30/72 proto.sasl_scram_server.test_0...OK
31/72 proto.signed_delta.test_0...OK
32/72 proto.toml.test_0...OK
33/72 proto.x509.test_0...OK
34/72 daemon.modules.manifest.test_0...OK
35/72 daemon.key_transparency.test_0...OK
36/72 daemon.acme_cli.test_0...OK
37/72 daemon.acme_http01_listener.test_0...OK
38/72 daemon.acme_renewal.test_0...OK
39/72 daemon.acme_runner.test_0...OK
40/72 daemon.config_format.test_0...OK
41/72 daemon.helix.root.test_0...OK
42/72 daemon.metrics_http.test_0...OK
43/72 daemon.webhook.test_0...OK
44/72 daemon.webhook_render.test_0...OK
45/72 daemon.webhook_http.test_0...OK
46/72 daemon.oauth_jwt.test_0...OK
47/72 daemon.ocsp_staple.test_0...OK
48/72 daemon.reactor_pool.test_0...OK
49/72 daemon.reuseport.test.OpenBSD listeners bind native IPv4 and IPv6 addresses...OpenBSD listener fixture host=::1 accept errno=AGAIN
FAIL (TestUnexpectedResult)
50/72 daemon.sasl_bridge.test_0...OK
51/72 daemon.scram_store.test_0...OK
52/72 daemon.server.test_0...OK
53/72 daemon.sessions.test_0...OK
54/72 daemon.tls_certs.test_0...OK
55/72 daemon.tls_conn.test_0...OK
56/72 daemon.tls_sni_load.test_0...OK
57/72 crypto.tls_server.test_0...OK
58/72 crypto.tls_record.test_0...OK
59/72 crypto.hkdf_tls13.test_0...OK
60/72 crypto.hash.test_0...OK
61/72 crypto.random.test_0...OK
62/72 crypto.kx.test_0...OK
63/72 crypto.sign.test_0...OK
64/72 crypto.xwing.test_0...OK
65/72 crypto.sct.test_0...OK
66/72 crypto.tls_client.test_0...OK
67/72 crypto.aead.test_0...OK
68/72 crypto.ecdsa_kat.test_0...OK
69/72 crypto.ed25519_batch.test_0...OK
70/72 crypto.sign_kat.test_0...OK
71/72 crypto.tls_props.test_0...OK
72/72 crypto.tls.test_0...OK
71 passed; 0 skipped; 1 failed.
iteration=46 failed
1/72 root.test_0...OK
2/72 crypto.root.test_0...OK
3/72 daemon.root.test_0...OK
4/72 proto.root.test_0...OK
5/72 substrate.root.test_0...OK
6/72 wasm.host.root.test_0...OK
7/72 substrate.io.root.test_0...OK
8/72 substrate.ripple_props.test_0...OK
9/72 substrate.ripple.test_0...OK
10/72 substrate.undertow.root.test_0...OK
11/72 substrate.undertow.peer_link.test_0...OK
12/72 substrate.io.buf_ring.test_0...OK
13/72 substrate.io.ring.test_0...OK
14/72 proto.asn1_time.test_0...OK
15/72 proto.certfp.test_0...OK
16/72 proto.cloak.test_0...OK
17/72 proto.ircx_modex.test_0...OK
18/72 proto.ircx_saccess.test_0...OK
19/72 proto.listx.test_0...OK
20/72 proto.mooring.test_0...OK
21/72 proto.mooring_props.test_0...OK
22/72 proto.quic_handshake.test_0...OK
23/72 proto.quic_transport_params.test_0...OK
24/72 proto.sasl_external_verify.test_0...OK
25/72 proto.sasl_mechrouter.test_0...OK
26/72 proto.sasl_oauthbearer.test_0...OK
27/72 proto.sasl.test_0...OK
28/72 proto.sasl_scram512_server.test_0...OK
29/72 proto.sasl_scram.test_0...OK
30/72 proto.sasl_scram_server.test_0...OK
31/72 proto.signed_delta.test_0...OK
32/72 proto.toml.test_0...OK
33/72 proto.x509.test_0...OK
34/72 daemon.modules.manifest.test_0...OK
35/72 daemon.key_transparency.test_0...OK
36/72 daemon.acme_cli.test_0...OK
37/72 daemon.acme_http01_listener.test_0...OK
38/72 daemon.acme_renewal.test_0...OK
39/72 daemon.acme_runner.test_0...OK
40/72 daemon.config_format.test_0...OK
41/72 daemon.helix.root.test_0...OK
42/72 daemon.metrics_http.test_0...OK
43/72 daemon.webhook.test_0...OK
44/72 daemon.webhook_render.test_0...OK
45/72 daemon.webhook_http.test_0...OK
46/72 daemon.oauth_jwt.test_0...OK
47/72 daemon.ocsp_staple.test_0...OK
48/72 daemon.reactor_pool.test_0...OK
49/72 daemon.reuseport.test.OpenBSD listeners bind native IPv4 and IPv6 addresses...OpenBSD listener fixture host=::1 accept errno=AGAIN
FAIL (TestUnexpectedResult)
50/72 daemon.sasl_bridge.test_0...OK
51/72 daemon.scram_store.test_0...OK
52/72 daemon.server.test_0...OK
53/72 daemon.sessions.test_0...OK
54/72 daemon.tls_certs.test_0...OK
55/72 daemon.tls_conn.test_0...OK
56/72 daemon.tls_sni_load.test_0...OK
57/72 crypto.tls_server.test_0...OK
58/72 crypto.tls_record.test_0...OK
59/72 crypto.hkdf_tls13.test_0...OK
60/72 crypto.hash.test_0...OK
61/72 crypto.random.test_0...OK
62/72 crypto.kx.test_0...OK
63/72 crypto.sign.test_0...OK
64/72 crypto.xwing.test_0...OK
65/72 crypto.sct.test_0...OK
66/72 crypto.tls_client.test_0...OK
67/72 crypto.aead.test_0...OK
68/72 crypto.ecdsa_kat.test_0...OK
69/72 crypto.ed25519_batch.test_0...OK
70/72 crypto.sign_kat.test_0...OK
71/72 crypto.tls_props.test_0...OK
72/72 crypto.tls.test_0...OK
71 passed; 0 skipped; 1 failed.
iteration=50 failed
1/72 root.test_0...OK
2/72 crypto.root.test_0...OK
3/72 daemon.root.test_0...OK
4/72 proto.root.test_0...OK
5/72 substrate.root.test_0...OK
6/72 wasm.host.root.test_0...OK
7/72 substrate.io.root.test_0...OK
8/72 substrate.ripple_props.test_0...OK
9/72 substrate.ripple.test_0...OK
10/72 substrate.undertow.root.test_0...OK
11/72 substrate.undertow.peer_link.test_0...OK
12/72 substrate.io.buf_ring.test_0...OK
13/72 substrate.io.ring.test_0...OK
14/72 proto.asn1_time.test_0...OK
15/72 proto.certfp.test_0...OK
16/72 proto.cloak.test_0...OK
17/72 proto.ircx_modex.test_0...OK
18/72 proto.ircx_saccess.test_0...OK
19/72 proto.listx.test_0...OK
20/72 proto.mooring.test_0...OK
21/72 proto.mooring_props.test_0...OK
22/72 proto.quic_handshake.test_0...OK
23/72 proto.quic_transport_params.test_0...OK
24/72 proto.sasl_external_verify.test_0...OK
25/72 proto.sasl_mechrouter.test_0...OK
26/72 proto.sasl_oauthbearer.test_0...OK
27/72 proto.sasl.test_0...OK
28/72 proto.sasl_scram512_server.test_0...OK
29/72 proto.sasl_scram.test_0...OK
30/72 proto.sasl_scram_server.test_0...OK
31/72 proto.signed_delta.test_0...OK
32/72 proto.toml.test_0...OK
33/72 proto.x509.test_0...OK
34/72 daemon.modules.manifest.test_0...OK
35/72 daemon.key_transparency.test_0...OK
36/72 daemon.acme_cli.test_0...OK
37/72 daemon.acme_http01_listener.test_0...OK
38/72 daemon.acme_renewal.test_0...OK
39/72 daemon.acme_runner.test_0...OK
40/72 daemon.config_format.test_0...OK
41/72 daemon.helix.root.test_0...OK
42/72 daemon.metrics_http.test_0...OK
43/72 daemon.webhook.test_0...OK
44/72 daemon.webhook_render.test_0...OK
45/72 daemon.webhook_http.test_0...OK
46/72 daemon.oauth_jwt.test_0...OK
47/72 daemon.ocsp_staple.test_0...OK
48/72 daemon.reactor_pool.test_0...OK
49/72 daemon.reuseport.test.OpenBSD listeners bind native IPv4 and IPv6 addresses...OpenBSD listener fixture host=::1 accept errno=AGAIN
FAIL (TestUnexpectedResult)
50/72 daemon.sasl_bridge.test_0...OK
51/72 daemon.scram_store.test_0...OK
52/72 daemon.server.test_0...OK
53/72 daemon.sessions.test_0...OK
54/72 daemon.tls_certs.test_0...OK
55/72 daemon.tls_conn.test_0...OK
56/72 daemon.tls_sni_load.test_0...OK
57/72 crypto.tls_server.test_0...OK
58/72 crypto.tls_record.test_0...OK
59/72 crypto.hkdf_tls13.test_0...OK
60/72 crypto.hash.test_0...OK
61/72 crypto.random.test_0...OK
62/72 crypto.kx.test_0...OK
63/72 crypto.sign.test_0...OK
64/72 crypto.xwing.test_0...OK
65/72 crypto.sct.test_0...OK
66/72 crypto.tls_client.test_0...OK
67/72 crypto.aead.test_0...OK
68/72 crypto.ecdsa_kat.test_0...OK
69/72 crypto.ed25519_batch.test_0...OK
70/72 crypto.sign_kat.test_0...OK
71/72 crypto.tls_props.test_0...OK
72/72 crypto.tls.test_0...OK
71 passed; 0 skipped; 1 failed.
iteration=51 failed
1/72 root.test_0...OK
2/72 crypto.root.test_0...OK
3/72 daemon.root.test_0...OK
4/72 proto.root.test_0...OK
5/72 substrate.root.test_0...OK
6/72 wasm.host.root.test_0...OK
7/72 substrate.io.root.test_0...OK
8/72 substrate.ripple_props.test_0...OK
9/72 substrate.ripple.test_0...OK
10/72 substrate.undertow.root.test_0...OK
11/72 substrate.undertow.peer_link.test_0...OK
12/72 substrate.io.buf_ring.test_0...OK
13/72 substrate.io.ring.test_0...OK
14/72 proto.asn1_time.test_0...OK
15/72 proto.certfp.test_0...OK
16/72 proto.cloak.test_0...OK
17/72 proto.ircx_modex.test_0...OK
18/72 proto.ircx_saccess.test_0...OK
19/72 proto.listx.test_0...OK
20/72 proto.mooring.test_0...OK
21/72 proto.mooring_props.test_0...OK
22/72 proto.quic_handshake.test_0...OK
23/72 proto.quic_transport_params.test_0...OK
24/72 proto.sasl_external_verify.test_0...OK
25/72 proto.sasl_mechrouter.test_0...OK
26/72 proto.sasl_oauthbearer.test_0...OK
27/72 proto.sasl.test_0...OK
28/72 proto.sasl_scram512_server.test_0...OK
29/72 proto.sasl_scram.test_0...OK
30/72 proto.sasl_scram_server.test_0...OK
31/72 proto.signed_delta.test_0...OK
32/72 proto.toml.test_0...OK
33/72 proto.x509.test_0...OK
34/72 daemon.modules.manifest.test_0...OK
35/72 daemon.key_transparency.test_0...OK
36/72 daemon.acme_cli.test_0...OK
37/72 daemon.acme_http01_listener.test_0...OK
38/72 daemon.acme_renewal.test_0...OK
39/72 daemon.acme_runner.test_0...OK
40/72 daemon.config_format.test_0...OK
41/72 daemon.helix.root.test_0...OK
42/72 daemon.metrics_http.test_0...OK
43/72 daemon.webhook.test_0...OK
44/72 daemon.webhook_render.test_0...OK
45/72 daemon.webhook_http.test_0...OK
46/72 daemon.oauth_jwt.test_0...OK
47/72 daemon.ocsp_staple.test_0...OK
48/72 daemon.reactor_pool.test_0...OK
49/72 daemon.reuseport.test.OpenBSD listeners bind native IPv4 and IPv6 addresses...OpenBSD listener fixture host=::1 accept errno=AGAIN
FAIL (TestUnexpectedResult)
50/72 daemon.sasl_bridge.test_0...OK
51/72 daemon.scram_store.test_0...OK
52/72 daemon.server.test_0...OK
53/72 daemon.sessions.test_0...OK
54/72 daemon.tls_certs.test_0...OK
55/72 daemon.tls_conn.test_0...OK
56/72 daemon.tls_sni_load.test_0...OK
57/72 crypto.tls_server.test_0...OK
58/72 crypto.tls_record.test_0...OK
59/72 crypto.hkdf_tls13.test_0...OK
60/72 crypto.hash.test_0...OK
61/72 crypto.random.test_0...OK
62/72 crypto.kx.test_0...OK
63/72 crypto.sign.test_0...OK
64/72 crypto.xwing.test_0...OK
65/72 crypto.sct.test_0...OK
66/72 crypto.tls_client.test_0...OK
67/72 crypto.aead.test_0...OK
68/72 crypto.ecdsa_kat.test_0...OK
69/72 crypto.ed25519_batch.test_0...OK
70/72 crypto.sign_kat.test_0...OK
71/72 crypto.tls_props.test_0...OK
72/72 crypto.tls.test_0...OK
71 passed; 0 skipped; 1 failed.
iteration=52 failed
1/72 root.test_0...OK
2/72 crypto.root.test_0...OK
3/72 daemon.root.test_0...OK
4/72 proto.root.test_0...OK
5/72 substrate.root.test_0...OK
6/72 wasm.host.root.test_0...OK
7/72 substrate.io.root.test_0...OK
8/72 substrate.ripple_props.test_0...OK
9/72 substrate.ripple.test_0...OK
10/72 substrate.undertow.root.test_0...OK
11/72 substrate.undertow.peer_link.test_0...OK
12/72 substrate.io.buf_ring.test_0...OK
13/72 substrate.io.ring.test_0...OK
14/72 proto.asn1_time.test_0...OK
15/72 proto.certfp.test_0...OK
16/72 proto.cloak.test_0...OK
17/72 proto.ircx_modex.test_0...OK
18/72 proto.ircx_saccess.test_0...OK
19/72 proto.listx.test_0...OK
20/72 proto.mooring.test_0...OK
21/72 proto.mooring_props.test_0...OK
22/72 proto.quic_handshake.test_0...OK
23/72 proto.quic_transport_params.test_0...OK
24/72 proto.sasl_external_verify.test_0...OK
25/72 proto.sasl_mechrouter.test_0...OK
26/72 proto.sasl_oauthbearer.test_0...OK
27/72 proto.sasl.test_0...OK
28/72 proto.sasl_scram512_server.test_0...OK
29/72 proto.sasl_scram.test_0...OK
30/72 proto.sasl_scram_server.test_0...OK
31/72 proto.signed_delta.test_0...OK
32/72 proto.toml.test_0...OK
33/72 proto.x509.test_0...OK
34/72 daemon.modules.manifest.test_0...OK
35/72 daemon.key_transparency.test_0...OK
36/72 daemon.acme_cli.test_0...OK
37/72 daemon.acme_http01_listener.test_0...OK
38/72 daemon.acme_renewal.test_0...OK
39/72 daemon.acme_runner.test_0...OK
40/72 daemon.config_format.test_0...OK
41/72 daemon.helix.root.test_0...OK
42/72 daemon.metrics_http.test_0...OK
43/72 daemon.webhook.test_0...OK
44/72 daemon.webhook_render.test_0...OK
45/72 daemon.webhook_http.test_0...OK
46/72 daemon.oauth_jwt.test_0...OK
47/72 daemon.ocsp_staple.test_0...OK
48/72 daemon.reactor_pool.test_0...OK
49/72 daemon.reuseport.test.OpenBSD listeners bind native IPv4 and IPv6 addresses...OpenBSD listener fixture host=::1 accept errno=AGAIN
FAIL (TestUnexpectedResult)
50/72 daemon.sasl_bridge.test_0...OK
51/72 daemon.scram_store.test_0...OK
52/72 daemon.server.test_0...OK
53/72 daemon.sessions.test_0...OK
54/72 daemon.tls_certs.test_0...OK
55/72 daemon.tls_conn.test_0...OK
56/72 daemon.tls_sni_load.test_0...OK
57/72 crypto.tls_server.test_0...OK
58/72 crypto.tls_record.test_0...OK
59/72 crypto.hkdf_tls13.test_0...OK
60/72 crypto.hash.test_0...OK
61/72 crypto.random.test_0...OK
62/72 crypto.kx.test_0...OK
63/72 crypto.sign.test_0...OK
64/72 crypto.xwing.test_0...OK
65/72 crypto.sct.test_0...OK
66/72 crypto.tls_client.test_0...OK
67/72 crypto.aead.test_0...OK
68/72 crypto.ecdsa_kat.test_0...OK
69/72 crypto.ed25519_batch.test_0...OK
70/72 crypto.sign_kat.test_0...OK
71/72 crypto.tls_props.test_0...OK
72/72 crypto.tls.test_0...OK
71 passed; 0 skipped; 1 failed.
iteration=53 failed
1/72 root.test_0...OK
2/72 crypto.root.test_0...OK
3/72 daemon.root.test_0...OK
4/72 proto.root.test_0...OK
5/72 substrate.root.test_0...OK
6/72 wasm.host.root.test_0...OK
7/72 substrate.io.root.test_0...OK
8/72 substrate.ripple_props.test_0...OK
9/72 substrate.ripple.test_0...OK
10/72 substrate.undertow.root.test_0...OK
11/72 substrate.undertow.peer_link.test_0...OK
12/72 substrate.io.buf_ring.test_0...OK
13/72 substrate.io.ring.test_0...OK
14/72 proto.asn1_time.test_0...OK
15/72 proto.certfp.test_0...OK
16/72 proto.cloak.test_0...OK
17/72 proto.ircx_modex.test_0...OK
18/72 proto.ircx_saccess.test_0...OK
19/72 proto.listx.test_0...OK
20/72 proto.mooring.test_0...OK
21/72 proto.mooring_props.test_0...OK
22/72 proto.quic_handshake.test_0...OK
23/72 proto.quic_transport_params.test_0...OK
24/72 proto.sasl_external_verify.test_0...OK
25/72 proto.sasl_mechrouter.test_0...OK
26/72 proto.sasl_oauthbearer.test_0...OK
27/72 proto.sasl.test_0...OK
28/72 proto.sasl_scram512_server.test_0...OK
29/72 proto.sasl_scram.test_0...OK
30/72 proto.sasl_scram_server.test_0...OK
31/72 proto.signed_delta.test_0...OK
32/72 proto.toml.test_0...OK
33/72 proto.x509.test_0...OK
34/72 daemon.modules.manifest.test_0...OK
35/72 daemon.key_transparency.test_0...OK
36/72 daemon.acme_cli.test_0...OK
37/72 daemon.acme_http01_listener.test_0...OK
38/72 daemon.acme_renewal.test_0...OK
39/72 daemon.acme_runner.test_0...OK
40/72 daemon.config_format.test_0...OK
41/72 daemon.helix.root.test_0...OK
42/72 daemon.metrics_http.test_0...OK
43/72 daemon.webhook.test_0...OK
44/72 daemon.webhook_render.test_0...OK
45/72 daemon.webhook_http.test_0...OK
46/72 daemon.oauth_jwt.test_0...OK
47/72 daemon.ocsp_staple.test_0...OK
48/72 daemon.reactor_pool.test_0...OK
49/72 daemon.reuseport.test.OpenBSD listeners bind native IPv4 and IPv6 addresses...OpenBSD listener fixture host=::1 accept errno=AGAIN
FAIL (TestUnexpectedResult)
50/72 daemon.sasl_bridge.test_0...OK
51/72 daemon.scram_store.test_0...OK
52/72 daemon.server.test_0...OK
53/72 daemon.sessions.test_0...OK
54/72 daemon.tls_certs.test_0...OK
55/72 daemon.tls_conn.test_0...OK
56/72 daemon.tls_sni_load.test_0...OK
57/72 crypto.tls_server.test_0...OK
58/72 crypto.tls_record.test_0...OK
59/72 crypto.hkdf_tls13.test_0...OK
60/72 crypto.hash.test_0...OK
61/72 crypto.random.test_0...OK
62/72 crypto.kx.test_0...OK
63/72 crypto.sign.test_0...OK
64/72 crypto.xwing.test_0...OK
65/72 crypto.sct.test_0...OK
66/72 crypto.tls_client.test_0...OK
67/72 crypto.aead.test_0...OK
68/72 crypto.ecdsa_kat.test_0...OK
69/72 crypto.ed25519_batch.test_0...OK
70/72 crypto.sign_kat.test_0...OK
71/72 crypto.tls_props.test_0...OK
72/72 crypto.tls.test_0...OK
71 passed; 0 skipped; 1 failed.
iteration=54 failed
1/72 root.test_0...OK
2/72 crypto.root.test_0...OK
3/72 daemon.root.test_0...OK
4/72 proto.root.test_0...OK
5/72 substrate.root.test_0...OK
6/72 wasm.host.root.test_0...OK
7/72 substrate.io.root.test_0...OK
8/72 substrate.ripple_props.test_0...OK
9/72 substrate.ripple.test_0...OK
10/72 substrate.undertow.root.test_0...OK
11/72 substrate.undertow.peer_link.test_0...OK
12/72 substrate.io.buf_ring.test_0...OK
13/72 substrate.io.ring.test_0...OK
14/72 proto.asn1_time.test_0...OK
15/72 proto.certfp.test_0...OK
16/72 proto.cloak.test_0...OK
17/72 proto.ircx_modex.test_0...OK
18/72 proto.ircx_saccess.test_0...OK
19/72 proto.listx.test_0...OK
20/72 proto.mooring.test_0...OK
21/72 proto.mooring_props.test_0...OK
22/72 proto.quic_handshake.test_0...OK
23/72 proto.quic_transport_params.test_0...OK
24/72 proto.sasl_external_verify.test_0...OK
25/72 proto.sasl_mechrouter.test_0...OK
26/72 proto.sasl_oauthbearer.test_0...OK
27/72 proto.sasl.test_0...OK
28/72 proto.sasl_scram512_server.test_0...OK
29/72 proto.sasl_scram.test_0...OK
30/72 proto.sasl_scram_server.test_0...OK
31/72 proto.signed_delta.test_0...OK
32/72 proto.toml.test_0...OK
33/72 proto.x509.test_0...OK
34/72 daemon.modules.manifest.test_0...OK
35/72 daemon.key_transparency.test_0...OK
36/72 daemon.acme_cli.test_0...OK
37/72 daemon.acme_http01_listener.test_0...OK
38/72 daemon.acme_renewal.test_0...OK
39/72 daemon.acme_runner.test_0...OK
40/72 daemon.config_format.test_0...OK
41/72 daemon.helix.root.test_0...OK
42/72 daemon.metrics_http.test_0...OK
43/72 daemon.webhook.test_0...OK
44/72 daemon.webhook_render.test_0...OK
45/72 daemon.webhook_http.test_0...OK
46/72 daemon.oauth_jwt.test_0...OK
47/72 daemon.ocsp_staple.test_0...OK
48/72 daemon.reactor_pool.test_0...OK
49/72 daemon.reuseport.test.OpenBSD listeners bind native IPv4 and IPv6 addresses...OpenBSD listener fixture host=::1 accept errno=AGAIN
FAIL (TestUnexpectedResult)
50/72 daemon.sasl_bridge.test_0...OK
51/72 daemon.scram_store.test_0...OK
52/72 daemon.server.test_0...OK
53/72 daemon.sessions.test_0...OK
54/72 daemon.tls_certs.test_0...OK
55/72 daemon.tls_conn.test_0...OK
56/72 daemon.tls_sni_load.test_0...OK
57/72 crypto.tls_server.test_0...OK
58/72 crypto.tls_record.test_0...OK
59/72 crypto.hkdf_tls13.test_0...OK
60/72 crypto.hash.test_0...OK
61/72 crypto.random.test_0...OK
62/72 crypto.kx.test_0...OK
63/72 crypto.sign.test_0...OK
64/72 crypto.xwing.test_0...OK
65/72 crypto.sct.test_0...OK
66/72 crypto.tls_client.test_0...OK
67/72 crypto.aead.test_0...OK
68/72 crypto.ecdsa_kat.test_0...OK
69/72 crypto.ed25519_batch.test_0...OK
70/72 crypto.sign_kat.test_0...OK
71/72 crypto.tls_props.test_0...OK
72/72 crypto.tls.test_0...OK
71 passed; 0 skipped; 1 failed.
iteration=58 failed
1/72 root.test_0...OK
2/72 crypto.root.test_0...OK
3/72 daemon.root.test_0...OK
4/72 proto.root.test_0...OK
5/72 substrate.root.test_0...OK
6/72 wasm.host.root.test_0...OK
7/72 substrate.io.root.test_0...OK
8/72 substrate.ripple_props.test_0...OK
9/72 substrate.ripple.test_0...OK
10/72 substrate.undertow.root.test_0...OK
11/72 substrate.undertow.peer_link.test_0...OK
12/72 substrate.io.buf_ring.test_0...OK
13/72 substrate.io.ring.test_0...OK
14/72 proto.asn1_time.test_0...OK
15/72 proto.certfp.test_0...OK
16/72 proto.cloak.test_0...OK
17/72 proto.ircx_modex.test_0...OK
18/72 proto.ircx_saccess.test_0...OK
19/72 proto.listx.test_0...OK
20/72 proto.mooring.test_0...OK
21/72 proto.mooring_props.test_0...OK
22/72 proto.quic_handshake.test_0...OK
23/72 proto.quic_transport_params.test_0...OK
24/72 proto.sasl_external_verify.test_0...OK
25/72 proto.sasl_mechrouter.test_0...OK
26/72 proto.sasl_oauthbearer.test_0...OK
27/72 proto.sasl.test_0...OK
28/72 proto.sasl_scram512_server.test_0...OK
29/72 proto.sasl_scram.test_0...OK
30/72 proto.sasl_scram_server.test_0...OK
31/72 proto.signed_delta.test_0...OK
32/72 proto.toml.test_0...OK
33/72 proto.x509.test_0...OK
34/72 daemon.modules.manifest.test_0...OK
35/72 daemon.key_transparency.test_0...OK
36/72 daemon.acme_cli.test_0...OK
37/72 daemon.acme_http01_listener.test_0...OK
38/72 daemon.acme_renewal.test_0...OK
39/72 daemon.acme_runner.test_0...OK
40/72 daemon.config_format.test_0...OK
41/72 daemon.helix.root.test_0...OK
42/72 daemon.metrics_http.test_0...OK
43/72 daemon.webhook.test_0...OK
44/72 daemon.webhook_render.test_0...OK
45/72 daemon.webhook_http.test_0...OK
46/72 daemon.oauth_jwt.test_0...OK
47/72 daemon.ocsp_staple.test_0...OK
48/72 daemon.reactor_pool.test_0...OK
49/72 daemon.reuseport.test.OpenBSD listeners bind native IPv4 and IPv6 addresses...OpenBSD listener fixture host=::1 accept errno=AGAIN
FAIL (TestUnexpectedResult)
50/72 daemon.sasl_bridge.test_0...OK
51/72 daemon.scram_store.test_0...OK
52/72 daemon.server.test_0...OK
53/72 daemon.sessions.test_0...OK
54/72 daemon.tls_certs.test_0...OK
55/72 daemon.tls_conn.test_0...OK
56/72 daemon.tls_sni_load.test_0...OK
57/72 crypto.tls_server.test_0...OK
58/72 crypto.tls_record.test_0...OK
59/72 crypto.hkdf_tls13.test_0...OK
60/72 crypto.hash.test_0...OK
61/72 crypto.random.test_0...OK
62/72 crypto.kx.test_0...OK
63/72 crypto.sign.test_0...OK
64/72 crypto.xwing.test_0...OK
65/72 crypto.sct.test_0...OK
66/72 crypto.tls_client.test_0...OK
67/72 crypto.aead.test_0...OK
68/72 crypto.ecdsa_kat.test_0...OK
69/72 crypto.ed25519_batch.test_0...OK
70/72 crypto.sign_kat.test_0...OK
71/72 crypto.tls_props.test_0...OK
72/72 crypto.tls.test_0...OK
71 passed; 0 skipped; 1 failed.
iteration=59 failed
1/72 root.test_0...OK
2/72 crypto.root.test_0...OK
3/72 daemon.root.test_0...OK
4/72 proto.root.test_0...OK
5/72 substrate.root.test_0...OK
6/72 wasm.host.root.test_0...OK
7/72 substrate.io.root.test_0...OK
8/72 substrate.ripple_props.test_0...OK
9/72 substrate.ripple.test_0...OK
10/72 substrate.undertow.root.test_0...OK
11/72 substrate.undertow.peer_link.test_0...OK
12/72 substrate.io.buf_ring.test_0...OK
13/72 substrate.io.ring.test_0...OK
14/72 proto.asn1_time.test_0...OK
15/72 proto.certfp.test_0...OK
16/72 proto.cloak.test_0...OK
17/72 proto.ircx_modex.test_0...OK
18/72 proto.ircx_saccess.test_0...OK
19/72 proto.listx.test_0...OK
20/72 proto.mooring.test_0...OK
21/72 proto.mooring_props.test_0...OK
22/72 proto.quic_handshake.test_0...OK
23/72 proto.quic_transport_params.test_0...OK
24/72 proto.sasl_external_verify.test_0...OK
25/72 proto.sasl_mechrouter.test_0...OK
26/72 proto.sasl_oauthbearer.test_0...OK
27/72 proto.sasl.test_0...OK
28/72 proto.sasl_scram512_server.test_0...OK
29/72 proto.sasl_scram.test_0...OK
30/72 proto.sasl_scram_server.test_0...OK
31/72 proto.signed_delta.test_0...OK
32/72 proto.toml.test_0...OK
33/72 proto.x509.test_0...OK
34/72 daemon.modules.manifest.test_0...OK
35/72 daemon.key_transparency.test_0...OK
36/72 daemon.acme_cli.test_0...OK
37/72 daemon.acme_http01_listener.test_0...OK
38/72 daemon.acme_renewal.test_0...OK
39/72 daemon.acme_runner.test_0...OK
40/72 daemon.config_format.test_0...OK
41/72 daemon.helix.root.test_0...OK
42/72 daemon.metrics_http.test_0...OK
43/72 daemon.webhook.test_0...OK
44/72 daemon.webhook_render.test_0...OK
45/72 daemon.webhook_http.test_0...OK
46/72 daemon.oauth_jwt.test_0...OK
47/72 daemon.ocsp_staple.test_0...OK
48/72 daemon.reactor_pool.test_0...OK
49/72 daemon.reuseport.test.OpenBSD listeners bind native IPv4 and IPv6 addresses...OpenBSD listener fixture host=::1 accept errno=AGAIN
FAIL (TestUnexpectedResult)
50/72 daemon.sasl_bridge.test_0...OK
51/72 daemon.scram_store.test_0...OK
52/72 daemon.server.test_0...OK
53/72 daemon.sessions.test_0...OK
54/72 daemon.tls_certs.test_0...OK
55/72 daemon.tls_conn.test_0...OK
56/72 daemon.tls_sni_load.test_0...OK
57/72 crypto.tls_server.test_0...OK
58/72 crypto.tls_record.test_0...OK
59/72 crypto.hkdf_tls13.test_0...OK
60/72 crypto.hash.test_0...OK
61/72 crypto.random.test_0...OK
62/72 crypto.kx.test_0...OK
63/72 crypto.sign.test_0...OK
64/72 crypto.xwing.test_0...OK
65/72 crypto.sct.test_0...OK
66/72 crypto.tls_client.test_0...OK
67/72 crypto.aead.test_0...OK
68/72 crypto.ecdsa_kat.test_0...OK
69/72 crypto.ed25519_batch.test_0...OK
70/72 crypto.sign_kat.test_0...OK
71/72 crypto.tls_props.test_0...OK
72/72 crypto.tls.test_0...OK
71 passed; 0 skipped; 1 failed.
iteration=61 failed
1/72 root.test_0...OK
2/72 crypto.root.test_0...OK
3/72 daemon.root.test_0...OK
4/72 proto.root.test_0...OK
5/72 substrate.root.test_0...OK
6/72 wasm.host.root.test_0...OK
7/72 substrate.io.root.test_0...OK
8/72 substrate.ripple_props.test_0...OK
9/72 substrate.ripple.test_0...OK
10/72 substrate.undertow.root.test_0...OK
11/72 substrate.undertow.peer_link.test_0...OK
12/72 substrate.io.buf_ring.test_0...OK
13/72 substrate.io.ring.test_0...OK
14/72 proto.asn1_time.test_0...OK
15/72 proto.certfp.test_0...OK
16/72 proto.cloak.test_0...OK
17/72 proto.ircx_modex.test_0...OK
18/72 proto.ircx_saccess.test_0...OK
19/72 proto.listx.test_0...OK
20/72 proto.mooring.test_0...OK
21/72 proto.mooring_props.test_0...OK
22/72 proto.quic_handshake.test_0...OK
23/72 proto.quic_transport_params.test_0...OK
24/72 proto.sasl_external_verify.test_0...OK
25/72 proto.sasl_mechrouter.test_0...OK
26/72 proto.sasl_oauthbearer.test_0...OK
27/72 proto.sasl.test_0...OK
28/72 proto.sasl_scram512_server.test_0...OK
29/72 proto.sasl_scram.test_0...OK
30/72 proto.sasl_scram_server.test_0...OK
31/72 proto.signed_delta.test_0...OK
32/72 proto.toml.test_0...OK
33/72 proto.x509.test_0...OK
34/72 daemon.modules.manifest.test_0...OK
35/72 daemon.key_transparency.test_0...OK
36/72 daemon.acme_cli.test_0...OK
37/72 daemon.acme_http01_listener.test_0...OK
38/72 daemon.acme_renewal.test_0...OK
39/72 daemon.acme_runner.test_0...OK
40/72 daemon.config_format.test_0...OK
41/72 daemon.helix.root.test_0...OK
42/72 daemon.metrics_http.test_0...OK
43/72 daemon.webhook.test_0...OK
44/72 daemon.webhook_render.test_0...OK
45/72 daemon.webhook_http.test_0...OK
46/72 daemon.oauth_jwt.test_0...OK
47/72 daemon.ocsp_staple.test_0...OK
48/72 daemon.reactor_pool.test_0...OK
49/72 daemon.reuseport.test.OpenBSD listeners bind native IPv4 and IPv6 addresses...OpenBSD listener fixture host=::1 accept errno=AGAIN
FAIL (TestUnexpectedResult)
50/72 daemon.sasl_bridge.test_0...OK
51/72 daemon.scram_store.test_0...OK
52/72 daemon.server.test_0...OK
53/72 daemon.sessions.test_0...OK
54/72 daemon.tls_certs.test_0...OK
55/72 daemon.tls_conn.test_0...OK
56/72 daemon.tls_sni_load.test_0...OK
57/72 crypto.tls_server.test_0...OK
58/72 crypto.tls_record.test_0...OK
59/72 crypto.hkdf_tls13.test_0...OK
60/72 crypto.hash.test_0...OK
61/72 crypto.random.test_0...OK
62/72 crypto.kx.test_0...OK
63/72 crypto.sign.test_0...OK
64/72 crypto.xwing.test_0...OK
65/72 crypto.sct.test_0...OK
66/72 crypto.tls_client.test_0...OK
67/72 crypto.aead.test_0...OK
68/72 crypto.ecdsa_kat.test_0...OK
69/72 crypto.ed25519_batch.test_0...OK
70/72 crypto.sign_kat.test_0...OK
71/72 crypto.tls_props.test_0...OK
72/72 crypto.tls.test_0...OK
71 passed; 0 skipped; 1 failed.
iteration=62 failed
1/72 root.test_0...OK
2/72 crypto.root.test_0...OK
3/72 daemon.root.test_0...OK
4/72 proto.root.test_0...OK
5/72 substrate.root.test_0...OK
6/72 wasm.host.root.test_0...OK
7/72 substrate.io.root.test_0...OK
8/72 substrate.ripple_props.test_0...OK
9/72 substrate.ripple.test_0...OK
10/72 substrate.undertow.root.test_0...OK
11/72 substrate.undertow.peer_link.test_0...OK
12/72 substrate.io.buf_ring.test_0...OK
13/72 substrate.io.ring.test_0...OK
14/72 proto.asn1_time.test_0...OK
15/72 proto.certfp.test_0...OK
16/72 proto.cloak.test_0...OK
17/72 proto.ircx_modex.test_0...OK
18/72 proto.ircx_saccess.test_0...OK
19/72 proto.listx.test_0...OK
20/72 proto.mooring.test_0...OK
21/72 proto.mooring_props.test_0...OK
22/72 proto.quic_handshake.test_0...OK
23/72 proto.quic_transport_params.test_0...OK
24/72 proto.sasl_external_verify.test_0...OK
25/72 proto.sasl_mechrouter.test_0...OK
26/72 proto.sasl_oauthbearer.test_0...OK
27/72 proto.sasl.test_0...OK
28/72 proto.sasl_scram512_server.test_0...OK
29/72 proto.sasl_scram.test_0...OK
30/72 proto.sasl_scram_server.test_0...OK
31/72 proto.signed_delta.test_0...OK
32/72 proto.toml.test_0...OK
33/72 proto.x509.test_0...OK
34/72 daemon.modules.manifest.test_0...OK
35/72 daemon.key_transparency.test_0...OK
36/72 daemon.acme_cli.test_0...OK
37/72 daemon.acme_http01_listener.test_0...OK
38/72 daemon.acme_renewal.test_0...OK
39/72 daemon.acme_runner.test_0...OK
40/72 daemon.config_format.test_0...OK
41/72 daemon.helix.root.test_0...OK
42/72 daemon.metrics_http.test_0...OK
43/72 daemon.webhook.test_0...OK
44/72 daemon.webhook_render.test_0...OK
45/72 daemon.webhook_http.test_0...OK
46/72 daemon.oauth_jwt.test_0...OK
47/72 daemon.ocsp_staple.test_0...OK
48/72 daemon.reactor_pool.test_0...OK
49/72 daemon.reuseport.test.OpenBSD listeners bind native IPv4 and IPv6 addresses...OpenBSD listener fixture host=::1 accept errno=AGAIN
FAIL (TestUnexpectedResult)
50/72 daemon.sasl_bridge.test_0...OK
51/72 daemon.scram_store.test_0...OK
52/72 daemon.server.test_0...OK
53/72 daemon.sessions.test_0...OK
54/72 daemon.tls_certs.test_0...OK
55/72 daemon.tls_conn.test_0...OK
56/72 daemon.tls_sni_load.test_0...OK
57/72 crypto.tls_server.test_0...OK
58/72 crypto.tls_record.test_0...OK
59/72 crypto.hkdf_tls13.test_0...OK
60/72 crypto.hash.test_0...OK
61/72 crypto.random.test_0...OK
62/72 crypto.kx.test_0...OK
63/72 crypto.sign.test_0...OK
64/72 crypto.xwing.test_0...OK
65/72 crypto.sct.test_0...OK
66/72 crypto.tls_client.test_0...OK
67/72 crypto.aead.test_0...OK
68/72 crypto.ecdsa_kat.test_0...OK
69/72 crypto.ed25519_batch.test_0...OK
70/72 crypto.sign_kat.test_0...OK
71/72 crypto.tls_props.test_0...OK
72/72 crypto.tls.test_0...OK
71 passed; 0 skipped; 1 failed.
iteration=64 failed
1/72 root.test_0...OK
2/72 crypto.root.test_0...OK
3/72 daemon.root.test_0...OK
4/72 proto.root.test_0...OK
5/72 substrate.root.test_0...OK
6/72 wasm.host.root.test_0...OK
7/72 substrate.io.root.test_0...OK
8/72 substrate.ripple_props.test_0...OK
9/72 substrate.ripple.test_0...OK
10/72 substrate.undertow.root.test_0...OK
11/72 substrate.undertow.peer_link.test_0...OK
12/72 substrate.io.buf_ring.test_0...OK
13/72 substrate.io.ring.test_0...OK
14/72 proto.asn1_time.test_0...OK
15/72 proto.certfp.test_0...OK
16/72 proto.cloak.test_0...OK
17/72 proto.ircx_modex.test_0...OK
18/72 proto.ircx_saccess.test_0...OK
19/72 proto.listx.test_0...OK
20/72 proto.mooring.test_0...OK
21/72 proto.mooring_props.test_0...OK
22/72 proto.quic_handshake.test_0...OK
23/72 proto.quic_transport_params.test_0...OK
24/72 proto.sasl_external_verify.test_0...OK
25/72 proto.sasl_mechrouter.test_0...OK
26/72 proto.sasl_oauthbearer.test_0...OK
27/72 proto.sasl.test_0...OK
28/72 proto.sasl_scram512_server.test_0...OK
29/72 proto.sasl_scram.test_0...OK
30/72 proto.sasl_scram_server.test_0...OK
31/72 proto.signed_delta.test_0...OK
32/72 proto.toml.test_0...OK
33/72 proto.x509.test_0...OK
34/72 daemon.modules.manifest.test_0...OK
35/72 daemon.key_transparency.test_0...OK
36/72 daemon.acme_cli.test_0...OK
37/72 daemon.acme_http01_listener.test_0...OK
38/72 daemon.acme_renewal.test_0...OK
39/72 daemon.acme_runner.test_0...OK
40/72 daemon.config_format.test_0...OK
41/72 daemon.helix.root.test_0...OK
42/72 daemon.metrics_http.test_0...OK
43/72 daemon.webhook.test_0...OK
44/72 daemon.webhook_render.test_0...OK
45/72 daemon.webhook_http.test_0...OK
46/72 daemon.oauth_jwt.test_0...OK
47/72 daemon.ocsp_staple.test_0...OK
48/72 daemon.reactor_pool.test_0...OK
49/72 daemon.reuseport.test.OpenBSD listeners bind native IPv4 and IPv6 addresses...OpenBSD listener fixture host=::1 accept errno=AGAIN
FAIL (TestUnexpectedResult)
50/72 daemon.sasl_bridge.test_0...OK
51/72 daemon.scram_store.test_0...OK
52/72 daemon.server.test_0...OK
53/72 daemon.sessions.test_0...OK
54/72 daemon.tls_certs.test_0...OK
55/72 daemon.tls_conn.test_0...OK
56/72 daemon.tls_sni_load.test_0...OK
57/72 crypto.tls_server.test_0...OK
58/72 crypto.tls_record.test_0...OK
59/72 crypto.hkdf_tls13.test_0...OK
60/72 crypto.hash.test_0...OK
61/72 crypto.random.test_0...OK
62/72 crypto.kx.test_0...OK
63/72 crypto.sign.test_0...OK
64/72 crypto.xwing.test_0...OK
65/72 crypto.sct.test_0...OK
66/72 crypto.tls_client.test_0...OK
67/72 crypto.aead.test_0...OK
68/72 crypto.ecdsa_kat.test_0...OK
69/72 crypto.ed25519_batch.test_0...OK
70/72 crypto.sign_kat.test_0...OK
71/72 crypto.tls_props.test_0...OK
72/72 crypto.tls.test_0...OK
71 passed; 0 skipped; 1 failed.
iteration=65 failed
1/72 root.test_0...OK
2/72 crypto.root.test_0...OK
3/72 daemon.root.test_0...OK
4/72 proto.root.test_0...OK
5/72 substrate.root.test_0...OK
6/72 wasm.host.root.test_0...OK
7/72 substrate.io.root.test_0...OK
8/72 substrate.ripple_props.test_0...OK
9/72 substrate.ripple.test_0...OK
10/72 substrate.undertow.root.test_0...OK
11/72 substrate.undertow.peer_link.test_0...OK
12/72 substrate.io.buf_ring.test_0...OK
13/72 substrate.io.ring.test_0...OK
14/72 proto.asn1_time.test_0...OK
15/72 proto.certfp.test_0...OK
16/72 proto.cloak.test_0...OK
17/72 proto.ircx_modex.test_0...OK
18/72 proto.ircx_saccess.test_0...OK
19/72 proto.listx.test_0...OK
20/72 proto.mooring.test_0...OK
21/72 proto.mooring_props.test_0...OK
22/72 proto.quic_handshake.test_0...OK
23/72 proto.quic_transport_params.test_0...OK
24/72 proto.sasl_external_verify.test_0...OK
25/72 proto.sasl_mechrouter.test_0...OK
26/72 proto.sasl_oauthbearer.test_0...OK
27/72 proto.sasl.test_0...OK
28/72 proto.sasl_scram512_server.test_0...OK
29/72 proto.sasl_scram.test_0...OK
30/72 proto.sasl_scram_server.test_0...OK
31/72 proto.signed_delta.test_0...OK
32/72 proto.toml.test_0...OK
33/72 proto.x509.test_0...OK
34/72 daemon.modules.manifest.test_0...OK
35/72 daemon.key_transparency.test_0...OK
36/72 daemon.acme_cli.test_0...OK
37/72 daemon.acme_http01_listener.test_0...OK
38/72 daemon.acme_renewal.test_0...OK
39/72 daemon.acme_runner.test_0...OK
40/72 daemon.config_format.test_0...OK
41/72 daemon.helix.root.test_0...OK
42/72 daemon.metrics_http.test_0...OK
43/72 daemon.webhook.test_0...OK
44/72 daemon.webhook_render.test_0...OK
45/72 daemon.webhook_http.test_0...OK
46/72 daemon.oauth_jwt.test_0...OK
47/72 daemon.ocsp_staple.test_0...OK
48/72 daemon.reactor_pool.test_0...OK
49/72 daemon.reuseport.test.OpenBSD listeners bind native IPv4 and IPv6 addresses...OpenBSD listener fixture host=::1 accept errno=AGAIN
FAIL (TestUnexpectedResult)
50/72 daemon.sasl_bridge.test_0...OK
51/72 daemon.scram_store.test_0...OK
52/72 daemon.server.test_0...OK
53/72 daemon.sessions.test_0...OK
54/72 daemon.tls_certs.test_0...OK
55/72 daemon.tls_conn.test_0...OK
56/72 daemon.tls_sni_load.test_0...OK
57/72 crypto.tls_server.test_0...OK
58/72 crypto.tls_record.test_0...OK
59/72 crypto.hkdf_tls13.test_0...OK
60/72 crypto.hash.test_0...OK
61/72 crypto.random.test_0...OK
62/72 crypto.kx.test_0...OK
63/72 crypto.sign.test_0...OK
64/72 crypto.xwing.test_0...OK
65/72 crypto.sct.test_0...OK
66/72 crypto.tls_client.test_0...OK
67/72 crypto.aead.test_0...OK
68/72 crypto.ecdsa_kat.test_0...OK
69/72 crypto.ed25519_batch.test_0...OK
70/72 crypto.sign_kat.test_0...OK
71/72 crypto.tls_props.test_0...OK
72/72 crypto.tls.test_0...OK
71 passed; 0 skipped; 1 failed.
iteration=66 failed
1/72 root.test_0...OK
2/72 crypto.root.test_0...OK
3/72 daemon.root.test_0...OK
4/72 proto.root.test_0...OK
5/72 substrate.root.test_0...OK
6/72 wasm.host.root.test_0...OK
7/72 substrate.io.root.test_0...OK
8/72 substrate.ripple_props.test_0...OK
9/72 substrate.ripple.test_0...OK
10/72 substrate.undertow.root.test_0...OK
11/72 substrate.undertow.peer_link.test_0...OK
12/72 substrate.io.buf_ring.test_0...OK
13/72 substrate.io.ring.test_0...OK
14/72 proto.asn1_time.test_0...OK
15/72 proto.certfp.test_0...OK
16/72 proto.cloak.test_0...OK
17/72 proto.ircx_modex.test_0...OK
18/72 proto.ircx_saccess.test_0...OK
19/72 proto.listx.test_0...OK
20/72 proto.mooring.test_0...OK
21/72 proto.mooring_props.test_0...OK
22/72 proto.quic_handshake.test_0...OK
23/72 proto.quic_transport_params.test_0...OK
24/72 proto.sasl_external_verify.test_0...OK
25/72 proto.sasl_mechrouter.test_0...OK
26/72 proto.sasl_oauthbearer.test_0...OK
27/72 proto.sasl.test_0...OK
28/72 proto.sasl_scram512_server.test_0...OK
29/72 proto.sasl_scram.test_0...OK
30/72 proto.sasl_scram_server.test_0...OK
31/72 proto.signed_delta.test_0...OK
32/72 proto.toml.test_0...OK
33/72 proto.x509.test_0...OK
34/72 daemon.modules.manifest.test_0...OK
35/72 daemon.key_transparency.test_0...OK
36/72 daemon.acme_cli.test_0...OK
37/72 daemon.acme_http01_listener.test_0...OK
38/72 daemon.acme_renewal.test_0...OK
39/72 daemon.acme_runner.test_0...OK
40/72 daemon.config_format.test_0...OK
41/72 daemon.helix.root.test_0...OK
42/72 daemon.metrics_http.test_0...OK
43/72 daemon.webhook.test_0...OK
44/72 daemon.webhook_render.test_0...OK
45/72 daemon.webhook_http.test_0...OK
46/72 daemon.oauth_jwt.test_0...OK
47/72 daemon.ocsp_staple.test_0...OK
48/72 daemon.reactor_pool.test_0...OK
49/72 daemon.reuseport.test.OpenBSD listeners bind native IPv4 and IPv6 addresses...OpenBSD listener fixture host=::1 accept errno=AGAIN
FAIL (TestUnexpectedResult)
50/72 daemon.sasl_bridge.test_0...OK
51/72 daemon.scram_store.test_0...OK
52/72 daemon.server.test_0...OK
53/72 daemon.sessions.test_0...OK
54/72 daemon.tls_certs.test_0...OK
55/72 daemon.tls_conn.test_0...OK
56/72 daemon.tls_sni_load.test_0...OK
57/72 crypto.tls_server.test_0...OK
58/72 crypto.tls_record.test_0...OK
59/72 crypto.hkdf_tls13.test_0...OK
60/72 crypto.hash.test_0...OK
61/72 crypto.random.test_0...OK
62/72 crypto.kx.test_0...OK
63/72 crypto.sign.test_0...OK
64/72 crypto.xwing.test_0...OK
65/72 crypto.sct.test_0...OK
66/72 crypto.tls_client.test_0...OK
67/72 crypto.aead.test_0...OK
68/72 crypto.ecdsa_kat.test_0...OK
69/72 crypto.ed25519_batch.test_0...OK
70/72 crypto.sign_kat.test_0...OK
71/72 crypto.tls_props.test_0...OK
72/72 crypto.tls.test_0...OK
71 passed; 0 skipped; 1 failed.
iteration=71 failed
1/72 root.test_0...OK
2/72 crypto.root.test_0...OK
3/72 daemon.root.test_0...OK
4/72 proto.root.test_0...OK
5/72 substrate.root.test_0...OK
6/72 wasm.host.root.test_0...OK
7/72 substrate.io.root.test_0...OK
8/72 substrate.ripple_props.test_0...OK
9/72 substrate.ripple.test_0...OK
10/72 substrate.undertow.root.test_0...OK
11/72 substrate.undertow.peer_link.test_0...OK
12/72 substrate.io.buf_ring.test_0...OK
13/72 substrate.io.ring.test_0...OK
14/72 proto.asn1_time.test_0...OK
15/72 proto.certfp.test_0...OK
16/72 proto.cloak.test_0...OK
17/72 proto.ircx_modex.test_0...OK
18/72 proto.ircx_saccess.test_0...OK
19/72 proto.listx.test_0...OK
20/72 proto.mooring.test_0...OK
21/72 proto.mooring_props.test_0...OK
22/72 proto.quic_handshake.test_0...OK
23/72 proto.quic_transport_params.test_0...OK
24/72 proto.sasl_external_verify.test_0...OK
25/72 proto.sasl_mechrouter.test_0...OK
26/72 proto.sasl_oauthbearer.test_0...OK
27/72 proto.sasl.test_0...OK
28/72 proto.sasl_scram512_server.test_0...OK
29/72 proto.sasl_scram.test_0...OK
30/72 proto.sasl_scram_server.test_0...OK
31/72 proto.signed_delta.test_0...OK
32/72 proto.toml.test_0...OK
33/72 proto.x509.test_0...OK
34/72 daemon.modules.manifest.test_0...OK
35/72 daemon.key_transparency.test_0...OK
36/72 daemon.acme_cli.test_0...OK
37/72 daemon.acme_http01_listener.test_0...OK
38/72 daemon.acme_renewal.test_0...OK
39/72 daemon.acme_runner.test_0...OK
40/72 daemon.config_format.test_0...OK
41/72 daemon.helix.root.test_0...OK
42/72 daemon.metrics_http.test_0...OK
43/72 daemon.webhook.test_0...OK
44/72 daemon.webhook_render.test_0...OK
45/72 daemon.webhook_http.test_0...OK
46/72 daemon.oauth_jwt.test_0...OK
47/72 daemon.ocsp_staple.test_0...OK
48/72 daemon.reactor_pool.test_0...OK
49/72 daemon.reuseport.test.OpenBSD listeners bind native IPv4 and IPv6 addresses...OpenBSD listener fixture host=::1 accept errno=AGAIN
FAIL (TestUnexpectedResult)
50/72 daemon.sasl_bridge.test_0...OK
51/72 daemon.scram_store.test_0...OK
52/72 daemon.server.test_0...OK
53/72 daemon.sessions.test_0...OK
54/72 daemon.tls_certs.test_0...OK
55/72 daemon.tls_conn.test_0...OK
56/72 daemon.tls_sni_load.test_0...OK
57/72 crypto.tls_server.test_0...OK
58/72 crypto.tls_record.test_0...OK
59/72 crypto.hkdf_tls13.test_0...OK
60/72 crypto.hash.test_0...OK
61/72 crypto.random.test_0...OK
62/72 crypto.kx.test_0...OK
63/72 crypto.sign.test_0...OK
64/72 crypto.xwing.test_0...OK
65/72 crypto.sct.test_0...OK
66/72 crypto.tls_client.test_0...OK
67/72 crypto.aead.test_0...OK
68/72 crypto.ecdsa_kat.test_0...OK
69/72 crypto.ed25519_batch.test_0...OK
70/72 crypto.sign_kat.test_0...OK
71/72 crypto.tls_props.test_0...OK
72/72 crypto.tls.test_0...OK
71 passed; 0 skipped; 1 failed.
iteration=73 failed
1/72 root.test_0...OK
2/72 crypto.root.test_0...OK
3/72 daemon.root.test_0...OK
4/72 proto.root.test_0...OK
5/72 substrate.root.test_0...OK
6/72 wasm.host.root.test_0...OK
7/72 substrate.io.root.test_0...OK
8/72 substrate.ripple_props.test_0...OK
9/72 substrate.ripple.test_0...OK
10/72 substrate.undertow.root.test_0...OK
11/72 substrate.undertow.peer_link.test_0...OK
12/72 substrate.io.buf_ring.test_0...OK
13/72 substrate.io.ring.test_0...OK
14/72 proto.asn1_time.test_0...OK
15/72 proto.certfp.test_0...OK
16/72 proto.cloak.test_0...OK
17/72 proto.ircx_modex.test_0...OK
18/72 proto.ircx_saccess.test_0...OK
19/72 proto.listx.test_0...OK
20/72 proto.mooring.test_0...OK
21/72 proto.mooring_props.test_0...OK
22/72 proto.quic_handshake.test_0...OK
23/72 proto.quic_transport_params.test_0...OK
24/72 proto.sasl_external_verify.test_0...OK
25/72 proto.sasl_mechrouter.test_0...OK
26/72 proto.sasl_oauthbearer.test_0...OK
27/72 proto.sasl.test_0...OK
28/72 proto.sasl_scram512_server.test_0...OK
29/72 proto.sasl_scram.test_0...OK
30/72 proto.sasl_scram_server.test_0...OK
31/72 proto.signed_delta.test_0...OK
32/72 proto.toml.test_0...OK
33/72 proto.x509.test_0...OK
34/72 daemon.modules.manifest.test_0...OK
35/72 daemon.key_transparency.test_0...OK
36/72 daemon.acme_cli.test_0...OK
37/72 daemon.acme_http01_listener.test_0...OK
38/72 daemon.acme_renewal.test_0...OK
39/72 daemon.acme_runner.test_0...OK
40/72 daemon.config_format.test_0...OK
41/72 daemon.helix.root.test_0...OK
42/72 daemon.metrics_http.test_0...OK
43/72 daemon.webhook.test_0...OK
44/72 daemon.webhook_render.test_0...OK
45/72 daemon.webhook_http.test_0...OK
46/72 daemon.oauth_jwt.test_0...OK
47/72 daemon.ocsp_staple.test_0...OK
48/72 daemon.reactor_pool.test_0...OK
49/72 daemon.reuseport.test.OpenBSD listeners bind native IPv4 and IPv6 addresses...OpenBSD listener fixture host=::1 accept errno=AGAIN
FAIL (TestUnexpectedResult)
50/72 daemon.sasl_bridge.test_0...OK
51/72 daemon.scram_store.test_0...OK
52/72 daemon.server.test_0...OK
53/72 daemon.sessions.test_0...OK
54/72 daemon.tls_certs.test_0...OK
55/72 daemon.tls_conn.test_0...OK
56/72 daemon.tls_sni_load.test_0...OK
57/72 crypto.tls_server.test_0...OK
58/72 crypto.tls_record.test_0...OK
59/72 crypto.hkdf_tls13.test_0...OK
60/72 crypto.hash.test_0...OK
61/72 crypto.random.test_0...OK
62/72 crypto.kx.test_0...OK
63/72 crypto.sign.test_0...OK
64/72 crypto.xwing.test_0...OK
65/72 crypto.sct.test_0...OK
66/72 crypto.tls_client.test_0...OK
67/72 crypto.aead.test_0...OK
68/72 crypto.ecdsa_kat.test_0...OK
69/72 crypto.ed25519_batch.test_0...OK
70/72 crypto.sign_kat.test_0...OK
71/72 crypto.tls_props.test_0...OK
72/72 crypto.tls.test_0...OK
71 passed; 0 skipped; 1 failed.
iteration=74 failed
1/72 root.test_0...OK
2/72 crypto.root.test_0...OK
3/72 daemon.root.test_0...OK
4/72 proto.root.test_0...OK
5/72 substrate.root.test_0...OK
6/72 wasm.host.root.test_0...OK
7/72 substrate.io.root.test_0...OK
8/72 substrate.ripple_props.test_0...OK
9/72 substrate.ripple.test_0...OK
10/72 substrate.undertow.root.test_0...OK
11/72 substrate.undertow.peer_link.test_0...OK
12/72 substrate.io.buf_ring.test_0...OK
13/72 substrate.io.ring.test_0...OK
14/72 proto.asn1_time.test_0...OK
15/72 proto.certfp.test_0...OK
16/72 proto.cloak.test_0...OK
17/72 proto.ircx_modex.test_0...OK
18/72 proto.ircx_saccess.test_0...OK
19/72 proto.listx.test_0...OK
20/72 proto.mooring.test_0...OK
21/72 proto.mooring_props.test_0...OK
22/72 proto.quic_handshake.test_0...OK
23/72 proto.quic_transport_params.test_0...OK
24/72 proto.sasl_external_verify.test_0...OK
25/72 proto.sasl_mechrouter.test_0...OK
26/72 proto.sasl_oauthbearer.test_0...OK
27/72 proto.sasl.test_0...OK
28/72 proto.sasl_scram512_server.test_0...OK
29/72 proto.sasl_scram.test_0...OK
30/72 proto.sasl_scram_server.test_0...OK
31/72 proto.signed_delta.test_0...OK
32/72 proto.toml.test_0...OK
33/72 proto.x509.test_0...OK
34/72 daemon.modules.manifest.test_0...OK
35/72 daemon.key_transparency.test_0...OK
36/72 daemon.acme_cli.test_0...OK
37/72 daemon.acme_http01_listener.test_0...OK
38/72 daemon.acme_renewal.test_0...OK
39/72 daemon.acme_runner.test_0...OK
40/72 daemon.config_format.test_0...OK
41/72 daemon.helix.root.test_0...OK
42/72 daemon.metrics_http.test_0...OK
43/72 daemon.webhook.test_0...OK
44/72 daemon.webhook_render.test_0...OK
45/72 daemon.webhook_http.test_0...OK
46/72 daemon.oauth_jwt.test_0...OK
47/72 daemon.ocsp_staple.test_0...OK
48/72 daemon.reactor_pool.test_0...OK
49/72 daemon.reuseport.test.OpenBSD listeners bind native IPv4 and IPv6 addresses...OpenBSD listener fixture host=::1 accept errno=AGAIN
FAIL (TestUnexpectedResult)
50/72 daemon.sasl_bridge.test_0...OK
51/72 daemon.scram_store.test_0...OK
52/72 daemon.server.test_0...OK
53/72 daemon.sessions.test_0...OK
54/72 daemon.tls_certs.test_0...OK
55/72 daemon.tls_conn.test_0...OK
56/72 daemon.tls_sni_load.test_0...OK
57/72 crypto.tls_server.test_0...OK
58/72 crypto.tls_record.test_0...OK
59/72 crypto.hkdf_tls13.test_0...OK
60/72 crypto.hash.test_0...OK
61/72 crypto.random.test_0...OK
62/72 crypto.kx.test_0...OK
63/72 crypto.sign.test_0...OK
64/72 crypto.xwing.test_0...OK
65/72 crypto.sct.test_0...OK
66/72 crypto.tls_client.test_0...OK
67/72 crypto.aead.test_0...OK
68/72 crypto.ecdsa_kat.test_0...OK
69/72 crypto.ed25519_batch.test_0...OK
70/72 crypto.sign_kat.test_0...OK
71/72 crypto.tls_props.test_0...OK
72/72 crypto.tls.test_0...OK
71 passed; 0 skipped; 1 failed.
iteration=76 failed
1/72 root.test_0...OK
2/72 crypto.root.test_0...OK
3/72 daemon.root.test_0...OK
4/72 proto.root.test_0...OK
5/72 substrate.root.test_0...OK
6/72 wasm.host.root.test_0...OK
7/72 substrate.io.root.test_0...OK
8/72 substrate.ripple_props.test_0...OK
9/72 substrate.ripple.test_0...OK
10/72 substrate.undertow.root.test_0...OK
11/72 substrate.undertow.peer_link.test_0...OK
12/72 substrate.io.buf_ring.test_0...OK
13/72 substrate.io.ring.test_0...OK
14/72 proto.asn1_time.test_0...OK
15/72 proto.certfp.test_0...OK
16/72 proto.cloak.test_0...OK
17/72 proto.ircx_modex.test_0...OK
18/72 proto.ircx_saccess.test_0...OK
19/72 proto.listx.test_0...OK
20/72 proto.mooring.test_0...OK
21/72 proto.mooring_props.test_0...OK
22/72 proto.quic_handshake.test_0...OK
23/72 proto.quic_transport_params.test_0...OK
24/72 proto.sasl_external_verify.test_0...OK
25/72 proto.sasl_mechrouter.test_0...OK
26/72 proto.sasl_oauthbearer.test_0...OK
27/72 proto.sasl.test_0...OK
28/72 proto.sasl_scram512_server.test_0...OK
29/72 proto.sasl_scram.test_0...OK
30/72 proto.sasl_scram_server.test_0...OK
31/72 proto.signed_delta.test_0...OK
32/72 proto.toml.test_0...OK
33/72 proto.x509.test_0...OK
34/72 daemon.modules.manifest.test_0...OK
35/72 daemon.key_transparency.test_0...OK
36/72 daemon.acme_cli.test_0...OK
37/72 daemon.acme_http01_listener.test_0...OK
38/72 daemon.acme_renewal.test_0...OK
39/72 daemon.acme_runner.test_0...OK
40/72 daemon.config_format.test_0...OK
41/72 daemon.helix.root.test_0...OK
42/72 daemon.metrics_http.test_0...OK
43/72 daemon.webhook.test_0...OK
44/72 daemon.webhook_render.test_0...OK
45/72 daemon.webhook_http.test_0...OK
46/72 daemon.oauth_jwt.test_0...OK
47/72 daemon.ocsp_staple.test_0...OK
48/72 daemon.reactor_pool.test_0...OK
49/72 daemon.reuseport.test.OpenBSD listeners bind native IPv4 and IPv6 addresses...OpenBSD listener fixture host=::1 accept errno=AGAIN
FAIL (TestUnexpectedResult)
50/72 daemon.sasl_bridge.test_0...OK
51/72 daemon.scram_store.test_0...OK
52/72 daemon.server.test_0...OK
53/72 daemon.sessions.test_0...OK
54/72 daemon.tls_certs.test_0...OK
55/72 daemon.tls_conn.test_0...OK
56/72 daemon.tls_sni_load.test_0...OK
57/72 crypto.tls_server.test_0...OK
58/72 crypto.tls_record.test_0...OK
59/72 crypto.hkdf_tls13.test_0...OK
60/72 crypto.hash.test_0...OK
61/72 crypto.random.test_0...OK
62/72 crypto.kx.test_0...OK
63/72 crypto.sign.test_0...OK
64/72 crypto.xwing.test_0...OK
65/72 crypto.sct.test_0...OK
66/72 crypto.tls_client.test_0...OK
67/72 crypto.aead.test_0...OK
68/72 crypto.ecdsa_kat.test_0...OK
69/72 crypto.ed25519_batch.test_0...OK
70/72 crypto.sign_kat.test_0...OK
71/72 crypto.tls_props.test_0...OK
72/72 crypto.tls.test_0...OK
71 passed; 0 skipped; 1 failed.
iteration=77 failed
1/72 root.test_0...OK
2/72 crypto.root.test_0...OK
3/72 daemon.root.test_0...OK
4/72 proto.root.test_0...OK
5/72 substrate.root.test_0...OK
6/72 wasm.host.root.test_0...OK
7/72 substrate.io.root.test_0...OK
8/72 substrate.ripple_props.test_0...OK
9/72 substrate.ripple.test_0...OK
10/72 substrate.undertow.root.test_0...OK
11/72 substrate.undertow.peer_link.test_0...OK
12/72 substrate.io.buf_ring.test_0...OK
13/72 substrate.io.ring.test_0...OK
14/72 proto.asn1_time.test_0...OK
15/72 proto.certfp.test_0...OK
16/72 proto.cloak.test_0...OK
17/72 proto.ircx_modex.test_0...OK
18/72 proto.ircx_saccess.test_0...OK
19/72 proto.listx.test_0...OK
20/72 proto.mooring.test_0...OK
21/72 proto.mooring_props.test_0...OK
22/72 proto.quic_handshake.test_0...OK
23/72 proto.quic_transport_params.test_0...OK
24/72 proto.sasl_external_verify.test_0...OK
25/72 proto.sasl_mechrouter.test_0...OK
26/72 proto.sasl_oauthbearer.test_0...OK
27/72 proto.sasl.test_0...OK
28/72 proto.sasl_scram512_server.test_0...OK
29/72 proto.sasl_scram.test_0...OK
30/72 proto.sasl_scram_server.test_0...OK
31/72 proto.signed_delta.test_0...OK
32/72 proto.toml.test_0...OK
33/72 proto.x509.test_0...OK
34/72 daemon.modules.manifest.test_0...OK
35/72 daemon.key_transparency.test_0...OK
36/72 daemon.acme_cli.test_0...OK
37/72 daemon.acme_http01_listener.test_0...OK
38/72 daemon.acme_renewal.test_0...OK
39/72 daemon.acme_runner.test_0...OK
40/72 daemon.config_format.test_0...OK
41/72 daemon.helix.root.test_0...OK
42/72 daemon.metrics_http.test_0...OK
43/72 daemon.webhook.test_0...OK
44/72 daemon.webhook_render.test_0...OK
45/72 daemon.webhook_http.test_0...OK
46/72 daemon.oauth_jwt.test_0...OK
47/72 daemon.ocsp_staple.test_0...OK
48/72 daemon.reactor_pool.test_0...OK
49/72 daemon.reuseport.test.OpenBSD listeners bind native IPv4 and IPv6 addresses...OpenBSD listener fixture host=::1 accept errno=AGAIN
FAIL (TestUnexpectedResult)
50/72 daemon.sasl_bridge.test_0...OK
51/72 daemon.scram_store.test_0...OK
52/72 daemon.server.test_0...OK
53/72 daemon.sessions.test_0...OK
54/72 daemon.tls_certs.test_0...OK
55/72 daemon.tls_conn.test_0...OK
56/72 daemon.tls_sni_load.test_0...OK
57/72 crypto.tls_server.test_0...OK
58/72 crypto.tls_record.test_0...OK
59/72 crypto.hkdf_tls13.test_0...OK
60/72 crypto.hash.test_0...OK
61/72 crypto.random.test_0...OK
62/72 crypto.kx.test_0...OK
63/72 crypto.sign.test_0...OK
64/72 crypto.xwing.test_0...OK
65/72 crypto.sct.test_0...OK
66/72 crypto.tls_client.test_0...OK
67/72 crypto.aead.test_0...OK
68/72 crypto.ecdsa_kat.test_0...OK
69/72 crypto.ed25519_batch.test_0...OK
70/72 crypto.sign_kat.test_0...OK
71/72 crypto.tls_props.test_0...OK
72/72 crypto.tls.test_0...OK
71 passed; 0 skipped; 1 failed.
iteration=78 failed
1/72 root.test_0...OK
2/72 crypto.root.test_0...OK
3/72 daemon.root.test_0...OK
4/72 proto.root.test_0...OK
5/72 substrate.root.test_0...OK
6/72 wasm.host.root.test_0...OK
7/72 substrate.io.root.test_0...OK
8/72 substrate.ripple_props.test_0...OK
9/72 substrate.ripple.test_0...OK
10/72 substrate.undertow.root.test_0...OK
11/72 substrate.undertow.peer_link.test_0...OK
12/72 substrate.io.buf_ring.test_0...OK
13/72 substrate.io.ring.test_0...OK
14/72 proto.asn1_time.test_0...OK
15/72 proto.certfp.test_0...OK
16/72 proto.cloak.test_0...OK
17/72 proto.ircx_modex.test_0...OK
18/72 proto.ircx_saccess.test_0...OK
19/72 proto.listx.test_0...OK
20/72 proto.mooring.test_0...OK
21/72 proto.mooring_props.test_0...OK
22/72 proto.quic_handshake.test_0...OK
23/72 proto.quic_transport_params.test_0...OK
24/72 proto.sasl_external_verify.test_0...OK
25/72 proto.sasl_mechrouter.test_0...OK
26/72 proto.sasl_oauthbearer.test_0...OK
27/72 proto.sasl.test_0...OK
28/72 proto.sasl_scram512_server.test_0...OK
29/72 proto.sasl_scram.test_0...OK
30/72 proto.sasl_scram_server.test_0...OK
31/72 proto.signed_delta.test_0...OK
32/72 proto.toml.test_0...OK
33/72 proto.x509.test_0...OK
34/72 daemon.modules.manifest.test_0...OK
35/72 daemon.key_transparency.test_0...OK
36/72 daemon.acme_cli.test_0...OK
37/72 daemon.acme_http01_listener.test_0...OK
38/72 daemon.acme_renewal.test_0...OK
39/72 daemon.acme_runner.test_0...OK
40/72 daemon.config_format.test_0...OK
41/72 daemon.helix.root.test_0...OK
42/72 daemon.metrics_http.test_0...OK
43/72 daemon.webhook.test_0...OK
44/72 daemon.webhook_render.test_0...OK
45/72 daemon.webhook_http.test_0...OK
46/72 daemon.oauth_jwt.test_0...OK
47/72 daemon.ocsp_staple.test_0...OK
48/72 daemon.reactor_pool.test_0...OK
49/72 daemon.reuseport.test.OpenBSD listeners bind native IPv4 and IPv6 addresses...OpenBSD listener fixture host=::1 accept errno=AGAIN
FAIL (TestUnexpectedResult)
50/72 daemon.sasl_bridge.test_0...OK
51/72 daemon.scram_store.test_0...OK
52/72 daemon.server.test_0...OK
53/72 daemon.sessions.test_0...OK
54/72 daemon.tls_certs.test_0...OK
55/72 daemon.tls_conn.test_0...OK
56/72 daemon.tls_sni_load.test_0...OK
57/72 crypto.tls_server.test_0...OK
58/72 crypto.tls_record.test_0...OK
59/72 crypto.hkdf_tls13.test_0...OK
60/72 crypto.hash.test_0...OK
61/72 crypto.random.test_0...OK
62/72 crypto.kx.test_0...OK
63/72 crypto.sign.test_0...OK
64/72 crypto.xwing.test_0...OK
65/72 crypto.sct.test_0...OK
66/72 crypto.tls_client.test_0...OK
67/72 crypto.aead.test_0...OK
68/72 crypto.ecdsa_kat.test_0...OK
69/72 crypto.ed25519_batch.test_0...OK
70/72 crypto.sign_kat.test_0...OK
71/72 crypto.tls_props.test_0...OK
72/72 crypto.tls.test_0...OK
71 passed; 0 skipped; 1 failed.
iteration=79 failed
1/72 root.test_0...OK
2/72 crypto.root.test_0...OK
3/72 daemon.root.test_0...OK
4/72 proto.root.test_0...OK
5/72 substrate.root.test_0...OK
6/72 wasm.host.root.test_0...OK
7/72 substrate.io.root.test_0...OK
8/72 substrate.ripple_props.test_0...OK
9/72 substrate.ripple.test_0...OK
10/72 substrate.undertow.root.test_0...OK
11/72 substrate.undertow.peer_link.test_0...OK
12/72 substrate.io.buf_ring.test_0...OK
13/72 substrate.io.ring.test_0...OK
14/72 proto.asn1_time.test_0...OK
15/72 proto.certfp.test_0...OK
16/72 proto.cloak.test_0...OK
17/72 proto.ircx_modex.test_0...OK
18/72 proto.ircx_saccess.test_0...OK
19/72 proto.listx.test_0...OK
20/72 proto.mooring.test_0...OK
21/72 proto.mooring_props.test_0...OK
22/72 proto.quic_handshake.test_0...OK
23/72 proto.quic_transport_params.test_0...OK
24/72 proto.sasl_external_verify.test_0...OK
25/72 proto.sasl_mechrouter.test_0...OK
26/72 proto.sasl_oauthbearer.test_0...OK
27/72 proto.sasl.test_0...OK
28/72 proto.sasl_scram512_server.test_0...OK
29/72 proto.sasl_scram.test_0...OK
30/72 proto.sasl_scram_server.test_0...OK
31/72 proto.signed_delta.test_0...OK
32/72 proto.toml.test_0...OK
33/72 proto.x509.test_0...OK
34/72 daemon.modules.manifest.test_0...OK
35/72 daemon.key_transparency.test_0...OK
36/72 daemon.acme_cli.test_0...OK
37/72 daemon.acme_http01_listener.test_0...OK
38/72 daemon.acme_renewal.test_0...OK
39/72 daemon.acme_runner.test_0...OK
40/72 daemon.config_format.test_0...OK
41/72 daemon.helix.root.test_0...OK
42/72 daemon.metrics_http.test_0...OK
43/72 daemon.webhook.test_0...OK
44/72 daemon.webhook_render.test_0...OK
45/72 daemon.webhook_http.test_0...OK
46/72 daemon.oauth_jwt.test_0...OK
47/72 daemon.ocsp_staple.test_0...OK
48/72 daemon.reactor_pool.test_0...OK
49/72 daemon.reuseport.test.OpenBSD listeners bind native IPv4 and IPv6 addresses...OpenBSD listener fixture host=::1 accept errno=AGAIN
FAIL (TestUnexpectedResult)
50/72 daemon.sasl_bridge.test_0...OK
51/72 daemon.scram_store.test_0...OK
52/72 daemon.server.test_0...OK
53/72 daemon.sessions.test_0...OK
54/72 daemon.tls_certs.test_0...OK
55/72 daemon.tls_conn.test_0...OK
56/72 daemon.tls_sni_load.test_0...OK
57/72 crypto.tls_server.test_0...OK
58/72 crypto.tls_record.test_0...OK
59/72 crypto.hkdf_tls13.test_0...OK
60/72 crypto.hash.test_0...OK
61/72 crypto.random.test_0...OK
62/72 crypto.kx.test_0...OK
63/72 crypto.sign.test_0...OK
64/72 crypto.xwing.test_0...OK
65/72 crypto.sct.test_0...OK
66/72 crypto.tls_client.test_0...OK
67/72 crypto.aead.test_0...OK
68/72 crypto.ecdsa_kat.test_0...OK
69/72 crypto.ed25519_batch.test_0...OK
70/72 crypto.sign_kat.test_0...OK
71/72 crypto.tls_props.test_0...OK
72/72 crypto.tls.test_0...OK
71 passed; 0 skipped; 1 failed.
iteration=80 failed
1/72 root.test_0...OK
2/72 crypto.root.test_0...OK
3/72 daemon.root.test_0...OK
4/72 proto.root.test_0...OK
5/72 substrate.root.test_0...OK
6/72 wasm.host.root.test_0...OK
7/72 substrate.io.root.test_0...OK
8/72 substrate.ripple_props.test_0...OK
9/72 substrate.ripple.test_0...OK
10/72 substrate.undertow.root.test_0...OK
11/72 substrate.undertow.peer_link.test_0...OK
12/72 substrate.io.buf_ring.test_0...OK
13/72 substrate.io.ring.test_0...OK
14/72 proto.asn1_time.test_0...OK
15/72 proto.certfp.test_0...OK
16/72 proto.cloak.test_0...OK
17/72 proto.ircx_modex.test_0...OK
18/72 proto.ircx_saccess.test_0...OK
19/72 proto.listx.test_0...OK
20/72 proto.mooring.test_0...OK
21/72 proto.mooring_props.test_0...OK
22/72 proto.quic_handshake.test_0...OK
23/72 proto.quic_transport_params.test_0...OK
24/72 proto.sasl_external_verify.test_0...OK
25/72 proto.sasl_mechrouter.test_0...OK
26/72 proto.sasl_oauthbearer.test_0...OK
27/72 proto.sasl.test_0...OK
28/72 proto.sasl_scram512_server.test_0...OK
29/72 proto.sasl_scram.test_0...OK
30/72 proto.sasl_scram_server.test_0...OK
31/72 proto.signed_delta.test_0...OK
32/72 proto.toml.test_0...OK
33/72 proto.x509.test_0...OK
34/72 daemon.modules.manifest.test_0...OK
35/72 daemon.key_transparency.test_0...OK
36/72 daemon.acme_cli.test_0...OK
37/72 daemon.acme_http01_listener.test_0...OK
38/72 daemon.acme_renewal.test_0...OK
39/72 daemon.acme_runner.test_0...OK
40/72 daemon.config_format.test_0...OK
41/72 daemon.helix.root.test_0...OK
42/72 daemon.metrics_http.test_0...OK
43/72 daemon.webhook.test_0...OK
44/72 daemon.webhook_render.test_0...OK
45/72 daemon.webhook_http.test_0...OK
46/72 daemon.oauth_jwt.test_0...OK
47/72 daemon.ocsp_staple.test_0...OK
48/72 daemon.reactor_pool.test_0...OK
49/72 daemon.reuseport.test.OpenBSD listeners bind native IPv4 and IPv6 addresses...OpenBSD listener fixture host=::1 accept errno=AGAIN
FAIL (TestUnexpectedResult)
50/72 daemon.sasl_bridge.test_0...OK
51/72 daemon.scram_store.test_0...OK
52/72 daemon.server.test_0...OK
53/72 daemon.sessions.test_0...OK
54/72 daemon.tls_certs.test_0...OK
55/72 daemon.tls_conn.test_0...OK
56/72 daemon.tls_sni_load.test_0...OK
57/72 crypto.tls_server.test_0...OK
58/72 crypto.tls_record.test_0...OK
59/72 crypto.hkdf_tls13.test_0...OK
60/72 crypto.hash.test_0...OK
61/72 crypto.random.test_0...OK
62/72 crypto.kx.test_0...OK
63/72 crypto.sign.test_0...OK
64/72 crypto.xwing.test_0...OK
65/72 crypto.sct.test_0...OK
66/72 crypto.tls_client.test_0...OK
67/72 crypto.aead.test_0...OK
68/72 crypto.ecdsa_kat.test_0...OK
69/72 crypto.ed25519_batch.test_0...OK
70/72 crypto.sign_kat.test_0...OK
71/72 crypto.tls_props.test_0...OK
72/72 crypto.tls.test_0...OK
71 passed; 0 skipped; 1 failed.
iteration=82 failed
1/72 root.test_0...OK
2/72 crypto.root.test_0...OK
3/72 daemon.root.test_0...OK
4/72 proto.root.test_0...OK
5/72 substrate.root.test_0...OK
6/72 wasm.host.root.test_0...OK
7/72 substrate.io.root.test_0...OK
8/72 substrate.ripple_props.test_0...OK
9/72 substrate.ripple.test_0...OK
10/72 substrate.undertow.root.test_0...OK
11/72 substrate.undertow.peer_link.test_0...OK
12/72 substrate.io.buf_ring.test_0...OK
13/72 substrate.io.ring.test_0...OK
14/72 proto.asn1_time.test_0...OK
15/72 proto.certfp.test_0...OK
16/72 proto.cloak.test_0...OK
17/72 proto.ircx_modex.test_0...OK
18/72 proto.ircx_saccess.test_0...OK
19/72 proto.listx.test_0...OK
20/72 proto.mooring.test_0...OK
21/72 proto.mooring_props.test_0...OK
22/72 proto.quic_handshake.test_0...OK
23/72 proto.quic_transport_params.test_0...OK
24/72 proto.sasl_external_verify.test_0...OK
25/72 proto.sasl_mechrouter.test_0...OK
26/72 proto.sasl_oauthbearer.test_0...OK
27/72 proto.sasl.test_0...OK
28/72 proto.sasl_scram512_server.test_0...OK
29/72 proto.sasl_scram.test_0...OK
30/72 proto.sasl_scram_server.test_0...OK
31/72 proto.signed_delta.test_0...OK
32/72 proto.toml.test_0...OK
33/72 proto.x509.test_0...OK
34/72 daemon.modules.manifest.test_0...OK
35/72 daemon.key_transparency.test_0...OK
36/72 daemon.acme_cli.test_0...OK
37/72 daemon.acme_http01_listener.test_0...OK
38/72 daemon.acme_renewal.test_0...OK
39/72 daemon.acme_runner.test_0...OK
40/72 daemon.config_format.test_0...OK
41/72 daemon.helix.root.test_0...OK
42/72 daemon.metrics_http.test_0...OK
43/72 daemon.webhook.test_0...OK
44/72 daemon.webhook_render.test_0...OK
45/72 daemon.webhook_http.test_0...OK
46/72 daemon.oauth_jwt.test_0...OK
47/72 daemon.ocsp_staple.test_0...OK
48/72 daemon.reactor_pool.test_0...OK
49/72 daemon.reuseport.test.OpenBSD listeners bind native IPv4 and IPv6 addresses...OpenBSD listener fixture host=::1 accept errno=AGAIN
FAIL (TestUnexpectedResult)
50/72 daemon.sasl_bridge.test_0...OK
51/72 daemon.scram_store.test_0...OK
52/72 daemon.server.test_0...OK
53/72 daemon.sessions.test_0...OK
54/72 daemon.tls_certs.test_0...OK
55/72 daemon.tls_conn.test_0...OK
56/72 daemon.tls_sni_load.test_0...OK
57/72 crypto.tls_server.test_0...OK
58/72 crypto.tls_record.test_0...OK
59/72 crypto.hkdf_tls13.test_0...OK
60/72 crypto.hash.test_0...OK
61/72 crypto.random.test_0...OK
62/72 crypto.kx.test_0...OK
63/72 crypto.sign.test_0...OK
64/72 crypto.xwing.test_0...OK
65/72 crypto.sct.test_0...OK
66/72 crypto.tls_client.test_0...OK
67/72 crypto.aead.test_0...OK
68/72 crypto.ecdsa_kat.test_0...OK
69/72 crypto.ed25519_batch.test_0...OK
70/72 crypto.sign_kat.test_0...OK
71/72 crypto.tls_props.test_0...OK
72/72 crypto.tls.test_0...OK
71 passed; 0 skipped; 1 failed.
iteration=85 failed
1/72 root.test_0...OK
2/72 crypto.root.test_0...OK
3/72 daemon.root.test_0...OK
4/72 proto.root.test_0...OK
5/72 substrate.root.test_0...OK
6/72 wasm.host.root.test_0...OK
7/72 substrate.io.root.test_0...OK
8/72 substrate.ripple_props.test_0...OK
9/72 substrate.ripple.test_0...OK
10/72 substrate.undertow.root.test_0...OK
11/72 substrate.undertow.peer_link.test_0...OK
12/72 substrate.io.buf_ring.test_0...OK
13/72 substrate.io.ring.test_0...OK
14/72 proto.asn1_time.test_0...OK
15/72 proto.certfp.test_0...OK
16/72 proto.cloak.test_0...OK
17/72 proto.ircx_modex.test_0...OK
18/72 proto.ircx_saccess.test_0...OK
19/72 proto.listx.test_0...OK
20/72 proto.mooring.test_0...OK
21/72 proto.mooring_props.test_0...OK
22/72 proto.quic_handshake.test_0...OK
23/72 proto.quic_transport_params.test_0...OK
24/72 proto.sasl_external_verify.test_0...OK
25/72 proto.sasl_mechrouter.test_0...OK
26/72 proto.sasl_oauthbearer.test_0...OK
27/72 proto.sasl.test_0...OK
28/72 proto.sasl_scram512_server.test_0...OK
29/72 proto.sasl_scram.test_0...OK
30/72 proto.sasl_scram_server.test_0...OK
31/72 proto.signed_delta.test_0...OK
32/72 proto.toml.test_0...OK
33/72 proto.x509.test_0...OK
34/72 daemon.modules.manifest.test_0...OK
35/72 daemon.key_transparency.test_0...OK
36/72 daemon.acme_cli.test_0...OK
37/72 daemon.acme_http01_listener.test_0...OK
38/72 daemon.acme_renewal.test_0...OK
39/72 daemon.acme_runner.test_0...OK
40/72 daemon.config_format.test_0...OK
41/72 daemon.helix.root.test_0...OK
42/72 daemon.metrics_http.test_0...OK
43/72 daemon.webhook.test_0...OK
44/72 daemon.webhook_render.test_0...OK
45/72 daemon.webhook_http.test_0...OK
46/72 daemon.oauth_jwt.test_0...OK
47/72 daemon.ocsp_staple.test_0...OK
48/72 daemon.reactor_pool.test_0...OK
49/72 daemon.reuseport.test.OpenBSD listeners bind native IPv4 and IPv6 addresses...OpenBSD listener fixture host=::1 accept errno=AGAIN
FAIL (TestUnexpectedResult)
50/72 daemon.sasl_bridge.test_0...OK
51/72 daemon.scram_store.test_0...OK
52/72 daemon.server.test_0...OK
53/72 daemon.sessions.test_0...OK
54/72 daemon.tls_certs.test_0...OK
55/72 daemon.tls_conn.test_0...OK
56/72 daemon.tls_sni_load.test_0...OK
57/72 crypto.tls_server.test_0...OK
58/72 crypto.tls_record.test_0...OK
59/72 crypto.hkdf_tls13.test_0...OK
60/72 crypto.hash.test_0...OK
61/72 crypto.random.test_0...OK
62/72 crypto.kx.test_0...OK
63/72 crypto.sign.test_0...OK
64/72 crypto.xwing.test_0...OK
65/72 crypto.sct.test_0...OK
66/72 crypto.tls_client.test_0...OK
67/72 crypto.aead.test_0...OK
68/72 crypto.ecdsa_kat.test_0...OK
69/72 crypto.ed25519_batch.test_0...OK
70/72 crypto.sign_kat.test_0...OK
71/72 crypto.tls_props.test_0...OK
72/72 crypto.tls.test_0...OK
71 passed; 0 skipped; 1 failed.
iteration=87 failed
1/72 root.test_0...OK
2/72 crypto.root.test_0...OK
3/72 daemon.root.test_0...OK
4/72 proto.root.test_0...OK
5/72 substrate.root.test_0...OK
6/72 wasm.host.root.test_0...OK
7/72 substrate.io.root.test_0...OK
8/72 substrate.ripple_props.test_0...OK
9/72 substrate.ripple.test_0...OK
10/72 substrate.undertow.root.test_0...OK
11/72 substrate.undertow.peer_link.test_0...OK
12/72 substrate.io.buf_ring.test_0...OK
13/72 substrate.io.ring.test_0...OK
14/72 proto.asn1_time.test_0...OK
15/72 proto.certfp.test_0...OK
16/72 proto.cloak.test_0...OK
17/72 proto.ircx_modex.test_0...OK
18/72 proto.ircx_saccess.test_0...OK
19/72 proto.listx.test_0...OK
20/72 proto.mooring.test_0...OK
21/72 proto.mooring_props.test_0...OK
22/72 proto.quic_handshake.test_0...OK
23/72 proto.quic_transport_params.test_0...OK
24/72 proto.sasl_external_verify.test_0...OK
25/72 proto.sasl_mechrouter.test_0...OK
26/72 proto.sasl_oauthbearer.test_0...OK
27/72 proto.sasl.test_0...OK
28/72 proto.sasl_scram512_server.test_0...OK
29/72 proto.sasl_scram.test_0...OK
30/72 proto.sasl_scram_server.test_0...OK
31/72 proto.signed_delta.test_0...OK
32/72 proto.toml.test_0...OK
33/72 proto.x509.test_0...OK
34/72 daemon.modules.manifest.test_0...OK
35/72 daemon.key_transparency.test_0...OK
36/72 daemon.acme_cli.test_0...OK
37/72 daemon.acme_http01_listener.test_0...OK
38/72 daemon.acme_renewal.test_0...OK
39/72 daemon.acme_runner.test_0...OK
40/72 daemon.config_format.test_0...OK
41/72 daemon.helix.root.test_0...OK
42/72 daemon.metrics_http.test_0...OK
43/72 daemon.webhook.test_0...OK
44/72 daemon.webhook_render.test_0...OK
45/72 daemon.webhook_http.test_0...OK
46/72 daemon.oauth_jwt.test_0...OK
47/72 daemon.ocsp_staple.test_0...OK
48/72 daemon.reactor_pool.test_0...OK
49/72 daemon.reuseport.test.OpenBSD listeners bind native IPv4 and IPv6 addresses...OpenBSD listener fixture host=::1 accept errno=AGAIN
FAIL (TestUnexpectedResult)
50/72 daemon.sasl_bridge.test_0...OK
51/72 daemon.scram_store.test_0...OK
52/72 daemon.server.test_0...OK
53/72 daemon.sessions.test_0...OK
54/72 daemon.tls_certs.test_0...OK
55/72 daemon.tls_conn.test_0...OK
56/72 daemon.tls_sni_load.test_0...OK
57/72 crypto.tls_server.test_0...OK
58/72 crypto.tls_record.test_0...OK
59/72 crypto.hkdf_tls13.test_0...OK
60/72 crypto.hash.test_0...OK
61/72 crypto.random.test_0...OK
62/72 crypto.kx.test_0...OK
63/72 crypto.sign.test_0...OK
64/72 crypto.xwing.test_0...OK
65/72 crypto.sct.test_0...OK
66/72 crypto.tls_client.test_0...OK
67/72 crypto.aead.test_0...OK
68/72 crypto.ecdsa_kat.test_0...OK
69/72 crypto.ed25519_batch.test_0...OK
70/72 crypto.sign_kat.test_0...OK
71/72 crypto.tls_props.test_0...OK
72/72 crypto.tls.test_0...OK
71 passed; 0 skipped; 1 failed.
iteration=96 failed
1/72 root.test_0...OK
2/72 crypto.root.test_0...OK
3/72 daemon.root.test_0...OK
4/72 proto.root.test_0...OK
5/72 substrate.root.test_0...OK
6/72 wasm.host.root.test_0...OK
7/72 substrate.io.root.test_0...OK
8/72 substrate.ripple_props.test_0...OK
9/72 substrate.ripple.test_0...OK
10/72 substrate.undertow.root.test_0...OK
11/72 substrate.undertow.peer_link.test_0...OK
12/72 substrate.io.buf_ring.test_0...OK
13/72 substrate.io.ring.test_0...OK
14/72 proto.asn1_time.test_0...OK
15/72 proto.certfp.test_0...OK
16/72 proto.cloak.test_0...OK
17/72 proto.ircx_modex.test_0...OK
18/72 proto.ircx_saccess.test_0...OK
19/72 proto.listx.test_0...OK
20/72 proto.mooring.test_0...OK
21/72 proto.mooring_props.test_0...OK
22/72 proto.quic_handshake.test_0...OK
23/72 proto.quic_transport_params.test_0...OK
24/72 proto.sasl_external_verify.test_0...OK
25/72 proto.sasl_mechrouter.test_0...OK
26/72 proto.sasl_oauthbearer.test_0...OK
27/72 proto.sasl.test_0...OK
28/72 proto.sasl_scram512_server.test_0...OK
29/72 proto.sasl_scram.test_0...OK
30/72 proto.sasl_scram_server.test_0...OK
31/72 proto.signed_delta.test_0...OK
32/72 proto.toml.test_0...OK
33/72 proto.x509.test_0...OK
34/72 daemon.modules.manifest.test_0...OK
35/72 daemon.key_transparency.test_0...OK
36/72 daemon.acme_cli.test_0...OK
37/72 daemon.acme_http01_listener.test_0...OK
38/72 daemon.acme_renewal.test_0...OK
39/72 daemon.acme_runner.test_0...OK
40/72 daemon.config_format.test_0...OK
41/72 daemon.helix.root.test_0...OK
42/72 daemon.metrics_http.test_0...OK
43/72 daemon.webhook.test_0...OK
44/72 daemon.webhook_render.test_0...OK
45/72 daemon.webhook_http.test_0...OK
46/72 daemon.oauth_jwt.test_0...OK
47/72 daemon.ocsp_staple.test_0...OK
48/72 daemon.reactor_pool.test_0...OK
49/72 daemon.reuseport.test.OpenBSD listeners bind native IPv4 and IPv6 addresses...OpenBSD listener fixture host=::1 accept errno=AGAIN
FAIL (TestUnexpectedResult)
50/72 daemon.sasl_bridge.test_0...OK
51/72 daemon.scram_store.test_0...OK
52/72 daemon.server.test_0...OK
53/72 daemon.sessions.test_0...OK
54/72 daemon.tls_certs.test_0...OK
55/72 daemon.tls_conn.test_0...OK
56/72 daemon.tls_sni_load.test_0...OK
57/72 crypto.tls_server.test_0...OK
58/72 crypto.tls_record.test_0...OK
59/72 crypto.hkdf_tls13.test_0...OK
60/72 crypto.hash.test_0...OK
61/72 crypto.random.test_0...OK
62/72 crypto.kx.test_0...OK
63/72 crypto.sign.test_0...OK
64/72 crypto.xwing.test_0...OK
65/72 crypto.sct.test_0...OK
66/72 crypto.tls_client.test_0...OK
67/72 crypto.aead.test_0...OK
68/72 crypto.ecdsa_kat.test_0...OK
69/72 crypto.ed25519_batch.test_0...OK
70/72 crypto.sign_kat.test_0...OK
71/72 crypto.tls_props.test_0...OK
72/72 crypto.tls.test_0...OK
71 passed; 0 skipped; 1 failed.
iteration=97 failed
1/72 root.test_0...OK
2/72 crypto.root.test_0...OK
3/72 daemon.root.test_0...OK
4/72 proto.root.test_0...OK
5/72 substrate.root.test_0...OK
6/72 wasm.host.root.test_0...OK
7/72 substrate.io.root.test_0...OK
8/72 substrate.ripple_props.test_0...OK
9/72 substrate.ripple.test_0...OK
10/72 substrate.undertow.root.test_0...OK
11/72 substrate.undertow.peer_link.test_0...OK
12/72 substrate.io.buf_ring.test_0...OK
13/72 substrate.io.ring.test_0...OK
14/72 proto.asn1_time.test_0...OK
15/72 proto.certfp.test_0...OK
16/72 proto.cloak.test_0...OK
17/72 proto.ircx_modex.test_0...OK
18/72 proto.ircx_saccess.test_0...OK
19/72 proto.listx.test_0...OK
20/72 proto.mooring.test_0...OK
21/72 proto.mooring_props.test_0...OK
22/72 proto.quic_handshake.test_0...OK
23/72 proto.quic_transport_params.test_0...OK
24/72 proto.sasl_external_verify.test_0...OK
25/72 proto.sasl_mechrouter.test_0...OK
26/72 proto.sasl_oauthbearer.test_0...OK
27/72 proto.sasl.test_0...OK
28/72 proto.sasl_scram512_server.test_0...OK
29/72 proto.sasl_scram.test_0...OK
30/72 proto.sasl_scram_server.test_0...OK
31/72 proto.signed_delta.test_0...OK
32/72 proto.toml.test_0...OK
33/72 proto.x509.test_0...OK
34/72 daemon.modules.manifest.test_0...OK
35/72 daemon.key_transparency.test_0...OK
36/72 daemon.acme_cli.test_0...OK
37/72 daemon.acme_http01_listener.test_0...OK
38/72 daemon.acme_renewal.test_0...OK
39/72 daemon.acme_runner.test_0...OK
40/72 daemon.config_format.test_0...OK
41/72 daemon.helix.root.test_0...OK
42/72 daemon.metrics_http.test_0...OK
43/72 daemon.webhook.test_0...OK
44/72 daemon.webhook_render.test_0...OK
45/72 daemon.webhook_http.test_0...OK
46/72 daemon.oauth_jwt.test_0...OK
47/72 daemon.ocsp_staple.test_0...OK
48/72 daemon.reactor_pool.test_0...OK
49/72 daemon.reuseport.test.OpenBSD listeners bind native IPv4 and IPv6 addresses...OpenBSD listener fixture host=::1 accept errno=AGAIN
FAIL (TestUnexpectedResult)
50/72 daemon.sasl_bridge.test_0...OK
51/72 daemon.scram_store.test_0...OK
52/72 daemon.server.test_0...OK
53/72 daemon.sessions.test_0...OK
54/72 daemon.tls_certs.test_0...OK
55/72 daemon.tls_conn.test_0...OK
56/72 daemon.tls_sni_load.test_0...OK
57/72 crypto.tls_server.test_0...OK
58/72 crypto.tls_record.test_0...OK
59/72 crypto.hkdf_tls13.test_0...OK
60/72 crypto.hash.test_0...OK
61/72 crypto.random.test_0...OK
62/72 crypto.kx.test_0...OK
63/72 crypto.sign.test_0...OK
64/72 crypto.xwing.test_0...OK
65/72 crypto.sct.test_0...OK
66/72 crypto.tls_client.test_0...OK
67/72 crypto.aead.test_0...OK
68/72 crypto.ecdsa_kat.test_0...OK
69/72 crypto.ed25519_batch.test_0...OK
70/72 crypto.sign_kat.test_0...OK
71/72 crypto.tls_props.test_0...OK
72/72 crypto.tls.test_0...OK
71 passed; 0 skipped; 1 failed.
iteration=98 failed
1/72 root.test_0...OK
2/72 crypto.root.test_0...OK
3/72 daemon.root.test_0...OK
4/72 proto.root.test_0...OK
5/72 substrate.root.test_0...OK
6/72 wasm.host.root.test_0...OK
7/72 substrate.io.root.test_0...OK
8/72 substrate.ripple_props.test_0...OK
9/72 substrate.ripple.test_0...OK
10/72 substrate.undertow.root.test_0...OK
11/72 substrate.undertow.peer_link.test_0...OK
12/72 substrate.io.buf_ring.test_0...OK
13/72 substrate.io.ring.test_0...OK
14/72 proto.asn1_time.test_0...OK
15/72 proto.certfp.test_0...OK
16/72 proto.cloak.test_0...OK
17/72 proto.ircx_modex.test_0...OK
18/72 proto.ircx_saccess.test_0...OK
19/72 proto.listx.test_0...OK
20/72 proto.mooring.test_0...OK
21/72 proto.mooring_props.test_0...OK
22/72 proto.quic_handshake.test_0...OK
23/72 proto.quic_transport_params.test_0...OK
24/72 proto.sasl_external_verify.test_0...OK
25/72 proto.sasl_mechrouter.test_0...OK
26/72 proto.sasl_oauthbearer.test_0...OK
27/72 proto.sasl.test_0...OK
28/72 proto.sasl_scram512_server.test_0...OK
29/72 proto.sasl_scram.test_0...OK
30/72 proto.sasl_scram_server.test_0...OK
31/72 proto.signed_delta.test_0...OK
32/72 proto.toml.test_0...OK
33/72 proto.x509.test_0...OK
34/72 daemon.modules.manifest.test_0...OK
35/72 daemon.key_transparency.test_0...OK
36/72 daemon.acme_cli.test_0...OK
37/72 daemon.acme_http01_listener.test_0...OK
38/72 daemon.acme_renewal.test_0...OK
39/72 daemon.acme_runner.test_0...OK
40/72 daemon.config_format.test_0...OK
41/72 daemon.helix.root.test_0...OK
42/72 daemon.metrics_http.test_0...OK
43/72 daemon.webhook.test_0...OK
44/72 daemon.webhook_render.test_0...OK
45/72 daemon.webhook_http.test_0...OK
46/72 daemon.oauth_jwt.test_0...OK
47/72 daemon.ocsp_staple.test_0...OK
48/72 daemon.reactor_pool.test_0...OK
49/72 daemon.reuseport.test.OpenBSD listeners bind native IPv4 and IPv6 addresses...OpenBSD listener fixture host=::1 accept errno=AGAIN
FAIL (TestUnexpectedResult)
50/72 daemon.sasl_bridge.test_0...OK
51/72 daemon.scram_store.test_0...OK
52/72 daemon.server.test_0...OK
53/72 daemon.sessions.test_0...OK
54/72 daemon.tls_certs.test_0...OK
55/72 daemon.tls_conn.test_0...OK
56/72 daemon.tls_sni_load.test_0...OK
57/72 crypto.tls_server.test_0...OK
58/72 crypto.tls_record.test_0...OK
59/72 crypto.hkdf_tls13.test_0...OK
60/72 crypto.hash.test_0...OK
61/72 crypto.random.test_0...OK
62/72 crypto.kx.test_0...OK
63/72 crypto.sign.test_0...OK
64/72 crypto.xwing.test_0...OK
65/72 crypto.sct.test_0...OK
66/72 crypto.tls_client.test_0...OK
67/72 crypto.aead.test_0...OK
68/72 crypto.ecdsa_kat.test_0...OK
69/72 crypto.ed25519_batch.test_0...OK
70/72 crypto.sign_kat.test_0...OK
71/72 crypto.tls_props.test_0...OK
72/72 crypto.tls.test_0...OK
71 passed; 0 skipped; 1 failed.
iteration=100 failed
1/72 root.test_0...OK
2/72 crypto.root.test_0...OK
3/72 daemon.root.test_0...OK
4/72 proto.root.test_0...OK
5/72 substrate.root.test_0...OK
6/72 wasm.host.root.test_0...OK
7/72 substrate.io.root.test_0...OK
8/72 substrate.ripple_props.test_0...OK
9/72 substrate.ripple.test_0...OK
10/72 substrate.undertow.root.test_0...OK
11/72 substrate.undertow.peer_link.test_0...OK
12/72 substrate.io.buf_ring.test_0...OK
13/72 substrate.io.ring.test_0...OK
14/72 proto.asn1_time.test_0...OK
15/72 proto.certfp.test_0...OK
16/72 proto.cloak.test_0...OK
17/72 proto.ircx_modex.test_0...OK
18/72 proto.ircx_saccess.test_0...OK
19/72 proto.listx.test_0...OK
20/72 proto.mooring.test_0...OK
21/72 proto.mooring_props.test_0...OK
22/72 proto.quic_handshake.test_0...OK
23/72 proto.quic_transport_params.test_0...OK
24/72 proto.sasl_external_verify.test_0...OK
25/72 proto.sasl_mechrouter.test_0...OK
26/72 proto.sasl_oauthbearer.test_0...OK
27/72 proto.sasl.test_0...OK
28/72 proto.sasl_scram512_server.test_0...OK
29/72 proto.sasl_scram.test_0...OK
30/72 proto.sasl_scram_server.test_0...OK
31/72 proto.signed_delta.test_0...OK
32/72 proto.toml.test_0...OK
33/72 proto.x509.test_0...OK
34/72 daemon.modules.manifest.test_0...OK
35/72 daemon.key_transparency.test_0...OK
36/72 daemon.acme_cli.test_0...OK
37/72 daemon.acme_http01_listener.test_0...OK
38/72 daemon.acme_renewal.test_0...OK
39/72 daemon.acme_runner.test_0...OK
40/72 daemon.config_format.test_0...OK
41/72 daemon.helix.root.test_0...OK
42/72 daemon.metrics_http.test_0...OK
43/72 daemon.webhook.test_0...OK
44/72 daemon.webhook_render.test_0...OK
45/72 daemon.webhook_http.test_0...OK
46/72 daemon.oauth_jwt.test_0...OK
47/72 daemon.ocsp_staple.test_0...OK
48/72 daemon.reactor_pool.test_0...OK
49/72 daemon.reuseport.test.OpenBSD listeners bind native IPv4 and IPv6 addresses...OpenBSD listener fixture host=::1 accept errno=AGAIN
FAIL (TestUnexpectedResult)
50/72 daemon.sasl_bridge.test_0...OK
51/72 daemon.scram_store.test_0...OK
52/72 daemon.server.test_0...OK
53/72 daemon.sessions.test_0...OK
54/72 daemon.tls_certs.test_0...OK
55/72 daemon.tls_conn.test_0...OK
56/72 daemon.tls_sni_load.test_0...OK
57/72 crypto.tls_server.test_0...OK
58/72 crypto.tls_record.test_0...OK
59/72 crypto.hkdf_tls13.test_0...OK
60/72 crypto.hash.test_0...OK
61/72 crypto.random.test_0...OK
62/72 crypto.kx.test_0...OK
63/72 crypto.sign.test_0...OK
64/72 crypto.xwing.test_0...OK
65/72 crypto.sct.test_0...OK
66/72 crypto.tls_client.test_0...OK
67/72 crypto.aead.test_0...OK
68/72 crypto.ecdsa_kat.test_0...OK
69/72 crypto.ed25519_batch.test_0...OK
70/72 crypto.sign_kat.test_0...OK
71/72 crypto.tls_props.test_0...OK
72/72 crypto.tls.test_0...OK
71 passed; 0 skipped; 1 failed.
iteration=103 failed
1/72 root.test_0...OK
2/72 crypto.root.test_0...OK
3/72 daemon.root.test_0...OK
4/72 proto.root.test_0...OK
5/72 substrate.root.test_0...OK
6/72 wasm.host.root.test_0...OK
7/72 substrate.io.root.test_0...OK
8/72 substrate.ripple_props.test_0...OK
9/72 substrate.ripple.test_0...OK
10/72 substrate.undertow.root.test_0...OK
11/72 substrate.undertow.peer_link.test_0...OK
12/72 substrate.io.buf_ring.test_0...OK
13/72 substrate.io.ring.test_0...OK
14/72 proto.asn1_time.test_0...OK
15/72 proto.certfp.test_0...OK
16/72 proto.cloak.test_0...OK
17/72 proto.ircx_modex.test_0...OK
18/72 proto.ircx_saccess.test_0...OK
19/72 proto.listx.test_0...OK
20/72 proto.mooring.test_0...OK
21/72 proto.mooring_props.test_0...OK
22/72 proto.quic_handshake.test_0...OK
23/72 proto.quic_transport_params.test_0...OK
24/72 proto.sasl_external_verify.test_0...OK
25/72 proto.sasl_mechrouter.test_0...OK
26/72 proto.sasl_oauthbearer.test_0...OK
27/72 proto.sasl.test_0...OK
28/72 proto.sasl_scram512_server.test_0...OK
29/72 proto.sasl_scram.test_0...OK
30/72 proto.sasl_scram_server.test_0...OK
31/72 proto.signed_delta.test_0...OK
32/72 proto.toml.test_0...OK
33/72 proto.x509.test_0...OK
34/72 daemon.modules.manifest.test_0...OK
35/72 daemon.key_transparency.test_0...OK
36/72 daemon.acme_cli.test_0...OK
37/72 daemon.acme_http01_listener.test_0...OK
38/72 daemon.acme_renewal.test_0...OK
39/72 daemon.acme_runner.test_0...OK
40/72 daemon.config_format.test_0...OK
41/72 daemon.helix.root.test_0...OK
42/72 daemon.metrics_http.test_0...OK
43/72 daemon.webhook.test_0...OK
44/72 daemon.webhook_render.test_0...OK
45/72 daemon.webhook_http.test_0...OK
46/72 daemon.oauth_jwt.test_0...OK
47/72 daemon.ocsp_staple.test_0...OK
48/72 daemon.reactor_pool.test_0...OK
49/72 daemon.reuseport.test.OpenBSD listeners bind native IPv4 and IPv6 addresses...OpenBSD listener fixture host=::1 accept errno=AGAIN
FAIL (TestUnexpectedResult)
50/72 daemon.sasl_bridge.test_0...OK
51/72 daemon.scram_store.test_0...OK
52/72 daemon.server.test_0...OK
53/72 daemon.sessions.test_0...OK
54/72 daemon.tls_certs.test_0...OK
55/72 daemon.tls_conn.test_0...OK
56/72 daemon.tls_sni_load.test_0...OK
57/72 crypto.tls_server.test_0...OK
58/72 crypto.tls_record.test_0...OK
59/72 crypto.hkdf_tls13.test_0...OK
60/72 crypto.hash.test_0...OK
61/72 crypto.random.test_0...OK
62/72 crypto.kx.test_0...OK
63/72 crypto.sign.test_0...OK
64/72 crypto.xwing.test_0...OK
65/72 crypto.sct.test_0...OK
66/72 crypto.tls_client.test_0...OK
67/72 crypto.aead.test_0...OK
68/72 crypto.ecdsa_kat.test_0...OK
69/72 crypto.ed25519_batch.test_0...OK
70/72 crypto.sign_kat.test_0...OK
71/72 crypto.tls_props.test_0...OK
72/72 crypto.tls.test_0...OK
71 passed; 0 skipped; 1 failed.
iteration=104 failed
1/72 root.test_0...OK
2/72 crypto.root.test_0...OK
3/72 daemon.root.test_0...OK
4/72 proto.root.test_0...OK
5/72 substrate.root.test_0...OK
6/72 wasm.host.root.test_0...OK
7/72 substrate.io.root.test_0...OK
8/72 substrate.ripple_props.test_0...OK
9/72 substrate.ripple.test_0...OK
10/72 substrate.undertow.root.test_0...OK
11/72 substrate.undertow.peer_link.test_0...OK
12/72 substrate.io.buf_ring.test_0...OK
13/72 substrate.io.ring.test_0...OK
14/72 proto.asn1_time.test_0...OK
15/72 proto.certfp.test_0...OK
16/72 proto.cloak.test_0...OK
17/72 proto.ircx_modex.test_0...OK
18/72 proto.ircx_saccess.test_0...OK
19/72 proto.listx.test_0...OK
20/72 proto.mooring.test_0...OK
21/72 proto.mooring_props.test_0...OK
22/72 proto.quic_handshake.test_0...OK
23/72 proto.quic_transport_params.test_0...OK
24/72 proto.sasl_external_verify.test_0...OK
25/72 proto.sasl_mechrouter.test_0...OK
26/72 proto.sasl_oauthbearer.test_0...OK
27/72 proto.sasl.test_0...OK
28/72 proto.sasl_scram512_server.test_0...OK
29/72 proto.sasl_scram.test_0...OK
30/72 proto.sasl_scram_server.test_0...OK
31/72 proto.signed_delta.test_0...OK
32/72 proto.toml.test_0...OK
33/72 proto.x509.test_0...OK
34/72 daemon.modules.manifest.test_0...OK
35/72 daemon.key_transparency.test_0...OK
36/72 daemon.acme_cli.test_0...OK
37/72 daemon.acme_http01_listener.test_0...OK
38/72 daemon.acme_renewal.test_0...OK
39/72 daemon.acme_runner.test_0...OK
40/72 daemon.config_format.test_0...OK
41/72 daemon.helix.root.test_0...OK
42/72 daemon.metrics_http.test_0...OK
43/72 daemon.webhook.test_0...OK
44/72 daemon.webhook_render.test_0...OK
45/72 daemon.webhook_http.test_0...OK
46/72 daemon.oauth_jwt.test_0...OK
47/72 daemon.ocsp_staple.test_0...OK
48/72 daemon.reactor_pool.test_0...OK
49/72 daemon.reuseport.test.OpenBSD listeners bind native IPv4 and IPv6 addresses...OpenBSD listener fixture host=::1 accept errno=AGAIN
FAIL (TestUnexpectedResult)
50/72 daemon.sasl_bridge.test_0...OK
51/72 daemon.scram_store.test_0...OK
52/72 daemon.server.test_0...OK
53/72 daemon.sessions.test_0...OK
54/72 daemon.tls_certs.test_0...OK
55/72 daemon.tls_conn.test_0...OK
56/72 daemon.tls_sni_load.test_0...OK
57/72 crypto.tls_server.test_0...OK
58/72 crypto.tls_record.test_0...OK
59/72 crypto.hkdf_tls13.test_0...OK
60/72 crypto.hash.test_0...OK
61/72 crypto.random.test_0...OK
62/72 crypto.kx.test_0...OK
63/72 crypto.sign.test_0...OK
64/72 crypto.xwing.test_0...OK
65/72 crypto.sct.test_0...OK
66/72 crypto.tls_client.test_0...OK
67/72 crypto.aead.test_0...OK
68/72 crypto.ecdsa_kat.test_0...OK
69/72 crypto.ed25519_batch.test_0...OK
70/72 crypto.sign_kat.test_0...OK
71/72 crypto.tls_props.test_0...OK
72/72 crypto.tls.test_0...OK
71 passed; 0 skipped; 1 failed.
iteration=107 failed
1/72 root.test_0...OK
2/72 crypto.root.test_0...OK
3/72 daemon.root.test_0...OK
4/72 proto.root.test_0...OK
5/72 substrate.root.test_0...OK
6/72 wasm.host.root.test_0...OK
7/72 substrate.io.root.test_0...OK
8/72 substrate.ripple_props.test_0...OK
9/72 substrate.ripple.test_0...OK
10/72 substrate.undertow.root.test_0...OK
11/72 substrate.undertow.peer_link.test_0...OK
12/72 substrate.io.buf_ring.test_0...OK
13/72 substrate.io.ring.test_0...OK
14/72 proto.asn1_time.test_0...OK
15/72 proto.certfp.test_0...OK
16/72 proto.cloak.test_0...OK
17/72 proto.ircx_modex.test_0...OK
18/72 proto.ircx_saccess.test_0...OK
19/72 proto.listx.test_0...OK
20/72 proto.mooring.test_0...OK
21/72 proto.mooring_props.test_0...OK
22/72 proto.quic_handshake.test_0...OK
23/72 proto.quic_transport_params.test_0...OK
24/72 proto.sasl_external_verify.test_0...OK
25/72 proto.sasl_mechrouter.test_0...OK
26/72 proto.sasl_oauthbearer.test_0...OK
27/72 proto.sasl.test_0...OK
28/72 proto.sasl_scram512_server.test_0...OK
29/72 proto.sasl_scram.test_0...OK
30/72 proto.sasl_scram_server.test_0...OK
31/72 proto.signed_delta.test_0...OK
32/72 proto.toml.test_0...OK
33/72 proto.x509.test_0...OK
34/72 daemon.modules.manifest.test_0...OK
35/72 daemon.key_transparency.test_0...OK
36/72 daemon.acme_cli.test_0...OK
37/72 daemon.acme_http01_listener.test_0...OK
38/72 daemon.acme_renewal.test_0...OK
39/72 daemon.acme_runner.test_0...OK
40/72 daemon.config_format.test_0...OK
41/72 daemon.helix.root.test_0...OK
42/72 daemon.metrics_http.test_0...OK
43/72 daemon.webhook.test_0...OK
44/72 daemon.webhook_render.test_0...OK
45/72 daemon.webhook_http.test_0...OK
46/72 daemon.oauth_jwt.test_0...OK
47/72 daemon.ocsp_staple.test_0...OK
48/72 daemon.reactor_pool.test_0...OK
49/72 daemon.reuseport.test.OpenBSD listeners bind native IPv4 and IPv6 addresses...OpenBSD listener fixture host=::1 accept errno=AGAIN
FAIL (TestUnexpectedResult)
50/72 daemon.sasl_bridge.test_0...OK
51/72 daemon.scram_store.test_0...OK
52/72 daemon.server.test_0...OK
53/72 daemon.sessions.test_0...OK
54/72 daemon.tls_certs.test_0...OK
55/72 daemon.tls_conn.test_0...OK
56/72 daemon.tls_sni_load.test_0...OK
57/72 crypto.tls_server.test_0...OK
58/72 crypto.tls_record.test_0...OK
59/72 crypto.hkdf_tls13.test_0...OK
60/72 crypto.hash.test_0...OK
61/72 crypto.random.test_0...OK
62/72 crypto.kx.test_0...OK
63/72 crypto.sign.test_0...OK
64/72 crypto.xwing.test_0...OK
65/72 crypto.sct.test_0...OK
66/72 crypto.tls_client.test_0...OK
67/72 crypto.aead.test_0...OK
68/72 crypto.ecdsa_kat.test_0...OK
69/72 crypto.ed25519_batch.test_0...OK
70/72 crypto.sign_kat.test_0...OK
71/72 crypto.tls_props.test_0...OK
72/72 crypto.tls.test_0...OK
71 passed; 0 skipped; 1 failed.
iteration=108 failed
1/72 root.test_0...OK
2/72 crypto.root.test_0...OK
3/72 daemon.root.test_0...OK
4/72 proto.root.test_0...OK
5/72 substrate.root.test_0...OK
6/72 wasm.host.root.test_0...OK
7/72 substrate.io.root.test_0...OK
8/72 substrate.ripple_props.test_0...OK
9/72 substrate.ripple.test_0...OK
10/72 substrate.undertow.root.test_0...OK
11/72 substrate.undertow.peer_link.test_0...OK
12/72 substrate.io.buf_ring.test_0...OK
13/72 substrate.io.ring.test_0...OK
14/72 proto.asn1_time.test_0...OK
15/72 proto.certfp.test_0...OK
16/72 proto.cloak.test_0...OK
17/72 proto.ircx_modex.test_0...OK
18/72 proto.ircx_saccess.test_0...OK
19/72 proto.listx.test_0...OK
20/72 proto.mooring.test_0...OK
21/72 proto.mooring_props.test_0...OK
22/72 proto.quic_handshake.test_0...OK
23/72 proto.quic_transport_params.test_0...OK
24/72 proto.sasl_external_verify.test_0...OK
25/72 proto.sasl_mechrouter.test_0...OK
26/72 proto.sasl_oauthbearer.test_0...OK
27/72 proto.sasl.test_0...OK
28/72 proto.sasl_scram512_server.test_0...OK
29/72 proto.sasl_scram.test_0...OK
30/72 proto.sasl_scram_server.test_0...OK
31/72 proto.signed_delta.test_0...OK
32/72 proto.toml.test_0...OK
33/72 proto.x509.test_0...OK
34/72 daemon.modules.manifest.test_0...OK
35/72 daemon.key_transparency.test_0...OK
36/72 daemon.acme_cli.test_0...OK
37/72 daemon.acme_http01_listener.test_0...OK
38/72 daemon.acme_renewal.test_0...OK
39/72 daemon.acme_runner.test_0...OK
40/72 daemon.config_format.test_0...OK
41/72 daemon.helix.root.test_0...OK
42/72 daemon.metrics_http.test_0...OK
43/72 daemon.webhook.test_0...OK
44/72 daemon.webhook_render.test_0...OK
45/72 daemon.webhook_http.test_0...OK
46/72 daemon.oauth_jwt.test_0...OK
47/72 daemon.ocsp_staple.test_0...OK
48/72 daemon.reactor_pool.test_0...OK
49/72 daemon.reuseport.test.OpenBSD listeners bind native IPv4 and IPv6 addresses...OpenBSD listener fixture host=::1 accept errno=AGAIN
FAIL (TestUnexpectedResult)
50/72 daemon.sasl_bridge.test_0...OK
51/72 daemon.scram_store.test_0...OK
52/72 daemon.server.test_0...OK
53/72 daemon.sessions.test_0...OK
54/72 daemon.tls_certs.test_0...OK
55/72 daemon.tls_conn.test_0...OK
56/72 daemon.tls_sni_load.test_0...OK
57/72 crypto.tls_server.test_0...OK
58/72 crypto.tls_record.test_0...OK
59/72 crypto.hkdf_tls13.test_0...OK
60/72 crypto.hash.test_0...OK
61/72 crypto.random.test_0...OK
62/72 crypto.kx.test_0...OK
63/72 crypto.sign.test_0...OK
64/72 crypto.xwing.test_0...OK
65/72 crypto.sct.test_0...OK
66/72 crypto.tls_client.test_0...OK
67/72 crypto.aead.test_0...OK
68/72 crypto.ecdsa_kat.test_0...OK
69/72 crypto.ed25519_batch.test_0...OK
70/72 crypto.sign_kat.test_0...OK
71/72 crypto.tls_props.test_0...OK
72/72 crypto.tls.test_0...OK
71 passed; 0 skipped; 1 failed.
iteration=110 failed
1/72 root.test_0...OK
2/72 crypto.root.test_0...OK
3/72 daemon.root.test_0...OK
4/72 proto.root.test_0...OK
5/72 substrate.root.test_0...OK
6/72 wasm.host.root.test_0...OK
7/72 substrate.io.root.test_0...OK
8/72 substrate.ripple_props.test_0...OK
9/72 substrate.ripple.test_0...OK
10/72 substrate.undertow.root.test_0...OK
11/72 substrate.undertow.peer_link.test_0...OK
12/72 substrate.io.buf_ring.test_0...OK
13/72 substrate.io.ring.test_0...OK
14/72 proto.asn1_time.test_0...OK
15/72 proto.certfp.test_0...OK
16/72 proto.cloak.test_0...OK
17/72 proto.ircx_modex.test_0...OK
18/72 proto.ircx_saccess.test_0...OK
19/72 proto.listx.test_0...OK
20/72 proto.mooring.test_0...OK
21/72 proto.mooring_props.test_0...OK
22/72 proto.quic_handshake.test_0...OK
23/72 proto.quic_transport_params.test_0...OK
24/72 proto.sasl_external_verify.test_0...OK
25/72 proto.sasl_mechrouter.test_0...OK
26/72 proto.sasl_oauthbearer.test_0...OK
27/72 proto.sasl.test_0...OK
28/72 proto.sasl_scram512_server.test_0...OK
29/72 proto.sasl_scram.test_0...OK
30/72 proto.sasl_scram_server.test_0...OK
31/72 proto.signed_delta.test_0...OK
32/72 proto.toml.test_0...OK
33/72 proto.x509.test_0...OK
34/72 daemon.modules.manifest.test_0...OK
35/72 daemon.key_transparency.test_0...OK
36/72 daemon.acme_cli.test_0...OK
37/72 daemon.acme_http01_listener.test_0...OK
38/72 daemon.acme_renewal.test_0...OK
39/72 daemon.acme_runner.test_0...OK
40/72 daemon.config_format.test_0...OK
41/72 daemon.helix.root.test_0...OK
42/72 daemon.metrics_http.test_0...OK
43/72 daemon.webhook.test_0...OK
44/72 daemon.webhook_render.test_0...OK
45/72 daemon.webhook_http.test_0...OK
46/72 daemon.oauth_jwt.test_0...OK
47/72 daemon.ocsp_staple.test_0...OK
48/72 daemon.reactor_pool.test_0...OK
49/72 daemon.reuseport.test.OpenBSD listeners bind native IPv4 and IPv6 addresses...OpenBSD listener fixture host=::1 accept errno=AGAIN
FAIL (TestUnexpectedResult)
50/72 daemon.sasl_bridge.test_0...OK
51/72 daemon.scram_store.test_0...OK
52/72 daemon.server.test_0...OK
53/72 daemon.sessions.test_0...OK
54/72 daemon.tls_certs.test_0...OK
55/72 daemon.tls_conn.test_0...OK
56/72 daemon.tls_sni_load.test_0...OK
57/72 crypto.tls_server.test_0...OK
58/72 crypto.tls_record.test_0...OK
59/72 crypto.hkdf_tls13.test_0...OK
60/72 crypto.hash.test_0...OK
61/72 crypto.random.test_0...OK
62/72 crypto.kx.test_0...OK
63/72 crypto.sign.test_0...OK
64/72 crypto.xwing.test_0...OK
65/72 crypto.sct.test_0...OK
66/72 crypto.tls_client.test_0...OK
67/72 crypto.aead.test_0...OK
68/72 crypto.ecdsa_kat.test_0...OK
69/72 crypto.ed25519_batch.test_0...OK
70/72 crypto.sign_kat.test_0...OK
71/72 crypto.tls_props.test_0...OK
72/72 crypto.tls.test_0...OK
71 passed; 0 skipped; 1 failed.
iteration=112 failed
1/72 root.test_0...OK
2/72 crypto.root.test_0...OK
3/72 daemon.root.test_0...OK
4/72 proto.root.test_0...OK
5/72 substrate.root.test_0...OK
6/72 wasm.host.root.test_0...OK
7/72 substrate.io.root.test_0...OK
8/72 substrate.ripple_props.test_0...OK
9/72 substrate.ripple.test_0...OK
10/72 substrate.undertow.root.test_0...OK
11/72 substrate.undertow.peer_link.test_0...OK
12/72 substrate.io.buf_ring.test_0...OK
13/72 substrate.io.ring.test_0...OK
14/72 proto.asn1_time.test_0...OK
15/72 proto.certfp.test_0...OK
16/72 proto.cloak.test_0...OK
17/72 proto.ircx_modex.test_0...OK
18/72 proto.ircx_saccess.test_0...OK
19/72 proto.listx.test_0...OK
20/72 proto.mooring.test_0...OK
21/72 proto.mooring_props.test_0...OK
22/72 proto.quic_handshake.test_0...OK
23/72 proto.quic_transport_params.test_0...OK
24/72 proto.sasl_external_verify.test_0...OK
25/72 proto.sasl_mechrouter.test_0...OK
26/72 proto.sasl_oauthbearer.test_0...OK
27/72 proto.sasl.test_0...OK
28/72 proto.sasl_scram512_server.test_0...OK
29/72 proto.sasl_scram.test_0...OK
30/72 proto.sasl_scram_server.test_0...OK
31/72 proto.signed_delta.test_0...OK
32/72 proto.toml.test_0...OK
33/72 proto.x509.test_0...OK
34/72 daemon.modules.manifest.test_0...OK
35/72 daemon.key_transparency.test_0...OK
36/72 daemon.acme_cli.test_0...OK
37/72 daemon.acme_http01_listener.test_0...OK
38/72 daemon.acme_renewal.test_0...OK
39/72 daemon.acme_runner.test_0...OK
40/72 daemon.config_format.test_0...OK
41/72 daemon.helix.root.test_0...OK
42/72 daemon.metrics_http.test_0...OK
43/72 daemon.webhook.test_0...OK
44/72 daemon.webhook_render.test_0...OK
45/72 daemon.webhook_http.test_0...OK
46/72 daemon.oauth_jwt.test_0...OK
47/72 daemon.ocsp_staple.test_0...OK
48/72 daemon.reactor_pool.test_0...OK
49/72 daemon.reuseport.test.OpenBSD listeners bind native IPv4 and IPv6 addresses...OpenBSD listener fixture host=::1 accept errno=AGAIN
FAIL (TestUnexpectedResult)
50/72 daemon.sasl_bridge.test_0...OK
51/72 daemon.scram_store.test_0...OK
52/72 daemon.server.test_0...OK
53/72 daemon.sessions.test_0...OK
54/72 daemon.tls_certs.test_0...OK
55/72 daemon.tls_conn.test_0...OK
56/72 daemon.tls_sni_load.test_0...OK
57/72 crypto.tls_server.test_0...OK
58/72 crypto.tls_record.test_0...OK
59/72 crypto.hkdf_tls13.test_0...OK
60/72 crypto.hash.test_0...OK
61/72 crypto.random.test_0...OK
62/72 crypto.kx.test_0...OK
63/72 crypto.sign.test_0...OK
64/72 crypto.xwing.test_0...OK
65/72 crypto.sct.test_0...OK
66/72 crypto.tls_client.test_0...OK
67/72 crypto.aead.test_0...OK
68/72 crypto.ecdsa_kat.test_0...OK
69/72 crypto.ed25519_batch.test_0...OK
70/72 crypto.sign_kat.test_0...OK
71/72 crypto.tls_props.test_0...OK
72/72 crypto.tls.test_0...OK
71 passed; 0 skipped; 1 failed.
iteration=113 failed
1/72 root.test_0...OK
2/72 crypto.root.test_0...OK
3/72 daemon.root.test_0...OK
4/72 proto.root.test_0...OK
5/72 substrate.root.test_0...OK
6/72 wasm.host.root.test_0...OK
7/72 substrate.io.root.test_0...OK
8/72 substrate.ripple_props.test_0...OK
9/72 substrate.ripple.test_0...OK
10/72 substrate.undertow.root.test_0...OK
11/72 substrate.undertow.peer_link.test_0...OK
12/72 substrate.io.buf_ring.test_0...OK
13/72 substrate.io.ring.test_0...OK
14/72 proto.asn1_time.test_0...OK
15/72 proto.certfp.test_0...OK
16/72 proto.cloak.test_0...OK
17/72 proto.ircx_modex.test_0...OK
18/72 proto.ircx_saccess.test_0...OK
19/72 proto.listx.test_0...OK
20/72 proto.mooring.test_0...OK
21/72 proto.mooring_props.test_0...OK
22/72 proto.quic_handshake.test_0...OK
23/72 proto.quic_transport_params.test_0...OK
24/72 proto.sasl_external_verify.test_0...OK
25/72 proto.sasl_mechrouter.test_0...OK
26/72 proto.sasl_oauthbearer.test_0...OK
27/72 proto.sasl.test_0...OK
28/72 proto.sasl_scram512_server.test_0...OK
29/72 proto.sasl_scram.test_0...OK
30/72 proto.sasl_scram_server.test_0...OK
31/72 proto.signed_delta.test_0...OK
32/72 proto.toml.test_0...OK
33/72 proto.x509.test_0...OK
34/72 daemon.modules.manifest.test_0...OK
35/72 daemon.key_transparency.test_0...OK
36/72 daemon.acme_cli.test_0...OK
37/72 daemon.acme_http01_listener.test_0...OK
38/72 daemon.acme_renewal.test_0...OK
39/72 daemon.acme_runner.test_0...OK
40/72 daemon.config_format.test_0...OK
41/72 daemon.helix.root.test_0...OK
42/72 daemon.metrics_http.test_0...OK
43/72 daemon.webhook.test_0...OK
44/72 daemon.webhook_render.test_0...OK
45/72 daemon.webhook_http.test_0...OK
46/72 daemon.oauth_jwt.test_0...OK
47/72 daemon.ocsp_staple.test_0...OK
48/72 daemon.reactor_pool.test_0...OK
49/72 daemon.reuseport.test.OpenBSD listeners bind native IPv4 and IPv6 addresses...OpenBSD listener fixture host=::1 accept errno=AGAIN
FAIL (TestUnexpectedResult)
50/72 daemon.sasl_bridge.test_0...OK
51/72 daemon.scram_store.test_0...OK
52/72 daemon.server.test_0...OK
53/72 daemon.sessions.test_0...OK
54/72 daemon.tls_certs.test_0...OK
55/72 daemon.tls_conn.test_0...OK
56/72 daemon.tls_sni_load.test_0...OK
57/72 crypto.tls_server.test_0...OK
58/72 crypto.tls_record.test_0...OK
59/72 crypto.hkdf_tls13.test_0...OK
60/72 crypto.hash.test_0...OK
61/72 crypto.random.test_0...OK
62/72 crypto.kx.test_0...OK
63/72 crypto.sign.test_0...OK
64/72 crypto.xwing.test_0...OK
65/72 crypto.sct.test_0...OK
66/72 crypto.tls_client.test_0...OK
67/72 crypto.aead.test_0...OK
68/72 crypto.ecdsa_kat.test_0...OK
69/72 crypto.ed25519_batch.test_0...OK
70/72 crypto.sign_kat.test_0...OK
71/72 crypto.tls_props.test_0...OK
72/72 crypto.tls.test_0...OK
71 passed; 0 skipped; 1 failed.
iteration=114 failed
1/72 root.test_0...OK
2/72 crypto.root.test_0...OK
3/72 daemon.root.test_0...OK
4/72 proto.root.test_0...OK
5/72 substrate.root.test_0...OK
6/72 wasm.host.root.test_0...OK
7/72 substrate.io.root.test_0...OK
8/72 substrate.ripple_props.test_0...OK
9/72 substrate.ripple.test_0...OK
10/72 substrate.undertow.root.test_0...OK
11/72 substrate.undertow.peer_link.test_0...OK
12/72 substrate.io.buf_ring.test_0...OK
13/72 substrate.io.ring.test_0...OK
14/72 proto.asn1_time.test_0...OK
15/72 proto.certfp.test_0...OK
16/72 proto.cloak.test_0...OK
17/72 proto.ircx_modex.test_0...OK
18/72 proto.ircx_saccess.test_0...OK
19/72 proto.listx.test_0...OK
20/72 proto.mooring.test_0...OK
21/72 proto.mooring_props.test_0...OK
22/72 proto.quic_handshake.test_0...OK
23/72 proto.quic_transport_params.test_0...OK
24/72 proto.sasl_external_verify.test_0...OK
25/72 proto.sasl_mechrouter.test_0...OK
26/72 proto.sasl_oauthbearer.test_0...OK
27/72 proto.sasl.test_0...OK
28/72 proto.sasl_scram512_server.test_0...OK
29/72 proto.sasl_scram.test_0...OK
30/72 proto.sasl_scram_server.test_0...OK
31/72 proto.signed_delta.test_0...OK
32/72 proto.toml.test_0...OK
33/72 proto.x509.test_0...OK
34/72 daemon.modules.manifest.test_0...OK
35/72 daemon.key_transparency.test_0...OK
36/72 daemon.acme_cli.test_0...OK
37/72 daemon.acme_http01_listener.test_0...OK
38/72 daemon.acme_renewal.test_0...OK
39/72 daemon.acme_runner.test_0...OK
40/72 daemon.config_format.test_0...OK
41/72 daemon.helix.root.test_0...OK
42/72 daemon.metrics_http.test_0...OK
43/72 daemon.webhook.test_0...OK
44/72 daemon.webhook_render.test_0...OK
45/72 daemon.webhook_http.test_0...OK
46/72 daemon.oauth_jwt.test_0...OK
47/72 daemon.ocsp_staple.test_0...OK
48/72 daemon.reactor_pool.test_0...OK
49/72 daemon.reuseport.test.OpenBSD listeners bind native IPv4 and IPv6 addresses...OpenBSD listener fixture host=::1 accept errno=AGAIN
FAIL (TestUnexpectedResult)
50/72 daemon.sasl_bridge.test_0...OK
51/72 daemon.scram_store.test_0...OK
52/72 daemon.server.test_0...OK
53/72 daemon.sessions.test_0...OK
54/72 daemon.tls_certs.test_0...OK
55/72 daemon.tls_conn.test_0...OK
56/72 daemon.tls_sni_load.test_0...OK
57/72 crypto.tls_server.test_0...OK
58/72 crypto.tls_record.test_0...OK
59/72 crypto.hkdf_tls13.test_0...OK
60/72 crypto.hash.test_0...OK
61/72 crypto.random.test_0...OK
62/72 crypto.kx.test_0...OK
63/72 crypto.sign.test_0...OK
64/72 crypto.xwing.test_0...OK
65/72 crypto.sct.test_0...OK
66/72 crypto.tls_client.test_0...OK
67/72 crypto.aead.test_0...OK
68/72 crypto.ecdsa_kat.test_0...OK
69/72 crypto.ed25519_batch.test_0...OK
70/72 crypto.sign_kat.test_0...OK
71/72 crypto.tls_props.test_0...OK
72/72 crypto.tls.test_0...OK
71 passed; 0 skipped; 1 failed.
iteration=115 failed
1/72 root.test_0...OK
2/72 crypto.root.test_0...OK
3/72 daemon.root.test_0...OK
4/72 proto.root.test_0...OK
5/72 substrate.root.test_0...OK
6/72 wasm.host.root.test_0...OK
7/72 substrate.io.root.test_0...OK
8/72 substrate.ripple_props.test_0...OK
9/72 substrate.ripple.test_0...OK
10/72 substrate.undertow.root.test_0...OK
11/72 substrate.undertow.peer_link.test_0...OK
12/72 substrate.io.buf_ring.test_0...OK
13/72 substrate.io.ring.test_0...OK
14/72 proto.asn1_time.test_0...OK
15/72 proto.certfp.test_0...OK
16/72 proto.cloak.test_0...OK
17/72 proto.ircx_modex.test_0...OK
18/72 proto.ircx_saccess.test_0...OK
19/72 proto.listx.test_0...OK
20/72 proto.mooring.test_0...OK
21/72 proto.mooring_props.test_0...OK
22/72 proto.quic_handshake.test_0...OK
23/72 proto.quic_transport_params.test_0...OK
24/72 proto.sasl_external_verify.test_0...OK
25/72 proto.sasl_mechrouter.test_0...OK
26/72 proto.sasl_oauthbearer.test_0...OK
27/72 proto.sasl.test_0...OK
28/72 proto.sasl_scram512_server.test_0...OK
29/72 proto.sasl_scram.test_0...OK
30/72 proto.sasl_scram_server.test_0...OK
31/72 proto.signed_delta.test_0...OK
32/72 proto.toml.test_0...OK
33/72 proto.x509.test_0...OK
34/72 daemon.modules.manifest.test_0...OK
35/72 daemon.key_transparency.test_0...OK
36/72 daemon.acme_cli.test_0...OK
37/72 daemon.acme_http01_listener.test_0...OK
38/72 daemon.acme_renewal.test_0...OK
39/72 daemon.acme_runner.test_0...OK
40/72 daemon.config_format.test_0...OK
41/72 daemon.helix.root.test_0...OK
42/72 daemon.metrics_http.test_0...OK
43/72 daemon.webhook.test_0...OK
44/72 daemon.webhook_render.test_0...OK
45/72 daemon.webhook_http.test_0...OK
46/72 daemon.oauth_jwt.test_0...OK
47/72 daemon.ocsp_staple.test_0...OK
48/72 daemon.reactor_pool.test_0...OK
49/72 daemon.reuseport.test.OpenBSD listeners bind native IPv4 and IPv6 addresses...OpenBSD listener fixture host=::1 accept errno=AGAIN
FAIL (TestUnexpectedResult)
50/72 daemon.sasl_bridge.test_0...OK
51/72 daemon.scram_store.test_0...OK
52/72 daemon.server.test_0...OK
53/72 daemon.sessions.test_0...OK
54/72 daemon.tls_certs.test_0...OK
55/72 daemon.tls_conn.test_0...OK
56/72 daemon.tls_sni_load.test_0...OK
57/72 crypto.tls_server.test_0...OK
58/72 crypto.tls_record.test_0...OK
59/72 crypto.hkdf_tls13.test_0...OK
60/72 crypto.hash.test_0...OK
61/72 crypto.random.test_0...OK
62/72 crypto.kx.test_0...OK
63/72 crypto.sign.test_0...OK
64/72 crypto.xwing.test_0...OK
65/72 crypto.sct.test_0...OK
66/72 crypto.tls_client.test_0...OK
67/72 crypto.aead.test_0...OK
68/72 crypto.ecdsa_kat.test_0...OK
69/72 crypto.ed25519_batch.test_0...OK
70/72 crypto.sign_kat.test_0...OK
71/72 crypto.tls_props.test_0...OK
72/72 crypto.tls.test_0...OK
71 passed; 0 skipped; 1 failed.
iteration=117 failed
1/72 root.test_0...OK
2/72 crypto.root.test_0...OK
3/72 daemon.root.test_0...OK
4/72 proto.root.test_0...OK
5/72 substrate.root.test_0...OK
6/72 wasm.host.root.test_0...OK
7/72 substrate.io.root.test_0...OK
8/72 substrate.ripple_props.test_0...OK
9/72 substrate.ripple.test_0...OK
10/72 substrate.undertow.root.test_0...OK
11/72 substrate.undertow.peer_link.test_0...OK
12/72 substrate.io.buf_ring.test_0...OK
13/72 substrate.io.ring.test_0...OK
14/72 proto.asn1_time.test_0...OK
15/72 proto.certfp.test_0...OK
16/72 proto.cloak.test_0...OK
17/72 proto.ircx_modex.test_0...OK
18/72 proto.ircx_saccess.test_0...OK
19/72 proto.listx.test_0...OK
20/72 proto.mooring.test_0...OK
21/72 proto.mooring_props.test_0...OK
22/72 proto.quic_handshake.test_0...OK
23/72 proto.quic_transport_params.test_0...OK
24/72 proto.sasl_external_verify.test_0...OK
25/72 proto.sasl_mechrouter.test_0...OK
26/72 proto.sasl_oauthbearer.test_0...OK
27/72 proto.sasl.test_0...OK
28/72 proto.sasl_scram512_server.test_0...OK
29/72 proto.sasl_scram.test_0...OK
30/72 proto.sasl_scram_server.test_0...OK
31/72 proto.signed_delta.test_0...OK
32/72 proto.toml.test_0...OK
33/72 proto.x509.test_0...OK
34/72 daemon.modules.manifest.test_0...OK
35/72 daemon.key_transparency.test_0...OK
36/72 daemon.acme_cli.test_0...OK
37/72 daemon.acme_http01_listener.test_0...OK
38/72 daemon.acme_renewal.test_0...OK
39/72 daemon.acme_runner.test_0...OK
40/72 daemon.config_format.test_0...OK
41/72 daemon.helix.root.test_0...OK
42/72 daemon.metrics_http.test_0...OK
43/72 daemon.webhook.test_0...OK
44/72 daemon.webhook_render.test_0...OK
45/72 daemon.webhook_http.test_0...OK
46/72 daemon.oauth_jwt.test_0...OK
47/72 daemon.ocsp_staple.test_0...OK
48/72 daemon.reactor_pool.test_0...OK
49/72 daemon.reuseport.test.OpenBSD listeners bind native IPv4 and IPv6 addresses...OpenBSD listener fixture host=::1 accept errno=AGAIN
FAIL (TestUnexpectedResult)
50/72 daemon.sasl_bridge.test_0...OK
51/72 daemon.scram_store.test_0...OK
52/72 daemon.server.test_0...OK
53/72 daemon.sessions.test_0...OK
54/72 daemon.tls_certs.test_0...OK
55/72 daemon.tls_conn.test_0...OK
56/72 daemon.tls_sni_load.test_0...OK
57/72 crypto.tls_server.test_0...OK
58/72 crypto.tls_record.test_0...OK
59/72 crypto.hkdf_tls13.test_0...OK
60/72 crypto.hash.test_0...OK
61/72 crypto.random.test_0...OK
62/72 crypto.kx.test_0...OK
63/72 crypto.sign.test_0...OK
64/72 crypto.xwing.test_0...OK
65/72 crypto.sct.test_0...OK
66/72 crypto.tls_client.test_0...OK
67/72 crypto.aead.test_0...OK
68/72 crypto.ecdsa_kat.test_0...OK
69/72 crypto.ed25519_batch.test_0...OK
70/72 crypto.sign_kat.test_0...OK
71/72 crypto.tls_props.test_0...OK
72/72 crypto.tls.test_0...OK
71 passed; 0 skipped; 1 failed.
iteration=118 failed
1/72 root.test_0...OK
2/72 crypto.root.test_0...OK
3/72 daemon.root.test_0...OK
4/72 proto.root.test_0...OK
5/72 substrate.root.test_0...OK
6/72 wasm.host.root.test_0...OK
7/72 substrate.io.root.test_0...OK
8/72 substrate.ripple_props.test_0...OK
9/72 substrate.ripple.test_0...OK
10/72 substrate.undertow.root.test_0...OK
11/72 substrate.undertow.peer_link.test_0...OK
12/72 substrate.io.buf_ring.test_0...OK
13/72 substrate.io.ring.test_0...OK
14/72 proto.asn1_time.test_0...OK
15/72 proto.certfp.test_0...OK
16/72 proto.cloak.test_0...OK
17/72 proto.ircx_modex.test_0...OK
18/72 proto.ircx_saccess.test_0...OK
19/72 proto.listx.test_0...OK
20/72 proto.mooring.test_0...OK
21/72 proto.mooring_props.test_0...OK
22/72 proto.quic_handshake.test_0...OK
23/72 proto.quic_transport_params.test_0...OK
24/72 proto.sasl_external_verify.test_0...OK
25/72 proto.sasl_mechrouter.test_0...OK
26/72 proto.sasl_oauthbearer.test_0...OK
27/72 proto.sasl.test_0...OK
28/72 proto.sasl_scram512_server.test_0...OK
29/72 proto.sasl_scram.test_0...OK
30/72 proto.sasl_scram_server.test_0...OK
31/72 proto.signed_delta.test_0...OK
32/72 proto.toml.test_0...OK
33/72 proto.x509.test_0...OK
34/72 daemon.modules.manifest.test_0...OK
35/72 daemon.key_transparency.test_0...OK
36/72 daemon.acme_cli.test_0...OK
37/72 daemon.acme_http01_listener.test_0...OK
38/72 daemon.acme_renewal.test_0...OK
39/72 daemon.acme_runner.test_0...OK
40/72 daemon.config_format.test_0...OK
41/72 daemon.helix.root.test_0...OK
42/72 daemon.metrics_http.test_0...OK
43/72 daemon.webhook.test_0...OK
44/72 daemon.webhook_render.test_0...OK
45/72 daemon.webhook_http.test_0...OK
46/72 daemon.oauth_jwt.test_0...OK
47/72 daemon.ocsp_staple.test_0...OK
48/72 daemon.reactor_pool.test_0...OK
49/72 daemon.reuseport.test.OpenBSD listeners bind native IPv4 and IPv6 addresses...OpenBSD listener fixture host=::1 accept errno=AGAIN
FAIL (TestUnexpectedResult)
50/72 daemon.sasl_bridge.test_0...OK
51/72 daemon.scram_store.test_0...OK
52/72 daemon.server.test_0...OK
53/72 daemon.sessions.test_0...OK
54/72 daemon.tls_certs.test_0...OK
55/72 daemon.tls_conn.test_0...OK
56/72 daemon.tls_sni_load.test_0...OK
57/72 crypto.tls_server.test_0...OK
58/72 crypto.tls_record.test_0...OK
59/72 crypto.hkdf_tls13.test_0...OK
60/72 crypto.hash.test_0...OK
61/72 crypto.random.test_0...OK
62/72 crypto.kx.test_0...OK
63/72 crypto.sign.test_0...OK
64/72 crypto.xwing.test_0...OK
65/72 crypto.sct.test_0...OK
66/72 crypto.tls_client.test_0...OK
67/72 crypto.aead.test_0...OK
68/72 crypto.ecdsa_kat.test_0...OK
69/72 crypto.ed25519_batch.test_0...OK
70/72 crypto.sign_kat.test_0...OK
71/72 crypto.tls_props.test_0...OK
72/72 crypto.tls.test_0...OK
71 passed; 0 skipped; 1 failed.
iteration=122 failed
1/72 root.test_0...OK
2/72 crypto.root.test_0...OK
3/72 daemon.root.test_0...OK
4/72 proto.root.test_0...OK
5/72 substrate.root.test_0...OK
6/72 wasm.host.root.test_0...OK
7/72 substrate.io.root.test_0...OK
8/72 substrate.ripple_props.test_0...OK
9/72 substrate.ripple.test_0...OK
10/72 substrate.undertow.root.test_0...OK
11/72 substrate.undertow.peer_link.test_0...OK
12/72 substrate.io.buf_ring.test_0...OK
13/72 substrate.io.ring.test_0...OK
14/72 proto.asn1_time.test_0...OK
15/72 proto.certfp.test_0...OK
16/72 proto.cloak.test_0...OK
17/72 proto.ircx_modex.test_0...OK
18/72 proto.ircx_saccess.test_0...OK
19/72 proto.listx.test_0...OK
20/72 proto.mooring.test_0...OK
21/72 proto.mooring_props.test_0...OK
22/72 proto.quic_handshake.test_0...OK
23/72 proto.quic_transport_params.test_0...OK
24/72 proto.sasl_external_verify.test_0...OK
25/72 proto.sasl_mechrouter.test_0...OK
26/72 proto.sasl_oauthbearer.test_0...OK
27/72 proto.sasl.test_0...OK
28/72 proto.sasl_scram512_server.test_0...OK
29/72 proto.sasl_scram.test_0...OK
30/72 proto.sasl_scram_server.test_0...OK
31/72 proto.signed_delta.test_0...OK
32/72 proto.toml.test_0...OK
33/72 proto.x509.test_0...OK
34/72 daemon.modules.manifest.test_0...OK
35/72 daemon.key_transparency.test_0...OK
36/72 daemon.acme_cli.test_0...OK
37/72 daemon.acme_http01_listener.test_0...OK
38/72 daemon.acme_renewal.test_0...OK
39/72 daemon.acme_runner.test_0...OK
40/72 daemon.config_format.test_0...OK
41/72 daemon.helix.root.test_0...OK
42/72 daemon.metrics_http.test_0...OK
43/72 daemon.webhook.test_0...OK
44/72 daemon.webhook_render.test_0...OK
45/72 daemon.webhook_http.test_0...OK
46/72 daemon.oauth_jwt.test_0...OK
47/72 daemon.ocsp_staple.test_0...OK
48/72 daemon.reactor_pool.test_0...OK
49/72 daemon.reuseport.test.OpenBSD listeners bind native IPv4 and IPv6 addresses...OpenBSD listener fixture host=::1 accept errno=AGAIN
FAIL (TestUnexpectedResult)
50/72 daemon.sasl_bridge.test_0...OK
51/72 daemon.scram_store.test_0...OK
52/72 daemon.server.test_0...OK
53/72 daemon.sessions.test_0...OK
54/72 daemon.tls_certs.test_0...OK
55/72 daemon.tls_conn.test_0...OK
56/72 daemon.tls_sni_load.test_0...OK
57/72 crypto.tls_server.test_0...OK
58/72 crypto.tls_record.test_0...OK
59/72 crypto.hkdf_tls13.test_0...OK
60/72 crypto.hash.test_0...OK
61/72 crypto.random.test_0...OK
62/72 crypto.kx.test_0...OK
63/72 crypto.sign.test_0...OK
64/72 crypto.xwing.test_0...OK
65/72 crypto.sct.test_0...OK
66/72 crypto.tls_client.test_0...OK
67/72 crypto.aead.test_0...OK
68/72 crypto.ecdsa_kat.test_0...OK
69/72 crypto.ed25519_batch.test_0...OK
70/72 crypto.sign_kat.test_0...OK
71/72 crypto.tls_props.test_0...OK
72/72 crypto.tls.test_0...OK
71 passed; 0 skipped; 1 failed.
iteration=129 failed
1/72 root.test_0...OK
2/72 crypto.root.test_0...OK
3/72 daemon.root.test_0...OK
4/72 proto.root.test_0...OK
5/72 substrate.root.test_0...OK
6/72 wasm.host.root.test_0...OK
7/72 substrate.io.root.test_0...OK
8/72 substrate.ripple_props.test_0...OK
9/72 substrate.ripple.test_0...OK
10/72 substrate.undertow.root.test_0...OK
11/72 substrate.undertow.peer_link.test_0...OK
12/72 substrate.io.buf_ring.test_0...OK
13/72 substrate.io.ring.test_0...OK
14/72 proto.asn1_time.test_0...OK
15/72 proto.certfp.test_0...OK
16/72 proto.cloak.test_0...OK
17/72 proto.ircx_modex.test_0...OK
18/72 proto.ircx_saccess.test_0...OK
19/72 proto.listx.test_0...OK
20/72 proto.mooring.test_0...OK
21/72 proto.mooring_props.test_0...OK
22/72 proto.quic_handshake.test_0...OK
23/72 proto.quic_transport_params.test_0...OK
24/72 proto.sasl_external_verify.test_0...OK
25/72 proto.sasl_mechrouter.test_0...OK
26/72 proto.sasl_oauthbearer.test_0...OK
27/72 proto.sasl.test_0...OK
28/72 proto.sasl_scram512_server.test_0...OK
29/72 proto.sasl_scram.test_0...OK
30/72 proto.sasl_scram_server.test_0...OK
31/72 proto.signed_delta.test_0...OK
32/72 proto.toml.test_0...OK
33/72 proto.x509.test_0...OK
34/72 daemon.modules.manifest.test_0...OK
35/72 daemon.key_transparency.test_0...OK
36/72 daemon.acme_cli.test_0...OK
37/72 daemon.acme_http01_listener.test_0...OK
38/72 daemon.acme_renewal.test_0...OK
39/72 daemon.acme_runner.test_0...OK
40/72 daemon.config_format.test_0...OK
41/72 daemon.helix.root.test_0...OK
42/72 daemon.metrics_http.test_0...OK
43/72 daemon.webhook.test_0...OK
44/72 daemon.webhook_render.test_0...OK
45/72 daemon.webhook_http.test_0...OK
46/72 daemon.oauth_jwt.test_0...OK
47/72 daemon.ocsp_staple.test_0...OK
48/72 daemon.reactor_pool.test_0...OK
49/72 daemon.reuseport.test.OpenBSD listeners bind native IPv4 and IPv6 addresses...OpenBSD listener fixture host=::1 accept errno=AGAIN
FAIL (TestUnexpectedResult)
50/72 daemon.sasl_bridge.test_0...OK
51/72 daemon.scram_store.test_0...OK
52/72 daemon.server.test_0...OK
53/72 daemon.sessions.test_0...OK
54/72 daemon.tls_certs.test_0...OK
55/72 daemon.tls_conn.test_0...OK
56/72 daemon.tls_sni_load.test_0...OK
57/72 crypto.tls_server.test_0...OK
58/72 crypto.tls_record.test_0...OK
59/72 crypto.hkdf_tls13.test_0...OK
60/72 crypto.hash.test_0...OK
61/72 crypto.random.test_0...OK
62/72 crypto.kx.test_0...OK
63/72 crypto.sign.test_0...OK
64/72 crypto.xwing.test_0...OK
65/72 crypto.sct.test_0...OK
66/72 crypto.tls_client.test_0...OK
67/72 crypto.aead.test_0...OK
68/72 crypto.ecdsa_kat.test_0...OK
69/72 crypto.ed25519_batch.test_0...OK
70/72 crypto.sign_kat.test_0...OK
71/72 crypto.tls_props.test_0...OK
72/72 crypto.tls.test_0...OK
71 passed; 0 skipped; 1 failed.
iteration=132 failed
1/72 root.test_0...OK
2/72 crypto.root.test_0...OK
3/72 daemon.root.test_0...OK
4/72 proto.root.test_0...OK
5/72 substrate.root.test_0...OK
6/72 wasm.host.root.test_0...OK
7/72 substrate.io.root.test_0...OK
8/72 substrate.ripple_props.test_0...OK
9/72 substrate.ripple.test_0...OK
10/72 substrate.undertow.root.test_0...OK
11/72 substrate.undertow.peer_link.test_0...OK
12/72 substrate.io.buf_ring.test_0...OK
13/72 substrate.io.ring.test_0...OK
14/72 proto.asn1_time.test_0...OK
15/72 proto.certfp.test_0...OK
16/72 proto.cloak.test_0...OK
17/72 proto.ircx_modex.test_0...OK
18/72 proto.ircx_saccess.test_0...OK
19/72 proto.listx.test_0...OK
20/72 proto.mooring.test_0...OK
21/72 proto.mooring_props.test_0...OK
22/72 proto.quic_handshake.test_0...OK
23/72 proto.quic_transport_params.test_0...OK
24/72 proto.sasl_external_verify.test_0...OK
25/72 proto.sasl_mechrouter.test_0...OK
26/72 proto.sasl_oauthbearer.test_0...OK
27/72 proto.sasl.test_0...OK
28/72 proto.sasl_scram512_server.test_0...OK
29/72 proto.sasl_scram.test_0...OK
30/72 proto.sasl_scram_server.test_0...OK
31/72 proto.signed_delta.test_0...OK
32/72 proto.toml.test_0...OK
33/72 proto.x509.test_0...OK
34/72 daemon.modules.manifest.test_0...OK
35/72 daemon.key_transparency.test_0...OK
36/72 daemon.acme_cli.test_0...OK
37/72 daemon.acme_http01_listener.test_0...OK
38/72 daemon.acme_renewal.test_0...OK
39/72 daemon.acme_runner.test_0...OK
40/72 daemon.config_format.test_0...OK
41/72 daemon.helix.root.test_0...OK
42/72 daemon.metrics_http.test_0...OK
43/72 daemon.webhook.test_0...OK
44/72 daemon.webhook_render.test_0...OK
45/72 daemon.webhook_http.test_0...OK
46/72 daemon.oauth_jwt.test_0...OK
47/72 daemon.ocsp_staple.test_0...OK
48/72 daemon.reactor_pool.test_0...OK
49/72 daemon.reuseport.test.OpenBSD listeners bind native IPv4 and IPv6 addresses...OpenBSD listener fixture host=::1 accept errno=AGAIN
FAIL (TestUnexpectedResult)
50/72 daemon.sasl_bridge.test_0...OK
51/72 daemon.scram_store.test_0...OK
52/72 daemon.server.test_0...OK
53/72 daemon.sessions.test_0...OK
54/72 daemon.tls_certs.test_0...OK
55/72 daemon.tls_conn.test_0...OK
56/72 daemon.tls_sni_load.test_0...OK
57/72 crypto.tls_server.test_0...OK
58/72 crypto.tls_record.test_0...OK
59/72 crypto.hkdf_tls13.test_0...OK
60/72 crypto.hash.test_0...OK
61/72 crypto.random.test_0...OK
62/72 crypto.kx.test_0...OK
63/72 crypto.sign.test_0...OK
64/72 crypto.xwing.test_0...OK
65/72 crypto.sct.test_0...OK
66/72 crypto.tls_client.test_0...OK
67/72 crypto.aead.test_0...OK
68/72 crypto.ecdsa_kat.test_0...OK
69/72 crypto.ed25519_batch.test_0...OK
70/72 crypto.sign_kat.test_0...OK
71/72 crypto.tls_props.test_0...OK
72/72 crypto.tls.test_0...OK
71 passed; 0 skipped; 1 failed.
iteration=133 failed
1/72 root.test_0...OK
2/72 crypto.root.test_0...OK
3/72 daemon.root.test_0...OK
4/72 proto.root.test_0...OK
5/72 substrate.root.test_0...OK
6/72 wasm.host.root.test_0...OK
7/72 substrate.io.root.test_0...OK
8/72 substrate.ripple_props.test_0...OK
9/72 substrate.ripple.test_0...OK
10/72 substrate.undertow.root.test_0...OK
11/72 substrate.undertow.peer_link.test_0...OK
12/72 substrate.io.buf_ring.test_0...OK
13/72 substrate.io.ring.test_0...OK
14/72 proto.asn1_time.test_0...OK
15/72 proto.certfp.test_0...OK
16/72 proto.cloak.test_0...OK
17/72 proto.ircx_modex.test_0...OK
18/72 proto.ircx_saccess.test_0...OK
19/72 proto.listx.test_0...OK
20/72 proto.mooring.test_0...OK
21/72 proto.mooring_props.test_0...OK
22/72 proto.quic_handshake.test_0...OK
23/72 proto.quic_transport_params.test_0...OK
24/72 proto.sasl_external_verify.test_0...OK
25/72 proto.sasl_mechrouter.test_0...OK
26/72 proto.sasl_oauthbearer.test_0...OK
27/72 proto.sasl.test_0...OK
28/72 proto.sasl_scram512_server.test_0...OK
29/72 proto.sasl_scram.test_0...OK
30/72 proto.sasl_scram_server.test_0...OK
31/72 proto.signed_delta.test_0...OK
32/72 proto.toml.test_0...OK
33/72 proto.x509.test_0...OK
34/72 daemon.modules.manifest.test_0...OK
35/72 daemon.key_transparency.test_0...OK
36/72 daemon.acme_cli.test_0...OK
37/72 daemon.acme_http01_listener.test_0...OK
38/72 daemon.acme_renewal.test_0...OK
39/72 daemon.acme_runner.test_0...OK
40/72 daemon.config_format.test_0...OK
41/72 daemon.helix.root.test_0...OK
42/72 daemon.metrics_http.test_0...OK
43/72 daemon.webhook.test_0...OK
44/72 daemon.webhook_render.test_0...OK
45/72 daemon.webhook_http.test_0...OK
46/72 daemon.oauth_jwt.test_0...OK
47/72 daemon.ocsp_staple.test_0...OK
48/72 daemon.reactor_pool.test_0...OK
49/72 daemon.reuseport.test.OpenBSD listeners bind native IPv4 and IPv6 addresses...OpenBSD listener fixture host=::1 accept errno=AGAIN
FAIL (TestUnexpectedResult)
50/72 daemon.sasl_bridge.test_0...OK
51/72 daemon.scram_store.test_0...OK
52/72 daemon.server.test_0...OK
53/72 daemon.sessions.test_0...OK
54/72 daemon.tls_certs.test_0...OK
55/72 daemon.tls_conn.test_0...OK
56/72 daemon.tls_sni_load.test_0...OK
57/72 crypto.tls_server.test_0...OK
58/72 crypto.tls_record.test_0...OK
59/72 crypto.hkdf_tls13.test_0...OK
60/72 crypto.hash.test_0...OK
61/72 crypto.random.test_0...OK
62/72 crypto.kx.test_0...OK
63/72 crypto.sign.test_0...OK
64/72 crypto.xwing.test_0...OK
65/72 crypto.sct.test_0...OK
66/72 crypto.tls_client.test_0...OK
67/72 crypto.aead.test_0...OK
68/72 crypto.ecdsa_kat.test_0...OK
69/72 crypto.ed25519_batch.test_0...OK
70/72 crypto.sign_kat.test_0...OK
71/72 crypto.tls_props.test_0...OK
72/72 crypto.tls.test_0...OK
71 passed; 0 skipped; 1 failed.
iteration=134 failed
1/72 root.test_0...OK
2/72 crypto.root.test_0...OK
3/72 daemon.root.test_0...OK
4/72 proto.root.test_0...OK
5/72 substrate.root.test_0...OK
6/72 wasm.host.root.test_0...OK
7/72 substrate.io.root.test_0...OK
8/72 substrate.ripple_props.test_0...OK
9/72 substrate.ripple.test_0...OK
10/72 substrate.undertow.root.test_0...OK
11/72 substrate.undertow.peer_link.test_0...OK
12/72 substrate.io.buf_ring.test_0...OK
13/72 substrate.io.ring.test_0...OK
14/72 proto.asn1_time.test_0...OK
15/72 proto.certfp.test_0...OK
16/72 proto.cloak.test_0...OK
17/72 proto.ircx_modex.test_0...OK
18/72 proto.ircx_saccess.test_0...OK
19/72 proto.listx.test_0...OK
20/72 proto.mooring.test_0...OK
21/72 proto.mooring_props.test_0...OK
22/72 proto.quic_handshake.test_0...OK
23/72 proto.quic_transport_params.test_0...OK
24/72 proto.sasl_external_verify.test_0...OK
25/72 proto.sasl_mechrouter.test_0...OK
26/72 proto.sasl_oauthbearer.test_0...OK
27/72 proto.sasl.test_0...OK
28/72 proto.sasl_scram512_server.test_0...OK
29/72 proto.sasl_scram.test_0...OK
30/72 proto.sasl_scram_server.test_0...OK
31/72 proto.signed_delta.test_0...OK
32/72 proto.toml.test_0...OK
33/72 proto.x509.test_0...OK
34/72 daemon.modules.manifest.test_0...OK
35/72 daemon.key_transparency.test_0...OK
36/72 daemon.acme_cli.test_0...OK
37/72 daemon.acme_http01_listener.test_0...OK
38/72 daemon.acme_renewal.test_0...OK
39/72 daemon.acme_runner.test_0...OK
40/72 daemon.config_format.test_0...OK
41/72 daemon.helix.root.test_0...OK
42/72 daemon.metrics_http.test_0...OK
43/72 daemon.webhook.test_0...OK
44/72 daemon.webhook_render.test_0...OK
45/72 daemon.webhook_http.test_0...OK
46/72 daemon.oauth_jwt.test_0...OK
47/72 daemon.ocsp_staple.test_0...OK
48/72 daemon.reactor_pool.test_0...OK
49/72 daemon.reuseport.test.OpenBSD listeners bind native IPv4 and IPv6 addresses...OpenBSD listener fixture host=::1 accept errno=AGAIN
FAIL (TestUnexpectedResult)
50/72 daemon.sasl_bridge.test_0...OK
51/72 daemon.scram_store.test_0...OK
52/72 daemon.server.test_0...OK
53/72 daemon.sessions.test_0...OK
54/72 daemon.tls_certs.test_0...OK
55/72 daemon.tls_conn.test_0...OK
56/72 daemon.tls_sni_load.test_0...OK
57/72 crypto.tls_server.test_0...OK
58/72 crypto.tls_record.test_0...OK
59/72 crypto.hkdf_tls13.test_0...OK
60/72 crypto.hash.test_0...OK
61/72 crypto.random.test_0...OK
62/72 crypto.kx.test_0...OK
63/72 crypto.sign.test_0...OK
64/72 crypto.xwing.test_0...OK
65/72 crypto.sct.test_0...OK
66/72 crypto.tls_client.test_0...OK
67/72 crypto.aead.test_0...OK
68/72 crypto.ecdsa_kat.test_0...OK
69/72 crypto.ed25519_batch.test_0...OK
70/72 crypto.sign_kat.test_0...OK
71/72 crypto.tls_props.test_0...OK
72/72 crypto.tls.test_0...OK
71 passed; 0 skipped; 1 failed.
iteration=136 failed
1/72 root.test_0...OK
2/72 crypto.root.test_0...OK
3/72 daemon.root.test_0...OK
4/72 proto.root.test_0...OK
5/72 substrate.root.test_0...OK
6/72 wasm.host.root.test_0...OK
7/72 substrate.io.root.test_0...OK
8/72 substrate.ripple_props.test_0...OK
9/72 substrate.ripple.test_0...OK
10/72 substrate.undertow.root.test_0...OK
11/72 substrate.undertow.peer_link.test_0...OK
12/72 substrate.io.buf_ring.test_0...OK
13/72 substrate.io.ring.test_0...OK
14/72 proto.asn1_time.test_0...OK
15/72 proto.certfp.test_0...OK
16/72 proto.cloak.test_0...OK
17/72 proto.ircx_modex.test_0...OK
18/72 proto.ircx_saccess.test_0...OK
19/72 proto.listx.test_0...OK
20/72 proto.mooring.test_0...OK
21/72 proto.mooring_props.test_0...OK
22/72 proto.quic_handshake.test_0...OK
23/72 proto.quic_transport_params.test_0...OK
24/72 proto.sasl_external_verify.test_0...OK
25/72 proto.sasl_mechrouter.test_0...OK
26/72 proto.sasl_oauthbearer.test_0...OK
27/72 proto.sasl.test_0...OK
28/72 proto.sasl_scram512_server.test_0...OK
29/72 proto.sasl_scram.test_0...OK
30/72 proto.sasl_scram_server.test_0...OK
31/72 proto.signed_delta.test_0...OK
32/72 proto.toml.test_0...OK
33/72 proto.x509.test_0...OK
34/72 daemon.modules.manifest.test_0...OK
35/72 daemon.key_transparency.test_0...OK
36/72 daemon.acme_cli.test_0...OK
37/72 daemon.acme_http01_listener.test_0...OK
38/72 daemon.acme_renewal.test_0...OK
39/72 daemon.acme_runner.test_0...OK
40/72 daemon.config_format.test_0...OK
41/72 daemon.helix.root.test_0...OK
42/72 daemon.metrics_http.test_0...OK
43/72 daemon.webhook.test_0...OK
44/72 daemon.webhook_render.test_0...OK
45/72 daemon.webhook_http.test_0...OK
46/72 daemon.oauth_jwt.test_0...OK
47/72 daemon.ocsp_staple.test_0...OK
48/72 daemon.reactor_pool.test_0...OK
49/72 daemon.reuseport.test.OpenBSD listeners bind native IPv4 and IPv6 addresses...OpenBSD listener fixture host=::1 accept errno=AGAIN
FAIL (TestUnexpectedResult)
50/72 daemon.sasl_bridge.test_0...OK
51/72 daemon.scram_store.test_0...OK
52/72 daemon.server.test_0...OK
53/72 daemon.sessions.test_0...OK
54/72 daemon.tls_certs.test_0...OK
55/72 daemon.tls_conn.test_0...OK
56/72 daemon.tls_sni_load.test_0...OK
57/72 crypto.tls_server.test_0...OK
58/72 crypto.tls_record.test_0...OK
59/72 crypto.hkdf_tls13.test_0...OK
60/72 crypto.hash.test_0...OK
61/72 crypto.random.test_0...OK
62/72 crypto.kx.test_0...OK
63/72 crypto.sign.test_0...OK
64/72 crypto.xwing.test_0...OK
65/72 crypto.sct.test_0...OK
66/72 crypto.tls_client.test_0...OK
67/72 crypto.aead.test_0...OK
68/72 crypto.ecdsa_kat.test_0...OK
69/72 crypto.ed25519_batch.test_0...OK
70/72 crypto.sign_kat.test_0...OK
71/72 crypto.tls_props.test_0...OK
72/72 crypto.tls.test_0...OK
71 passed; 0 skipped; 1 failed.
iteration=137 failed
1/72 root.test_0...OK
2/72 crypto.root.test_0...OK
3/72 daemon.root.test_0...OK
4/72 proto.root.test_0...OK
5/72 substrate.root.test_0...OK
6/72 wasm.host.root.test_0...OK
7/72 substrate.io.root.test_0...OK
8/72 substrate.ripple_props.test_0...OK
9/72 substrate.ripple.test_0...OK
10/72 substrate.undertow.root.test_0...OK
11/72 substrate.undertow.peer_link.test_0...OK
12/72 substrate.io.buf_ring.test_0...OK
13/72 substrate.io.ring.test_0...OK
14/72 proto.asn1_time.test_0...OK
15/72 proto.certfp.test_0...OK
16/72 proto.cloak.test_0...OK
17/72 proto.ircx_modex.test_0...OK
18/72 proto.ircx_saccess.test_0...OK
19/72 proto.listx.test_0...OK
20/72 proto.mooring.test_0...OK
21/72 proto.mooring_props.test_0...OK
22/72 proto.quic_handshake.test_0...OK
23/72 proto.quic_transport_params.test_0...OK
24/72 proto.sasl_external_verify.test_0...OK
25/72 proto.sasl_mechrouter.test_0...OK
26/72 proto.sasl_oauthbearer.test_0...OK
27/72 proto.sasl.test_0...OK
28/72 proto.sasl_scram512_server.test_0...OK
29/72 proto.sasl_scram.test_0...OK
30/72 proto.sasl_scram_server.test_0...OK
31/72 proto.signed_delta.test_0...OK
32/72 proto.toml.test_0...OK
33/72 proto.x509.test_0...OK
34/72 daemon.modules.manifest.test_0...OK
35/72 daemon.key_transparency.test_0...OK
36/72 daemon.acme_cli.test_0...OK
37/72 daemon.acme_http01_listener.test_0...OK
38/72 daemon.acme_renewal.test_0...OK
39/72 daemon.acme_runner.test_0...OK
40/72 daemon.config_format.test_0...OK
41/72 daemon.helix.root.test_0...OK
42/72 daemon.metrics_http.test_0...OK
43/72 daemon.webhook.test_0...OK
44/72 daemon.webhook_render.test_0...OK
45/72 daemon.webhook_http.test_0...OK
46/72 daemon.oauth_jwt.test_0...OK
47/72 daemon.ocsp_staple.test_0...OK
48/72 daemon.reactor_pool.test_0...OK
49/72 daemon.reuseport.test.OpenBSD listeners bind native IPv4 and IPv6 addresses...OpenBSD listener fixture host=::1 accept errno=AGAIN
FAIL (TestUnexpectedResult)
50/72 daemon.sasl_bridge.test_0...OK
51/72 daemon.scram_store.test_0...OK
52/72 daemon.server.test_0...OK
53/72 daemon.sessions.test_0...OK
54/72 daemon.tls_certs.test_0...OK
55/72 daemon.tls_conn.test_0...OK
56/72 daemon.tls_sni_load.test_0...OK
57/72 crypto.tls_server.test_0...OK
58/72 crypto.tls_record.test_0...OK
59/72 crypto.hkdf_tls13.test_0...OK
60/72 crypto.hash.test_0...OK
61/72 crypto.random.test_0...OK
62/72 crypto.kx.test_0...OK
63/72 crypto.sign.test_0...OK
64/72 crypto.xwing.test_0...OK
65/72 crypto.sct.test_0...OK
66/72 crypto.tls_client.test_0...OK
67/72 crypto.aead.test_0...OK
68/72 crypto.ecdsa_kat.test_0...OK
69/72 crypto.ed25519_batch.test_0...OK
70/72 crypto.sign_kat.test_0...OK
71/72 crypto.tls_props.test_0...OK
72/72 crypto.tls.test_0...OK
71 passed; 0 skipped; 1 failed.
iteration=141 failed
1/72 root.test_0...OK
2/72 crypto.root.test_0...OK
3/72 daemon.root.test_0...OK
4/72 proto.root.test_0...OK
5/72 substrate.root.test_0...OK
6/72 wasm.host.root.test_0...OK
7/72 substrate.io.root.test_0...OK
8/72 substrate.ripple_props.test_0...OK
9/72 substrate.ripple.test_0...OK
10/72 substrate.undertow.root.test_0...OK
11/72 substrate.undertow.peer_link.test_0...OK
12/72 substrate.io.buf_ring.test_0...OK
13/72 substrate.io.ring.test_0...OK
14/72 proto.asn1_time.test_0...OK
15/72 proto.certfp.test_0...OK
16/72 proto.cloak.test_0...OK
17/72 proto.ircx_modex.test_0...OK
18/72 proto.ircx_saccess.test_0...OK
19/72 proto.listx.test_0...OK
20/72 proto.mooring.test_0...OK
21/72 proto.mooring_props.test_0...OK
22/72 proto.quic_handshake.test_0...OK
23/72 proto.quic_transport_params.test_0...OK
24/72 proto.sasl_external_verify.test_0...OK
25/72 proto.sasl_mechrouter.test_0...OK
26/72 proto.sasl_oauthbearer.test_0...OK
27/72 proto.sasl.test_0...OK
28/72 proto.sasl_scram512_server.test_0...OK
29/72 proto.sasl_scram.test_0...OK
30/72 proto.sasl_scram_server.test_0...OK
31/72 proto.signed_delta.test_0...OK
32/72 proto.toml.test_0...OK
33/72 proto.x509.test_0...OK
34/72 daemon.modules.manifest.test_0...OK
35/72 daemon.key_transparency.test_0...OK
36/72 daemon.acme_cli.test_0...OK
37/72 daemon.acme_http01_listener.test_0...OK
38/72 daemon.acme_renewal.test_0...OK
39/72 daemon.acme_runner.test_0...OK
40/72 daemon.config_format.test_0...OK
41/72 daemon.helix.root.test_0...OK
42/72 daemon.metrics_http.test_0...OK
43/72 daemon.webhook.test_0...OK
44/72 daemon.webhook_render.test_0...OK
45/72 daemon.webhook_http.test_0...OK
46/72 daemon.oauth_jwt.test_0...OK
47/72 daemon.ocsp_staple.test_0...OK
48/72 daemon.reactor_pool.test_0...OK
49/72 daemon.reuseport.test.OpenBSD listeners bind native IPv4 and IPv6 addresses...OpenBSD listener fixture host=::1 accept errno=AGAIN
FAIL (TestUnexpectedResult)
50/72 daemon.sasl_bridge.test_0...OK
51/72 daemon.scram_store.test_0...OK
52/72 daemon.server.test_0...OK
53/72 daemon.sessions.test_0...OK
54/72 daemon.tls_certs.test_0...OK
55/72 daemon.tls_conn.test_0...OK
56/72 daemon.tls_sni_load.test_0...OK
57/72 crypto.tls_server.test_0...OK
58/72 crypto.tls_record.test_0...OK
59/72 crypto.hkdf_tls13.test_0...OK
60/72 crypto.hash.test_0...OK
61/72 crypto.random.test_0...OK
62/72 crypto.kx.test_0...OK
63/72 crypto.sign.test_0...OK
64/72 crypto.xwing.test_0...OK
65/72 crypto.sct.test_0...OK
66/72 crypto.tls_client.test_0...OK
67/72 crypto.aead.test_0...OK
68/72 crypto.ecdsa_kat.test_0...OK
69/72 crypto.ed25519_batch.test_0...OK
70/72 crypto.sign_kat.test_0...OK
71/72 crypto.tls_props.test_0...OK
72/72 crypto.tls.test_0...OK
71 passed; 0 skipped; 1 failed.
iteration=144 failed
1/72 root.test_0...OK
2/72 crypto.root.test_0...OK
3/72 daemon.root.test_0...OK
4/72 proto.root.test_0...OK
5/72 substrate.root.test_0...OK
6/72 wasm.host.root.test_0...OK
7/72 substrate.io.root.test_0...OK
8/72 substrate.ripple_props.test_0...OK
9/72 substrate.ripple.test_0...OK
10/72 substrate.undertow.root.test_0...OK
11/72 substrate.undertow.peer_link.test_0...OK
12/72 substrate.io.buf_ring.test_0...OK
13/72 substrate.io.ring.test_0...OK
14/72 proto.asn1_time.test_0...OK
15/72 proto.certfp.test_0...OK
16/72 proto.cloak.test_0...OK
17/72 proto.ircx_modex.test_0...OK
18/72 proto.ircx_saccess.test_0...OK
19/72 proto.listx.test_0...OK
20/72 proto.mooring.test_0...OK
21/72 proto.mooring_props.test_0...OK
22/72 proto.quic_handshake.test_0...OK
23/72 proto.quic_transport_params.test_0...OK
24/72 proto.sasl_external_verify.test_0...OK
25/72 proto.sasl_mechrouter.test_0...OK
26/72 proto.sasl_oauthbearer.test_0...OK
27/72 proto.sasl.test_0...OK
28/72 proto.sasl_scram512_server.test_0...OK
29/72 proto.sasl_scram.test_0...OK
30/72 proto.sasl_scram_server.test_0...OK
31/72 proto.signed_delta.test_0...OK
32/72 proto.toml.test_0...OK
33/72 proto.x509.test_0...OK
34/72 daemon.modules.manifest.test_0...OK
35/72 daemon.key_transparency.test_0...OK
36/72 daemon.acme_cli.test_0...OK
37/72 daemon.acme_http01_listener.test_0...OK
38/72 daemon.acme_renewal.test_0...OK
39/72 daemon.acme_runner.test_0...OK
40/72 daemon.config_format.test_0...OK
41/72 daemon.helix.root.test_0...OK
42/72 daemon.metrics_http.test_0...OK
43/72 daemon.webhook.test_0...OK
44/72 daemon.webhook_render.test_0...OK
45/72 daemon.webhook_http.test_0...OK
46/72 daemon.oauth_jwt.test_0...OK
47/72 daemon.ocsp_staple.test_0...OK
48/72 daemon.reactor_pool.test_0...OK
49/72 daemon.reuseport.test.OpenBSD listeners bind native IPv4 and IPv6 addresses...OpenBSD listener fixture host=::1 accept errno=AGAIN
FAIL (TestUnexpectedResult)
50/72 daemon.sasl_bridge.test_0...OK
51/72 daemon.scram_store.test_0...OK
52/72 daemon.server.test_0...OK
53/72 daemon.sessions.test_0...OK
54/72 daemon.tls_certs.test_0...OK
55/72 daemon.tls_conn.test_0...OK
56/72 daemon.tls_sni_load.test_0...OK
57/72 crypto.tls_server.test_0...OK
58/72 crypto.tls_record.test_0...OK
59/72 crypto.hkdf_tls13.test_0...OK
60/72 crypto.hash.test_0...OK
61/72 crypto.random.test_0...OK
62/72 crypto.kx.test_0...OK
63/72 crypto.sign.test_0...OK
64/72 crypto.xwing.test_0...OK
65/72 crypto.sct.test_0...OK
66/72 crypto.tls_client.test_0...OK
67/72 crypto.aead.test_0...OK
68/72 crypto.ecdsa_kat.test_0...OK
69/72 crypto.ed25519_batch.test_0...OK
70/72 crypto.sign_kat.test_0...OK
71/72 crypto.tls_props.test_0...OK
72/72 crypto.tls.test_0...OK
71 passed; 0 skipped; 1 failed.
iteration=145 failed
1/72 root.test_0...OK
2/72 crypto.root.test_0...OK
3/72 daemon.root.test_0...OK
4/72 proto.root.test_0...OK
5/72 substrate.root.test_0...OK
6/72 wasm.host.root.test_0...OK
7/72 substrate.io.root.test_0...OK
8/72 substrate.ripple_props.test_0...OK
9/72 substrate.ripple.test_0...OK
10/72 substrate.undertow.root.test_0...OK
11/72 substrate.undertow.peer_link.test_0...OK
12/72 substrate.io.buf_ring.test_0...OK
13/72 substrate.io.ring.test_0...OK
14/72 proto.asn1_time.test_0...OK
15/72 proto.certfp.test_0...OK
16/72 proto.cloak.test_0...OK
17/72 proto.ircx_modex.test_0...OK
18/72 proto.ircx_saccess.test_0...OK
19/72 proto.listx.test_0...OK
20/72 proto.mooring.test_0...OK
21/72 proto.mooring_props.test_0...OK
22/72 proto.quic_handshake.test_0...OK
23/72 proto.quic_transport_params.test_0...OK
24/72 proto.sasl_external_verify.test_0...OK
25/72 proto.sasl_mechrouter.test_0...OK
26/72 proto.sasl_oauthbearer.test_0...OK
27/72 proto.sasl.test_0...OK
28/72 proto.sasl_scram512_server.test_0...OK
29/72 proto.sasl_scram.test_0...OK
30/72 proto.sasl_scram_server.test_0...OK
31/72 proto.signed_delta.test_0...OK
32/72 proto.toml.test_0...OK
33/72 proto.x509.test_0...OK
34/72 daemon.modules.manifest.test_0...OK
35/72 daemon.key_transparency.test_0...OK
36/72 daemon.acme_cli.test_0...OK
37/72 daemon.acme_http01_listener.test_0...OK
38/72 daemon.acme_renewal.test_0...OK
39/72 daemon.acme_runner.test_0...OK
40/72 daemon.config_format.test_0...OK
41/72 daemon.helix.root.test_0...OK
42/72 daemon.metrics_http.test_0...OK
43/72 daemon.webhook.test_0...OK
44/72 daemon.webhook_render.test_0...OK
45/72 daemon.webhook_http.test_0...OK
46/72 daemon.oauth_jwt.test_0...OK
47/72 daemon.ocsp_staple.test_0...OK
48/72 daemon.reactor_pool.test_0...OK
49/72 daemon.reuseport.test.OpenBSD listeners bind native IPv4 and IPv6 addresses...OpenBSD listener fixture host=::1 accept errno=AGAIN
FAIL (TestUnexpectedResult)
50/72 daemon.sasl_bridge.test_0...OK
51/72 daemon.scram_store.test_0...OK
52/72 daemon.server.test_0...OK
53/72 daemon.sessions.test_0...OK
54/72 daemon.tls_certs.test_0...OK
55/72 daemon.tls_conn.test_0...OK
56/72 daemon.tls_sni_load.test_0...OK
57/72 crypto.tls_server.test_0...OK
58/72 crypto.tls_record.test_0...OK
59/72 crypto.hkdf_tls13.test_0...OK
60/72 crypto.hash.test_0...OK
61/72 crypto.random.test_0...OK
62/72 crypto.kx.test_0...OK
63/72 crypto.sign.test_0...OK
64/72 crypto.xwing.test_0...OK
65/72 crypto.sct.test_0...OK
66/72 crypto.tls_client.test_0...OK
67/72 crypto.aead.test_0...OK
68/72 crypto.ecdsa_kat.test_0...OK
69/72 crypto.ed25519_batch.test_0...OK
70/72 crypto.sign_kat.test_0...OK
71/72 crypto.tls_props.test_0...OK
72/72 crypto.tls.test_0...OK
71 passed; 0 skipped; 1 failed.
iteration=146 failed
1/72 root.test_0...OK
2/72 crypto.root.test_0...OK
3/72 daemon.root.test_0...OK
4/72 proto.root.test_0...OK
5/72 substrate.root.test_0...OK
6/72 wasm.host.root.test_0...OK
7/72 substrate.io.root.test_0...OK
8/72 substrate.ripple_props.test_0...OK
9/72 substrate.ripple.test_0...OK
10/72 substrate.undertow.root.test_0...OK
11/72 substrate.undertow.peer_link.test_0...OK
12/72 substrate.io.buf_ring.test_0...OK
13/72 substrate.io.ring.test_0...OK
14/72 proto.asn1_time.test_0...OK
15/72 proto.certfp.test_0...OK
16/72 proto.cloak.test_0...OK
17/72 proto.ircx_modex.test_0...OK
18/72 proto.ircx_saccess.test_0...OK
19/72 proto.listx.test_0...OK
20/72 proto.mooring.test_0...OK
21/72 proto.mooring_props.test_0...OK
22/72 proto.quic_handshake.test_0...OK
23/72 proto.quic_transport_params.test_0...OK
24/72 proto.sasl_external_verify.test_0...OK
25/72 proto.sasl_mechrouter.test_0...OK
26/72 proto.sasl_oauthbearer.test_0...OK
27/72 proto.sasl.test_0...OK
28/72 proto.sasl_scram512_server.test_0...OK
29/72 proto.sasl_scram.test_0...OK
30/72 proto.sasl_scram_server.test_0...OK
31/72 proto.signed_delta.test_0...OK
32/72 proto.toml.test_0...OK
33/72 proto.x509.test_0...OK
34/72 daemon.modules.manifest.test_0...OK
35/72 daemon.key_transparency.test_0...OK
36/72 daemon.acme_cli.test_0...OK
37/72 daemon.acme_http01_listener.test_0...OK
38/72 daemon.acme_renewal.test_0...OK
39/72 daemon.acme_runner.test_0...OK
40/72 daemon.config_format.test_0...OK
41/72 daemon.helix.root.test_0...OK
42/72 daemon.metrics_http.test_0...OK
43/72 daemon.webhook.test_0...OK
44/72 daemon.webhook_render.test_0...OK
45/72 daemon.webhook_http.test_0...OK
46/72 daemon.oauth_jwt.test_0...OK
47/72 daemon.ocsp_staple.test_0...OK
48/72 daemon.reactor_pool.test_0...OK
49/72 daemon.reuseport.test.OpenBSD listeners bind native IPv4 and IPv6 addresses...OpenBSD listener fixture host=::1 accept errno=AGAIN
FAIL (TestUnexpectedResult)
50/72 daemon.sasl_bridge.test_0...OK
51/72 daemon.scram_store.test_0...OK
52/72 daemon.server.test_0...OK
53/72 daemon.sessions.test_0...OK
54/72 daemon.tls_certs.test_0...OK
55/72 daemon.tls_conn.test_0...OK
56/72 daemon.tls_sni_load.test_0...OK
57/72 crypto.tls_server.test_0...OK
58/72 crypto.tls_record.test_0...OK
59/72 crypto.hkdf_tls13.test_0...OK
60/72 crypto.hash.test_0...OK
61/72 crypto.random.test_0...OK
62/72 crypto.kx.test_0...OK
63/72 crypto.sign.test_0...OK
64/72 crypto.xwing.test_0...OK
65/72 crypto.sct.test_0...OK
66/72 crypto.tls_client.test_0...OK
67/72 crypto.aead.test_0...OK
68/72 crypto.ecdsa_kat.test_0...OK
69/72 crypto.ed25519_batch.test_0...OK
70/72 crypto.sign_kat.test_0...OK
71/72 crypto.tls_props.test_0...OK
72/72 crypto.tls.test_0...OK
71 passed; 0 skipped; 1 failed.
iteration=147 failed
1/72 root.test_0...OK
2/72 crypto.root.test_0...OK
3/72 daemon.root.test_0...OK
4/72 proto.root.test_0...OK
5/72 substrate.root.test_0...OK
6/72 wasm.host.root.test_0...OK
7/72 substrate.io.root.test_0...OK
8/72 substrate.ripple_props.test_0...OK
9/72 substrate.ripple.test_0...OK
10/72 substrate.undertow.root.test_0...OK
11/72 substrate.undertow.peer_link.test_0...OK
12/72 substrate.io.buf_ring.test_0...OK
13/72 substrate.io.ring.test_0...OK
14/72 proto.asn1_time.test_0...OK
15/72 proto.certfp.test_0...OK
16/72 proto.cloak.test_0...OK
17/72 proto.ircx_modex.test_0...OK
18/72 proto.ircx_saccess.test_0...OK
19/72 proto.listx.test_0...OK
20/72 proto.mooring.test_0...OK
21/72 proto.mooring_props.test_0...OK
22/72 proto.quic_handshake.test_0...OK
23/72 proto.quic_transport_params.test_0...OK
24/72 proto.sasl_external_verify.test_0...OK
25/72 proto.sasl_mechrouter.test_0...OK
26/72 proto.sasl_oauthbearer.test_0...OK
27/72 proto.sasl.test_0...OK
28/72 proto.sasl_scram512_server.test_0...OK
29/72 proto.sasl_scram.test_0...OK
30/72 proto.sasl_scram_server.test_0...OK
31/72 proto.signed_delta.test_0...OK
32/72 proto.toml.test_0...OK
33/72 proto.x509.test_0...OK
34/72 daemon.modules.manifest.test_0...OK
35/72 daemon.key_transparency.test_0...OK
36/72 daemon.acme_cli.test_0...OK
37/72 daemon.acme_http01_listener.test_0...OK
38/72 daemon.acme_renewal.test_0...OK
39/72 daemon.acme_runner.test_0...OK
40/72 daemon.config_format.test_0...OK
41/72 daemon.helix.root.test_0...OK
42/72 daemon.metrics_http.test_0...OK
43/72 daemon.webhook.test_0...OK
44/72 daemon.webhook_render.test_0...OK
45/72 daemon.webhook_http.test_0...OK
46/72 daemon.oauth_jwt.test_0...OK
47/72 daemon.ocsp_staple.test_0...OK
48/72 daemon.reactor_pool.test_0...OK
49/72 daemon.reuseport.test.OpenBSD listeners bind native IPv4 and IPv6 addresses...OpenBSD listener fixture host=::1 accept errno=AGAIN
FAIL (TestUnexpectedResult)
50/72 daemon.sasl_bridge.test_0...OK
51/72 daemon.scram_store.test_0...OK
52/72 daemon.server.test_0...OK
53/72 daemon.sessions.test_0...OK
54/72 daemon.tls_certs.test_0...OK
55/72 daemon.tls_conn.test_0...OK
56/72 daemon.tls_sni_load.test_0...OK
57/72 crypto.tls_server.test_0...OK
58/72 crypto.tls_record.test_0...OK
59/72 crypto.hkdf_tls13.test_0...OK
60/72 crypto.hash.test_0...OK
61/72 crypto.random.test_0...OK
62/72 crypto.kx.test_0...OK
63/72 crypto.sign.test_0...OK
64/72 crypto.xwing.test_0...OK
65/72 crypto.sct.test_0...OK
66/72 crypto.tls_client.test_0...OK
67/72 crypto.aead.test_0...OK
68/72 crypto.ecdsa_kat.test_0...OK
69/72 crypto.ed25519_batch.test_0...OK
70/72 crypto.sign_kat.test_0...OK
71/72 crypto.tls_props.test_0...OK
72/72 crypto.tls.test_0...OK
71 passed; 0 skipped; 1 failed.
iteration=149 failed
1/72 root.test_0...OK
2/72 crypto.root.test_0...OK
3/72 daemon.root.test_0...OK
4/72 proto.root.test_0...OK
5/72 substrate.root.test_0...OK
6/72 wasm.host.root.test_0...OK
7/72 substrate.io.root.test_0...OK
8/72 substrate.ripple_props.test_0...OK
9/72 substrate.ripple.test_0...OK
10/72 substrate.undertow.root.test_0...OK
11/72 substrate.undertow.peer_link.test_0...OK
12/72 substrate.io.buf_ring.test_0...OK
13/72 substrate.io.ring.test_0...OK
14/72 proto.asn1_time.test_0...OK
15/72 proto.certfp.test_0...OK
16/72 proto.cloak.test_0...OK
17/72 proto.ircx_modex.test_0...OK
18/72 proto.ircx_saccess.test_0...OK
19/72 proto.listx.test_0...OK
20/72 proto.mooring.test_0...OK
21/72 proto.mooring_props.test_0...OK
22/72 proto.quic_handshake.test_0...OK
23/72 proto.quic_transport_params.test_0...OK
24/72 proto.sasl_external_verify.test_0...OK
25/72 proto.sasl_mechrouter.test_0...OK
26/72 proto.sasl_oauthbearer.test_0...OK
27/72 proto.sasl.test_0...OK
28/72 proto.sasl_scram512_server.test_0...OK
29/72 proto.sasl_scram.test_0...OK
30/72 proto.sasl_scram_server.test_0...OK
31/72 proto.signed_delta.test_0...OK
32/72 proto.toml.test_0...OK
33/72 proto.x509.test_0...OK
34/72 daemon.modules.manifest.test_0...OK
35/72 daemon.key_transparency.test_0...OK
36/72 daemon.acme_cli.test_0...OK
37/72 daemon.acme_http01_listener.test_0...OK
38/72 daemon.acme_renewal.test_0...OK
39/72 daemon.acme_runner.test_0...OK
40/72 daemon.config_format.test_0...OK
41/72 daemon.helix.root.test_0...OK
42/72 daemon.metrics_http.test_0...OK
43/72 daemon.webhook.test_0...OK
44/72 daemon.webhook_render.test_0...OK
45/72 daemon.webhook_http.test_0...OK
46/72 daemon.oauth_jwt.test_0...OK
47/72 daemon.ocsp_staple.test_0...OK
48/72 daemon.reactor_pool.test_0...OK
49/72 daemon.reuseport.test.OpenBSD listeners bind native IPv4 and IPv6 addresses...OpenBSD listener fixture host=::1 accept errno=AGAIN
FAIL (TestUnexpectedResult)
50/72 daemon.sasl_bridge.test_0...OK
51/72 daemon.scram_store.test_0...OK
52/72 daemon.server.test_0...OK
53/72 daemon.sessions.test_0...OK
54/72 daemon.tls_certs.test_0...OK
55/72 daemon.tls_conn.test_0...OK
56/72 daemon.tls_sni_load.test_0...OK
57/72 crypto.tls_server.test_0...OK
58/72 crypto.tls_record.test_0...OK
59/72 crypto.hkdf_tls13.test_0...OK
60/72 crypto.hash.test_0...OK
61/72 crypto.random.test_0...OK
62/72 crypto.kx.test_0...OK
63/72 crypto.sign.test_0...OK
64/72 crypto.xwing.test_0...OK
65/72 crypto.sct.test_0...OK
66/72 crypto.tls_client.test_0...OK
67/72 crypto.aead.test_0...OK
68/72 crypto.ecdsa_kat.test_0...OK
69/72 crypto.ed25519_batch.test_0...OK
70/72 crypto.sign_kat.test_0...OK
71/72 crypto.tls_props.test_0...OK
72/72 crypto.tls.test_0...OK
71 passed; 0 skipped; 1 failed.
iteration=151 failed
1/72 root.test_0...OK
2/72 crypto.root.test_0...OK
3/72 daemon.root.test_0...OK
4/72 proto.root.test_0...OK
5/72 substrate.root.test_0...OK
6/72 wasm.host.root.test_0...OK
7/72 substrate.io.root.test_0...OK
8/72 substrate.ripple_props.test_0...OK
9/72 substrate.ripple.test_0...OK
10/72 substrate.undertow.root.test_0...OK
11/72 substrate.undertow.peer_link.test_0...OK
12/72 substrate.io.buf_ring.test_0...OK
13/72 substrate.io.ring.test_0...OK
14/72 proto.asn1_time.test_0...OK
15/72 proto.certfp.test_0...OK
16/72 proto.cloak.test_0...OK
17/72 proto.ircx_modex.test_0...OK
18/72 proto.ircx_saccess.test_0...OK
19/72 proto.listx.test_0...OK
20/72 proto.mooring.test_0...OK
21/72 proto.mooring_props.test_0...OK
22/72 proto.quic_handshake.test_0...OK
23/72 proto.quic_transport_params.test_0...OK
24/72 proto.sasl_external_verify.test_0...OK
25/72 proto.sasl_mechrouter.test_0...OK
26/72 proto.sasl_oauthbearer.test_0...OK
27/72 proto.sasl.test_0...OK
28/72 proto.sasl_scram512_server.test_0...OK
29/72 proto.sasl_scram.test_0...OK
30/72 proto.sasl_scram_server.test_0...OK
31/72 proto.signed_delta.test_0...OK
32/72 proto.toml.test_0...OK
33/72 proto.x509.test_0...OK
34/72 daemon.modules.manifest.test_0...OK
35/72 daemon.key_transparency.test_0...OK
36/72 daemon.acme_cli.test_0...OK
37/72 daemon.acme_http01_listener.test_0...OK
38/72 daemon.acme_renewal.test_0...OK
39/72 daemon.acme_runner.test_0...OK
40/72 daemon.config_format.test_0...OK
41/72 daemon.helix.root.test_0...OK
42/72 daemon.metrics_http.test_0...OK
43/72 daemon.webhook.test_0...OK
44/72 daemon.webhook_render.test_0...OK
45/72 daemon.webhook_http.test_0...OK
46/72 daemon.oauth_jwt.test_0...OK
47/72 daemon.ocsp_staple.test_0...OK
48/72 daemon.reactor_pool.test_0...OK
49/72 daemon.reuseport.test.OpenBSD listeners bind native IPv4 and IPv6 addresses...OpenBSD listener fixture host=::1 accept errno=AGAIN
FAIL (TestUnexpectedResult)
50/72 daemon.sasl_bridge.test_0...OK
51/72 daemon.scram_store.test_0...OK
52/72 daemon.server.test_0...OK
53/72 daemon.sessions.test_0...OK
54/72 daemon.tls_certs.test_0...OK
55/72 daemon.tls_conn.test_0...OK
56/72 daemon.tls_sni_load.test_0...OK
57/72 crypto.tls_server.test_0...OK
58/72 crypto.tls_record.test_0...OK
59/72 crypto.hkdf_tls13.test_0...OK
60/72 crypto.hash.test_0...OK
61/72 crypto.random.test_0...OK
62/72 crypto.kx.test_0...OK
63/72 crypto.sign.test_0...OK
64/72 crypto.xwing.test_0...OK
65/72 crypto.sct.test_0...OK
66/72 crypto.tls_client.test_0...OK
67/72 crypto.aead.test_0...OK
68/72 crypto.ecdsa_kat.test_0...OK
69/72 crypto.ed25519_batch.test_0...OK
70/72 crypto.sign_kat.test_0...OK
71/72 crypto.tls_props.test_0...OK
72/72 crypto.tls.test_0...OK
71 passed; 0 skipped; 1 failed.
iteration=152 failed
1/72 root.test_0...OK
2/72 crypto.root.test_0...OK
3/72 daemon.root.test_0...OK
4/72 proto.root.test_0...OK
5/72 substrate.root.test_0...OK
6/72 wasm.host.root.test_0...OK
7/72 substrate.io.root.test_0...OK
8/72 substrate.ripple_props.test_0...OK
9/72 substrate.ripple.test_0...OK
10/72 substrate.undertow.root.test_0...OK
11/72 substrate.undertow.peer_link.test_0...OK
12/72 substrate.io.buf_ring.test_0...OK
13/72 substrate.io.ring.test_0...OK
14/72 proto.asn1_time.test_0...OK
15/72 proto.certfp.test_0...OK
16/72 proto.cloak.test_0...OK
17/72 proto.ircx_modex.test_0...OK
18/72 proto.ircx_saccess.test_0...OK
19/72 proto.listx.test_0...OK
20/72 proto.mooring.test_0...OK
21/72 proto.mooring_props.test_0...OK
22/72 proto.quic_handshake.test_0...OK
23/72 proto.quic_transport_params.test_0...OK
24/72 proto.sasl_external_verify.test_0...OK
25/72 proto.sasl_mechrouter.test_0...OK
26/72 proto.sasl_oauthbearer.test_0...OK
27/72 proto.sasl.test_0...OK
28/72 proto.sasl_scram512_server.test_0...OK
29/72 proto.sasl_scram.test_0...OK
30/72 proto.sasl_scram_server.test_0...OK
31/72 proto.signed_delta.test_0...OK
32/72 proto.toml.test_0...OK
33/72 proto.x509.test_0...OK
34/72 daemon.modules.manifest.test_0...OK
35/72 daemon.key_transparency.test_0...OK
36/72 daemon.acme_cli.test_0...OK
37/72 daemon.acme_http01_listener.test_0...OK
38/72 daemon.acme_renewal.test_0...OK
39/72 daemon.acme_runner.test_0...OK
40/72 daemon.config_format.test_0...OK
41/72 daemon.helix.root.test_0...OK
42/72 daemon.metrics_http.test_0...OK
43/72 daemon.webhook.test_0...OK
44/72 daemon.webhook_render.test_0...OK
45/72 daemon.webhook_http.test_0...OK
46/72 daemon.oauth_jwt.test_0...OK
47/72 daemon.ocsp_staple.test_0...OK
48/72 daemon.reactor_pool.test_0...OK
49/72 daemon.reuseport.test.OpenBSD listeners bind native IPv4 and IPv6 addresses...OpenBSD listener fixture host=::1 accept errno=AGAIN
FAIL (TestUnexpectedResult)
50/72 daemon.sasl_bridge.test_0...OK
51/72 daemon.scram_store.test_0...OK
52/72 daemon.server.test_0...OK
53/72 daemon.sessions.test_0...OK
54/72 daemon.tls_certs.test_0...OK
55/72 daemon.tls_conn.test_0...OK
56/72 daemon.tls_sni_load.test_0...OK
57/72 crypto.tls_server.test_0...OK
58/72 crypto.tls_record.test_0...OK
59/72 crypto.hkdf_tls13.test_0...OK
60/72 crypto.hash.test_0...OK
61/72 crypto.random.test_0...OK
62/72 crypto.kx.test_0...OK
63/72 crypto.sign.test_0...OK
64/72 crypto.xwing.test_0...OK
65/72 crypto.sct.test_0...OK
66/72 crypto.tls_client.test_0...OK
67/72 crypto.aead.test_0...OK
68/72 crypto.ecdsa_kat.test_0...OK
69/72 crypto.ed25519_batch.test_0...OK
70/72 crypto.sign_kat.test_0...OK
71/72 crypto.tls_props.test_0...OK
72/72 crypto.tls.test_0...OK
71 passed; 0 skipped; 1 failed.
iteration=153 failed
1/72 root.test_0...OK
2/72 crypto.root.test_0...OK
3/72 daemon.root.test_0...OK
4/72 proto.root.test_0...OK
5/72 substrate.root.test_0...OK
6/72 wasm.host.root.test_0...OK
7/72 substrate.io.root.test_0...OK
8/72 substrate.ripple_props.test_0...OK
9/72 substrate.ripple.test_0...OK
10/72 substrate.undertow.root.test_0...OK
11/72 substrate.undertow.peer_link.test_0...OK
12/72 substrate.io.buf_ring.test_0...OK
13/72 substrate.io.ring.test_0...OK
14/72 proto.asn1_time.test_0...OK
15/72 proto.certfp.test_0...OK
16/72 proto.cloak.test_0...OK
17/72 proto.ircx_modex.test_0...OK
18/72 proto.ircx_saccess.test_0...OK
19/72 proto.listx.test_0...OK
20/72 proto.mooring.test_0...OK
21/72 proto.mooring_props.test_0...OK
22/72 proto.quic_handshake.test_0...OK
23/72 proto.quic_transport_params.test_0...OK
24/72 proto.sasl_external_verify.test_0...OK
25/72 proto.sasl_mechrouter.test_0...OK
26/72 proto.sasl_oauthbearer.test_0...OK
27/72 proto.sasl.test_0...OK
28/72 proto.sasl_scram512_server.test_0...OK
29/72 proto.sasl_scram.test_0...OK
30/72 proto.sasl_scram_server.test_0...OK
31/72 proto.signed_delta.test_0...OK
32/72 proto.toml.test_0...OK
33/72 proto.x509.test_0...OK
34/72 daemon.modules.manifest.test_0...OK
35/72 daemon.key_transparency.test_0...OK
36/72 daemon.acme_cli.test_0...OK
37/72 daemon.acme_http01_listener.test_0...OK
38/72 daemon.acme_renewal.test_0...OK
39/72 daemon.acme_runner.test_0...OK
40/72 daemon.config_format.test_0...OK
41/72 daemon.helix.root.test_0...OK
42/72 daemon.metrics_http.test_0...OK
43/72 daemon.webhook.test_0...OK
44/72 daemon.webhook_render.test_0...OK
45/72 daemon.webhook_http.test_0...OK
46/72 daemon.oauth_jwt.test_0...OK
47/72 daemon.ocsp_staple.test_0...OK
48/72 daemon.reactor_pool.test_0...OK
49/72 daemon.reuseport.test.OpenBSD listeners bind native IPv4 and IPv6 addresses...OpenBSD listener fixture host=::1 accept errno=AGAIN
FAIL (TestUnexpectedResult)
50/72 daemon.sasl_bridge.test_0...OK
51/72 daemon.scram_store.test_0...OK
52/72 daemon.server.test_0...OK
53/72 daemon.sessions.test_0...OK
54/72 daemon.tls_certs.test_0...OK
55/72 daemon.tls_conn.test_0...OK
56/72 daemon.tls_sni_load.test_0...OK
57/72 crypto.tls_server.test_0...OK
58/72 crypto.tls_record.test_0...OK
59/72 crypto.hkdf_tls13.test_0...OK
60/72 crypto.hash.test_0...OK
61/72 crypto.random.test_0...OK
62/72 crypto.kx.test_0...OK
63/72 crypto.sign.test_0...OK
64/72 crypto.xwing.test_0...OK
65/72 crypto.sct.test_0...OK
66/72 crypto.tls_client.test_0...OK
67/72 crypto.aead.test_0...OK
68/72 crypto.ecdsa_kat.test_0...OK
69/72 crypto.ed25519_batch.test_0...OK
70/72 crypto.sign_kat.test_0...OK
71/72 crypto.tls_props.test_0...OK
72/72 crypto.tls.test_0...OK
71 passed; 0 skipped; 1 failed.
iteration=157 failed
1/72 root.test_0...OK
2/72 crypto.root.test_0...OK
3/72 daemon.root.test_0...OK
4/72 proto.root.test_0...OK
5/72 substrate.root.test_0...OK
6/72 wasm.host.root.test_0...OK
7/72 substrate.io.root.test_0...OK
8/72 substrate.ripple_props.test_0...OK
9/72 substrate.ripple.test_0...OK
10/72 substrate.undertow.root.test_0...OK
11/72 substrate.undertow.peer_link.test_0...OK
12/72 substrate.io.buf_ring.test_0...OK
13/72 substrate.io.ring.test_0...OK
14/72 proto.asn1_time.test_0...OK
15/72 proto.certfp.test_0...OK
16/72 proto.cloak.test_0...OK
17/72 proto.ircx_modex.test_0...OK
18/72 proto.ircx_saccess.test_0...OK
19/72 proto.listx.test_0...OK
20/72 proto.mooring.test_0...OK
21/72 proto.mooring_props.test_0...OK
22/72 proto.quic_handshake.test_0...OK
23/72 proto.quic_transport_params.test_0...OK
24/72 proto.sasl_external_verify.test_0...OK
25/72 proto.sasl_mechrouter.test_0...OK
26/72 proto.sasl_oauthbearer.test_0...OK
27/72 proto.sasl.test_0...OK
28/72 proto.sasl_scram512_server.test_0...OK
29/72 proto.sasl_scram.test_0...OK
30/72 proto.sasl_scram_server.test_0...OK
31/72 proto.signed_delta.test_0...OK
32/72 proto.toml.test_0...OK
33/72 proto.x509.test_0...OK
34/72 daemon.modules.manifest.test_0...OK
35/72 daemon.key_transparency.test_0...OK
36/72 daemon.acme_cli.test_0...OK
37/72 daemon.acme_http01_listener.test_0...OK
38/72 daemon.acme_renewal.test_0...OK
39/72 daemon.acme_runner.test_0...OK
40/72 daemon.config_format.test_0...OK
41/72 daemon.helix.root.test_0...OK
42/72 daemon.metrics_http.test_0...OK
43/72 daemon.webhook.test_0...OK
44/72 daemon.webhook_render.test_0...OK
45/72 daemon.webhook_http.test_0...OK
46/72 daemon.oauth_jwt.test_0...OK
47/72 daemon.ocsp_staple.test_0...OK
48/72 daemon.reactor_pool.test_0...OK
49/72 daemon.reuseport.test.OpenBSD listeners bind native IPv4 and IPv6 addresses...OpenBSD listener fixture host=::1 accept errno=AGAIN
FAIL (TestUnexpectedResult)
50/72 daemon.sasl_bridge.test_0...OK
51/72 daemon.scram_store.test_0...OK
52/72 daemon.server.test_0...OK
53/72 daemon.sessions.test_0...OK
54/72 daemon.tls_certs.test_0...OK
55/72 daemon.tls_conn.test_0...OK
56/72 daemon.tls_sni_load.test_0...OK
57/72 crypto.tls_server.test_0...OK
58/72 crypto.tls_record.test_0...OK
59/72 crypto.hkdf_tls13.test_0...OK
60/72 crypto.hash.test_0...OK
61/72 crypto.random.test_0...OK
62/72 crypto.kx.test_0...OK
63/72 crypto.sign.test_0...OK
64/72 crypto.xwing.test_0...OK
65/72 crypto.sct.test_0...OK
66/72 crypto.tls_client.test_0...OK
67/72 crypto.aead.test_0...OK
68/72 crypto.ecdsa_kat.test_0...OK
69/72 crypto.ed25519_batch.test_0...OK
70/72 crypto.sign_kat.test_0...OK
71/72 crypto.tls_props.test_0...OK
72/72 crypto.tls.test_0...OK
71 passed; 0 skipped; 1 failed.
iteration=158 failed
1/72 root.test_0...OK
2/72 crypto.root.test_0...OK
3/72 daemon.root.test_0...OK
4/72 proto.root.test_0...OK
5/72 substrate.root.test_0...OK
6/72 wasm.host.root.test_0...OK
7/72 substrate.io.root.test_0...OK
8/72 substrate.ripple_props.test_0...OK
9/72 substrate.ripple.test_0...OK
10/72 substrate.undertow.root.test_0...OK
11/72 substrate.undertow.peer_link.test_0...OK
12/72 substrate.io.buf_ring.test_0...OK
13/72 substrate.io.ring.test_0...OK
14/72 proto.asn1_time.test_0...OK
15/72 proto.certfp.test_0...OK
16/72 proto.cloak.test_0...OK
17/72 proto.ircx_modex.test_0...OK
18/72 proto.ircx_saccess.test_0...OK
19/72 proto.listx.test_0...OK
20/72 proto.mooring.test_0...OK
21/72 proto.mooring_props.test_0...OK
22/72 proto.quic_handshake.test_0...OK
23/72 proto.quic_transport_params.test_0...OK
24/72 proto.sasl_external_verify.test_0...OK
25/72 proto.sasl_mechrouter.test_0...OK
26/72 proto.sasl_oauthbearer.test_0...OK
27/72 proto.sasl.test_0...OK
28/72 proto.sasl_scram512_server.test_0...OK
29/72 proto.sasl_scram.test_0...OK
30/72 proto.sasl_scram_server.test_0...OK
31/72 proto.signed_delta.test_0...OK
32/72 proto.toml.test_0...OK
33/72 proto.x509.test_0...OK
34/72 daemon.modules.manifest.test_0...OK
35/72 daemon.key_transparency.test_0...OK
36/72 daemon.acme_cli.test_0...OK
37/72 daemon.acme_http01_listener.test_0...OK
38/72 daemon.acme_renewal.test_0...OK
39/72 daemon.acme_runner.test_0...OK
40/72 daemon.config_format.test_0...OK
41/72 daemon.helix.root.test_0...OK
42/72 daemon.metrics_http.test_0...OK
43/72 daemon.webhook.test_0...OK
44/72 daemon.webhook_render.test_0...OK
45/72 daemon.webhook_http.test_0...OK
46/72 daemon.oauth_jwt.test_0...OK
47/72 daemon.ocsp_staple.test_0...OK
48/72 daemon.reactor_pool.test_0...OK
49/72 daemon.reuseport.test.OpenBSD listeners bind native IPv4 and IPv6 addresses...OpenBSD listener fixture host=::1 accept errno=AGAIN
FAIL (TestUnexpectedResult)
50/72 daemon.sasl_bridge.test_0...OK
51/72 daemon.scram_store.test_0...OK
52/72 daemon.server.test_0...OK
53/72 daemon.sessions.test_0...OK
54/72 daemon.tls_certs.test_0...OK
55/72 daemon.tls_conn.test_0...OK
56/72 daemon.tls_sni_load.test_0...OK
57/72 crypto.tls_server.test_0...OK
58/72 crypto.tls_record.test_0...OK
59/72 crypto.hkdf_tls13.test_0...OK
60/72 crypto.hash.test_0...OK
61/72 crypto.random.test_0...OK
62/72 crypto.kx.test_0...OK
63/72 crypto.sign.test_0...OK
64/72 crypto.xwing.test_0...OK
65/72 crypto.sct.test_0...OK
66/72 crypto.tls_client.test_0...OK
67/72 crypto.aead.test_0...OK
68/72 crypto.ecdsa_kat.test_0...OK
69/72 crypto.ed25519_batch.test_0...OK
70/72 crypto.sign_kat.test_0...OK
71/72 crypto.tls_props.test_0...OK
72/72 crypto.tls.test_0...OK
71 passed; 0 skipped; 1 failed.
iteration=159 failed
1/72 root.test_0...OK
2/72 crypto.root.test_0...OK
3/72 daemon.root.test_0...OK
4/72 proto.root.test_0...OK
5/72 substrate.root.test_0...OK
6/72 wasm.host.root.test_0...OK
7/72 substrate.io.root.test_0...OK
8/72 substrate.ripple_props.test_0...OK
9/72 substrate.ripple.test_0...OK
10/72 substrate.undertow.root.test_0...OK
11/72 substrate.undertow.peer_link.test_0...OK
12/72 substrate.io.buf_ring.test_0...OK
13/72 substrate.io.ring.test_0...OK
14/72 proto.asn1_time.test_0...OK
15/72 proto.certfp.test_0...OK
16/72 proto.cloak.test_0...OK
17/72 proto.ircx_modex.test_0...OK
18/72 proto.ircx_saccess.test_0...OK
19/72 proto.listx.test_0...OK
20/72 proto.mooring.test_0...OK
21/72 proto.mooring_props.test_0...OK
22/72 proto.quic_handshake.test_0...OK
23/72 proto.quic_transport_params.test_0...OK
24/72 proto.sasl_external_verify.test_0...OK
25/72 proto.sasl_mechrouter.test_0...OK
26/72 proto.sasl_oauthbearer.test_0...OK
27/72 proto.sasl.test_0...OK
28/72 proto.sasl_scram512_server.test_0...OK
29/72 proto.sasl_scram.test_0...OK
30/72 proto.sasl_scram_server.test_0...OK
31/72 proto.signed_delta.test_0...OK
32/72 proto.toml.test_0...OK
33/72 proto.x509.test_0...OK
34/72 daemon.modules.manifest.test_0...OK
35/72 daemon.key_transparency.test_0...OK
36/72 daemon.acme_cli.test_0...OK
37/72 daemon.acme_http01_listener.test_0...OK
38/72 daemon.acme_renewal.test_0...OK
39/72 daemon.acme_runner.test_0...OK
40/72 daemon.config_format.test_0...OK
41/72 daemon.helix.root.test_0...OK
42/72 daemon.metrics_http.test_0...OK
43/72 daemon.webhook.test_0...OK
44/72 daemon.webhook_render.test_0...OK
45/72 daemon.webhook_http.test_0...OK
46/72 daemon.oauth_jwt.test_0...OK
47/72 daemon.ocsp_staple.test_0...OK
48/72 daemon.reactor_pool.test_0...OK
49/72 daemon.reuseport.test.OpenBSD listeners bind native IPv4 and IPv6 addresses...OpenBSD listener fixture host=::1 accept errno=AGAIN
FAIL (TestUnexpectedResult)
50/72 daemon.sasl_bridge.test_0...OK
51/72 daemon.scram_store.test_0...OK
52/72 daemon.server.test_0...OK
53/72 daemon.sessions.test_0...OK
54/72 daemon.tls_certs.test_0...OK
55/72 daemon.tls_conn.test_0...OK
56/72 daemon.tls_sni_load.test_0...OK
57/72 crypto.tls_server.test_0...OK
58/72 crypto.tls_record.test_0...OK
59/72 crypto.hkdf_tls13.test_0...OK
60/72 crypto.hash.test_0...OK
61/72 crypto.random.test_0...OK
62/72 crypto.kx.test_0...OK
63/72 crypto.sign.test_0...OK
64/72 crypto.xwing.test_0...OK
65/72 crypto.sct.test_0...OK
66/72 crypto.tls_client.test_0...OK
67/72 crypto.aead.test_0...OK
68/72 crypto.ecdsa_kat.test_0...OK
69/72 crypto.ed25519_batch.test_0...OK
70/72 crypto.sign_kat.test_0...OK
71/72 crypto.tls_props.test_0...OK
72/72 crypto.tls.test_0...OK
71 passed; 0 skipped; 1 failed.
iteration=160 failed
1/72 root.test_0...OK
2/72 crypto.root.test_0...OK
3/72 daemon.root.test_0...OK
4/72 proto.root.test_0...OK
5/72 substrate.root.test_0...OK
6/72 wasm.host.root.test_0...OK
7/72 substrate.io.root.test_0...OK
8/72 substrate.ripple_props.test_0...OK
9/72 substrate.ripple.test_0...OK
10/72 substrate.undertow.root.test_0...OK
11/72 substrate.undertow.peer_link.test_0...OK
12/72 substrate.io.buf_ring.test_0...OK
13/72 substrate.io.ring.test_0...OK
14/72 proto.asn1_time.test_0...OK
15/72 proto.certfp.test_0...OK
16/72 proto.cloak.test_0...OK
17/72 proto.ircx_modex.test_0...OK
18/72 proto.ircx_saccess.test_0...OK
19/72 proto.listx.test_0...OK
20/72 proto.mooring.test_0...OK
21/72 proto.mooring_props.test_0...OK
22/72 proto.quic_handshake.test_0...OK
23/72 proto.quic_transport_params.test_0...OK
24/72 proto.sasl_external_verify.test_0...OK
25/72 proto.sasl_mechrouter.test_0...OK
26/72 proto.sasl_oauthbearer.test_0...OK
27/72 proto.sasl.test_0...OK
28/72 proto.sasl_scram512_server.test_0...OK
29/72 proto.sasl_scram.test_0...OK
30/72 proto.sasl_scram_server.test_0...OK
31/72 proto.signed_delta.test_0...OK
32/72 proto.toml.test_0...OK
33/72 proto.x509.test_0...OK
34/72 daemon.modules.manifest.test_0...OK
35/72 daemon.key_transparency.test_0...OK
36/72 daemon.acme_cli.test_0...OK
37/72 daemon.acme_http01_listener.test_0...OK
38/72 daemon.acme_renewal.test_0...OK
39/72 daemon.acme_runner.test_0...OK
40/72 daemon.config_format.test_0...OK
41/72 daemon.helix.root.test_0...OK
42/72 daemon.metrics_http.test_0...OK
43/72 daemon.webhook.test_0...OK
44/72 daemon.webhook_render.test_0...OK
45/72 daemon.webhook_http.test_0...OK
46/72 daemon.oauth_jwt.test_0...OK
47/72 daemon.ocsp_staple.test_0...OK
48/72 daemon.reactor_pool.test_0...OK
49/72 daemon.reuseport.test.OpenBSD listeners bind native IPv4 and IPv6 addresses...OpenBSD listener fixture host=::1 accept errno=AGAIN
FAIL (TestUnexpectedResult)
50/72 daemon.sasl_bridge.test_0...OK
51/72 daemon.scram_store.test_0...OK
52/72 daemon.server.test_0...OK
53/72 daemon.sessions.test_0...OK
54/72 daemon.tls_certs.test_0...OK
55/72 daemon.tls_conn.test_0...OK
56/72 daemon.tls_sni_load.test_0...OK
57/72 crypto.tls_server.test_0...OK
58/72 crypto.tls_record.test_0...OK
59/72 crypto.hkdf_tls13.test_0...OK
60/72 crypto.hash.test_0...OK
61/72 crypto.random.test_0...OK
62/72 crypto.kx.test_0...OK
63/72 crypto.sign.test_0...OK
64/72 crypto.xwing.test_0...OK
65/72 crypto.sct.test_0...OK
66/72 crypto.tls_client.test_0...OK
67/72 crypto.aead.test_0...OK
68/72 crypto.ecdsa_kat.test_0...OK
69/72 crypto.ed25519_batch.test_0...OK
70/72 crypto.sign_kat.test_0...OK
71/72 crypto.tls_props.test_0...OK
72/72 crypto.tls.test_0...OK
71 passed; 0 skipped; 1 failed.
iteration=164 failed
1/72 root.test_0...OK
2/72 crypto.root.test_0...OK
3/72 daemon.root.test_0...OK
4/72 proto.root.test_0...OK
5/72 substrate.root.test_0...OK
6/72 wasm.host.root.test_0...OK
7/72 substrate.io.root.test_0...OK
8/72 substrate.ripple_props.test_0...OK
9/72 substrate.ripple.test_0...OK
10/72 substrate.undertow.root.test_0...OK
11/72 substrate.undertow.peer_link.test_0...OK
12/72 substrate.io.buf_ring.test_0...OK
13/72 substrate.io.ring.test_0...OK
14/72 proto.asn1_time.test_0...OK
15/72 proto.certfp.test_0...OK
16/72 proto.cloak.test_0...OK
17/72 proto.ircx_modex.test_0...OK
18/72 proto.ircx_saccess.test_0...OK
19/72 proto.listx.test_0...OK
20/72 proto.mooring.test_0...OK
21/72 proto.mooring_props.test_0...OK
22/72 proto.quic_handshake.test_0...OK
23/72 proto.quic_transport_params.test_0...OK
24/72 proto.sasl_external_verify.test_0...OK
25/72 proto.sasl_mechrouter.test_0...OK
26/72 proto.sasl_oauthbearer.test_0...OK
27/72 proto.sasl.test_0...OK
28/72 proto.sasl_scram512_server.test_0...OK
29/72 proto.sasl_scram.test_0...OK
30/72 proto.sasl_scram_server.test_0...OK
31/72 proto.signed_delta.test_0...OK
32/72 proto.toml.test_0...OK
33/72 proto.x509.test_0...OK
34/72 daemon.modules.manifest.test_0...OK
35/72 daemon.key_transparency.test_0...OK
36/72 daemon.acme_cli.test_0...OK
37/72 daemon.acme_http01_listener.test_0...OK
38/72 daemon.acme_renewal.test_0...OK
39/72 daemon.acme_runner.test_0...OK
40/72 daemon.config_format.test_0...OK
41/72 daemon.helix.root.test_0...OK
42/72 daemon.metrics_http.test_0...OK
43/72 daemon.webhook.test_0...OK
44/72 daemon.webhook_render.test_0...OK
45/72 daemon.webhook_http.test_0...OK
46/72 daemon.oauth_jwt.test_0...OK
47/72 daemon.ocsp_staple.test_0...OK
48/72 daemon.reactor_pool.test_0...OK
49/72 daemon.reuseport.test.OpenBSD listeners bind native IPv4 and IPv6 addresses...OpenBSD listener fixture host=::1 accept errno=AGAIN
FAIL (TestUnexpectedResult)
50/72 daemon.sasl_bridge.test_0...OK
51/72 daemon.scram_store.test_0...OK
52/72 daemon.server.test_0...OK
53/72 daemon.sessions.test_0...OK
54/72 daemon.tls_certs.test_0...OK
55/72 daemon.tls_conn.test_0...OK
56/72 daemon.tls_sni_load.test_0...OK
57/72 crypto.tls_server.test_0...OK
58/72 crypto.tls_record.test_0...OK
59/72 crypto.hkdf_tls13.test_0...OK
60/72 crypto.hash.test_0...OK
61/72 crypto.random.test_0...OK
62/72 crypto.kx.test_0...OK
63/72 crypto.sign.test_0...OK
64/72 crypto.xwing.test_0...OK
65/72 crypto.sct.test_0...OK
66/72 crypto.tls_client.test_0...OK
67/72 crypto.aead.test_0...OK
68/72 crypto.ecdsa_kat.test_0...OK
69/72 crypto.ed25519_batch.test_0...OK
70/72 crypto.sign_kat.test_0...OK
71/72 crypto.tls_props.test_0...OK
72/72 crypto.tls.test_0...OK
71 passed; 0 skipped; 1 failed.
iteration=165 failed
1/72 root.test_0...OK
2/72 crypto.root.test_0...OK
3/72 daemon.root.test_0...OK
4/72 proto.root.test_0...OK
5/72 substrate.root.test_0...OK
6/72 wasm.host.root.test_0...OK
7/72 substrate.io.root.test_0...OK
8/72 substrate.ripple_props.test_0...OK
9/72 substrate.ripple.test_0...OK
10/72 substrate.undertow.root.test_0...OK
11/72 substrate.undertow.peer_link.test_0...OK
12/72 substrate.io.buf_ring.test_0...OK
13/72 substrate.io.ring.test_0...OK
14/72 proto.asn1_time.test_0...OK
15/72 proto.certfp.test_0...OK
16/72 proto.cloak.test_0...OK
17/72 proto.ircx_modex.test_0...OK
18/72 proto.ircx_saccess.test_0...OK
19/72 proto.listx.test_0...OK
20/72 proto.mooring.test_0...OK
21/72 proto.mooring_props.test_0...OK
22/72 proto.quic_handshake.test_0...OK
23/72 proto.quic_transport_params.test_0...OK
24/72 proto.sasl_external_verify.test_0...OK
25/72 proto.sasl_mechrouter.test_0...OK
26/72 proto.sasl_oauthbearer.test_0...OK
27/72 proto.sasl.test_0...OK
28/72 proto.sasl_scram512_server.test_0...OK
29/72 proto.sasl_scram.test_0...OK
30/72 proto.sasl_scram_server.test_0...OK
31/72 proto.signed_delta.test_0...OK
32/72 proto.toml.test_0...OK
33/72 proto.x509.test_0...OK
34/72 daemon.modules.manifest.test_0...OK
35/72 daemon.key_transparency.test_0...OK
36/72 daemon.acme_cli.test_0...OK
37/72 daemon.acme_http01_listener.test_0...OK
38/72 daemon.acme_renewal.test_0...OK
39/72 daemon.acme_runner.test_0...OK
40/72 daemon.config_format.test_0...OK
41/72 daemon.helix.root.test_0...OK
42/72 daemon.metrics_http.test_0...OK
43/72 daemon.webhook.test_0...OK
44/72 daemon.webhook_render.test_0...OK
45/72 daemon.webhook_http.test_0...OK
46/72 daemon.oauth_jwt.test_0...OK
47/72 daemon.ocsp_staple.test_0...OK
48/72 daemon.reactor_pool.test_0...OK
49/72 daemon.reuseport.test.OpenBSD listeners bind native IPv4 and IPv6 addresses...OpenBSD listener fixture host=::1 accept errno=AGAIN
FAIL (TestUnexpectedResult)
50/72 daemon.sasl_bridge.test_0...OK
51/72 daemon.scram_store.test_0...OK
52/72 daemon.server.test_0...OK
53/72 daemon.sessions.test_0...OK
54/72 daemon.tls_certs.test_0...OK
55/72 daemon.tls_conn.test_0...OK
56/72 daemon.tls_sni_load.test_0...OK
57/72 crypto.tls_server.test_0...OK
58/72 crypto.tls_record.test_0...OK
59/72 crypto.hkdf_tls13.test_0...OK
60/72 crypto.hash.test_0...OK
61/72 crypto.random.test_0...OK
62/72 crypto.kx.test_0...OK
63/72 crypto.sign.test_0...OK
64/72 crypto.xwing.test_0...OK
65/72 crypto.sct.test_0...OK
66/72 crypto.tls_client.test_0...OK
67/72 crypto.aead.test_0...OK
68/72 crypto.ecdsa_kat.test_0...OK
69/72 crypto.ed25519_batch.test_0...OK
70/72 crypto.sign_kat.test_0...OK
71/72 crypto.tls_props.test_0...OK
72/72 crypto.tls.test_0...OK
71 passed; 0 skipped; 1 failed.
iteration=166 failed
1/72 root.test_0...OK
2/72 crypto.root.test_0...OK
3/72 daemon.root.test_0...OK
4/72 proto.root.test_0...OK
5/72 substrate.root.test_0...OK
6/72 wasm.host.root.test_0...OK
7/72 substrate.io.root.test_0...OK
8/72 substrate.ripple_props.test_0...OK
9/72 substrate.ripple.test_0...OK
10/72 substrate.undertow.root.test_0...OK
11/72 substrate.undertow.peer_link.test_0...OK
12/72 substrate.io.buf_ring.test_0...OK
13/72 substrate.io.ring.test_0...OK
14/72 proto.asn1_time.test_0...OK
15/72 proto.certfp.test_0...OK
16/72 proto.cloak.test_0...OK
17/72 proto.ircx_modex.test_0...OK
18/72 proto.ircx_saccess.test_0...OK
19/72 proto.listx.test_0...OK
20/72 proto.mooring.test_0...OK
21/72 proto.mooring_props.test_0...OK
22/72 proto.quic_handshake.test_0...OK
23/72 proto.quic_transport_params.test_0...OK
24/72 proto.sasl_external_verify.test_0...OK
25/72 proto.sasl_mechrouter.test_0...OK
26/72 proto.sasl_oauthbearer.test_0...OK
27/72 proto.sasl.test_0...OK
28/72 proto.sasl_scram512_server.test_0...OK
29/72 proto.sasl_scram.test_0...OK
30/72 proto.sasl_scram_server.test_0...OK
31/72 proto.signed_delta.test_0...OK
32/72 proto.toml.test_0...OK
33/72 proto.x509.test_0...OK
34/72 daemon.modules.manifest.test_0...OK
35/72 daemon.key_transparency.test_0...OK
36/72 daemon.acme_cli.test_0...OK
37/72 daemon.acme_http01_listener.test_0...OK
38/72 daemon.acme_renewal.test_0...OK
39/72 daemon.acme_runner.test_0...OK
40/72 daemon.config_format.test_0...OK
41/72 daemon.helix.root.test_0...OK
42/72 daemon.metrics_http.test_0...OK
43/72 daemon.webhook.test_0...OK
44/72 daemon.webhook_render.test_0...OK
45/72 daemon.webhook_http.test_0...OK
46/72 daemon.oauth_jwt.test_0...OK
47/72 daemon.ocsp_staple.test_0...OK
48/72 daemon.reactor_pool.test_0...OK
49/72 daemon.reuseport.test.OpenBSD listeners bind native IPv4 and IPv6 addresses...OpenBSD listener fixture host=::1 accept errno=AGAIN
FAIL (TestUnexpectedResult)
50/72 daemon.sasl_bridge.test_0...OK
51/72 daemon.scram_store.test_0...OK
52/72 daemon.server.test_0...OK
53/72 daemon.sessions.test_0...OK
54/72 daemon.tls_certs.test_0...OK
55/72 daemon.tls_conn.test_0...OK
56/72 daemon.tls_sni_load.test_0...OK
57/72 crypto.tls_server.test_0...OK
58/72 crypto.tls_record.test_0...OK
59/72 crypto.hkdf_tls13.test_0...OK
60/72 crypto.hash.test_0...OK
61/72 crypto.random.test_0...OK
62/72 crypto.kx.test_0...OK
63/72 crypto.sign.test_0...OK
64/72 crypto.xwing.test_0...OK
65/72 crypto.sct.test_0...OK
66/72 crypto.tls_client.test_0...OK
67/72 crypto.aead.test_0...OK
68/72 crypto.ecdsa_kat.test_0...OK
69/72 crypto.ed25519_batch.test_0...OK
70/72 crypto.sign_kat.test_0...OK
71/72 crypto.tls_props.test_0...OK
72/72 crypto.tls.test_0...OK
71 passed; 0 skipped; 1 failed.
iteration=168 failed
1/72 root.test_0...OK
2/72 crypto.root.test_0...OK
3/72 daemon.root.test_0...OK
4/72 proto.root.test_0...OK
5/72 substrate.root.test_0...OK
6/72 wasm.host.root.test_0...OK
7/72 substrate.io.root.test_0...OK
8/72 substrate.ripple_props.test_0...OK
9/72 substrate.ripple.test_0...OK
10/72 substrate.undertow.root.test_0...OK
11/72 substrate.undertow.peer_link.test_0...OK
12/72 substrate.io.buf_ring.test_0...OK
13/72 substrate.io.ring.test_0...OK
14/72 proto.asn1_time.test_0...OK
15/72 proto.certfp.test_0...OK
16/72 proto.cloak.test_0...OK
17/72 proto.ircx_modex.test_0...OK
18/72 proto.ircx_saccess.test_0...OK
19/72 proto.listx.test_0...OK
20/72 proto.mooring.test_0...OK
21/72 proto.mooring_props.test_0...OK
22/72 proto.quic_handshake.test_0...OK
23/72 proto.quic_transport_params.test_0...OK
24/72 proto.sasl_external_verify.test_0...OK
25/72 proto.sasl_mechrouter.test_0...OK
26/72 proto.sasl_oauthbearer.test_0...OK
27/72 proto.sasl.test_0...OK
28/72 proto.sasl_scram512_server.test_0...OK
29/72 proto.sasl_scram.test_0...OK
30/72 proto.sasl_scram_server.test_0...OK
31/72 proto.signed_delta.test_0...OK
32/72 proto.toml.test_0...OK
33/72 proto.x509.test_0...OK
34/72 daemon.modules.manifest.test_0...OK
35/72 daemon.key_transparency.test_0...OK
36/72 daemon.acme_cli.test_0...OK
37/72 daemon.acme_http01_listener.test_0...OK
38/72 daemon.acme_renewal.test_0...OK
39/72 daemon.acme_runner.test_0...OK
40/72 daemon.config_format.test_0...OK
41/72 daemon.helix.root.test_0...OK
42/72 daemon.metrics_http.test_0...OK
43/72 daemon.webhook.test_0...OK
44/72 daemon.webhook_render.test_0...OK
45/72 daemon.webhook_http.test_0...OK
46/72 daemon.oauth_jwt.test_0...OK
47/72 daemon.ocsp_staple.test_0...OK
48/72 daemon.reactor_pool.test_0...OK
49/72 daemon.reuseport.test.OpenBSD listeners bind native IPv4 and IPv6 addresses...OpenBSD listener fixture host=::1 accept errno=AGAIN
FAIL (TestUnexpectedResult)
50/72 daemon.sasl_bridge.test_0...OK
51/72 daemon.scram_store.test_0...OK
52/72 daemon.server.test_0...OK
53/72 daemon.sessions.test_0...OK
54/72 daemon.tls_certs.test_0...OK
55/72 daemon.tls_conn.test_0...OK
56/72 daemon.tls_sni_load.test_0...OK
57/72 crypto.tls_server.test_0...OK
58/72 crypto.tls_record.test_0...OK
59/72 crypto.hkdf_tls13.test_0...OK
60/72 crypto.hash.test_0...OK
61/72 crypto.random.test_0...OK
62/72 crypto.kx.test_0...OK
63/72 crypto.sign.test_0...OK
64/72 crypto.xwing.test_0...OK
65/72 crypto.sct.test_0...OK
66/72 crypto.tls_client.test_0...OK
67/72 crypto.aead.test_0...OK
68/72 crypto.ecdsa_kat.test_0...OK
69/72 crypto.ed25519_batch.test_0...OK
70/72 crypto.sign_kat.test_0...OK
71/72 crypto.tls_props.test_0...OK
72/72 crypto.tls.test_0...OK
71 passed; 0 skipped; 1 failed.
iteration=170 failed
1/72 root.test_0...OK
2/72 crypto.root.test_0...OK
3/72 daemon.root.test_0...OK
4/72 proto.root.test_0...OK
5/72 substrate.root.test_0...OK
6/72 wasm.host.root.test_0...OK
7/72 substrate.io.root.test_0...OK
8/72 substrate.ripple_props.test_0...OK
9/72 substrate.ripple.test_0...OK
10/72 substrate.undertow.root.test_0...OK
11/72 substrate.undertow.peer_link.test_0...OK
12/72 substrate.io.buf_ring.test_0...OK
13/72 substrate.io.ring.test_0...OK
14/72 proto.asn1_time.test_0...OK
15/72 proto.certfp.test_0...OK
16/72 proto.cloak.test_0...OK
17/72 proto.ircx_modex.test_0...OK
18/72 proto.ircx_saccess.test_0...OK
19/72 proto.listx.test_0...OK
20/72 proto.mooring.test_0...OK
21/72 proto.mooring_props.test_0...OK
22/72 proto.quic_handshake.test_0...OK
23/72 proto.quic_transport_params.test_0...OK
24/72 proto.sasl_external_verify.test_0...OK
25/72 proto.sasl_mechrouter.test_0...OK
26/72 proto.sasl_oauthbearer.test_0...OK
27/72 proto.sasl.test_0...OK
28/72 proto.sasl_scram512_server.test_0...OK
29/72 proto.sasl_scram.test_0...OK
30/72 proto.sasl_scram_server.test_0...OK
31/72 proto.signed_delta.test_0...OK
32/72 proto.toml.test_0...OK
33/72 proto.x509.test_0...OK
34/72 daemon.modules.manifest.test_0...OK
35/72 daemon.key_transparency.test_0...OK
36/72 daemon.acme_cli.test_0...OK
37/72 daemon.acme_http01_listener.test_0...OK
38/72 daemon.acme_renewal.test_0...OK
39/72 daemon.acme_runner.test_0...OK
40/72 daemon.config_format.test_0...OK
41/72 daemon.helix.root.test_0...OK
42/72 daemon.metrics_http.test_0...OK
43/72 daemon.webhook.test_0...OK
44/72 daemon.webhook_render.test_0...OK
45/72 daemon.webhook_http.test_0...OK
46/72 daemon.oauth_jwt.test_0...OK
47/72 daemon.ocsp_staple.test_0...OK
48/72 daemon.reactor_pool.test_0...OK
49/72 daemon.reuseport.test.OpenBSD listeners bind native IPv4 and IPv6 addresses...OpenBSD listener fixture host=::1 accept errno=AGAIN
FAIL (TestUnexpectedResult)
50/72 daemon.sasl_bridge.test_0...OK
51/72 daemon.scram_store.test_0...OK
52/72 daemon.server.test_0...OK
53/72 daemon.sessions.test_0...OK
54/72 daemon.tls_certs.test_0...OK
55/72 daemon.tls_conn.test_0...OK
56/72 daemon.tls_sni_load.test_0...OK
57/72 crypto.tls_server.test_0...OK
58/72 crypto.tls_record.test_0...OK
59/72 crypto.hkdf_tls13.test_0...OK
60/72 crypto.hash.test_0...OK
61/72 crypto.random.test_0...OK
62/72 crypto.kx.test_0...OK
63/72 crypto.sign.test_0...OK
64/72 crypto.xwing.test_0...OK
65/72 crypto.sct.test_0...OK
66/72 crypto.tls_client.test_0...OK
67/72 crypto.aead.test_0...OK
68/72 crypto.ecdsa_kat.test_0...OK
69/72 crypto.ed25519_batch.test_0...OK
70/72 crypto.sign_kat.test_0...OK
71/72 crypto.tls_props.test_0...OK
72/72 crypto.tls.test_0...OK
71 passed; 0 skipped; 1 failed.
iteration=171 failed
1/72 root.test_0...OK
2/72 crypto.root.test_0...OK
3/72 daemon.root.test_0...OK
4/72 proto.root.test_0...OK
5/72 substrate.root.test_0...OK
6/72 wasm.host.root.test_0...OK
7/72 substrate.io.root.test_0...OK
8/72 substrate.ripple_props.test_0...OK
9/72 substrate.ripple.test_0...OK
10/72 substrate.undertow.root.test_0...OK
11/72 substrate.undertow.peer_link.test_0...OK
12/72 substrate.io.buf_ring.test_0...OK
13/72 substrate.io.ring.test_0...OK
14/72 proto.asn1_time.test_0...OK
15/72 proto.certfp.test_0...OK
16/72 proto.cloak.test_0...OK
17/72 proto.ircx_modex.test_0...OK
18/72 proto.ircx_saccess.test_0...OK
19/72 proto.listx.test_0...OK
20/72 proto.mooring.test_0...OK
21/72 proto.mooring_props.test_0...OK
22/72 proto.quic_handshake.test_0...OK
23/72 proto.quic_transport_params.test_0...OK
24/72 proto.sasl_external_verify.test_0...OK
25/72 proto.sasl_mechrouter.test_0...OK
26/72 proto.sasl_oauthbearer.test_0...OK
27/72 proto.sasl.test_0...OK
28/72 proto.sasl_scram512_server.test_0...OK
29/72 proto.sasl_scram.test_0...OK
30/72 proto.sasl_scram_server.test_0...OK
31/72 proto.signed_delta.test_0...OK
32/72 proto.toml.test_0...OK
33/72 proto.x509.test_0...OK
34/72 daemon.modules.manifest.test_0...OK
35/72 daemon.key_transparency.test_0...OK
36/72 daemon.acme_cli.test_0...OK
37/72 daemon.acme_http01_listener.test_0...OK
38/72 daemon.acme_renewal.test_0...OK
39/72 daemon.acme_runner.test_0...OK
40/72 daemon.config_format.test_0...OK
41/72 daemon.helix.root.test_0...OK
42/72 daemon.metrics_http.test_0...OK
43/72 daemon.webhook.test_0...OK
44/72 daemon.webhook_render.test_0...OK
45/72 daemon.webhook_http.test_0...OK
46/72 daemon.oauth_jwt.test_0...OK
47/72 daemon.ocsp_staple.test_0...OK
48/72 daemon.reactor_pool.test_0...OK
49/72 daemon.reuseport.test.OpenBSD listeners bind native IPv4 and IPv6 addresses...OpenBSD listener fixture host=::1 accept errno=AGAIN
FAIL (TestUnexpectedResult)
50/72 daemon.sasl_bridge.test_0...OK
51/72 daemon.scram_store.test_0...OK
52/72 daemon.server.test_0...OK
53/72 daemon.sessions.test_0...OK
54/72 daemon.tls_certs.test_0...OK
55/72 daemon.tls_conn.test_0...OK
56/72 daemon.tls_sni_load.test_0...OK
57/72 crypto.tls_server.test_0...OK
58/72 crypto.tls_record.test_0...OK
59/72 crypto.hkdf_tls13.test_0...OK
60/72 crypto.hash.test_0...OK
61/72 crypto.random.test_0...OK
62/72 crypto.kx.test_0...OK
63/72 crypto.sign.test_0...OK
64/72 crypto.xwing.test_0...OK
65/72 crypto.sct.test_0...OK
66/72 crypto.tls_client.test_0...OK
67/72 crypto.aead.test_0...OK
68/72 crypto.ecdsa_kat.test_0...OK
69/72 crypto.ed25519_batch.test_0...OK
70/72 crypto.sign_kat.test_0...OK
71/72 crypto.tls_props.test_0...OK
72/72 crypto.tls.test_0...OK
71 passed; 0 skipped; 1 failed.
iteration=172 failed
1/72 root.test_0...OK
2/72 crypto.root.test_0...OK
3/72 daemon.root.test_0...OK
4/72 proto.root.test_0...OK
5/72 substrate.root.test_0...OK
6/72 wasm.host.root.test_0...OK
7/72 substrate.io.root.test_0...OK
8/72 substrate.ripple_props.test_0...OK
9/72 substrate.ripple.test_0...OK
10/72 substrate.undertow.root.test_0...OK
11/72 substrate.undertow.peer_link.test_0...OK
12/72 substrate.io.buf_ring.test_0...OK
13/72 substrate.io.ring.test_0...OK
14/72 proto.asn1_time.test_0...OK
15/72 proto.certfp.test_0...OK
16/72 proto.cloak.test_0...OK
17/72 proto.ircx_modex.test_0...OK
18/72 proto.ircx_saccess.test_0...OK
19/72 proto.listx.test_0...OK
20/72 proto.mooring.test_0...OK
21/72 proto.mooring_props.test_0...OK
22/72 proto.quic_handshake.test_0...OK
23/72 proto.quic_transport_params.test_0...OK
24/72 proto.sasl_external_verify.test_0...OK
25/72 proto.sasl_mechrouter.test_0...OK
26/72 proto.sasl_oauthbearer.test_0...OK
27/72 proto.sasl.test_0...OK
28/72 proto.sasl_scram512_server.test_0...OK
29/72 proto.sasl_scram.test_0...OK
30/72 proto.sasl_scram_server.test_0...OK
31/72 proto.signed_delta.test_0...OK
32/72 proto.toml.test_0...OK
33/72 proto.x509.test_0...OK
34/72 daemon.modules.manifest.test_0...OK
35/72 daemon.key_transparency.test_0...OK
36/72 daemon.acme_cli.test_0...OK
37/72 daemon.acme_http01_listener.test_0...OK
38/72 daemon.acme_renewal.test_0...OK
39/72 daemon.acme_runner.test_0...OK
40/72 daemon.config_format.test_0...OK
41/72 daemon.helix.root.test_0...OK
42/72 daemon.metrics_http.test_0...OK
43/72 daemon.webhook.test_0...OK
44/72 daemon.webhook_render.test_0...OK
45/72 daemon.webhook_http.test_0...OK
46/72 daemon.oauth_jwt.test_0...OK
47/72 daemon.ocsp_staple.test_0...OK
48/72 daemon.reactor_pool.test_0...OK
49/72 daemon.reuseport.test.OpenBSD listeners bind native IPv4 and IPv6 addresses...OpenBSD listener fixture host=::1 accept errno=AGAIN
FAIL (TestUnexpectedResult)
50/72 daemon.sasl_bridge.test_0...OK
51/72 daemon.scram_store.test_0...OK
52/72 daemon.server.test_0...OK
53/72 daemon.sessions.test_0...OK
54/72 daemon.tls_certs.test_0...OK
55/72 daemon.tls_conn.test_0...OK
56/72 daemon.tls_sni_load.test_0...OK
57/72 crypto.tls_server.test_0...OK
58/72 crypto.tls_record.test_0...OK
59/72 crypto.hkdf_tls13.test_0...OK
60/72 crypto.hash.test_0...OK
61/72 crypto.random.test_0...OK
62/72 crypto.kx.test_0...OK
63/72 crypto.sign.test_0...OK
64/72 crypto.xwing.test_0...OK
65/72 crypto.sct.test_0...OK
66/72 crypto.tls_client.test_0...OK
67/72 crypto.aead.test_0...OK
68/72 crypto.ecdsa_kat.test_0...OK
69/72 crypto.ed25519_batch.test_0...OK
70/72 crypto.sign_kat.test_0...OK
71/72 crypto.tls_props.test_0...OK
72/72 crypto.tls.test_0...OK
71 passed; 0 skipped; 1 failed.
iteration=173 failed
1/72 root.test_0...OK
2/72 crypto.root.test_0...OK
3/72 daemon.root.test_0...OK
4/72 proto.root.test_0...OK
5/72 substrate.root.test_0...OK
6/72 wasm.host.root.test_0...OK
7/72 substrate.io.root.test_0...OK
8/72 substrate.ripple_props.test_0...OK
9/72 substrate.ripple.test_0...OK
10/72 substrate.undertow.root.test_0...OK
11/72 substrate.undertow.peer_link.test_0...OK
12/72 substrate.io.buf_ring.test_0...OK
13/72 substrate.io.ring.test_0...OK
14/72 proto.asn1_time.test_0...OK
15/72 proto.certfp.test_0...OK
16/72 proto.cloak.test_0...OK
17/72 proto.ircx_modex.test_0...OK
18/72 proto.ircx_saccess.test_0...OK
19/72 proto.listx.test_0...OK
20/72 proto.mooring.test_0...OK
21/72 proto.mooring_props.test_0...OK
22/72 proto.quic_handshake.test_0...OK
23/72 proto.quic_transport_params.test_0...OK
24/72 proto.sasl_external_verify.test_0...OK
25/72 proto.sasl_mechrouter.test_0...OK
26/72 proto.sasl_oauthbearer.test_0...OK
27/72 proto.sasl.test_0...OK
28/72 proto.sasl_scram512_server.test_0...OK
29/72 proto.sasl_scram.test_0...OK
30/72 proto.sasl_scram_server.test_0...OK
31/72 proto.signed_delta.test_0...OK
32/72 proto.toml.test_0...OK
33/72 proto.x509.test_0...OK
34/72 daemon.modules.manifest.test_0...OK
35/72 daemon.key_transparency.test_0...OK
36/72 daemon.acme_cli.test_0...OK
37/72 daemon.acme_http01_listener.test_0...OK
38/72 daemon.acme_renewal.test_0...OK
39/72 daemon.acme_runner.test_0...OK
40/72 daemon.config_format.test_0...OK
41/72 daemon.helix.root.test_0...OK
42/72 daemon.metrics_http.test_0...OK
43/72 daemon.webhook.test_0...OK
44/72 daemon.webhook_render.test_0...OK
45/72 daemon.webhook_http.test_0...OK
46/72 daemon.oauth_jwt.test_0...OK
47/72 daemon.ocsp_staple.test_0...OK
48/72 daemon.reactor_pool.test_0...OK
49/72 daemon.reuseport.test.OpenBSD listeners bind native IPv4 and IPv6 addresses...OpenBSD listener fixture host=::1 accept errno=AGAIN
FAIL (TestUnexpectedResult)
50/72 daemon.sasl_bridge.test_0...OK
51/72 daemon.scram_store.test_0...OK
52/72 daemon.server.test_0...OK
53/72 daemon.sessions.test_0...OK
54/72 daemon.tls_certs.test_0...OK
55/72 daemon.tls_conn.test_0...OK
56/72 daemon.tls_sni_load.test_0...OK
57/72 crypto.tls_server.test_0...OK
58/72 crypto.tls_record.test_0...OK
59/72 crypto.hkdf_tls13.test_0...OK
60/72 crypto.hash.test_0...OK
61/72 crypto.random.test_0...OK
62/72 crypto.kx.test_0...OK
63/72 crypto.sign.test_0...OK
64/72 crypto.xwing.test_0...OK
65/72 crypto.sct.test_0...OK
66/72 crypto.tls_client.test_0...OK
67/72 crypto.aead.test_0...OK
68/72 crypto.ecdsa_kat.test_0...OK
69/72 crypto.ed25519_batch.test_0...OK
70/72 crypto.sign_kat.test_0...OK
71/72 crypto.tls_props.test_0...OK
72/72 crypto.tls.test_0...OK
71 passed; 0 skipped; 1 failed.
iteration=174 failed
1/72 root.test_0...OK
2/72 crypto.root.test_0...OK
3/72 daemon.root.test_0...OK
4/72 proto.root.test_0...OK
5/72 substrate.root.test_0...OK
6/72 wasm.host.root.test_0...OK
7/72 substrate.io.root.test_0...OK
8/72 substrate.ripple_props.test_0...OK
9/72 substrate.ripple.test_0...OK
10/72 substrate.undertow.root.test_0...OK
11/72 substrate.undertow.peer_link.test_0...OK
12/72 substrate.io.buf_ring.test_0...OK
13/72 substrate.io.ring.test_0...OK
14/72 proto.asn1_time.test_0...OK
15/72 proto.certfp.test_0...OK
16/72 proto.cloak.test_0...OK
17/72 proto.ircx_modex.test_0...OK
18/72 proto.ircx_saccess.test_0...OK
19/72 proto.listx.test_0...OK
20/72 proto.mooring.test_0...OK
21/72 proto.mooring_props.test_0...OK
22/72 proto.quic_handshake.test_0...OK
23/72 proto.quic_transport_params.test_0...OK
24/72 proto.sasl_external_verify.test_0...OK
25/72 proto.sasl_mechrouter.test_0...OK
26/72 proto.sasl_oauthbearer.test_0...OK
27/72 proto.sasl.test_0...OK
28/72 proto.sasl_scram512_server.test_0...OK
29/72 proto.sasl_scram.test_0...OK
30/72 proto.sasl_scram_server.test_0...OK
31/72 proto.signed_delta.test_0...OK
32/72 proto.toml.test_0...OK
33/72 proto.x509.test_0...OK
34/72 daemon.modules.manifest.test_0...OK
35/72 daemon.key_transparency.test_0...OK
36/72 daemon.acme_cli.test_0...OK
37/72 daemon.acme_http01_listener.test_0...OK
38/72 daemon.acme_renewal.test_0...OK
39/72 daemon.acme_runner.test_0...OK
40/72 daemon.config_format.test_0...OK
41/72 daemon.helix.root.test_0...OK
42/72 daemon.metrics_http.test_0...OK
43/72 daemon.webhook.test_0...OK
44/72 daemon.webhook_render.test_0...OK
45/72 daemon.webhook_http.test_0...OK
46/72 daemon.oauth_jwt.test_0...OK
47/72 daemon.ocsp_staple.test_0...OK
48/72 daemon.reactor_pool.test_0...OK
49/72 daemon.reuseport.test.OpenBSD listeners bind native IPv4 and IPv6 addresses...OpenBSD listener fixture host=::1 accept errno=AGAIN
FAIL (TestUnexpectedResult)
50/72 daemon.sasl_bridge.test_0...OK
51/72 daemon.scram_store.test_0...OK
52/72 daemon.server.test_0...OK
53/72 daemon.sessions.test_0...OK
54/72 daemon.tls_certs.test_0...OK
55/72 daemon.tls_conn.test_0...OK
56/72 daemon.tls_sni_load.test_0...OK
57/72 crypto.tls_server.test_0...OK
58/72 crypto.tls_record.test_0...OK
59/72 crypto.hkdf_tls13.test_0...OK
60/72 crypto.hash.test_0...OK
61/72 crypto.random.test_0...OK
62/72 crypto.kx.test_0...OK
63/72 crypto.sign.test_0...OK
64/72 crypto.xwing.test_0...OK
65/72 crypto.sct.test_0...OK
66/72 crypto.tls_client.test_0...OK
67/72 crypto.aead.test_0...OK
68/72 crypto.ecdsa_kat.test_0...OK
69/72 crypto.ed25519_batch.test_0...OK
70/72 crypto.sign_kat.test_0...OK
71/72 crypto.tls_props.test_0...OK
72/72 crypto.tls.test_0...OK
71 passed; 0 skipped; 1 failed.
iteration=175 failed
1/72 root.test_0...OK
2/72 crypto.root.test_0...OK
3/72 daemon.root.test_0...OK
4/72 proto.root.test_0...OK
5/72 substrate.root.test_0...OK
6/72 wasm.host.root.test_0...OK
7/72 substrate.io.root.test_0...OK
8/72 substrate.ripple_props.test_0...OK
9/72 substrate.ripple.test_0...OK
10/72 substrate.undertow.root.test_0...OK
11/72 substrate.undertow.peer_link.test_0...OK
12/72 substrate.io.buf_ring.test_0...OK
13/72 substrate.io.ring.test_0...OK
14/72 proto.asn1_time.test_0...OK
15/72 proto.certfp.test_0...OK
16/72 proto.cloak.test_0...OK
17/72 proto.ircx_modex.test_0...OK
18/72 proto.ircx_saccess.test_0...OK
19/72 proto.listx.test_0...OK
20/72 proto.mooring.test_0...OK
21/72 proto.mooring_props.test_0...OK
22/72 proto.quic_handshake.test_0...OK
23/72 proto.quic_transport_params.test_0...OK
24/72 proto.sasl_external_verify.test_0...OK
25/72 proto.sasl_mechrouter.test_0...OK
26/72 proto.sasl_oauthbearer.test_0...OK
27/72 proto.sasl.test_0...OK
28/72 proto.sasl_scram512_server.test_0...OK
29/72 proto.sasl_scram.test_0...OK
30/72 proto.sasl_scram_server.test_0...OK
31/72 proto.signed_delta.test_0...OK
32/72 proto.toml.test_0...OK
33/72 proto.x509.test_0...OK
34/72 daemon.modules.manifest.test_0...OK
35/72 daemon.key_transparency.test_0...OK
36/72 daemon.acme_cli.test_0...OK
37/72 daemon.acme_http01_listener.test_0...OK
38/72 daemon.acme_renewal.test_0...OK
39/72 daemon.acme_runner.test_0...OK
40/72 daemon.config_format.test_0...OK
41/72 daemon.helix.root.test_0...OK
42/72 daemon.metrics_http.test_0...OK
43/72 daemon.webhook.test_0...OK
44/72 daemon.webhook_render.test_0...OK
45/72 daemon.webhook_http.test_0...OK
46/72 daemon.oauth_jwt.test_0...OK
47/72 daemon.ocsp_staple.test_0...OK
48/72 daemon.reactor_pool.test_0...OK
49/72 daemon.reuseport.test.OpenBSD listeners bind native IPv4 and IPv6 addresses...OpenBSD listener fixture host=::1 accept errno=AGAIN
FAIL (TestUnexpectedResult)
50/72 daemon.sasl_bridge.test_0...OK
51/72 daemon.scram_store.test_0...OK
52/72 daemon.server.test_0...OK
53/72 daemon.sessions.test_0...OK
54/72 daemon.tls_certs.test_0...OK
55/72 daemon.tls_conn.test_0...OK
56/72 daemon.tls_sni_load.test_0...OK
57/72 crypto.tls_server.test_0...OK
58/72 crypto.tls_record.test_0...OK
59/72 crypto.hkdf_tls13.test_0...OK
60/72 crypto.hash.test_0...OK
61/72 crypto.random.test_0...OK
62/72 crypto.kx.test_0...OK
63/72 crypto.sign.test_0...OK
64/72 crypto.xwing.test_0...OK
65/72 crypto.sct.test_0...OK
66/72 crypto.tls_client.test_0...OK
67/72 crypto.aead.test_0...OK
68/72 crypto.ecdsa_kat.test_0...OK
69/72 crypto.ed25519_batch.test_0...OK
70/72 crypto.sign_kat.test_0...OK
71/72 crypto.tls_props.test_0...OK
72/72 crypto.tls.test_0...OK
71 passed; 0 skipped; 1 failed.
iteration=177 failed
1/72 root.test_0...OK
2/72 crypto.root.test_0...OK
3/72 daemon.root.test_0...OK
4/72 proto.root.test_0...OK
5/72 substrate.root.test_0...OK
6/72 wasm.host.root.test_0...OK
7/72 substrate.io.root.test_0...OK
8/72 substrate.ripple_props.test_0...OK
9/72 substrate.ripple.test_0...OK
10/72 substrate.undertow.root.test_0...OK
11/72 substrate.undertow.peer_link.test_0...OK
12/72 substrate.io.buf_ring.test_0...OK
13/72 substrate.io.ring.test_0...OK
14/72 proto.asn1_time.test_0...OK
15/72 proto.certfp.test_0...OK
16/72 proto.cloak.test_0...OK
17/72 proto.ircx_modex.test_0...OK
18/72 proto.ircx_saccess.test_0...OK
19/72 proto.listx.test_0...OK
20/72 proto.mooring.test_0...OK
21/72 proto.mooring_props.test_0...OK
22/72 proto.quic_handshake.test_0...OK
23/72 proto.quic_transport_params.test_0...OK
24/72 proto.sasl_external_verify.test_0...OK
25/72 proto.sasl_mechrouter.test_0...OK
26/72 proto.sasl_oauthbearer.test_0...OK
27/72 proto.sasl.test_0...OK
28/72 proto.sasl_scram512_server.test_0...OK
29/72 proto.sasl_scram.test_0...OK
30/72 proto.sasl_scram_server.test_0...OK
31/72 proto.signed_delta.test_0...OK
32/72 proto.toml.test_0...OK
33/72 proto.x509.test_0...OK
34/72 daemon.modules.manifest.test_0...OK
35/72 daemon.key_transparency.test_0...OK
36/72 daemon.acme_cli.test_0...OK
37/72 daemon.acme_http01_listener.test_0...OK
38/72 daemon.acme_renewal.test_0...OK
39/72 daemon.acme_runner.test_0...OK
40/72 daemon.config_format.test_0...OK
41/72 daemon.helix.root.test_0...OK
42/72 daemon.metrics_http.test_0...OK
43/72 daemon.webhook.test_0...OK
44/72 daemon.webhook_render.test_0...OK
45/72 daemon.webhook_http.test_0...OK
46/72 daemon.oauth_jwt.test_0...OK
47/72 daemon.ocsp_staple.test_0...OK
48/72 daemon.reactor_pool.test_0...OK
49/72 daemon.reuseport.test.OpenBSD listeners bind native IPv4 and IPv6 addresses...OpenBSD listener fixture host=::1 accept errno=AGAIN
FAIL (TestUnexpectedResult)
50/72 daemon.sasl_bridge.test_0...OK
51/72 daemon.scram_store.test_0...OK
52/72 daemon.server.test_0...OK
53/72 daemon.sessions.test_0...OK
54/72 daemon.tls_certs.test_0...OK
55/72 daemon.tls_conn.test_0...OK
56/72 daemon.tls_sni_load.test_0...OK
57/72 crypto.tls_server.test_0...OK
58/72 crypto.tls_record.test_0...OK
59/72 crypto.hkdf_tls13.test_0...OK
60/72 crypto.hash.test_0...OK
61/72 crypto.random.test_0...OK
62/72 crypto.kx.test_0...OK
63/72 crypto.sign.test_0...OK
64/72 crypto.xwing.test_0...OK
65/72 crypto.sct.test_0...OK
66/72 crypto.tls_client.test_0...OK
67/72 crypto.aead.test_0...OK
68/72 crypto.ecdsa_kat.test_0...OK
69/72 crypto.ed25519_batch.test_0...OK
70/72 crypto.sign_kat.test_0...OK
71/72 crypto.tls_props.test_0...OK
72/72 crypto.tls.test_0...OK
71 passed; 0 skipped; 1 failed.
iteration=180 failed
1/72 root.test_0...OK
2/72 crypto.root.test_0...OK
3/72 daemon.root.test_0...OK
4/72 proto.root.test_0...OK
5/72 substrate.root.test_0...OK
6/72 wasm.host.root.test_0...OK
7/72 substrate.io.root.test_0...OK
8/72 substrate.ripple_props.test_0...OK
9/72 substrate.ripple.test_0...OK
10/72 substrate.undertow.root.test_0...OK
11/72 substrate.undertow.peer_link.test_0...OK
12/72 substrate.io.buf_ring.test_0...OK
13/72 substrate.io.ring.test_0...OK
14/72 proto.asn1_time.test_0...OK
15/72 proto.certfp.test_0...OK
16/72 proto.cloak.test_0...OK
17/72 proto.ircx_modex.test_0...OK
18/72 proto.ircx_saccess.test_0...OK
19/72 proto.listx.test_0...OK
20/72 proto.mooring.test_0...OK
21/72 proto.mooring_props.test_0...OK
22/72 proto.quic_handshake.test_0...OK
23/72 proto.quic_transport_params.test_0...OK
24/72 proto.sasl_external_verify.test_0...OK
25/72 proto.sasl_mechrouter.test_0...OK
26/72 proto.sasl_oauthbearer.test_0...OK
27/72 proto.sasl.test_0...OK
28/72 proto.sasl_scram512_server.test_0...OK
29/72 proto.sasl_scram.test_0...OK
30/72 proto.sasl_scram_server.test_0...OK
31/72 proto.signed_delta.test_0...OK
32/72 proto.toml.test_0...OK
33/72 proto.x509.test_0...OK
34/72 daemon.modules.manifest.test_0...OK
35/72 daemon.key_transparency.test_0...OK
36/72 daemon.acme_cli.test_0...OK
37/72 daemon.acme_http01_listener.test_0...OK
38/72 daemon.acme_renewal.test_0...OK
39/72 daemon.acme_runner.test_0...OK
40/72 daemon.config_format.test_0...OK
41/72 daemon.helix.root.test_0...OK
42/72 daemon.metrics_http.test_0...OK
43/72 daemon.webhook.test_0...OK
44/72 daemon.webhook_render.test_0...OK
45/72 daemon.webhook_http.test_0...OK
46/72 daemon.oauth_jwt.test_0...OK
47/72 daemon.ocsp_staple.test_0...OK
48/72 daemon.reactor_pool.test_0...OK
49/72 daemon.reuseport.test.OpenBSD listeners bind native IPv4 and IPv6 addresses...OpenBSD listener fixture host=::1 accept errno=AGAIN
FAIL (TestUnexpectedResult)
50/72 daemon.sasl_bridge.test_0...OK
51/72 daemon.scram_store.test_0...OK
52/72 daemon.server.test_0...OK
53/72 daemon.sessions.test_0...OK
54/72 daemon.tls_certs.test_0...OK
55/72 daemon.tls_conn.test_0...OK
56/72 daemon.tls_sni_load.test_0...OK
57/72 crypto.tls_server.test_0...OK
58/72 crypto.tls_record.test_0...OK
59/72 crypto.hkdf_tls13.test_0...OK
60/72 crypto.hash.test_0...OK
61/72 crypto.random.test_0...OK
62/72 crypto.kx.test_0...OK
63/72 crypto.sign.test_0...OK
64/72 crypto.xwing.test_0...OK
65/72 crypto.sct.test_0...OK
66/72 crypto.tls_client.test_0...OK
67/72 crypto.aead.test_0...OK
68/72 crypto.ecdsa_kat.test_0...OK
69/72 crypto.ed25519_batch.test_0...OK
70/72 crypto.sign_kat.test_0...OK
71/72 crypto.tls_props.test_0...OK
72/72 crypto.tls.test_0...OK
71 passed; 0 skipped; 1 failed.
iteration=181 failed
1/72 root.test_0...OK
2/72 crypto.root.test_0...OK
3/72 daemon.root.test_0...OK
4/72 proto.root.test_0...OK
5/72 substrate.root.test_0...OK
6/72 wasm.host.root.test_0...OK
7/72 substrate.io.root.test_0...OK
8/72 substrate.ripple_props.test_0...OK
9/72 substrate.ripple.test_0...OK
10/72 substrate.undertow.root.test_0...OK
11/72 substrate.undertow.peer_link.test_0...OK
12/72 substrate.io.buf_ring.test_0...OK
13/72 substrate.io.ring.test_0...OK
14/72 proto.asn1_time.test_0...OK
15/72 proto.certfp.test_0...OK
16/72 proto.cloak.test_0...OK
17/72 proto.ircx_modex.test_0...OK
18/72 proto.ircx_saccess.test_0...OK
19/72 proto.listx.test_0...OK
20/72 proto.mooring.test_0...OK
21/72 proto.mooring_props.test_0...OK
22/72 proto.quic_handshake.test_0...OK
23/72 proto.quic_transport_params.test_0...OK
24/72 proto.sasl_external_verify.test_0...OK
25/72 proto.sasl_mechrouter.test_0...OK
26/72 proto.sasl_oauthbearer.test_0...OK
27/72 proto.sasl.test_0...OK
28/72 proto.sasl_scram512_server.test_0...OK
29/72 proto.sasl_scram.test_0...OK
30/72 proto.sasl_scram_server.test_0...OK
31/72 proto.signed_delta.test_0...OK
32/72 proto.toml.test_0...OK
33/72 proto.x509.test_0...OK
34/72 daemon.modules.manifest.test_0...OK
35/72 daemon.key_transparency.test_0...OK
36/72 daemon.acme_cli.test_0...OK
37/72 daemon.acme_http01_listener.test_0...OK
38/72 daemon.acme_renewal.test_0...OK
39/72 daemon.acme_runner.test_0...OK
40/72 daemon.config_format.test_0...OK
41/72 daemon.helix.root.test_0...OK
42/72 daemon.metrics_http.test_0...OK
43/72 daemon.webhook.test_0...OK
44/72 daemon.webhook_render.test_0...OK
45/72 daemon.webhook_http.test_0...OK
46/72 daemon.oauth_jwt.test_0...OK
47/72 daemon.ocsp_staple.test_0...OK
48/72 daemon.reactor_pool.test_0...OK
49/72 daemon.reuseport.test.OpenBSD listeners bind native IPv4 and IPv6 addresses...OpenBSD listener fixture host=::1 accept errno=AGAIN
FAIL (TestUnexpectedResult)
50/72 daemon.sasl_bridge.test_0...OK
51/72 daemon.scram_store.test_0...OK
52/72 daemon.server.test_0...OK
53/72 daemon.sessions.test_0...OK
54/72 daemon.tls_certs.test_0...OK
55/72 daemon.tls_conn.test_0...OK
56/72 daemon.tls_sni_load.test_0...OK
57/72 crypto.tls_server.test_0...OK
58/72 crypto.tls_record.test_0...OK
59/72 crypto.hkdf_tls13.test_0...OK
60/72 crypto.hash.test_0...OK
61/72 crypto.random.test_0...OK
62/72 crypto.kx.test_0...OK
63/72 crypto.sign.test_0...OK
64/72 crypto.xwing.test_0...OK
65/72 crypto.sct.test_0...OK
66/72 crypto.tls_client.test_0...OK
67/72 crypto.aead.test_0...OK
68/72 crypto.ecdsa_kat.test_0...OK
69/72 crypto.ed25519_batch.test_0...OK
70/72 crypto.sign_kat.test_0...OK
71/72 crypto.tls_props.test_0...OK
72/72 crypto.tls.test_0...OK
71 passed; 0 skipped; 1 failed.
iteration=182 failed
1/72 root.test_0...OK
2/72 crypto.root.test_0...OK
3/72 daemon.root.test_0...OK
4/72 proto.root.test_0...OK
5/72 substrate.root.test_0...OK
6/72 wasm.host.root.test_0...OK
7/72 substrate.io.root.test_0...OK
8/72 substrate.ripple_props.test_0...OK
9/72 substrate.ripple.test_0...OK
10/72 substrate.undertow.root.test_0...OK
11/72 substrate.undertow.peer_link.test_0...OK
12/72 substrate.io.buf_ring.test_0...OK
13/72 substrate.io.ring.test_0...OK
14/72 proto.asn1_time.test_0...OK
15/72 proto.certfp.test_0...OK
16/72 proto.cloak.test_0...OK
17/72 proto.ircx_modex.test_0...OK
18/72 proto.ircx_saccess.test_0...OK
19/72 proto.listx.test_0...OK
20/72 proto.mooring.test_0...OK
21/72 proto.mooring_props.test_0...OK
22/72 proto.quic_handshake.test_0...OK
23/72 proto.quic_transport_params.test_0...OK
24/72 proto.sasl_external_verify.test_0...OK
25/72 proto.sasl_mechrouter.test_0...OK
26/72 proto.sasl_oauthbearer.test_0...OK
27/72 proto.sasl.test_0...OK
28/72 proto.sasl_scram512_server.test_0...OK
29/72 proto.sasl_scram.test_0...OK
30/72 proto.sasl_scram_server.test_0...OK
31/72 proto.signed_delta.test_0...OK
32/72 proto.toml.test_0...OK
33/72 proto.x509.test_0...OK
34/72 daemon.modules.manifest.test_0...OK
35/72 daemon.key_transparency.test_0...OK
36/72 daemon.acme_cli.test_0...OK
37/72 daemon.acme_http01_listener.test_0...OK
38/72 daemon.acme_renewal.test_0...OK
39/72 daemon.acme_runner.test_0...OK
40/72 daemon.config_format.test_0...OK
41/72 daemon.helix.root.test_0...OK
42/72 daemon.metrics_http.test_0...OK
43/72 daemon.webhook.test_0...OK
44/72 daemon.webhook_render.test_0...OK
45/72 daemon.webhook_http.test_0...OK
46/72 daemon.oauth_jwt.test_0...OK
47/72 daemon.ocsp_staple.test_0...OK
48/72 daemon.reactor_pool.test_0...OK
49/72 daemon.reuseport.test.OpenBSD listeners bind native IPv4 and IPv6 addresses...OpenBSD listener fixture host=::1 accept errno=AGAIN
FAIL (TestUnexpectedResult)
50/72 daemon.sasl_bridge.test_0...OK
51/72 daemon.scram_store.test_0...OK
52/72 daemon.server.test_0...OK
53/72 daemon.sessions.test_0...OK
54/72 daemon.tls_certs.test_0...OK
55/72 daemon.tls_conn.test_0...OK
56/72 daemon.tls_sni_load.test_0...OK
57/72 crypto.tls_server.test_0...OK
58/72 crypto.tls_record.test_0...OK
59/72 crypto.hkdf_tls13.test_0...OK
60/72 crypto.hash.test_0...OK
61/72 crypto.random.test_0...OK
62/72 crypto.kx.test_0...OK
63/72 crypto.sign.test_0...OK
64/72 crypto.xwing.test_0...OK
65/72 crypto.sct.test_0...OK
66/72 crypto.tls_client.test_0...OK
67/72 crypto.aead.test_0...OK
68/72 crypto.ecdsa_kat.test_0...OK
69/72 crypto.ed25519_batch.test_0...OK
70/72 crypto.sign_kat.test_0...OK
71/72 crypto.tls_props.test_0...OK
72/72 crypto.tls.test_0...OK
71 passed; 0 skipped; 1 failed.
iteration=184 failed
1/72 root.test_0...OK
2/72 crypto.root.test_0...OK
3/72 daemon.root.test_0...OK
4/72 proto.root.test_0...OK
5/72 substrate.root.test_0...OK
6/72 wasm.host.root.test_0...OK
7/72 substrate.io.root.test_0...OK
8/72 substrate.ripple_props.test_0...OK
9/72 substrate.ripple.test_0...OK
10/72 substrate.undertow.root.test_0...OK
11/72 substrate.undertow.peer_link.test_0...OK
12/72 substrate.io.buf_ring.test_0...OK
13/72 substrate.io.ring.test_0...OK
14/72 proto.asn1_time.test_0...OK
15/72 proto.certfp.test_0...OK
16/72 proto.cloak.test_0...OK
17/72 proto.ircx_modex.test_0...OK
18/72 proto.ircx_saccess.test_0...OK
19/72 proto.listx.test_0...OK
20/72 proto.mooring.test_0...OK
21/72 proto.mooring_props.test_0...OK
22/72 proto.quic_handshake.test_0...OK
23/72 proto.quic_transport_params.test_0...OK
24/72 proto.sasl_external_verify.test_0...OK
25/72 proto.sasl_mechrouter.test_0...OK
26/72 proto.sasl_oauthbearer.test_0...OK
27/72 proto.sasl.test_0...OK
28/72 proto.sasl_scram512_server.test_0...OK
29/72 proto.sasl_scram.test_0...OK
30/72 proto.sasl_scram_server.test_0...OK
31/72 proto.signed_delta.test_0...OK
32/72 proto.toml.test_0...OK
33/72 proto.x509.test_0...OK
34/72 daemon.modules.manifest.test_0...OK
35/72 daemon.key_transparency.test_0...OK
36/72 daemon.acme_cli.test_0...OK
37/72 daemon.acme_http01_listener.test_0...OK
38/72 daemon.acme_renewal.test_0...OK
39/72 daemon.acme_runner.test_0...OK
40/72 daemon.config_format.test_0...OK
41/72 daemon.helix.root.test_0...OK
42/72 daemon.metrics_http.test_0...OK
43/72 daemon.webhook.test_0...OK
44/72 daemon.webhook_render.test_0...OK
45/72 daemon.webhook_http.test_0...OK
46/72 daemon.oauth_jwt.test_0...OK
47/72 daemon.ocsp_staple.test_0...OK
48/72 daemon.reactor_pool.test_0...OK
49/72 daemon.reuseport.test.OpenBSD listeners bind native IPv4 and IPv6 addresses...OpenBSD listener fixture host=::1 accept errno=AGAIN
FAIL (TestUnexpectedResult)
50/72 daemon.sasl_bridge.test_0...OK
51/72 daemon.scram_store.test_0...OK
52/72 daemon.server.test_0...OK
53/72 daemon.sessions.test_0...OK
54/72 daemon.tls_certs.test_0...OK
55/72 daemon.tls_conn.test_0...OK
56/72 daemon.tls_sni_load.test_0...OK
57/72 crypto.tls_server.test_0...OK
58/72 crypto.tls_record.test_0...OK
59/72 crypto.hkdf_tls13.test_0...OK
60/72 crypto.hash.test_0...OK
61/72 crypto.random.test_0...OK
62/72 crypto.kx.test_0...OK
63/72 crypto.sign.test_0...OK
64/72 crypto.xwing.test_0...OK
65/72 crypto.sct.test_0...OK
66/72 crypto.tls_client.test_0...OK
67/72 crypto.aead.test_0...OK
68/72 crypto.ecdsa_kat.test_0...OK
69/72 crypto.ed25519_batch.test_0...OK
70/72 crypto.sign_kat.test_0...OK
71/72 crypto.tls_props.test_0...OK
72/72 crypto.tls.test_0...OK
71 passed; 0 skipped; 1 failed.
iteration=185 failed
1/72 root.test_0...OK
2/72 crypto.root.test_0...OK
3/72 daemon.root.test_0...OK
4/72 proto.root.test_0...OK
5/72 substrate.root.test_0...OK
6/72 wasm.host.root.test_0...OK
7/72 substrate.io.root.test_0...OK
8/72 substrate.ripple_props.test_0...OK
9/72 substrate.ripple.test_0...OK
10/72 substrate.undertow.root.test_0...OK
11/72 substrate.undertow.peer_link.test_0...OK
12/72 substrate.io.buf_ring.test_0...OK
13/72 substrate.io.ring.test_0...OK
14/72 proto.asn1_time.test_0...OK
15/72 proto.certfp.test_0...OK
16/72 proto.cloak.test_0...OK
17/72 proto.ircx_modex.test_0...OK
18/72 proto.ircx_saccess.test_0...OK
19/72 proto.listx.test_0...OK
20/72 proto.mooring.test_0...OK
21/72 proto.mooring_props.test_0...OK
22/72 proto.quic_handshake.test_0...OK
23/72 proto.quic_transport_params.test_0...OK
24/72 proto.sasl_external_verify.test_0...OK
25/72 proto.sasl_mechrouter.test_0...OK
26/72 proto.sasl_oauthbearer.test_0...OK
27/72 proto.sasl.test_0...OK
28/72 proto.sasl_scram512_server.test_0...OK
29/72 proto.sasl_scram.test_0...OK
30/72 proto.sasl_scram_server.test_0...OK
31/72 proto.signed_delta.test_0...OK
32/72 proto.toml.test_0...OK
33/72 proto.x509.test_0...OK
34/72 daemon.modules.manifest.test_0...OK
35/72 daemon.key_transparency.test_0...OK
36/72 daemon.acme_cli.test_0...OK
37/72 daemon.acme_http01_listener.test_0...OK
38/72 daemon.acme_renewal.test_0...OK
39/72 daemon.acme_runner.test_0...OK
40/72 daemon.config_format.test_0...OK
41/72 daemon.helix.root.test_0...OK
42/72 daemon.metrics_http.test_0...OK
43/72 daemon.webhook.test_0...OK
44/72 daemon.webhook_render.test_0...OK
45/72 daemon.webhook_http.test_0...OK
46/72 daemon.oauth_jwt.test_0...OK
47/72 daemon.ocsp_staple.test_0...OK
48/72 daemon.reactor_pool.test_0...OK
49/72 daemon.reuseport.test.OpenBSD listeners bind native IPv4 and IPv6 addresses...OpenBSD listener fixture host=::1 accept errno=AGAIN
FAIL (TestUnexpectedResult)
50/72 daemon.sasl_bridge.test_0...OK
51/72 daemon.scram_store.test_0...OK
52/72 daemon.server.test_0...OK
53/72 daemon.sessions.test_0...OK
54/72 daemon.tls_certs.test_0...OK
55/72 daemon.tls_conn.test_0...OK
56/72 daemon.tls_sni_load.test_0...OK
57/72 crypto.tls_server.test_0...OK
58/72 crypto.tls_record.test_0...OK
59/72 crypto.hkdf_tls13.test_0...OK
60/72 crypto.hash.test_0...OK
61/72 crypto.random.test_0...OK
62/72 crypto.kx.test_0...OK
63/72 crypto.sign.test_0...OK
64/72 crypto.xwing.test_0...OK
65/72 crypto.sct.test_0...OK
66/72 crypto.tls_client.test_0...OK
67/72 crypto.aead.test_0...OK
68/72 crypto.ecdsa_kat.test_0...OK
69/72 crypto.ed25519_batch.test_0...OK
70/72 crypto.sign_kat.test_0...OK
71/72 crypto.tls_props.test_0...OK
72/72 crypto.tls.test_0...OK
71 passed; 0 skipped; 1 failed.
iteration=186 failed
1/72 root.test_0...OK
2/72 crypto.root.test_0...OK
3/72 daemon.root.test_0...OK
4/72 proto.root.test_0...OK
5/72 substrate.root.test_0...OK
6/72 wasm.host.root.test_0...OK
7/72 substrate.io.root.test_0...OK
8/72 substrate.ripple_props.test_0...OK
9/72 substrate.ripple.test_0...OK
10/72 substrate.undertow.root.test_0...OK
11/72 substrate.undertow.peer_link.test_0...OK
12/72 substrate.io.buf_ring.test_0...OK
13/72 substrate.io.ring.test_0...OK
14/72 proto.asn1_time.test_0...OK
15/72 proto.certfp.test_0...OK
16/72 proto.cloak.test_0...OK
17/72 proto.ircx_modex.test_0...OK
18/72 proto.ircx_saccess.test_0...OK
19/72 proto.listx.test_0...OK
20/72 proto.mooring.test_0...OK
21/72 proto.mooring_props.test_0...OK
22/72 proto.quic_handshake.test_0...OK
23/72 proto.quic_transport_params.test_0...OK
24/72 proto.sasl_external_verify.test_0...OK
25/72 proto.sasl_mechrouter.test_0...OK
26/72 proto.sasl_oauthbearer.test_0...OK
27/72 proto.sasl.test_0...OK
28/72 proto.sasl_scram512_server.test_0...OK
29/72 proto.sasl_scram.test_0...OK
30/72 proto.sasl_scram_server.test_0...OK
31/72 proto.signed_delta.test_0...OK
32/72 proto.toml.test_0...OK
33/72 proto.x509.test_0...OK
34/72 daemon.modules.manifest.test_0...OK
35/72 daemon.key_transparency.test_0...OK
36/72 daemon.acme_cli.test_0...OK
37/72 daemon.acme_http01_listener.test_0...OK
38/72 daemon.acme_renewal.test_0...OK
39/72 daemon.acme_runner.test_0...OK
40/72 daemon.config_format.test_0...OK
41/72 daemon.helix.root.test_0...OK
42/72 daemon.metrics_http.test_0...OK
43/72 daemon.webhook.test_0...OK
44/72 daemon.webhook_render.test_0...OK
45/72 daemon.webhook_http.test_0...OK
46/72 daemon.oauth_jwt.test_0...OK
47/72 daemon.ocsp_staple.test_0...OK
48/72 daemon.reactor_pool.test_0...OK
49/72 daemon.reuseport.test.OpenBSD listeners bind native IPv4 and IPv6 addresses...OpenBSD listener fixture host=::1 accept errno=AGAIN
FAIL (TestUnexpectedResult)
50/72 daemon.sasl_bridge.test_0...OK
51/72 daemon.scram_store.test_0...OK
52/72 daemon.server.test_0...OK
53/72 daemon.sessions.test_0...OK
54/72 daemon.tls_certs.test_0...OK
55/72 daemon.tls_conn.test_0...OK
56/72 daemon.tls_sni_load.test_0...OK
57/72 crypto.tls_server.test_0...OK
58/72 crypto.tls_record.test_0...OK
59/72 crypto.hkdf_tls13.test_0...OK
60/72 crypto.hash.test_0...OK
61/72 crypto.random.test_0...OK
62/72 crypto.kx.test_0...OK
63/72 crypto.sign.test_0...OK
64/72 crypto.xwing.test_0...OK
65/72 crypto.sct.test_0...OK
66/72 crypto.tls_client.test_0...OK
67/72 crypto.aead.test_0...OK
68/72 crypto.ecdsa_kat.test_0...OK
69/72 crypto.ed25519_batch.test_0...OK
70/72 crypto.sign_kat.test_0...OK
71/72 crypto.tls_props.test_0...OK
72/72 crypto.tls.test_0...OK
71 passed; 0 skipped; 1 failed.
iteration=190 failed
1/72 root.test_0...OK
2/72 crypto.root.test_0...OK
3/72 daemon.root.test_0...OK
4/72 proto.root.test_0...OK
5/72 substrate.root.test_0...OK
6/72 wasm.host.root.test_0...OK
7/72 substrate.io.root.test_0...OK
8/72 substrate.ripple_props.test_0...OK
9/72 substrate.ripple.test_0...OK
10/72 substrate.undertow.root.test_0...OK
11/72 substrate.undertow.peer_link.test_0...OK
12/72 substrate.io.buf_ring.test_0...OK
13/72 substrate.io.ring.test_0...OK
14/72 proto.asn1_time.test_0...OK
15/72 proto.certfp.test_0...OK
16/72 proto.cloak.test_0...OK
17/72 proto.ircx_modex.test_0...OK
18/72 proto.ircx_saccess.test_0...OK
19/72 proto.listx.test_0...OK
20/72 proto.mooring.test_0...OK
21/72 proto.mooring_props.test_0...OK
22/72 proto.quic_handshake.test_0...OK
23/72 proto.quic_transport_params.test_0...OK
24/72 proto.sasl_external_verify.test_0...OK
25/72 proto.sasl_mechrouter.test_0...OK
26/72 proto.sasl_oauthbearer.test_0...OK
27/72 proto.sasl.test_0...OK
28/72 proto.sasl_scram512_server.test_0...OK
29/72 proto.sasl_scram.test_0...OK
30/72 proto.sasl_scram_server.test_0...OK
31/72 proto.signed_delta.test_0...OK
32/72 proto.toml.test_0...OK
33/72 proto.x509.test_0...OK
34/72 daemon.modules.manifest.test_0...OK
35/72 daemon.key_transparency.test_0...OK
36/72 daemon.acme_cli.test_0...OK
37/72 daemon.acme_http01_listener.test_0...OK
38/72 daemon.acme_renewal.test_0...OK
39/72 daemon.acme_runner.test_0...OK
40/72 daemon.config_format.test_0...OK
41/72 daemon.helix.root.test_0...OK
42/72 daemon.metrics_http.test_0...OK
43/72 daemon.webhook.test_0...OK
44/72 daemon.webhook_render.test_0...OK
45/72 daemon.webhook_http.test_0...OK
46/72 daemon.oauth_jwt.test_0...OK
47/72 daemon.ocsp_staple.test_0...OK
48/72 daemon.reactor_pool.test_0...OK
49/72 daemon.reuseport.test.OpenBSD listeners bind native IPv4 and IPv6 addresses...OpenBSD listener fixture host=::1 accept errno=AGAIN
FAIL (TestUnexpectedResult)
50/72 daemon.sasl_bridge.test_0...OK
51/72 daemon.scram_store.test_0...OK
52/72 daemon.server.test_0...OK
53/72 daemon.sessions.test_0...OK
54/72 daemon.tls_certs.test_0...OK
55/72 daemon.tls_conn.test_0...OK
56/72 daemon.tls_sni_load.test_0...OK
57/72 crypto.tls_server.test_0...OK
58/72 crypto.tls_record.test_0...OK
59/72 crypto.hkdf_tls13.test_0...OK
60/72 crypto.hash.test_0...OK
61/72 crypto.random.test_0...OK
62/72 crypto.kx.test_0...OK
63/72 crypto.sign.test_0...OK
64/72 crypto.xwing.test_0...OK
65/72 crypto.sct.test_0...OK
66/72 crypto.tls_client.test_0...OK
67/72 crypto.aead.test_0...OK
68/72 crypto.ecdsa_kat.test_0...OK
69/72 crypto.ed25519_batch.test_0...OK
70/72 crypto.sign_kat.test_0...OK
71/72 crypto.tls_props.test_0...OK
72/72 crypto.tls.test_0...OK
71 passed; 0 skipped; 1 failed.
iteration=191 failed
1/72 root.test_0...OK
2/72 crypto.root.test_0...OK
3/72 daemon.root.test_0...OK
4/72 proto.root.test_0...OK
5/72 substrate.root.test_0...OK
6/72 wasm.host.root.test_0...OK
7/72 substrate.io.root.test_0...OK
8/72 substrate.ripple_props.test_0...OK
9/72 substrate.ripple.test_0...OK
10/72 substrate.undertow.root.test_0...OK
11/72 substrate.undertow.peer_link.test_0...OK
12/72 substrate.io.buf_ring.test_0...OK
13/72 substrate.io.ring.test_0...OK
14/72 proto.asn1_time.test_0...OK
15/72 proto.certfp.test_0...OK
16/72 proto.cloak.test_0...OK
17/72 proto.ircx_modex.test_0...OK
18/72 proto.ircx_saccess.test_0...OK
19/72 proto.listx.test_0...OK
20/72 proto.mooring.test_0...OK
21/72 proto.mooring_props.test_0...OK
22/72 proto.quic_handshake.test_0...OK
23/72 proto.quic_transport_params.test_0...OK
24/72 proto.sasl_external_verify.test_0...OK
25/72 proto.sasl_mechrouter.test_0...OK
26/72 proto.sasl_oauthbearer.test_0...OK
27/72 proto.sasl.test_0...OK
28/72 proto.sasl_scram512_server.test_0...OK
29/72 proto.sasl_scram.test_0...OK
30/72 proto.sasl_scram_server.test_0...OK
31/72 proto.signed_delta.test_0...OK
32/72 proto.toml.test_0...OK
33/72 proto.x509.test_0...OK
34/72 daemon.modules.manifest.test_0...OK
35/72 daemon.key_transparency.test_0...OK
36/72 daemon.acme_cli.test_0...OK
37/72 daemon.acme_http01_listener.test_0...OK
38/72 daemon.acme_renewal.test_0...OK
39/72 daemon.acme_runner.test_0...OK
40/72 daemon.config_format.test_0...OK
41/72 daemon.helix.root.test_0...OK
42/72 daemon.metrics_http.test_0...OK
43/72 daemon.webhook.test_0...OK
44/72 daemon.webhook_render.test_0...OK
45/72 daemon.webhook_http.test_0...OK
46/72 daemon.oauth_jwt.test_0...OK
47/72 daemon.ocsp_staple.test_0...OK
48/72 daemon.reactor_pool.test_0...OK
49/72 daemon.reuseport.test.OpenBSD listeners bind native IPv4 and IPv6 addresses...OpenBSD listener fixture host=::1 accept errno=AGAIN
FAIL (TestUnexpectedResult)
50/72 daemon.sasl_bridge.test_0...OK
51/72 daemon.scram_store.test_0...OK
52/72 daemon.server.test_0...OK
53/72 daemon.sessions.test_0...OK
54/72 daemon.tls_certs.test_0...OK
55/72 daemon.tls_conn.test_0...OK
56/72 daemon.tls_sni_load.test_0...OK
57/72 crypto.tls_server.test_0...OK
58/72 crypto.tls_record.test_0...OK
59/72 crypto.hkdf_tls13.test_0...OK
60/72 crypto.hash.test_0...OK
61/72 crypto.random.test_0...OK
62/72 crypto.kx.test_0...OK
63/72 crypto.sign.test_0...OK
64/72 crypto.xwing.test_0...OK
65/72 crypto.sct.test_0...OK
66/72 crypto.tls_client.test_0...OK
67/72 crypto.aead.test_0...OK
68/72 crypto.ecdsa_kat.test_0...OK
69/72 crypto.ed25519_batch.test_0...OK
70/72 crypto.sign_kat.test_0...OK
71/72 crypto.tls_props.test_0...OK
72/72 crypto.tls.test_0...OK
71 passed; 0 skipped; 1 failed.
iteration=195 failed
1/72 root.test_0...OK
2/72 crypto.root.test_0...OK
3/72 daemon.root.test_0...OK
4/72 proto.root.test_0...OK
5/72 substrate.root.test_0...OK
6/72 wasm.host.root.test_0...OK
7/72 substrate.io.root.test_0...OK
8/72 substrate.ripple_props.test_0...OK
9/72 substrate.ripple.test_0...OK
10/72 substrate.undertow.root.test_0...OK
11/72 substrate.undertow.peer_link.test_0...OK
12/72 substrate.io.buf_ring.test_0...OK
13/72 substrate.io.ring.test_0...OK
14/72 proto.asn1_time.test_0...OK
15/72 proto.certfp.test_0...OK
16/72 proto.cloak.test_0...OK
17/72 proto.ircx_modex.test_0...OK
18/72 proto.ircx_saccess.test_0...OK
19/72 proto.listx.test_0...OK
20/72 proto.mooring.test_0...OK
21/72 proto.mooring_props.test_0...OK
22/72 proto.quic_handshake.test_0...OK
23/72 proto.quic_transport_params.test_0...OK
24/72 proto.sasl_external_verify.test_0...OK
25/72 proto.sasl_mechrouter.test_0...OK
26/72 proto.sasl_oauthbearer.test_0...OK
27/72 proto.sasl.test_0...OK
28/72 proto.sasl_scram512_server.test_0...OK
29/72 proto.sasl_scram.test_0...OK
30/72 proto.sasl_scram_server.test_0...OK
31/72 proto.signed_delta.test_0...OK
32/72 proto.toml.test_0...OK
33/72 proto.x509.test_0...OK
34/72 daemon.modules.manifest.test_0...OK
35/72 daemon.key_transparency.test_0...OK
36/72 daemon.acme_cli.test_0...OK
37/72 daemon.acme_http01_listener.test_0...OK
38/72 daemon.acme_renewal.test_0...OK
39/72 daemon.acme_runner.test_0...OK
40/72 daemon.config_format.test_0...OK
41/72 daemon.helix.root.test_0...OK
42/72 daemon.metrics_http.test_0...OK
43/72 daemon.webhook.test_0...OK
44/72 daemon.webhook_render.test_0...OK
45/72 daemon.webhook_http.test_0...OK
46/72 daemon.oauth_jwt.test_0...OK
47/72 daemon.ocsp_staple.test_0...OK
48/72 daemon.reactor_pool.test_0...OK
49/72 daemon.reuseport.test.OpenBSD listeners bind native IPv4 and IPv6 addresses...OpenBSD listener fixture host=::1 accept errno=AGAIN
FAIL (TestUnexpectedResult)
50/72 daemon.sasl_bridge.test_0...OK
51/72 daemon.scram_store.test_0...OK
52/72 daemon.server.test_0...OK
53/72 daemon.sessions.test_0...OK
54/72 daemon.tls_certs.test_0...OK
55/72 daemon.tls_conn.test_0...OK
56/72 daemon.tls_sni_load.test_0...OK
57/72 crypto.tls_server.test_0...OK
58/72 crypto.tls_record.test_0...OK
59/72 crypto.hkdf_tls13.test_0...OK
60/72 crypto.hash.test_0...OK
61/72 crypto.random.test_0...OK
62/72 crypto.kx.test_0...OK
63/72 crypto.sign.test_0...OK
64/72 crypto.xwing.test_0...OK
65/72 crypto.sct.test_0...OK
66/72 crypto.tls_client.test_0...OK
67/72 crypto.aead.test_0...OK
68/72 crypto.ecdsa_kat.test_0...OK
69/72 crypto.ed25519_batch.test_0...OK
70/72 crypto.sign_kat.test_0...OK
71/72 crypto.tls_props.test_0...OK
72/72 crypto.tls.test_0...OK
71 passed; 0 skipped; 1 failed.
iteration=196 failed
1/72 root.test_0...OK
2/72 crypto.root.test_0...OK
3/72 daemon.root.test_0...OK
4/72 proto.root.test_0...OK
5/72 substrate.root.test_0...OK
6/72 wasm.host.root.test_0...OK
7/72 substrate.io.root.test_0...OK
8/72 substrate.ripple_props.test_0...OK
9/72 substrate.ripple.test_0...OK
10/72 substrate.undertow.root.test_0...OK
11/72 substrate.undertow.peer_link.test_0...OK
12/72 substrate.io.buf_ring.test_0...OK
13/72 substrate.io.ring.test_0...OK
14/72 proto.asn1_time.test_0...OK
15/72 proto.certfp.test_0...OK
16/72 proto.cloak.test_0...OK
17/72 proto.ircx_modex.test_0...OK
18/72 proto.ircx_saccess.test_0...OK
19/72 proto.listx.test_0...OK
20/72 proto.mooring.test_0...OK
21/72 proto.mooring_props.test_0...OK
22/72 proto.quic_handshake.test_0...OK
23/72 proto.quic_transport_params.test_0...OK
24/72 proto.sasl_external_verify.test_0...OK
25/72 proto.sasl_mechrouter.test_0...OK
26/72 proto.sasl_oauthbearer.test_0...OK
27/72 proto.sasl.test_0...OK
28/72 proto.sasl_scram512_server.test_0...OK
29/72 proto.sasl_scram.test_0...OK
30/72 proto.sasl_scram_server.test_0...OK
31/72 proto.signed_delta.test_0...OK
32/72 proto.toml.test_0...OK
33/72 proto.x509.test_0...OK
34/72 daemon.modules.manifest.test_0...OK
35/72 daemon.key_transparency.test_0...OK
36/72 daemon.acme_cli.test_0...OK
37/72 daemon.acme_http01_listener.test_0...OK
38/72 daemon.acme_renewal.test_0...OK
39/72 daemon.acme_runner.test_0...OK
40/72 daemon.config_format.test_0...OK
41/72 daemon.helix.root.test_0...OK
42/72 daemon.metrics_http.test_0...OK
43/72 daemon.webhook.test_0...OK
44/72 daemon.webhook_render.test_0...OK
45/72 daemon.webhook_http.test_0...OK
46/72 daemon.oauth_jwt.test_0...OK
47/72 daemon.ocsp_staple.test_0...OK
48/72 daemon.reactor_pool.test_0...OK
49/72 daemon.reuseport.test.OpenBSD listeners bind native IPv4 and IPv6 addresses...OpenBSD listener fixture host=::1 accept errno=AGAIN
FAIL (TestUnexpectedResult)
50/72 daemon.sasl_bridge.test_0...OK
51/72 daemon.scram_store.test_0...OK
52/72 daemon.server.test_0...OK
53/72 daemon.sessions.test_0...OK
54/72 daemon.tls_certs.test_0...OK
55/72 daemon.tls_conn.test_0...OK
56/72 daemon.tls_sni_load.test_0...OK
57/72 crypto.tls_server.test_0...OK
58/72 crypto.tls_record.test_0...OK
59/72 crypto.hkdf_tls13.test_0...OK
60/72 crypto.hash.test_0...OK
61/72 crypto.random.test_0...OK
62/72 crypto.kx.test_0...OK
63/72 crypto.sign.test_0...OK
64/72 crypto.xwing.test_0...OK
65/72 crypto.sct.test_0...OK
66/72 crypto.tls_client.test_0...OK
67/72 crypto.aead.test_0...OK
68/72 crypto.ecdsa_kat.test_0...OK
69/72 crypto.ed25519_batch.test_0...OK
70/72 crypto.sign_kat.test_0...OK
71/72 crypto.tls_props.test_0...OK
72/72 crypto.tls.test_0...OK
71 passed; 0 skipped; 1 failed.
iterations=200 failures=100
